INFO - 2025-03-24 06:03:26 --> Session: Class initialized using 'CodeIgniter\Session\Handlers\FileHandler' driver.
INFO - 2025-03-24 06:03:33 --> Session: Class initialized using 'CodeIgniter\Session\Handlers\FileHandler' driver.
INFO - 2025-03-24 06:03:48 --> Session: Class initialized using 'CodeIgniter\Session\Handlers\FileHandler' driver.
INFO - 2025-03-24 06:03:48 --> Session: Class initialized using 'CodeIgniter\Session\Handlers\FileHandler' driver.
INFO - 2025-03-24 06:04:57 --> Session: Class initialized using 'CodeIgniter\Session\Handlers\FileHandler' driver.
CRITICAL - 2025-03-24 06:04:58 --> ErrorException: Trying to access array offset on value of type null
[Method: GET, Route: Student/Letter]
in APPPATH\Views\Student\Header.php on line 27.
 1 APPPATH\Views\Student\Header.php(27): CodeIgniter\Debug\Exceptions->errorHandler(2, 'Trying to access array offset on value of type null', 'C:\\xampp\\htdocs\\Wolfox\\app\\Views\\Student\\Header.php', 27)
 2 SYSTEMPATH\View\View.php(234): include('C:\\xampp\\htdocs\\Wolfox\\app\\Views\\Student\\Header.php')
 3 SYSTEMPATH\View\View.php(237): CodeIgniter\View\View->CodeIgniter\View\{closure}()
 4 SYSTEMPATH\Common.php(1171): CodeIgniter\View\View->render('/Student/Header', [], true)
 5 APPPATH\Controllers\Letter.php(85): view('/Student/Header', [...])
 6 SYSTEMPATH\CodeIgniter.php(933): App\Controllers\Letter->index()
 7 SYSTEMPATH\CodeIgniter.php(509): CodeIgniter\CodeIgniter->runController(Object(App\Controllers\Letter))
 8 SYSTEMPATH\CodeIgniter.php(355): CodeIgniter\CodeIgniter->handleRequest(null, Object(Config\Cache), false)
 9 SYSTEMPATH\Boot.php(325): CodeIgniter\CodeIgniter->run()
10 SYSTEMPATH\Boot.php(67): CodeIgniter\Boot::runCodeIgniter(Object(CodeIgniter\CodeIgniter))
11 FCPATH\index.php(56): CodeIgniter\Boot::bootWeb(Object(Config\Paths))
INFO - 2025-03-24 06:05:04 --> Session: Class initialized using 'CodeIgniter\Session\Handlers\FileHandler' driver.
CRITICAL - 2025-03-24 06:05:04 --> ErrorException: Trying to access array offset on value of type null
[Method: GET, Route: Student/photo]
in APPPATH\Controllers\StudentPhotoMaster.php on line 22.
 1 APPPATH\Controllers\StudentPhotoMaster.php(22): CodeIgniter\Debug\Exceptions->errorHandler(2, 'Trying to access array offset on value of type null', 'C:\\xampp\\htdocs\\Wolfox\\app\\Controllers\\StudentPhotoMaster.php', 22)
 2 SYSTEMPATH\CodeIgniter.php(933): App\Controllers\StudentPhotoMaster->index()
 3 SYSTEMPATH\CodeIgniter.php(509): CodeIgniter\CodeIgniter->runController(Object(App\Controllers\StudentPhotoMaster))
 4 SYSTEMPATH\CodeIgniter.php(355): CodeIgniter\CodeIgniter->handleRequest(null, Object(Config\Cache), false)
 5 SYSTEMPATH\Boot.php(325): CodeIgniter\CodeIgniter->run()
 6 SYSTEMPATH\Boot.php(67): CodeIgniter\Boot::runCodeIgniter(Object(CodeIgniter\CodeIgniter))
 7 FCPATH\index.php(56): CodeIgniter\Boot::bootWeb(Object(Config\Paths))
INFO - 2025-03-24 06:05:20 --> Session: Class initialized using 'CodeIgniter\Session\Handlers\FileHandler' driver.
INFO - 2025-03-24 06:05:20 --> Session: Class initialized using 'CodeIgniter\Session\Handlers\FileHandler' driver.
INFO - 2025-03-24 06:05:33 --> Session: Class initialized using 'CodeIgniter\Session\Handlers\FileHandler' driver.
INFO - 2025-03-24 06:05:35 --> Session: Class initialized using 'CodeIgniter\Session\Handlers\FileHandler' driver.
WARNING - 2025-03-24 06:05:35 --> [DEPRECATED] strtotime(): Passing null to parameter #1 ($datetime) of type string is deprecated in APPPATH\Views\Admin\Admission\form.php on line 190.
 1 APPPATH\Views\Admin\Admission\form.php(190): strtotime(null)
 2 SYSTEMPATH\View\View.php(234): include('C:\\xampp\\htdocs\\Wolfox\\app\\Views\\Admin\\Admission\\form.php')
 3 SYSTEMPATH\View\View.php(237): CodeIgniter\View\View->CodeIgniter\View\{closure}()
 4 SYSTEMPATH\Common.php(1171): CodeIgniter\View\View->render('/Admin/Admission/form', [], true)
 5 APPPATH\Controllers\AdmissionMaster.php(37): view('/Admin/Admission/form', [...])
 6 SYSTEMPATH\CodeIgniter.php(933): App\Controllers\AdmissionMaster->add()
 7 SYSTEMPATH\CodeIgniter.php(509): CodeIgniter\CodeIgniter->runController(Object(App\Controllers\AdmissionMaster))
 8 SYSTEMPATH\CodeIgniter.php(355): CodeIgniter\CodeIgniter->handleRequest(null, Object(Config\Cache), false)
 9 SYSTEMPATH\Boot.php(325): CodeIgniter\CodeIgniter->run()
10 SYSTEMPATH\Boot.php(67): CodeIgniter\Boot::runCodeIgniter(Object(CodeIgniter\CodeIgniter))
11 FCPATH\index.php(56): CodeIgniter\Boot::bootWeb(Object(Config\Paths))
WARNING - 2025-03-24 06:05:35 --> [DEPRECATED] strtotime(): Passing null to parameter #1 ($datetime) of type string is deprecated in APPPATH\Views\Admin\Admission\form.php on line 190.
 1 APPPATH\Views\Admin\Admission\form.php(190): strtotime(null)
 2 SYSTEMPATH\View\View.php(234): include('C:\\xampp\\htdocs\\Wolfox\\app\\Views\\Admin\\Admission\\form.php')
 3 SYSTEMPATH\View\View.php(237): CodeIgniter\View\View->CodeIgniter\View\{closure}()
 4 SYSTEMPATH\Common.php(1171): CodeIgniter\View\View->render('/Admin/Admission/form', [], true)
 5 APPPATH\Controllers\AdmissionMaster.php(37): view('/Admin/Admission/form', [...])
 6 SYSTEMPATH\CodeIgniter.php(933): App\Controllers\AdmissionMaster->add()
 7 SYSTEMPATH\CodeIgniter.php(509): CodeIgniter\CodeIgniter->runController(Object(App\Controllers\AdmissionMaster))
 8 SYSTEMPATH\CodeIgniter.php(355): CodeIgniter\CodeIgniter->handleRequest(null, Object(Config\Cache), false)
 9 SYSTEMPATH\Boot.php(325): CodeIgniter\CodeIgniter->run()
10 SYSTEMPATH\Boot.php(67): CodeIgniter\Boot::runCodeIgniter(Object(CodeIgniter\CodeIgniter))
11 FCPATH\index.php(56): CodeIgniter\Boot::bootWeb(Object(Config\Paths))
INFO - 2025-03-24 06:06:50 --> Session: Class initialized using 'CodeIgniter\Session\Handlers\FileHandler' driver.
INFO - 2025-03-24 06:06:50 --> Session: Class initialized using 'CodeIgniter\Session\Handlers\FileHandler' driver.
INFO - 2025-03-24 06:07:13 --> Session: Class initialized using 'CodeIgniter\Session\Handlers\FileHandler' driver.
INFO - 2025-03-24 06:07:13 --> Session: Class initialized using 'CodeIgniter\Session\Handlers\FileHandler' driver.
INFO - 2025-03-24 06:07:21 --> Session: Class initialized using 'CodeIgniter\Session\Handlers\FileHandler' driver.
INFO - 2025-03-24 06:07:56 --> Session: Class initialized using 'CodeIgniter\Session\Handlers\FileHandler' driver.
INFO - 2025-03-24 06:07:56 --> Session: Class initialized using 'CodeIgniter\Session\Handlers\FileHandler' driver.
INFO - 2025-03-24 06:08:05 --> Session: Class initialized using 'CodeIgniter\Session\Handlers\FileHandler' driver.
INFO - 2025-03-24 06:08:09 --> Session: Class initialized using 'CodeIgniter\Session\Handlers\FileHandler' driver.
ERROR - 2025-03-24 06:08:10 --> Email: sendWithSmtp throwed ErrorException: fsockopen(): SSL operation failed with code 1. OpenSSL Error messages:
error:0A000086:SSL routines::certificate verify failed in C:\xampp\htdocs\Wolfox\system\Email\Email.php:1896
Stack trace:
#0 [internal function]: CodeIgniter\Debug\Exceptions->errorHandler(2, 'fsockopen(): SS...', 'C:\\xampp\\htdocs...', 1896)
#1 C:\xampp\htdocs\Wolfox\system\Email\Email.php(1896): fsockopen('ssl://smtp.gmai...', 465, NULL, NULL, 60)
#2 C:\xampp\htdocs\Wolfox\system\Email\Email.php(1809): CodeIgniter\Email\Email->SMTPConnect()
#3 C:\xampp\htdocs\Wolfox\system\Email\Email.php(1694): CodeIgniter\Email\Email->sendWithSmtp()
#4 C:\xampp\htdocs\Wolfox\system\Email\Email.php(1589): CodeIgniter\Email\Email->spoolEmail()
#5 C:\xampp\htdocs\Wolfox\app\Controllers\AdmissionMaster.php(1408): CodeIgniter\Email\Email->send()
#6 C:\xampp\htdocs\Wolfox\system\CodeIgniter.php(933): App\Controllers\AdmissionMaster->documentverify()
#7 C:\xampp\htdocs\Wolfox\system\CodeIgniter.php(509): CodeIgniter\CodeIgniter->runController(Object(App\Controllers\AdmissionMaster))
#8 C:\xampp\htdocs\Wolfox\system\CodeIgniter.php(355): CodeIgniter\CodeIgniter->handleRequest(NULL, Object(Config\Cache), false)
#9 C:\xampp\htdocs\Wolfox\system\Boot.php(325): CodeIgniter\CodeIgniter->run()
#10 C:\xampp\htdocs\Wolfox\system\Boot.php(67): CodeIgniter\Boot::runCodeIgniter(Object(CodeIgniter\CodeIgniter))
#11 C:\xampp\htdocs\Wolfox\index.php(56): CodeIgniter\Boot::bootWeb(Object(Config\Paths))
#12 {main}
ERROR - 2025-03-24 06:08:10 --> Email: Unable to send email using SMTP. Your server might not be configured to send mail using this method.
ERROR - 2025-03-24 06:08:10 --> 
INFO - 2025-03-24 06:08:11 --> Session: Class initialized using 'CodeIgniter\Session\Handlers\FileHandler' driver.
INFO - 2025-03-24 06:08:17 --> Session: Class initialized using 'CodeIgniter\Session\Handlers\FileHandler' driver.
INFO - 2025-03-24 06:13:02 --> Session: Class initialized using 'CodeIgniter\Session\Handlers\FileHandler' driver.
INFO - 2025-03-24 06:13:12 --> Session: Class initialized using 'CodeIgniter\Session\Handlers\FileHandler' driver.
INFO - 2025-03-24 06:15:23 --> Session: Class initialized using 'CodeIgniter\Session\Handlers\FileHandler' driver.
INFO - 2025-03-24 06:16:22 --> Session: Class initialized using 'CodeIgniter\Session\Handlers\FileHandler' driver.
INFO - 2025-03-24 06:16:28 --> Session: Class initialized using 'CodeIgniter\Session\Handlers\FileHandler' driver.
INFO - 2025-03-24 06:18:03 --> Session: Class initialized using 'CodeIgniter\Session\Handlers\FileHandler' driver.
INFO - 2025-03-24 06:20:06 --> Session: Class initialized using 'CodeIgniter\Session\Handlers\FileHandler' driver.
INFO - 2025-03-24 06:21:15 --> Session: Class initialized using 'CodeIgniter\Session\Handlers\FileHandler' driver.
INFO - 2025-03-24 06:21:23 --> Session: Class initialized using 'CodeIgniter\Session\Handlers\FileHandler' driver.
INFO - 2025-03-24 06:22:15 --> Session: Class initialized using 'CodeIgniter\Session\Handlers\FileHandler' driver.
INFO - 2025-03-24 06:23:18 --> Session: Class initialized using 'CodeIgniter\Session\Handlers\FileHandler' driver.
INFO - 2025-03-24 06:27:37 --> Session: Class initialized using 'CodeIgniter\Session\Handlers\FileHandler' driver.
INFO - 2025-03-24 06:27:44 --> Session: Class initialized using 'CodeIgniter\Session\Handlers\FileHandler' driver.
INFO - 2025-03-24 06:31:00 --> Session: Class initialized using 'CodeIgniter\Session\Handlers\FileHandler' driver.
CRITICAL - 2025-03-24 06:31:00 --> ErrorException: Undefined variable $BatchData
[Method: GET, Route: Admin/Notification/add]
in APPPATH\Views\Admin\Notification\add.php on line 39.
 1 APPPATH\Views\Admin\Notification\add.php(39): CodeIgniter\Debug\Exceptions->errorHandler(2, 'Undefined variable $BatchData', 'C:\\xampp\\htdocs\\Wolfox\\app\\Views\\Admin\\Notification\\add.php', 39)
 2 SYSTEMPATH\View\View.php(234): include('C:\\xampp\\htdocs\\Wolfox\\app\\Views\\Admin\\Notification\\add.php')
 3 SYSTEMPATH\View\View.php(237): CodeIgniter\View\View->CodeIgniter\View\{closure}()
 4 SYSTEMPATH\Common.php(1171): CodeIgniter\View\View->render('/Admin/Notification/add', [], true)
 5 APPPATH\Controllers\NotificationMaster.php(13): view('/Admin/Notification/add')
 6 SYSTEMPATH\CodeIgniter.php(933): App\Controllers\NotificationMaster->add()
 7 SYSTEMPATH\CodeIgniter.php(509): CodeIgniter\CodeIgniter->runController(Object(App\Controllers\NotificationMaster))
 8 SYSTEMPATH\CodeIgniter.php(355): CodeIgniter\CodeIgniter->handleRequest(null, Object(Config\Cache), false)
 9 SYSTEMPATH\Boot.php(325): CodeIgniter\CodeIgniter->run()
10 SYSTEMPATH\Boot.php(67): CodeIgniter\Boot::runCodeIgniter(Object(CodeIgniter\CodeIgniter))
11 FCPATH\index.php(56): CodeIgniter\Boot::bootWeb(Object(Config\Paths))
INFO - 2025-03-24 06:31:31 --> Session: Class initialized using 'CodeIgniter\Session\Handlers\FileHandler' driver.
INFO - 2025-03-24 06:31:37 --> Session: Class initialized using 'CodeIgniter\Session\Handlers\FileHandler' driver.
INFO - 2025-03-24 06:31:44 --> Session: Class initialized using 'CodeIgniter\Session\Handlers\FileHandler' driver.
INFO - 2025-03-24 06:32:26 --> Session: Class initialized using 'CodeIgniter\Session\Handlers\FileHandler' driver.
INFO - 2025-03-24 06:32:26 --> Session: Class initialized using 'CodeIgniter\Session\Handlers\FileHandler' driver.
INFO - 2025-03-24 06:33:10 --> Session: Class initialized using 'CodeIgniter\Session\Handlers\FileHandler' driver.
INFO - 2025-03-24 06:33:10 --> Session: Class initialized using 'CodeIgniter\Session\Handlers\FileHandler' driver.
INFO - 2025-03-24 06:34:39 --> Session: Class initialized using 'CodeIgniter\Session\Handlers\FileHandler' driver.
CRITICAL - 2025-03-24 06:34:39 --> ErrorException: Undefined variable $BatchData
[Method: GET, Route: Admin/Notification/add]
in APPPATH\Views\Admin\Notification\add.php on line 39.
 1 APPPATH\Views\Admin\Notification\add.php(39): CodeIgniter\Debug\Exceptions->errorHandler(2, 'Undefined variable $BatchData', 'C:\\xampp\\htdocs\\Wolfox\\app\\Views\\Admin\\Notification\\add.php', 39)
 2 SYSTEMPATH\View\View.php(234): include('C:\\xampp\\htdocs\\Wolfox\\app\\Views\\Admin\\Notification\\add.php')
 3 SYSTEMPATH\View\View.php(237): CodeIgniter\View\View->CodeIgniter\View\{closure}()
 4 SYSTEMPATH\Common.php(1171): CodeIgniter\View\View->render('/Admin/Notification/add', [], true)
 5 APPPATH\Controllers\NotificationMaster.php(13): view('/Admin/Notification/add')
 6 SYSTEMPATH\CodeIgniter.php(933): App\Controllers\NotificationMaster->add()
 7 SYSTEMPATH\CodeIgniter.php(509): CodeIgniter\CodeIgniter->runController(Object(App\Controllers\NotificationMaster))
 8 SYSTEMPATH\CodeIgniter.php(355): CodeIgniter\CodeIgniter->handleRequest(null, Object(Config\Cache), false)
 9 SYSTEMPATH\Boot.php(325): CodeIgniter\CodeIgniter->run()
10 SYSTEMPATH\Boot.php(67): CodeIgniter\Boot::runCodeIgniter(Object(CodeIgniter\CodeIgniter))
11 FCPATH\index.php(56): CodeIgniter\Boot::bootWeb(Object(Config\Paths))
INFO - 2025-03-24 06:37:49 --> Session: Class initialized using 'CodeIgniter\Session\Handlers\FileHandler' driver.
INFO - 2025-03-24 06:39:11 --> Session: Class initialized using 'CodeIgniter\Session\Handlers\FileHandler' driver.
CRITICAL - 2025-03-24 06:39:11 --> ErrorException: Undefined variable $BatchData
[Method: GET, Route: Admin/Notification/add]
in APPPATH\Views\Admin\Notification\add.php on line 39.
 1 APPPATH\Views\Admin\Notification\add.php(39): CodeIgniter\Debug\Exceptions->errorHandler(2, 'Undefined variable $BatchData', 'C:\\xampp\\htdocs\\Wolfox\\app\\Views\\Admin\\Notification\\add.php', 39)
 2 SYSTEMPATH\View\View.php(234): include('C:\\xampp\\htdocs\\Wolfox\\app\\Views\\Admin\\Notification\\add.php')
 3 SYSTEMPATH\View\View.php(237): CodeIgniter\View\View->CodeIgniter\View\{closure}()
 4 SYSTEMPATH\Common.php(1171): CodeIgniter\View\View->render('/Admin/Notification/add', [], true)
 5 APPPATH\Controllers\NotificationMaster.php(14): view('/Admin/Notification/add')
 6 SYSTEMPATH\CodeIgniter.php(933): App\Controllers\NotificationMaster->add()
 7 SYSTEMPATH\CodeIgniter.php(509): CodeIgniter\CodeIgniter->runController(Object(App\Controllers\NotificationMaster))
 8 SYSTEMPATH\CodeIgniter.php(355): CodeIgniter\CodeIgniter->handleRequest(null, Object(Config\Cache), false)
 9 SYSTEMPATH\Boot.php(325): CodeIgniter\CodeIgniter->run()
10 SYSTEMPATH\Boot.php(67): CodeIgniter\Boot::runCodeIgniter(Object(CodeIgniter\CodeIgniter))
11 FCPATH\index.php(56): CodeIgniter\Boot::bootWeb(Object(Config\Paths))
CRITICAL - 2025-03-24 06:41:00 --> Error: Class "App\Model\BatchModel" not found
[Method: GET, Route: Admin/Notification/add]
in APPPATH\Controllers\NotificationMaster.php on line 13.
 1 SYSTEMPATH\CodeIgniter.php(933): App\Controllers\NotificationMaster->add()
 2 SYSTEMPATH\CodeIgniter.php(509): CodeIgniter\CodeIgniter->runController(Object(App\Controllers\NotificationMaster))
 3 SYSTEMPATH\CodeIgniter.php(355): CodeIgniter\CodeIgniter->handleRequest(null, Object(Config\Cache), false)
 4 SYSTEMPATH\Boot.php(325): CodeIgniter\CodeIgniter->run()
 5 SYSTEMPATH\Boot.php(67): CodeIgniter\Boot::runCodeIgniter(Object(CodeIgniter\CodeIgniter))
 6 FCPATH\index.php(56): CodeIgniter\Boot::bootWeb(Object(Config\Paths))
INFO - 2025-03-24 06:41:25 --> Session: Class initialized using 'CodeIgniter\Session\Handlers\FileHandler' driver.
WARNING - 2025-03-24 06:41:25 --> [DEPRECATED] strtotime(): Passing null to parameter #1 ($datetime) of type string is deprecated in APPPATH\Views\Admin\Notification\add.php on line 41.
 1 APPPATH\Views\Admin\Notification\add.php(41): strtotime(null)
 2 SYSTEMPATH\View\View.php(234): include('C:\\xampp\\htdocs\\Wolfox\\app\\Views\\Admin\\Notification\\add.php')
 3 SYSTEMPATH\View\View.php(237): CodeIgniter\View\View->CodeIgniter\View\{closure}()
 4 SYSTEMPATH\Common.php(1171): CodeIgniter\View\View->render('/Admin/Notification/add', [], true)
 5 APPPATH\Controllers\NotificationMaster.php(17): view('/Admin/Notification/add', [...])
 6 SYSTEMPATH\CodeIgniter.php(933): App\Controllers\NotificationMaster->add()
 7 SYSTEMPATH\CodeIgniter.php(509): CodeIgniter\CodeIgniter->runController(Object(App\Controllers\NotificationMaster))
 8 SYSTEMPATH\CodeIgniter.php(355): CodeIgniter\CodeIgniter->handleRequest(null, Object(Config\Cache), false)
 9 SYSTEMPATH\Boot.php(325): CodeIgniter\CodeIgniter->run()
10 SYSTEMPATH\Boot.php(67): CodeIgniter\Boot::runCodeIgniter(Object(CodeIgniter\CodeIgniter))
11 FCPATH\index.php(56): CodeIgniter\Boot::bootWeb(Object(Config\Paths))
WARNING - 2025-03-24 06:41:25 --> [DEPRECATED] strtotime(): Passing null to parameter #1 ($datetime) of type string is deprecated in APPPATH\Views\Admin\Notification\add.php on line 41.
 1 APPPATH\Views\Admin\Notification\add.php(41): strtotime(null)
 2 SYSTEMPATH\View\View.php(234): include('C:\\xampp\\htdocs\\Wolfox\\app\\Views\\Admin\\Notification\\add.php')
 3 SYSTEMPATH\View\View.php(237): CodeIgniter\View\View->CodeIgniter\View\{closure}()
 4 SYSTEMPATH\Common.php(1171): CodeIgniter\View\View->render('/Admin/Notification/add', [], true)
 5 APPPATH\Controllers\NotificationMaster.php(17): view('/Admin/Notification/add', [...])
 6 SYSTEMPATH\CodeIgniter.php(933): App\Controllers\NotificationMaster->add()
 7 SYSTEMPATH\CodeIgniter.php(509): CodeIgniter\CodeIgniter->runController(Object(App\Controllers\NotificationMaster))
 8 SYSTEMPATH\CodeIgniter.php(355): CodeIgniter\CodeIgniter->handleRequest(null, Object(Config\Cache), false)
 9 SYSTEMPATH\Boot.php(325): CodeIgniter\CodeIgniter->run()
10 SYSTEMPATH\Boot.php(67): CodeIgniter\Boot::runCodeIgniter(Object(CodeIgniter\CodeIgniter))
11 FCPATH\index.php(56): CodeIgniter\Boot::bootWeb(Object(Config\Paths))
CRITICAL - 2025-03-24 06:41:25 --> CodeIgniter\View\Exceptions\ViewException: Invalid file: "/Footer.php"
[Method: GET, Route: Admin/Notification/add]
in SYSTEMPATH\Exceptions\FrameworkException.php on line 41.
 1 SYSTEMPATH\View\View.php(222): CodeIgniter\Exceptions\FrameworkException::forInvalidFile('/Footer.php')
 2 SYSTEMPATH\Common.php(1171): CodeIgniter\View\View->render('/Footer', [], true)
 3 APPPATH\Controllers\NotificationMaster.php(18): view('/Footer')
 4 SYSTEMPATH\CodeIgniter.php(933): App\Controllers\NotificationMaster->add()
 5 SYSTEMPATH\CodeIgniter.php(509): CodeIgniter\CodeIgniter->runController(Object(App\Controllers\NotificationMaster))
 6 SYSTEMPATH\CodeIgniter.php(355): CodeIgniter\CodeIgniter->handleRequest(null, Object(Config\Cache), false)
 7 SYSTEMPATH\Boot.php(325): CodeIgniter\CodeIgniter->run()
 8 SYSTEMPATH\Boot.php(67): CodeIgniter\Boot::runCodeIgniter(Object(CodeIgniter\CodeIgniter))
 9 FCPATH\index.php(56): CodeIgniter\Boot::bootWeb(Object(Config\Paths))
INFO - 2025-03-24 06:41:42 --> Session: Class initialized using 'CodeIgniter\Session\Handlers\FileHandler' driver.
WARNING - 2025-03-24 06:41:42 --> [DEPRECATED] strtotime(): Passing null to parameter #1 ($datetime) of type string is deprecated in APPPATH\Views\Admin\Notification\add.php on line 41.
 1 APPPATH\Views\Admin\Notification\add.php(41): strtotime(null)
 2 SYSTEMPATH\View\View.php(234): include('C:\\xampp\\htdocs\\Wolfox\\app\\Views\\Admin\\Notification\\add.php')
 3 SYSTEMPATH\View\View.php(237): CodeIgniter\View\View->CodeIgniter\View\{closure}()
 4 SYSTEMPATH\Common.php(1171): CodeIgniter\View\View->render('/Admin/Notification/add', [], true)
 5 APPPATH\Controllers\NotificationMaster.php(17): view('/Admin/Notification/add', [...])
 6 SYSTEMPATH\CodeIgniter.php(933): App\Controllers\NotificationMaster->add()
 7 SYSTEMPATH\CodeIgniter.php(509): CodeIgniter\CodeIgniter->runController(Object(App\Controllers\NotificationMaster))
 8 SYSTEMPATH\CodeIgniter.php(355): CodeIgniter\CodeIgniter->handleRequest(null, Object(Config\Cache), false)
 9 SYSTEMPATH\Boot.php(325): CodeIgniter\CodeIgniter->run()
10 SYSTEMPATH\Boot.php(67): CodeIgniter\Boot::runCodeIgniter(Object(CodeIgniter\CodeIgniter))
11 FCPATH\index.php(56): CodeIgniter\Boot::bootWeb(Object(Config\Paths))
WARNING - 2025-03-24 06:41:42 --> [DEPRECATED] strtotime(): Passing null to parameter #1 ($datetime) of type string is deprecated in APPPATH\Views\Admin\Notification\add.php on line 41.
 1 APPPATH\Views\Admin\Notification\add.php(41): strtotime(null)
 2 SYSTEMPATH\View\View.php(234): include('C:\\xampp\\htdocs\\Wolfox\\app\\Views\\Admin\\Notification\\add.php')
 3 SYSTEMPATH\View\View.php(237): CodeIgniter\View\View->CodeIgniter\View\{closure}()
 4 SYSTEMPATH\Common.php(1171): CodeIgniter\View\View->render('/Admin/Notification/add', [], true)
 5 APPPATH\Controllers\NotificationMaster.php(17): view('/Admin/Notification/add', [...])
 6 SYSTEMPATH\CodeIgniter.php(933): App\Controllers\NotificationMaster->add()
 7 SYSTEMPATH\CodeIgniter.php(509): CodeIgniter\CodeIgniter->runController(Object(App\Controllers\NotificationMaster))
 8 SYSTEMPATH\CodeIgniter.php(355): CodeIgniter\CodeIgniter->handleRequest(null, Object(Config\Cache), false)
 9 SYSTEMPATH\Boot.php(325): CodeIgniter\CodeIgniter->run()
10 SYSTEMPATH\Boot.php(67): CodeIgniter\Boot::runCodeIgniter(Object(CodeIgniter\CodeIgniter))
11 FCPATH\index.php(56): CodeIgniter\Boot::bootWeb(Object(Config\Paths))
CRITICAL - 2025-03-24 06:44:40 --> ParseError: syntax error, unexpected token "=>", expecting "]"
[Method: GET, Route: Admin/Notification/add]
in APPPATH\Controllers\NotificationMaster.php on line 42.
 1 SYSTEMPATH\Autoloader\Autoloader.php(296): CodeIgniter\Autoloader\Autoloader->includeFile('C:\\xampp\\htdocs\\Wolfox\\app\\Controllers\\NotificationMaster.php')
 2 SYSTEMPATH\Autoloader\Autoloader.php(272): CodeIgniter\Autoloader\Autoloader->loadInNamespace('App\\Controllers\\NotificationMaster')
 3 [internal function]: CodeIgniter\Autoloader\Autoloader->loadClass('App\\Controllers\\NotificationMaster')
 4 SYSTEMPATH\CodeIgniter.php(887): class_exists('\\App\\Controllers\\NotificationMaster', true)
 5 SYSTEMPATH\CodeIgniter.php(496): CodeIgniter\CodeIgniter->startController()
 6 SYSTEMPATH\CodeIgniter.php(355): CodeIgniter\CodeIgniter->handleRequest(null, Object(Config\Cache), false)
 7 SYSTEMPATH\Boot.php(325): CodeIgniter\CodeIgniter->run()
 8 SYSTEMPATH\Boot.php(67): CodeIgniter\Boot::runCodeIgniter(Object(CodeIgniter\CodeIgniter))
 9 FCPATH\index.php(56): CodeIgniter\Boot::bootWeb(Object(Config\Paths))
INFO - 2025-03-24 06:46:55 --> Session: Class initialized using 'CodeIgniter\Session\Handlers\FileHandler' driver.
WARNING - 2025-03-24 06:46:55 --> [DEPRECATED] strtotime(): Passing null to parameter #1 ($datetime) of type string is deprecated in APPPATH\Views\Admin\Notification\add.php on line 41.
 1 APPPATH\Views\Admin\Notification\add.php(41): strtotime(null)
 2 SYSTEMPATH\View\View.php(234): include('C:\\xampp\\htdocs\\Wolfox\\app\\Views\\Admin\\Notification\\add.php')
 3 SYSTEMPATH\View\View.php(237): CodeIgniter\View\View->CodeIgniter\View\{closure}()
 4 SYSTEMPATH\Common.php(1171): CodeIgniter\View\View->render('/Admin/Notification/add', [], true)
 5 APPPATH\Controllers\NotificationMaster.php(17): view('/Admin/Notification/add', [...])
 6 SYSTEMPATH\CodeIgniter.php(933): App\Controllers\NotificationMaster->add()
 7 SYSTEMPATH\CodeIgniter.php(509): CodeIgniter\CodeIgniter->runController(Object(App\Controllers\NotificationMaster))
 8 SYSTEMPATH\CodeIgniter.php(355): CodeIgniter\CodeIgniter->handleRequest(null, Object(Config\Cache), false)
 9 SYSTEMPATH\Boot.php(325): CodeIgniter\CodeIgniter->run()
10 SYSTEMPATH\Boot.php(67): CodeIgniter\Boot::runCodeIgniter(Object(CodeIgniter\CodeIgniter))
11 FCPATH\index.php(56): CodeIgniter\Boot::bootWeb(Object(Config\Paths))
WARNING - 2025-03-24 06:46:55 --> [DEPRECATED] strtotime(): Passing null to parameter #1 ($datetime) of type string is deprecated in APPPATH\Views\Admin\Notification\add.php on line 41.
 1 APPPATH\Views\Admin\Notification\add.php(41): strtotime(null)
 2 SYSTEMPATH\View\View.php(234): include('C:\\xampp\\htdocs\\Wolfox\\app\\Views\\Admin\\Notification\\add.php')
 3 SYSTEMPATH\View\View.php(237): CodeIgniter\View\View->CodeIgniter\View\{closure}()
 4 SYSTEMPATH\Common.php(1171): CodeIgniter\View\View->render('/Admin/Notification/add', [], true)
 5 APPPATH\Controllers\NotificationMaster.php(17): view('/Admin/Notification/add', [...])
 6 SYSTEMPATH\CodeIgniter.php(933): App\Controllers\NotificationMaster->add()
 7 SYSTEMPATH\CodeIgniter.php(509): CodeIgniter\CodeIgniter->runController(Object(App\Controllers\NotificationMaster))
 8 SYSTEMPATH\CodeIgniter.php(355): CodeIgniter\CodeIgniter->handleRequest(null, Object(Config\Cache), false)
 9 SYSTEMPATH\Boot.php(325): CodeIgniter\CodeIgniter->run()
10 SYSTEMPATH\Boot.php(67): CodeIgniter\Boot::runCodeIgniter(Object(CodeIgniter\CodeIgniter))
11 FCPATH\index.php(56): CodeIgniter\Boot::bootWeb(Object(Config\Paths))
ERROR - 2025-03-24 06:50:11 --> mysqli_sql_exception: Column 'batch' cannot be null in C:\xampp\htdocs\Wolfox\system\Database\MySQLi\Connection.php:312
Stack trace:
#0 C:\xampp\htdocs\Wolfox\system\Database\MySQLi\Connection.php(312): mysqli->query('INSERT INTO `no...', 0)
#1 C:\xampp\htdocs\Wolfox\system\Database\BaseConnection.php(734): CodeIgniter\Database\MySQLi\Connection->execute('INSERT INTO `no...')
#2 C:\xampp\htdocs\Wolfox\system\Database\BaseConnection.php(648): CodeIgniter\Database\BaseConnection->simpleQuery('INSERT INTO `no...')
#3 C:\xampp\htdocs\Wolfox\system\Database\BaseBuilder.php(2340): CodeIgniter\Database\BaseConnection->query('INSERT INTO `no...', Array, false)
#4 C:\xampp\htdocs\Wolfox\system\Model.php(394): CodeIgniter\Database\BaseBuilder->insert()
#5 C:\xampp\htdocs\Wolfox\system\BaseModel.php(840): CodeIgniter\Model->doInsert(Array)
#6 C:\xampp\htdocs\Wolfox\system\Model.php(802): CodeIgniter\BaseModel->insert(Array, true)
#7 C:\xampp\htdocs\Wolfox\app\Controllers\NotificationMaster.php(49): CodeIgniter\Model->insert(Array)
#8 C:\xampp\htdocs\Wolfox\system\CodeIgniter.php(933): App\Controllers\NotificationMaster->save()
#9 C:\xampp\htdocs\Wolfox\system\CodeIgniter.php(509): CodeIgniter\CodeIgniter->runController(Object(App\Controllers\NotificationMaster))
#10 C:\xampp\htdocs\Wolfox\system\CodeIgniter.php(355): CodeIgniter\CodeIgniter->handleRequest(NULL, Object(Config\Cache), false)
#11 C:\xampp\htdocs\Wolfox\system\Boot.php(325): CodeIgniter\CodeIgniter->run()
#12 C:\xampp\htdocs\Wolfox\system\Boot.php(67): CodeIgniter\Boot::runCodeIgniter(Object(CodeIgniter\CodeIgniter))
#13 C:\xampp\htdocs\Wolfox\index.php(56): CodeIgniter\Boot::bootWeb(Object(Config\Paths))
#14 {main}
CRITICAL - 2025-03-24 06:50:11 --> CodeIgniter\Database\Exceptions\DatabaseException: Column 'batch' cannot be null
[Method: POST, Route: Admin/Notification/save]
in SYSTEMPATH\Database\BaseConnection.php on line 688.
 1 SYSTEMPATH\Database\BaseBuilder.php(2340): CodeIgniter\Database\BaseConnection->query('INSERT INTO `notification` (`message`, `batch`, `image`) VALUES (:message:, :batch:, :image:)', [...], false)
 2 SYSTEMPATH\Model.php(394): CodeIgniter\Database\BaseBuilder->insert()
 3 SYSTEMPATH\BaseModel.php(840): CodeIgniter\Model->doInsert([...])
 4 SYSTEMPATH\Model.php(802): CodeIgniter\BaseModel->insert([...], true)
 5 APPPATH\Controllers\NotificationMaster.php(49): CodeIgniter\Model->insert([...])
 6 SYSTEMPATH\CodeIgniter.php(933): App\Controllers\NotificationMaster->save()
 7 SYSTEMPATH\CodeIgniter.php(509): CodeIgniter\CodeIgniter->runController(Object(App\Controllers\NotificationMaster))
 8 SYSTEMPATH\CodeIgniter.php(355): CodeIgniter\CodeIgniter->handleRequest(null, Object(Config\Cache), false)
 9 SYSTEMPATH\Boot.php(325): CodeIgniter\CodeIgniter->run()
10 SYSTEMPATH\Boot.php(67): CodeIgniter\Boot::runCodeIgniter(Object(CodeIgniter\CodeIgniter))
11 FCPATH\index.php(56): CodeIgniter\Boot::bootWeb(Object(Config\Paths))
CRITICAL - 2025-03-24 06:50:11 --> [Caused by] CodeIgniter\Database\Exceptions\DatabaseException: Column 'batch' cannot be null
in SYSTEMPATH\Database\MySQLi\Connection.php on line 317.
 1 SYSTEMPATH\Database\BaseConnection.php(734): CodeIgniter\Database\MySQLi\Connection->execute('INSERT INTO `notification` (`message`, `batch`, `image`) VALUES (\'sghj nhdf gbhuyj\', NULL, \'notification.jpeg\')')
 2 SYSTEMPATH\Database\BaseConnection.php(648): CodeIgniter\Database\BaseConnection->simpleQuery('INSERT INTO `notification` (`message`, `batch`, `image`) VALUES (\'sghj nhdf gbhuyj\', NULL, \'notification.jpeg\')')
 3 SYSTEMPATH\Database\BaseBuilder.php(2340): CodeIgniter\Database\BaseConnection->query('INSERT INTO `notification` (`message`, `batch`, `image`) VALUES (:message:, :batch:, :image:)', [...], false)
 4 SYSTEMPATH\Model.php(394): CodeIgniter\Database\BaseBuilder->insert()
 5 SYSTEMPATH\BaseModel.php(840): CodeIgniter\Model->doInsert([...])
 6 SYSTEMPATH\Model.php(802): CodeIgniter\BaseModel->insert([...], true)
 7 APPPATH\Controllers\NotificationMaster.php(49): CodeIgniter\Model->insert([...])
 8 SYSTEMPATH\CodeIgniter.php(933): App\Controllers\NotificationMaster->save()
 9 SYSTEMPATH\CodeIgniter.php(509): CodeIgniter\CodeIgniter->runController(Object(App\Controllers\NotificationMaster))
10 SYSTEMPATH\CodeIgniter.php(355): CodeIgniter\CodeIgniter->handleRequest(null, Object(Config\Cache), false)
11 SYSTEMPATH\Boot.php(325): CodeIgniter\CodeIgniter->run()
12 SYSTEMPATH\Boot.php(67): CodeIgniter\Boot::runCodeIgniter(Object(CodeIgniter\CodeIgniter))
13 FCPATH\index.php(56): CodeIgniter\Boot::bootWeb(Object(Config\Paths))
CRITICAL - 2025-03-24 06:50:11 --> [Caused by] mysqli_sql_exception: Column 'batch' cannot be null
in SYSTEMPATH\Database\MySQLi\Connection.php on line 312.
 1 SYSTEMPATH\Database\MySQLi\Connection.php(312): mysqli->query('INSERT INTO `notification` (`message`, `batch`, `image`) VALUES (\'sghj nhdf gbhuyj\', NULL, \'notification.jpeg\')', 0)
 2 SYSTEMPATH\Database\BaseConnection.php(734): CodeIgniter\Database\MySQLi\Connection->execute('INSERT INTO `notification` (`message`, `batch`, `image`) VALUES (\'sghj nhdf gbhuyj\', NULL, \'notification.jpeg\')')
 3 SYSTEMPATH\Database\BaseConnection.php(648): CodeIgniter\Database\BaseConnection->simpleQuery('INSERT INTO `notification` (`message`, `batch`, `image`) VALUES (\'sghj nhdf gbhuyj\', NULL, \'notification.jpeg\')')
 4 SYSTEMPATH\Database\BaseBuilder.php(2340): CodeIgniter\Database\BaseConnection->query('INSERT INTO `notification` (`message`, `batch`, `image`) VALUES (:message:, :batch:, :image:)', [...], false)
 5 SYSTEMPATH\Model.php(394): CodeIgniter\Database\BaseBuilder->insert()
 6 SYSTEMPATH\BaseModel.php(840): CodeIgniter\Model->doInsert([...])
 7 SYSTEMPATH\Model.php(802): CodeIgniter\BaseModel->insert([...], true)
 8 APPPATH\Controllers\NotificationMaster.php(49): CodeIgniter\Model->insert([...])
 9 SYSTEMPATH\CodeIgniter.php(933): App\Controllers\NotificationMaster->save()
10 SYSTEMPATH\CodeIgniter.php(509): CodeIgniter\CodeIgniter->runController(Object(App\Controllers\NotificationMaster))
11 SYSTEMPATH\CodeIgniter.php(355): CodeIgniter\CodeIgniter->handleRequest(null, Object(Config\Cache), false)
12 SYSTEMPATH\Boot.php(325): CodeIgniter\CodeIgniter->run()
13 SYSTEMPATH\Boot.php(67): CodeIgniter\Boot::runCodeIgniter(Object(CodeIgniter\CodeIgniter))
14 FCPATH\index.php(56): CodeIgniter\Boot::bootWeb(Object(Config\Paths))
INFO - 2025-03-24 06:50:18 --> Session: Class initialized using 'CodeIgniter\Session\Handlers\FileHandler' driver.
WARNING - 2025-03-24 06:50:18 --> [DEPRECATED] strtotime(): Passing null to parameter #1 ($datetime) of type string is deprecated in APPPATH\Views\Admin\Notification\add.php on line 41.
 1 APPPATH\Views\Admin\Notification\add.php(41): strtotime(null)
 2 SYSTEMPATH\View\View.php(234): include('C:\\xampp\\htdocs\\Wolfox\\app\\Views\\Admin\\Notification\\add.php')
 3 SYSTEMPATH\View\View.php(237): CodeIgniter\View\View->CodeIgniter\View\{closure}()
 4 SYSTEMPATH\Common.php(1171): CodeIgniter\View\View->render('/Admin/Notification/add', [], true)
 5 APPPATH\Controllers\NotificationMaster.php(17): view('/Admin/Notification/add', [...])
 6 SYSTEMPATH\CodeIgniter.php(933): App\Controllers\NotificationMaster->add()
 7 SYSTEMPATH\CodeIgniter.php(509): CodeIgniter\CodeIgniter->runController(Object(App\Controllers\NotificationMaster))
 8 SYSTEMPATH\CodeIgniter.php(355): CodeIgniter\CodeIgniter->handleRequest(null, Object(Config\Cache), false)
 9 SYSTEMPATH\Boot.php(325): CodeIgniter\CodeIgniter->run()
10 SYSTEMPATH\Boot.php(67): CodeIgniter\Boot::runCodeIgniter(Object(CodeIgniter\CodeIgniter))
11 FCPATH\index.php(56): CodeIgniter\Boot::bootWeb(Object(Config\Paths))
WARNING - 2025-03-24 06:50:18 --> [DEPRECATED] strtotime(): Passing null to parameter #1 ($datetime) of type string is deprecated in APPPATH\Views\Admin\Notification\add.php on line 41.
 1 APPPATH\Views\Admin\Notification\add.php(41): strtotime(null)
 2 SYSTEMPATH\View\View.php(234): include('C:\\xampp\\htdocs\\Wolfox\\app\\Views\\Admin\\Notification\\add.php')
 3 SYSTEMPATH\View\View.php(237): CodeIgniter\View\View->CodeIgniter\View\{closure}()
 4 SYSTEMPATH\Common.php(1171): CodeIgniter\View\View->render('/Admin/Notification/add', [], true)
 5 APPPATH\Controllers\NotificationMaster.php(17): view('/Admin/Notification/add', [...])
 6 SYSTEMPATH\CodeIgniter.php(933): App\Controllers\NotificationMaster->add()
 7 SYSTEMPATH\CodeIgniter.php(509): CodeIgniter\CodeIgniter->runController(Object(App\Controllers\NotificationMaster))
 8 SYSTEMPATH\CodeIgniter.php(355): CodeIgniter\CodeIgniter->handleRequest(null, Object(Config\Cache), false)
 9 SYSTEMPATH\Boot.php(325): CodeIgniter\CodeIgniter->run()
10 SYSTEMPATH\Boot.php(67): CodeIgniter\Boot::runCodeIgniter(Object(CodeIgniter\CodeIgniter))
11 FCPATH\index.php(56): CodeIgniter\Boot::bootWeb(Object(Config\Paths))
INFO - 2025-03-24 06:50:20 --> Session: Class initialized using 'CodeIgniter\Session\Handlers\FileHandler' driver.
WARNING - 2025-03-24 06:50:20 --> [DEPRECATED] strtotime(): Passing null to parameter #1 ($datetime) of type string is deprecated in APPPATH\Views\Admin\Notification\add.php on line 41.
 1 APPPATH\Views\Admin\Notification\add.php(41): strtotime(null)
 2 SYSTEMPATH\View\View.php(234): include('C:\\xampp\\htdocs\\Wolfox\\app\\Views\\Admin\\Notification\\add.php')
 3 SYSTEMPATH\View\View.php(237): CodeIgniter\View\View->CodeIgniter\View\{closure}()
 4 SYSTEMPATH\Common.php(1171): CodeIgniter\View\View->render('/Admin/Notification/add', [], true)
 5 APPPATH\Controllers\NotificationMaster.php(17): view('/Admin/Notification/add', [...])
 6 SYSTEMPATH\CodeIgniter.php(933): App\Controllers\NotificationMaster->add()
 7 SYSTEMPATH\CodeIgniter.php(509): CodeIgniter\CodeIgniter->runController(Object(App\Controllers\NotificationMaster))
 8 SYSTEMPATH\CodeIgniter.php(355): CodeIgniter\CodeIgniter->handleRequest(null, Object(Config\Cache), false)
 9 SYSTEMPATH\Boot.php(325): CodeIgniter\CodeIgniter->run()
10 SYSTEMPATH\Boot.php(67): CodeIgniter\Boot::runCodeIgniter(Object(CodeIgniter\CodeIgniter))
11 FCPATH\index.php(56): CodeIgniter\Boot::bootWeb(Object(Config\Paths))
WARNING - 2025-03-24 06:50:20 --> [DEPRECATED] strtotime(): Passing null to parameter #1 ($datetime) of type string is deprecated in APPPATH\Views\Admin\Notification\add.php on line 41.
 1 APPPATH\Views\Admin\Notification\add.php(41): strtotime(null)
 2 SYSTEMPATH\View\View.php(234): include('C:\\xampp\\htdocs\\Wolfox\\app\\Views\\Admin\\Notification\\add.php')
 3 SYSTEMPATH\View\View.php(237): CodeIgniter\View\View->CodeIgniter\View\{closure}()
 4 SYSTEMPATH\Common.php(1171): CodeIgniter\View\View->render('/Admin/Notification/add', [], true)
 5 APPPATH\Controllers\NotificationMaster.php(17): view('/Admin/Notification/add', [...])
 6 SYSTEMPATH\CodeIgniter.php(933): App\Controllers\NotificationMaster->add()
 7 SYSTEMPATH\CodeIgniter.php(509): CodeIgniter\CodeIgniter->runController(Object(App\Controllers\NotificationMaster))
 8 SYSTEMPATH\CodeIgniter.php(355): CodeIgniter\CodeIgniter->handleRequest(null, Object(Config\Cache), false)
 9 SYSTEMPATH\Boot.php(325): CodeIgniter\CodeIgniter->run()
10 SYSTEMPATH\Boot.php(67): CodeIgniter\Boot::runCodeIgniter(Object(CodeIgniter\CodeIgniter))
11 FCPATH\index.php(56): CodeIgniter\Boot::bootWeb(Object(Config\Paths))
ERROR - 2025-03-24 06:50:31 --> mysqli_sql_exception: Column 'batch' cannot be null in C:\xampp\htdocs\Wolfox\system\Database\MySQLi\Connection.php:312
Stack trace:
#0 C:\xampp\htdocs\Wolfox\system\Database\MySQLi\Connection.php(312): mysqli->query('INSERT INTO `no...', 0)
#1 C:\xampp\htdocs\Wolfox\system\Database\BaseConnection.php(734): CodeIgniter\Database\MySQLi\Connection->execute('INSERT INTO `no...')
#2 C:\xampp\htdocs\Wolfox\system\Database\BaseConnection.php(648): CodeIgniter\Database\BaseConnection->simpleQuery('INSERT INTO `no...')
#3 C:\xampp\htdocs\Wolfox\system\Database\BaseBuilder.php(2340): CodeIgniter\Database\BaseConnection->query('INSERT INTO `no...', Array, false)
#4 C:\xampp\htdocs\Wolfox\system\Model.php(394): CodeIgniter\Database\BaseBuilder->insert()
#5 C:\xampp\htdocs\Wolfox\system\BaseModel.php(840): CodeIgniter\Model->doInsert(Array)
#6 C:\xampp\htdocs\Wolfox\system\Model.php(802): CodeIgniter\BaseModel->insert(Array, true)
#7 C:\xampp\htdocs\Wolfox\app\Controllers\NotificationMaster.php(49): CodeIgniter\Model->insert(Array)
#8 C:\xampp\htdocs\Wolfox\system\CodeIgniter.php(933): App\Controllers\NotificationMaster->save()
#9 C:\xampp\htdocs\Wolfox\system\CodeIgniter.php(509): CodeIgniter\CodeIgniter->runController(Object(App\Controllers\NotificationMaster))
#10 C:\xampp\htdocs\Wolfox\system\CodeIgniter.php(355): CodeIgniter\CodeIgniter->handleRequest(NULL, Object(Config\Cache), false)
#11 C:\xampp\htdocs\Wolfox\system\Boot.php(325): CodeIgniter\CodeIgniter->run()
#12 C:\xampp\htdocs\Wolfox\system\Boot.php(67): CodeIgniter\Boot::runCodeIgniter(Object(CodeIgniter\CodeIgniter))
#13 C:\xampp\htdocs\Wolfox\index.php(56): CodeIgniter\Boot::bootWeb(Object(Config\Paths))
#14 {main}
CRITICAL - 2025-03-24 06:50:31 --> CodeIgniter\Database\Exceptions\DatabaseException: Column 'batch' cannot be null
[Method: POST, Route: Admin/Notification/save]
in SYSTEMPATH\Database\BaseConnection.php on line 688.
 1 SYSTEMPATH\Database\BaseBuilder.php(2340): CodeIgniter\Database\BaseConnection->query('INSERT INTO `notification` (`message`, `batch`, `image`) VALUES (:message:, :batch:, :image:)', [...], false)
 2 SYSTEMPATH\Model.php(394): CodeIgniter\Database\BaseBuilder->insert()
 3 SYSTEMPATH\BaseModel.php(840): CodeIgniter\Model->doInsert([...])
 4 SYSTEMPATH\Model.php(802): CodeIgniter\BaseModel->insert([...], true)
 5 APPPATH\Controllers\NotificationMaster.php(49): CodeIgniter\Model->insert([...])
 6 SYSTEMPATH\CodeIgniter.php(933): App\Controllers\NotificationMaster->save()
 7 SYSTEMPATH\CodeIgniter.php(509): CodeIgniter\CodeIgniter->runController(Object(App\Controllers\NotificationMaster))
 8 SYSTEMPATH\CodeIgniter.php(355): CodeIgniter\CodeIgniter->handleRequest(null, Object(Config\Cache), false)
 9 SYSTEMPATH\Boot.php(325): CodeIgniter\CodeIgniter->run()
10 SYSTEMPATH\Boot.php(67): CodeIgniter\Boot::runCodeIgniter(Object(CodeIgniter\CodeIgniter))
11 FCPATH\index.php(56): CodeIgniter\Boot::bootWeb(Object(Config\Paths))
CRITICAL - 2025-03-24 06:50:31 --> [Caused by] CodeIgniter\Database\Exceptions\DatabaseException: Column 'batch' cannot be null
in SYSTEMPATH\Database\MySQLi\Connection.php on line 317.
 1 SYSTEMPATH\Database\BaseConnection.php(734): CodeIgniter\Database\MySQLi\Connection->execute('INSERT INTO `notification` (`message`, `batch`, `image`) VALUES (\'sghj nhdf gbhuyj\', NULL, \'notification.jpeg\')')
 2 SYSTEMPATH\Database\BaseConnection.php(648): CodeIgniter\Database\BaseConnection->simpleQuery('INSERT INTO `notification` (`message`, `batch`, `image`) VALUES (\'sghj nhdf gbhuyj\', NULL, \'notification.jpeg\')')
 3 SYSTEMPATH\Database\BaseBuilder.php(2340): CodeIgniter\Database\BaseConnection->query('INSERT INTO `notification` (`message`, `batch`, `image`) VALUES (:message:, :batch:, :image:)', [...], false)
 4 SYSTEMPATH\Model.php(394): CodeIgniter\Database\BaseBuilder->insert()
 5 SYSTEMPATH\BaseModel.php(840): CodeIgniter\Model->doInsert([...])
 6 SYSTEMPATH\Model.php(802): CodeIgniter\BaseModel->insert([...], true)
 7 APPPATH\Controllers\NotificationMaster.php(49): CodeIgniter\Model->insert([...])
 8 SYSTEMPATH\CodeIgniter.php(933): App\Controllers\NotificationMaster->save()
 9 SYSTEMPATH\CodeIgniter.php(509): CodeIgniter\CodeIgniter->runController(Object(App\Controllers\NotificationMaster))
10 SYSTEMPATH\CodeIgniter.php(355): CodeIgniter\CodeIgniter->handleRequest(null, Object(Config\Cache), false)
11 SYSTEMPATH\Boot.php(325): CodeIgniter\CodeIgniter->run()
12 SYSTEMPATH\Boot.php(67): CodeIgniter\Boot::runCodeIgniter(Object(CodeIgniter\CodeIgniter))
13 FCPATH\index.php(56): CodeIgniter\Boot::bootWeb(Object(Config\Paths))
CRITICAL - 2025-03-24 06:50:31 --> [Caused by] mysqli_sql_exception: Column 'batch' cannot be null
in SYSTEMPATH\Database\MySQLi\Connection.php on line 312.
 1 SYSTEMPATH\Database\MySQLi\Connection.php(312): mysqli->query('INSERT INTO `notification` (`message`, `batch`, `image`) VALUES (\'sghj nhdf gbhuyj\', NULL, \'notification.jpeg\')', 0)
 2 SYSTEMPATH\Database\BaseConnection.php(734): CodeIgniter\Database\MySQLi\Connection->execute('INSERT INTO `notification` (`message`, `batch`, `image`) VALUES (\'sghj nhdf gbhuyj\', NULL, \'notification.jpeg\')')
 3 SYSTEMPATH\Database\BaseConnection.php(648): CodeIgniter\Database\BaseConnection->simpleQuery('INSERT INTO `notification` (`message`, `batch`, `image`) VALUES (\'sghj nhdf gbhuyj\', NULL, \'notification.jpeg\')')
 4 SYSTEMPATH\Database\BaseBuilder.php(2340): CodeIgniter\Database\BaseConnection->query('INSERT INTO `notification` (`message`, `batch`, `image`) VALUES (:message:, :batch:, :image:)', [...], false)
 5 SYSTEMPATH\Model.php(394): CodeIgniter\Database\BaseBuilder->insert()
 6 SYSTEMPATH\BaseModel.php(840): CodeIgniter\Model->doInsert([...])
 7 SYSTEMPATH\Model.php(802): CodeIgniter\BaseModel->insert([...], true)
 8 APPPATH\Controllers\NotificationMaster.php(49): CodeIgniter\Model->insert([...])
 9 SYSTEMPATH\CodeIgniter.php(933): App\Controllers\NotificationMaster->save()
10 SYSTEMPATH\CodeIgniter.php(509): CodeIgniter\CodeIgniter->runController(Object(App\Controllers\NotificationMaster))
11 SYSTEMPATH\CodeIgniter.php(355): CodeIgniter\CodeIgniter->handleRequest(null, Object(Config\Cache), false)
12 SYSTEMPATH\Boot.php(325): CodeIgniter\CodeIgniter->run()
13 SYSTEMPATH\Boot.php(67): CodeIgniter\Boot::runCodeIgniter(Object(CodeIgniter\CodeIgniter))
14 FCPATH\index.php(56): CodeIgniter\Boot::bootWeb(Object(Config\Paths))
CRITICAL - 2025-03-24 06:52:17 --> ErrorException: Array to string conversion
[Method: POST, Route: Admin/Notification/save]
in APPPATH\Controllers\NotificationMaster.php on line 52.
 1 APPPATH\Controllers\NotificationMaster.php(52): CodeIgniter\Debug\Exceptions->errorHandler(2, 'Array to string conversion', 'C:\\xampp\\htdocs\\Wolfox\\app\\Controllers\\NotificationMaster.php', 52)
 2 SYSTEMPATH\CodeIgniter.php(933): App\Controllers\NotificationMaster->save()
 3 SYSTEMPATH\CodeIgniter.php(509): CodeIgniter\CodeIgniter->runController(Object(App\Controllers\NotificationMaster))
 4 SYSTEMPATH\CodeIgniter.php(355): CodeIgniter\CodeIgniter->handleRequest(null, Object(Config\Cache), false)
 5 SYSTEMPATH\Boot.php(325): CodeIgniter\CodeIgniter->run()
 6 SYSTEMPATH\Boot.php(67): CodeIgniter\Boot::runCodeIgniter(Object(CodeIgniter\CodeIgniter))
 7 FCPATH\index.php(56): CodeIgniter\Boot::bootWeb(Object(Config\Paths))
INFO - 2025-03-24 06:54:31 --> Session: Class initialized using 'CodeIgniter\Session\Handlers\FileHandler' driver.
INFO - 2025-03-24 06:54:32 --> Session: Class initialized using 'CodeIgniter\Session\Handlers\FileHandler' driver.
WARNING - 2025-03-24 06:54:32 --> [DEPRECATED] strtotime(): Passing null to parameter #1 ($datetime) of type string is deprecated in APPPATH\Views\Admin\Notification\add.php on line 41.
 1 APPPATH\Views\Admin\Notification\add.php(41): strtotime(null)
 2 SYSTEMPATH\View\View.php(234): include('C:\\xampp\\htdocs\\Wolfox\\app\\Views\\Admin\\Notification\\add.php')
 3 SYSTEMPATH\View\View.php(237): CodeIgniter\View\View->CodeIgniter\View\{closure}()
 4 SYSTEMPATH\Common.php(1171): CodeIgniter\View\View->render('/Admin/Notification/add', [], true)
 5 APPPATH\Controllers\NotificationMaster.php(17): view('/Admin/Notification/add', [...])
 6 SYSTEMPATH\CodeIgniter.php(933): App\Controllers\NotificationMaster->add()
 7 SYSTEMPATH\CodeIgniter.php(509): CodeIgniter\CodeIgniter->runController(Object(App\Controllers\NotificationMaster))
 8 SYSTEMPATH\CodeIgniter.php(355): CodeIgniter\CodeIgniter->handleRequest(null, Object(Config\Cache), false)
 9 SYSTEMPATH\Boot.php(325): CodeIgniter\CodeIgniter->run()
10 SYSTEMPATH\Boot.php(67): CodeIgniter\Boot::runCodeIgniter(Object(CodeIgniter\CodeIgniter))
11 FCPATH\index.php(56): CodeIgniter\Boot::bootWeb(Object(Config\Paths))
WARNING - 2025-03-24 06:54:32 --> [DEPRECATED] strtotime(): Passing null to parameter #1 ($datetime) of type string is deprecated in APPPATH\Views\Admin\Notification\add.php on line 41.
 1 APPPATH\Views\Admin\Notification\add.php(41): strtotime(null)
 2 SYSTEMPATH\View\View.php(234): include('C:\\xampp\\htdocs\\Wolfox\\app\\Views\\Admin\\Notification\\add.php')
 3 SYSTEMPATH\View\View.php(237): CodeIgniter\View\View->CodeIgniter\View\{closure}()
 4 SYSTEMPATH\Common.php(1171): CodeIgniter\View\View->render('/Admin/Notification/add', [], true)
 5 APPPATH\Controllers\NotificationMaster.php(17): view('/Admin/Notification/add', [...])
 6 SYSTEMPATH\CodeIgniter.php(933): App\Controllers\NotificationMaster->add()
 7 SYSTEMPATH\CodeIgniter.php(509): CodeIgniter\CodeIgniter->runController(Object(App\Controllers\NotificationMaster))
 8 SYSTEMPATH\CodeIgniter.php(355): CodeIgniter\CodeIgniter->handleRequest(null, Object(Config\Cache), false)
 9 SYSTEMPATH\Boot.php(325): CodeIgniter\CodeIgniter->run()
10 SYSTEMPATH\Boot.php(67): CodeIgniter\Boot::runCodeIgniter(Object(CodeIgniter\CodeIgniter))
11 FCPATH\index.php(56): CodeIgniter\Boot::bootWeb(Object(Config\Paths))
INFO - 2025-03-24 06:57:00 --> Session: Class initialized using 'CodeIgniter\Session\Handlers\FileHandler' driver.
WARNING - 2025-03-24 06:57:00 --> [DEPRECATED] strtotime(): Passing null to parameter #1 ($datetime) of type string is deprecated in APPPATH\Views\Admin\Notification\add.php on line 41.
 1 APPPATH\Views\Admin\Notification\add.php(41): strtotime(null)
 2 SYSTEMPATH\View\View.php(234): include('C:\\xampp\\htdocs\\Wolfox\\app\\Views\\Admin\\Notification\\add.php')
 3 SYSTEMPATH\View\View.php(237): CodeIgniter\View\View->CodeIgniter\View\{closure}()
 4 SYSTEMPATH\Common.php(1171): CodeIgniter\View\View->render('/Admin/Notification/add', [], true)
 5 APPPATH\Controllers\NotificationMaster.php(17): view('/Admin/Notification/add', [...])
 6 SYSTEMPATH\CodeIgniter.php(933): App\Controllers\NotificationMaster->add()
 7 SYSTEMPATH\CodeIgniter.php(509): CodeIgniter\CodeIgniter->runController(Object(App\Controllers\NotificationMaster))
 8 SYSTEMPATH\CodeIgniter.php(355): CodeIgniter\CodeIgniter->handleRequest(null, Object(Config\Cache), false)
 9 SYSTEMPATH\Boot.php(325): CodeIgniter\CodeIgniter->run()
10 SYSTEMPATH\Boot.php(67): CodeIgniter\Boot::runCodeIgniter(Object(CodeIgniter\CodeIgniter))
11 FCPATH\index.php(56): CodeIgniter\Boot::bootWeb(Object(Config\Paths))
WARNING - 2025-03-24 06:57:00 --> [DEPRECATED] strtotime(): Passing null to parameter #1 ($datetime) of type string is deprecated in APPPATH\Views\Admin\Notification\add.php on line 41.
 1 APPPATH\Views\Admin\Notification\add.php(41): strtotime(null)
 2 SYSTEMPATH\View\View.php(234): include('C:\\xampp\\htdocs\\Wolfox\\app\\Views\\Admin\\Notification\\add.php')
 3 SYSTEMPATH\View\View.php(237): CodeIgniter\View\View->CodeIgniter\View\{closure}()
 4 SYSTEMPATH\Common.php(1171): CodeIgniter\View\View->render('/Admin/Notification/add', [], true)
 5 APPPATH\Controllers\NotificationMaster.php(17): view('/Admin/Notification/add', [...])
 6 SYSTEMPATH\CodeIgniter.php(933): App\Controllers\NotificationMaster->add()
 7 SYSTEMPATH\CodeIgniter.php(509): CodeIgniter\CodeIgniter->runController(Object(App\Controllers\NotificationMaster))
 8 SYSTEMPATH\CodeIgniter.php(355): CodeIgniter\CodeIgniter->handleRequest(null, Object(Config\Cache), false)
 9 SYSTEMPATH\Boot.php(325): CodeIgniter\CodeIgniter->run()
10 SYSTEMPATH\Boot.php(67): CodeIgniter\Boot::runCodeIgniter(Object(CodeIgniter\CodeIgniter))
11 FCPATH\index.php(56): CodeIgniter\Boot::bootWeb(Object(Config\Paths))
INFO - 2025-03-24 06:57:04 --> Session: Class initialized using 'CodeIgniter\Session\Handlers\FileHandler' driver.
CRITICAL - 2025-03-24 06:57:04 --> ErrorException: Undefined variable $notification
[Method: GET, Route: Admin/Notification/list]
in APPPATH\Views\Admin\Notification\list.php on line 33.
 1 APPPATH\Views\Admin\Notification\list.php(33): CodeIgniter\Debug\Exceptions->errorHandler(2, 'Undefined variable $notification', 'C:\\xampp\\htdocs\\Wolfox\\app\\Views\\Admin\\Notification\\list.php', 33)
 2 SYSTEMPATH\View\View.php(234): include('C:\\xampp\\htdocs\\Wolfox\\app\\Views\\Admin\\Notification\\list.php')
 3 SYSTEMPATH\View\View.php(237): CodeIgniter\View\View->CodeIgniter\View\{closure}()
 4 SYSTEMPATH\Common.php(1171): CodeIgniter\View\View->render('/Admin/Notification/list', [], true)
 5 APPPATH\Controllers\NotificationMaster.php(65): view('/Admin/Notification/list', [...])
 6 SYSTEMPATH\CodeIgniter.php(933): App\Controllers\NotificationMaster->list()
 7 SYSTEMPATH\CodeIgniter.php(509): CodeIgniter\CodeIgniter->runController(Object(App\Controllers\NotificationMaster))
 8 SYSTEMPATH\CodeIgniter.php(355): CodeIgniter\CodeIgniter->handleRequest(null, Object(Config\Cache), false)
 9 SYSTEMPATH\Boot.php(325): CodeIgniter\CodeIgniter->run()
10 SYSTEMPATH\Boot.php(67): CodeIgniter\Boot::runCodeIgniter(Object(CodeIgniter\CodeIgniter))
11 FCPATH\index.php(56): CodeIgniter\Boot::bootWeb(Object(Config\Paths))
INFO - 2025-03-24 06:57:32 --> Session: Class initialized using 'CodeIgniter\Session\Handlers\FileHandler' driver.
INFO - 2025-03-24 06:58:26 --> Session: Class initialized using 'CodeIgniter\Session\Handlers\FileHandler' driver.
INFO - 2025-03-24 07:00:34 --> Session: Class initialized using 'CodeIgniter\Session\Handlers\FileHandler' driver.
WARNING - 2025-03-24 07:00:34 --> [DEPRECATED] strtotime(): Passing null to parameter #1 ($datetime) of type string is deprecated in APPPATH\Views\Admin\Notification\add.php on line 41.
 1 APPPATH\Views\Admin\Notification\add.php(41): strtotime(null)
 2 SYSTEMPATH\View\View.php(234): include('C:\\xampp\\htdocs\\Wolfox\\app\\Views\\Admin\\Notification\\add.php')
 3 SYSTEMPATH\View\View.php(237): CodeIgniter\View\View->CodeIgniter\View\{closure}()
 4 SYSTEMPATH\Common.php(1171): CodeIgniter\View\View->render('/Admin/Notification/add', [], true)
 5 APPPATH\Controllers\NotificationMaster.php(17): view('/Admin/Notification/add', [...])
 6 SYSTEMPATH\CodeIgniter.php(933): App\Controllers\NotificationMaster->add()
 7 SYSTEMPATH\CodeIgniter.php(509): CodeIgniter\CodeIgniter->runController(Object(App\Controllers\NotificationMaster))
 8 SYSTEMPATH\CodeIgniter.php(355): CodeIgniter\CodeIgniter->handleRequest(null, Object(Config\Cache), false)
 9 SYSTEMPATH\Boot.php(325): CodeIgniter\CodeIgniter->run()
10 SYSTEMPATH\Boot.php(67): CodeIgniter\Boot::runCodeIgniter(Object(CodeIgniter\CodeIgniter))
11 FCPATH\index.php(56): CodeIgniter\Boot::bootWeb(Object(Config\Paths))
WARNING - 2025-03-24 07:00:34 --> [DEPRECATED] strtotime(): Passing null to parameter #1 ($datetime) of type string is deprecated in APPPATH\Views\Admin\Notification\add.php on line 41.
 1 APPPATH\Views\Admin\Notification\add.php(41): strtotime(null)
 2 SYSTEMPATH\View\View.php(234): include('C:\\xampp\\htdocs\\Wolfox\\app\\Views\\Admin\\Notification\\add.php')
 3 SYSTEMPATH\View\View.php(237): CodeIgniter\View\View->CodeIgniter\View\{closure}()
 4 SYSTEMPATH\Common.php(1171): CodeIgniter\View\View->render('/Admin/Notification/add', [], true)
 5 APPPATH\Controllers\NotificationMaster.php(17): view('/Admin/Notification/add', [...])
 6 SYSTEMPATH\CodeIgniter.php(933): App\Controllers\NotificationMaster->add()
 7 SYSTEMPATH\CodeIgniter.php(509): CodeIgniter\CodeIgniter->runController(Object(App\Controllers\NotificationMaster))
 8 SYSTEMPATH\CodeIgniter.php(355): CodeIgniter\CodeIgniter->handleRequest(null, Object(Config\Cache), false)
 9 SYSTEMPATH\Boot.php(325): CodeIgniter\CodeIgniter->run()
10 SYSTEMPATH\Boot.php(67): CodeIgniter\Boot::runCodeIgniter(Object(CodeIgniter\CodeIgniter))
11 FCPATH\index.php(56): CodeIgniter\Boot::bootWeb(Object(Config\Paths))
INFO - 2025-03-24 07:00:53 --> Session: Class initialized using 'CodeIgniter\Session\Handlers\FileHandler' driver.
INFO - 2025-03-24 07:00:53 --> Session: Class initialized using 'CodeIgniter\Session\Handlers\FileHandler' driver.
WARNING - 2025-03-24 07:00:53 --> [DEPRECATED] strtotime(): Passing null to parameter #1 ($datetime) of type string is deprecated in APPPATH\Views\Admin\Notification\add.php on line 41.
 1 APPPATH\Views\Admin\Notification\add.php(41): strtotime(null)
 2 SYSTEMPATH\View\View.php(234): include('C:\\xampp\\htdocs\\Wolfox\\app\\Views\\Admin\\Notification\\add.php')
 3 SYSTEMPATH\View\View.php(237): CodeIgniter\View\View->CodeIgniter\View\{closure}()
 4 SYSTEMPATH\Common.php(1171): CodeIgniter\View\View->render('/Admin/Notification/add', [], true)
 5 APPPATH\Controllers\NotificationMaster.php(17): view('/Admin/Notification/add', [...])
 6 SYSTEMPATH\CodeIgniter.php(933): App\Controllers\NotificationMaster->add()
 7 SYSTEMPATH\CodeIgniter.php(509): CodeIgniter\CodeIgniter->runController(Object(App\Controllers\NotificationMaster))
 8 SYSTEMPATH\CodeIgniter.php(355): CodeIgniter\CodeIgniter->handleRequest(null, Object(Config\Cache), false)
 9 SYSTEMPATH\Boot.php(325): CodeIgniter\CodeIgniter->run()
10 SYSTEMPATH\Boot.php(67): CodeIgniter\Boot::runCodeIgniter(Object(CodeIgniter\CodeIgniter))
11 FCPATH\index.php(56): CodeIgniter\Boot::bootWeb(Object(Config\Paths))
WARNING - 2025-03-24 07:00:53 --> [DEPRECATED] strtotime(): Passing null to parameter #1 ($datetime) of type string is deprecated in APPPATH\Views\Admin\Notification\add.php on line 41.
 1 APPPATH\Views\Admin\Notification\add.php(41): strtotime(null)
 2 SYSTEMPATH\View\View.php(234): include('C:\\xampp\\htdocs\\Wolfox\\app\\Views\\Admin\\Notification\\add.php')
 3 SYSTEMPATH\View\View.php(237): CodeIgniter\View\View->CodeIgniter\View\{closure}()
 4 SYSTEMPATH\Common.php(1171): CodeIgniter\View\View->render('/Admin/Notification/add', [], true)
 5 APPPATH\Controllers\NotificationMaster.php(17): view('/Admin/Notification/add', [...])
 6 SYSTEMPATH\CodeIgniter.php(933): App\Controllers\NotificationMaster->add()
 7 SYSTEMPATH\CodeIgniter.php(509): CodeIgniter\CodeIgniter->runController(Object(App\Controllers\NotificationMaster))
 8 SYSTEMPATH\CodeIgniter.php(355): CodeIgniter\CodeIgniter->handleRequest(null, Object(Config\Cache), false)
 9 SYSTEMPATH\Boot.php(325): CodeIgniter\CodeIgniter->run()
10 SYSTEMPATH\Boot.php(67): CodeIgniter\Boot::runCodeIgniter(Object(CodeIgniter\CodeIgniter))
11 FCPATH\index.php(56): CodeIgniter\Boot::bootWeb(Object(Config\Paths))
INFO - 2025-03-24 07:01:25 --> Session: Class initialized using 'CodeIgniter\Session\Handlers\FileHandler' driver.
INFO - 2025-03-24 07:03:22 --> Session: Class initialized using 'CodeIgniter\Session\Handlers\FileHandler' driver.
WARNING - 2025-03-24 07:03:22 --> [DEPRECATED] strtotime(): Passing null to parameter #1 ($datetime) of type string is deprecated in APPPATH\Views\Admin\Notification\add.php on line 41.
 1 APPPATH\Views\Admin\Notification\add.php(41): strtotime(null)
 2 SYSTEMPATH\View\View.php(234): include('C:\\xampp\\htdocs\\Wolfox\\app\\Views\\Admin\\Notification\\add.php')
 3 SYSTEMPATH\View\View.php(237): CodeIgniter\View\View->CodeIgniter\View\{closure}()
 4 SYSTEMPATH\Common.php(1171): CodeIgniter\View\View->render('/Admin/Notification/add', [], true)
 5 APPPATH\Controllers\NotificationMaster.php(17): view('/Admin/Notification/add', [...])
 6 SYSTEMPATH\CodeIgniter.php(933): App\Controllers\NotificationMaster->add()
 7 SYSTEMPATH\CodeIgniter.php(509): CodeIgniter\CodeIgniter->runController(Object(App\Controllers\NotificationMaster))
 8 SYSTEMPATH\CodeIgniter.php(355): CodeIgniter\CodeIgniter->handleRequest(null, Object(Config\Cache), false)
 9 SYSTEMPATH\Boot.php(325): CodeIgniter\CodeIgniter->run()
10 SYSTEMPATH\Boot.php(67): CodeIgniter\Boot::runCodeIgniter(Object(CodeIgniter\CodeIgniter))
11 FCPATH\index.php(56): CodeIgniter\Boot::bootWeb(Object(Config\Paths))
WARNING - 2025-03-24 07:03:22 --> [DEPRECATED] strtotime(): Passing null to parameter #1 ($datetime) of type string is deprecated in APPPATH\Views\Admin\Notification\add.php on line 41.
 1 APPPATH\Views\Admin\Notification\add.php(41): strtotime(null)
 2 SYSTEMPATH\View\View.php(234): include('C:\\xampp\\htdocs\\Wolfox\\app\\Views\\Admin\\Notification\\add.php')
 3 SYSTEMPATH\View\View.php(237): CodeIgniter\View\View->CodeIgniter\View\{closure}()
 4 SYSTEMPATH\Common.php(1171): CodeIgniter\View\View->render('/Admin/Notification/add', [], true)
 5 APPPATH\Controllers\NotificationMaster.php(17): view('/Admin/Notification/add', [...])
 6 SYSTEMPATH\CodeIgniter.php(933): App\Controllers\NotificationMaster->add()
 7 SYSTEMPATH\CodeIgniter.php(509): CodeIgniter\CodeIgniter->runController(Object(App\Controllers\NotificationMaster))
 8 SYSTEMPATH\CodeIgniter.php(355): CodeIgniter\CodeIgniter->handleRequest(null, Object(Config\Cache), false)
 9 SYSTEMPATH\Boot.php(325): CodeIgniter\CodeIgniter->run()
10 SYSTEMPATH\Boot.php(67): CodeIgniter\Boot::runCodeIgniter(Object(CodeIgniter\CodeIgniter))
11 FCPATH\index.php(56): CodeIgniter\Boot::bootWeb(Object(Config\Paths))
INFO - 2025-03-24 07:03:59 --> Session: Class initialized using 'CodeIgniter\Session\Handlers\FileHandler' driver.
INFO - 2025-03-24 07:03:59 --> Session: Class initialized using 'CodeIgniter\Session\Handlers\FileHandler' driver.
INFO - 2025-03-24 07:04:32 --> Session: Class initialized using 'CodeIgniter\Session\Handlers\FileHandler' driver.
INFO - 2025-03-24 07:04:43 --> Session: Class initialized using 'CodeIgniter\Session\Handlers\FileHandler' driver.
INFO - 2025-03-24 07:07:20 --> Session: Class initialized using 'CodeIgniter\Session\Handlers\FileHandler' driver.
WARNING - 2025-03-24 07:07:20 --> [DEPRECATED] strtotime(): Passing null to parameter #1 ($datetime) of type string is deprecated in APPPATH\Views\Admin\Notification\add.php on line 41.
 1 APPPATH\Views\Admin\Notification\add.php(41): strtotime(null)
 2 SYSTEMPATH\View\View.php(234): include('C:\\xampp\\htdocs\\Wolfox\\app\\Views\\Admin\\Notification\\add.php')
 3 SYSTEMPATH\View\View.php(237): CodeIgniter\View\View->CodeIgniter\View\{closure}()
 4 SYSTEMPATH\Common.php(1171): CodeIgniter\View\View->render('/Admin/Notification/add', [], true)
 5 APPPATH\Controllers\NotificationMaster.php(17): view('/Admin/Notification/add', [...])
 6 SYSTEMPATH\CodeIgniter.php(933): App\Controllers\NotificationMaster->add()
 7 SYSTEMPATH\CodeIgniter.php(509): CodeIgniter\CodeIgniter->runController(Object(App\Controllers\NotificationMaster))
 8 SYSTEMPATH\CodeIgniter.php(355): CodeIgniter\CodeIgniter->handleRequest(null, Object(Config\Cache), false)
 9 SYSTEMPATH\Boot.php(325): CodeIgniter\CodeIgniter->run()
10 SYSTEMPATH\Boot.php(67): CodeIgniter\Boot::runCodeIgniter(Object(CodeIgniter\CodeIgniter))
11 FCPATH\index.php(56): CodeIgniter\Boot::bootWeb(Object(Config\Paths))
WARNING - 2025-03-24 07:07:20 --> [DEPRECATED] strtotime(): Passing null to parameter #1 ($datetime) of type string is deprecated in APPPATH\Views\Admin\Notification\add.php on line 41.
 1 APPPATH\Views\Admin\Notification\add.php(41): strtotime(null)
 2 SYSTEMPATH\View\View.php(234): include('C:\\xampp\\htdocs\\Wolfox\\app\\Views\\Admin\\Notification\\add.php')
 3 SYSTEMPATH\View\View.php(237): CodeIgniter\View\View->CodeIgniter\View\{closure}()
 4 SYSTEMPATH\Common.php(1171): CodeIgniter\View\View->render('/Admin/Notification/add', [], true)
 5 APPPATH\Controllers\NotificationMaster.php(17): view('/Admin/Notification/add', [...])
 6 SYSTEMPATH\CodeIgniter.php(933): App\Controllers\NotificationMaster->add()
 7 SYSTEMPATH\CodeIgniter.php(509): CodeIgniter\CodeIgniter->runController(Object(App\Controllers\NotificationMaster))
 8 SYSTEMPATH\CodeIgniter.php(355): CodeIgniter\CodeIgniter->handleRequest(null, Object(Config\Cache), false)
 9 SYSTEMPATH\Boot.php(325): CodeIgniter\CodeIgniter->run()
10 SYSTEMPATH\Boot.php(67): CodeIgniter\Boot::runCodeIgniter(Object(CodeIgniter\CodeIgniter))
11 FCPATH\index.php(56): CodeIgniter\Boot::bootWeb(Object(Config\Paths))
INFO - 2025-03-24 07:07:24 --> Session: Class initialized using 'CodeIgniter\Session\Handlers\FileHandler' driver.
INFO - 2025-03-24 07:07:29 --> Session: Class initialized using 'CodeIgniter\Session\Handlers\FileHandler' driver.
INFO - 2025-03-24 07:08:38 --> Session: Class initialized using 'CodeIgniter\Session\Handlers\FileHandler' driver.
INFO - 2025-03-24 07:08:58 --> Session: Class initialized using 'CodeIgniter\Session\Handlers\FileHandler' driver.
INFO - 2025-03-24 07:14:00 --> Session: Class initialized using 'CodeIgniter\Session\Handlers\FileHandler' driver.
INFO - 2025-03-24 07:14:31 --> Session: Class initialized using 'CodeIgniter\Session\Handlers\FileHandler' driver.
INFO - 2025-03-24 07:14:33 --> Session: Class initialized using 'CodeIgniter\Session\Handlers\FileHandler' driver.
WARNING - 2025-03-24 07:14:33 --> [DEPRECATED] strtotime(): Passing null to parameter #1 ($datetime) of type string is deprecated in APPPATH\Views\Admin\Notification\add.php on line 41.
 1 APPPATH\Views\Admin\Notification\add.php(41): strtotime(null)
 2 SYSTEMPATH\View\View.php(234): include('C:\\xampp\\htdocs\\Wolfox\\app\\Views\\Admin\\Notification\\add.php')
 3 SYSTEMPATH\View\View.php(237): CodeIgniter\View\View->CodeIgniter\View\{closure}()
 4 SYSTEMPATH\Common.php(1171): CodeIgniter\View\View->render('/Admin/Notification/add', [], true)
 5 APPPATH\Controllers\NotificationMaster.php(17): view('/Admin/Notification/add', [...])
 6 SYSTEMPATH\CodeIgniter.php(933): App\Controllers\NotificationMaster->add()
 7 SYSTEMPATH\CodeIgniter.php(509): CodeIgniter\CodeIgniter->runController(Object(App\Controllers\NotificationMaster))
 8 SYSTEMPATH\CodeIgniter.php(355): CodeIgniter\CodeIgniter->handleRequest(null, Object(Config\Cache), false)
 9 SYSTEMPATH\Boot.php(325): CodeIgniter\CodeIgniter->run()
10 SYSTEMPATH\Boot.php(67): CodeIgniter\Boot::runCodeIgniter(Object(CodeIgniter\CodeIgniter))
11 FCPATH\index.php(56): CodeIgniter\Boot::bootWeb(Object(Config\Paths))
WARNING - 2025-03-24 07:14:33 --> [DEPRECATED] strtotime(): Passing null to parameter #1 ($datetime) of type string is deprecated in APPPATH\Views\Admin\Notification\add.php on line 41.
 1 APPPATH\Views\Admin\Notification\add.php(41): strtotime(null)
 2 SYSTEMPATH\View\View.php(234): include('C:\\xampp\\htdocs\\Wolfox\\app\\Views\\Admin\\Notification\\add.php')
 3 SYSTEMPATH\View\View.php(237): CodeIgniter\View\View->CodeIgniter\View\{closure}()
 4 SYSTEMPATH\Common.php(1171): CodeIgniter\View\View->render('/Admin/Notification/add', [], true)
 5 APPPATH\Controllers\NotificationMaster.php(17): view('/Admin/Notification/add', [...])
 6 SYSTEMPATH\CodeIgniter.php(933): App\Controllers\NotificationMaster->add()
 7 SYSTEMPATH\CodeIgniter.php(509): CodeIgniter\CodeIgniter->runController(Object(App\Controllers\NotificationMaster))
 8 SYSTEMPATH\CodeIgniter.php(355): CodeIgniter\CodeIgniter->handleRequest(null, Object(Config\Cache), false)
 9 SYSTEMPATH\Boot.php(325): CodeIgniter\CodeIgniter->run()
10 SYSTEMPATH\Boot.php(67): CodeIgniter\Boot::runCodeIgniter(Object(CodeIgniter\CodeIgniter))
11 FCPATH\index.php(56): CodeIgniter\Boot::bootWeb(Object(Config\Paths))
INFO - 2025-03-24 07:14:58 --> Session: Class initialized using 'CodeIgniter\Session\Handlers\FileHandler' driver.
INFO - 2025-03-24 07:14:58 --> Session: Class initialized using 'CodeIgniter\Session\Handlers\FileHandler' driver.
CRITICAL - 2025-03-24 07:14:58 --> ErrorException: Undefined array key "batch"
[Method: GET, Route: Admin/Notification/list]
in APPPATH\Views\Admin\Notification\list.php on line 46.
 1 APPPATH\Views\Admin\Notification\list.php(46): CodeIgniter\Debug\Exceptions->errorHandler(2, 'Undefined array key "batch"', 'C:\\xampp\\htdocs\\Wolfox\\app\\Views\\Admin\\Notification\\list.php', 46)
 2 SYSTEMPATH\View\View.php(234): include('C:\\xampp\\htdocs\\Wolfox\\app\\Views\\Admin\\Notification\\list.php')
 3 SYSTEMPATH\View\View.php(237): CodeIgniter\View\View->CodeIgniter\View\{closure}()
 4 SYSTEMPATH\Common.php(1171): CodeIgniter\View\View->render('/Admin/Notification/list', [], true)
 5 APPPATH\Controllers\NotificationMaster.php(65): view('/Admin/Notification/list', [...])
 6 SYSTEMPATH\CodeIgniter.php(933): App\Controllers\NotificationMaster->list()
 7 SYSTEMPATH\CodeIgniter.php(509): CodeIgniter\CodeIgniter->runController(Object(App\Controllers\NotificationMaster))
 8 SYSTEMPATH\CodeIgniter.php(355): CodeIgniter\CodeIgniter->handleRequest(null, Object(Config\Cache), false)
 9 SYSTEMPATH\Boot.php(325): CodeIgniter\CodeIgniter->run()
10 SYSTEMPATH\Boot.php(67): CodeIgniter\Boot::runCodeIgniter(Object(CodeIgniter\CodeIgniter))
11 FCPATH\index.php(56): CodeIgniter\Boot::bootWeb(Object(Config\Paths))
INFO - 2025-03-24 07:15:46 --> Session: Class initialized using 'CodeIgniter\Session\Handlers\FileHandler' driver.
CRITICAL - 2025-03-24 07:15:46 --> ErrorException: Undefined array key "batch"
[Method: GET, Route: Admin/Notification/list]
in APPPATH\Views\Admin\Notification\list.php on line 46.
 1 APPPATH\Views\Admin\Notification\list.php(46): CodeIgniter\Debug\Exceptions->errorHandler(2, 'Undefined array key "batch"', 'C:\\xampp\\htdocs\\Wolfox\\app\\Views\\Admin\\Notification\\list.php', 46)
 2 SYSTEMPATH\View\View.php(234): include('C:\\xampp\\htdocs\\Wolfox\\app\\Views\\Admin\\Notification\\list.php')
 3 SYSTEMPATH\View\View.php(237): CodeIgniter\View\View->CodeIgniter\View\{closure}()
 4 SYSTEMPATH\Common.php(1171): CodeIgniter\View\View->render('/Admin/Notification/list', [], true)
 5 APPPATH\Controllers\NotificationMaster.php(68): view('/Admin/Notification/list', [...])
 6 SYSTEMPATH\CodeIgniter.php(933): App\Controllers\NotificationMaster->list()
 7 SYSTEMPATH\CodeIgniter.php(509): CodeIgniter\CodeIgniter->runController(Object(App\Controllers\NotificationMaster))
 8 SYSTEMPATH\CodeIgniter.php(355): CodeIgniter\CodeIgniter->handleRequest(null, Object(Config\Cache), false)
 9 SYSTEMPATH\Boot.php(325): CodeIgniter\CodeIgniter->run()
10 SYSTEMPATH\Boot.php(67): CodeIgniter\Boot::runCodeIgniter(Object(CodeIgniter\CodeIgniter))
11 FCPATH\index.php(56): CodeIgniter\Boot::bootWeb(Object(Config\Paths))
INFO - 2025-03-24 07:19:46 --> Session: Class initialized using 'CodeIgniter\Session\Handlers\FileHandler' driver.
INFO - 2025-03-24 07:20:13 --> Session: Class initialized using 'CodeIgniter\Session\Handlers\FileHandler' driver.
INFO - 2025-03-24 07:20:19 --> Session: Class initialized using 'CodeIgniter\Session\Handlers\FileHandler' driver.
INFO - 2025-03-24 07:20:25 --> Session: Class initialized using 'CodeIgniter\Session\Handlers\FileHandler' driver.
INFO - 2025-03-24 07:20:31 --> Session: Class initialized using 'CodeIgniter\Session\Handlers\FileHandler' driver.
CRITICAL - 2025-03-24 07:20:31 --> ErrorException: Undefined variable $dateToCheck
[Method: GET, Route: Student/attendancemonth]
in APPPATH\Views\Student\attendancemonths.php on line 107.
 1 APPPATH\Views\Student\attendancemonths.php(107): CodeIgniter\Debug\Exceptions->errorHandler(2, 'Undefined variable $dateToCheck', 'C:\\xampp\\htdocs\\Wolfox\\app\\Views\\Student\\attendancemonths.php', 107)
 2 SYSTEMPATH\View\View.php(234): include('C:\\xampp\\htdocs\\Wolfox\\app\\Views\\Student\\attendancemonths.php')
 3 SYSTEMPATH\View\View.php(237): CodeIgniter\View\View->CodeIgniter\View\{closure}()
 4 SYSTEMPATH\Common.php(1171): CodeIgniter\View\View->render('/Student/attendancemonths', [], true)
 5 APPPATH\Controllers\StudentAttendanceMaster.php(27): view('/Student/attendancemonths')
 6 SYSTEMPATH\CodeIgniter.php(933): App\Controllers\StudentAttendanceMaster->months()
 7 SYSTEMPATH\CodeIgniter.php(509): CodeIgniter\CodeIgniter->runController(Object(App\Controllers\StudentAttendanceMaster))
 8 SYSTEMPATH\CodeIgniter.php(355): CodeIgniter\CodeIgniter->handleRequest(null, Object(Config\Cache), false)
 9 SYSTEMPATH\Boot.php(325): CodeIgniter\CodeIgniter->run()
10 SYSTEMPATH\Boot.php(67): CodeIgniter\Boot::runCodeIgniter(Object(CodeIgniter\CodeIgniter))
11 FCPATH\index.php(56): CodeIgniter\Boot::bootWeb(Object(Config\Paths))
INFO - 2025-03-24 07:20:59 --> Session: Class initialized using 'CodeIgniter\Session\Handlers\FileHandler' driver.
INFO - 2025-03-24 07:21:05 --> Session: Class initialized using 'CodeIgniter\Session\Handlers\FileHandler' driver.
CRITICAL - 2025-03-24 07:21:05 --> ErrorException: Undefined variable $dateToCheck
[Method: GET, Route: Student/attendancemonth]
in APPPATH\Views\Student\attendancemonths.php on line 107.
 1 APPPATH\Views\Student\attendancemonths.php(107): CodeIgniter\Debug\Exceptions->errorHandler(2, 'Undefined variable $dateToCheck', 'C:\\xampp\\htdocs\\Wolfox\\app\\Views\\Student\\attendancemonths.php', 107)
 2 SYSTEMPATH\View\View.php(234): include('C:\\xampp\\htdocs\\Wolfox\\app\\Views\\Student\\attendancemonths.php')
 3 SYSTEMPATH\View\View.php(237): CodeIgniter\View\View->CodeIgniter\View\{closure}()
 4 SYSTEMPATH\Common.php(1171): CodeIgniter\View\View->render('/Student/attendancemonths', [], true)
 5 APPPATH\Controllers\StudentAttendanceMaster.php(27): view('/Student/attendancemonths')
 6 SYSTEMPATH\CodeIgniter.php(933): App\Controllers\StudentAttendanceMaster->months()
 7 SYSTEMPATH\CodeIgniter.php(509): CodeIgniter\CodeIgniter->runController(Object(App\Controllers\StudentAttendanceMaster))
 8 SYSTEMPATH\CodeIgniter.php(355): CodeIgniter\CodeIgniter->handleRequest(null, Object(Config\Cache), false)
 9 SYSTEMPATH\Boot.php(325): CodeIgniter\CodeIgniter->run()
10 SYSTEMPATH\Boot.php(67): CodeIgniter\Boot::runCodeIgniter(Object(CodeIgniter\CodeIgniter))
11 FCPATH\index.php(56): CodeIgniter\Boot::bootWeb(Object(Config\Paths))
INFO - 2025-03-24 07:21:27 --> Session: Class initialized using 'CodeIgniter\Session\Handlers\FileHandler' driver.
INFO - 2025-03-24 07:21:36 --> Session: Class initialized using 'CodeIgniter\Session\Handlers\FileHandler' driver.
CRITICAL - 2025-03-24 07:21:36 --> ErrorException: Undefined array key "batch"
[Method: GET, Route: Admin/Notification/list]
in APPPATH\Views\Admin\Notification\list.php on line 46.
 1 APPPATH\Views\Admin\Notification\list.php(46): CodeIgniter\Debug\Exceptions->errorHandler(2, 'Undefined array key "batch"', 'C:\\xampp\\htdocs\\Wolfox\\app\\Views\\Admin\\Notification\\list.php', 46)
 2 SYSTEMPATH\View\View.php(234): include('C:\\xampp\\htdocs\\Wolfox\\app\\Views\\Admin\\Notification\\list.php')
 3 SYSTEMPATH\View\View.php(237): CodeIgniter\View\View->CodeIgniter\View\{closure}()
 4 SYSTEMPATH\Common.php(1171): CodeIgniter\View\View->render('/Admin/Notification/list', [], true)
 5 APPPATH\Controllers\NotificationMaster.php(68): view('/Admin/Notification/list', [...])
 6 SYSTEMPATH\CodeIgniter.php(933): App\Controllers\NotificationMaster->list()
 7 SYSTEMPATH\CodeIgniter.php(509): CodeIgniter\CodeIgniter->runController(Object(App\Controllers\NotificationMaster))
 8 SYSTEMPATH\CodeIgniter.php(355): CodeIgniter\CodeIgniter->handleRequest(null, Object(Config\Cache), false)
 9 SYSTEMPATH\Boot.php(325): CodeIgniter\CodeIgniter->run()
10 SYSTEMPATH\Boot.php(67): CodeIgniter\Boot::runCodeIgniter(Object(CodeIgniter\CodeIgniter))
11 FCPATH\index.php(56): CodeIgniter\Boot::bootWeb(Object(Config\Paths))
INFO - 2025-03-24 07:21:37 --> Session: Class initialized using 'CodeIgniter\Session\Handlers\FileHandler' driver.
WARNING - 2025-03-24 07:21:37 --> [DEPRECATED] strtotime(): Passing null to parameter #1 ($datetime) of type string is deprecated in APPPATH\Views\Admin\Notification\add.php on line 41.
 1 APPPATH\Views\Admin\Notification\add.php(41): strtotime(null)
 2 SYSTEMPATH\View\View.php(234): include('C:\\xampp\\htdocs\\Wolfox\\app\\Views\\Admin\\Notification\\add.php')
 3 SYSTEMPATH\View\View.php(237): CodeIgniter\View\View->CodeIgniter\View\{closure}()
 4 SYSTEMPATH\Common.php(1171): CodeIgniter\View\View->render('/Admin/Notification/add', [], true)
 5 APPPATH\Controllers\NotificationMaster.php(17): view('/Admin/Notification/add', [...])
 6 SYSTEMPATH\CodeIgniter.php(933): App\Controllers\NotificationMaster->add()
 7 SYSTEMPATH\CodeIgniter.php(509): CodeIgniter\CodeIgniter->runController(Object(App\Controllers\NotificationMaster))
 8 SYSTEMPATH\CodeIgniter.php(355): CodeIgniter\CodeIgniter->handleRequest(null, Object(Config\Cache), false)
 9 SYSTEMPATH\Boot.php(325): CodeIgniter\CodeIgniter->run()
10 SYSTEMPATH\Boot.php(67): CodeIgniter\Boot::runCodeIgniter(Object(CodeIgniter\CodeIgniter))
11 FCPATH\index.php(56): CodeIgniter\Boot::bootWeb(Object(Config\Paths))
WARNING - 2025-03-24 07:21:37 --> [DEPRECATED] strtotime(): Passing null to parameter #1 ($datetime) of type string is deprecated in APPPATH\Views\Admin\Notification\add.php on line 41.
 1 APPPATH\Views\Admin\Notification\add.php(41): strtotime(null)
 2 SYSTEMPATH\View\View.php(234): include('C:\\xampp\\htdocs\\Wolfox\\app\\Views\\Admin\\Notification\\add.php')
 3 SYSTEMPATH\View\View.php(237): CodeIgniter\View\View->CodeIgniter\View\{closure}()
 4 SYSTEMPATH\Common.php(1171): CodeIgniter\View\View->render('/Admin/Notification/add', [], true)
 5 APPPATH\Controllers\NotificationMaster.php(17): view('/Admin/Notification/add', [...])
 6 SYSTEMPATH\CodeIgniter.php(933): App\Controllers\NotificationMaster->add()
 7 SYSTEMPATH\CodeIgniter.php(509): CodeIgniter\CodeIgniter->runController(Object(App\Controllers\NotificationMaster))
 8 SYSTEMPATH\CodeIgniter.php(355): CodeIgniter\CodeIgniter->handleRequest(null, Object(Config\Cache), false)
 9 SYSTEMPATH\Boot.php(325): CodeIgniter\CodeIgniter->run()
10 SYSTEMPATH\Boot.php(67): CodeIgniter\Boot::runCodeIgniter(Object(CodeIgniter\CodeIgniter))
11 FCPATH\index.php(56): CodeIgniter\Boot::bootWeb(Object(Config\Paths))
INFO - 2025-03-24 07:24:15 --> Session: Class initialized using 'CodeIgniter\Session\Handlers\FileHandler' driver.
INFO - 2025-03-24 07:24:19 --> Session: Class initialized using 'CodeIgniter\Session\Handlers\FileHandler' driver.
INFO - 2025-03-24 07:24:26 --> Session: Class initialized using 'CodeIgniter\Session\Handlers\FileHandler' driver.
INFO - 2025-03-24 07:24:27 --> Session: Class initialized using 'CodeIgniter\Session\Handlers\FileHandler' driver.
INFO - 2025-03-24 07:24:31 --> Session: Class initialized using 'CodeIgniter\Session\Handlers\FileHandler' driver.
INFO - 2025-03-24 07:24:34 --> Session: Class initialized using 'CodeIgniter\Session\Handlers\FileHandler' driver.
INFO - 2025-03-24 07:24:35 --> Session: Class initialized using 'CodeIgniter\Session\Handlers\FileHandler' driver.
INFO - 2025-03-24 07:24:44 --> Session: Class initialized using 'CodeIgniter\Session\Handlers\FileHandler' driver.
INFO - 2025-03-24 07:24:51 --> Session: Class initialized using 'CodeIgniter\Session\Handlers\FileHandler' driver.
INFO - 2025-03-24 07:24:51 --> Session: Class initialized using 'CodeIgniter\Session\Handlers\FileHandler' driver.
INFO - 2025-03-24 07:25:10 --> Session: Class initialized using 'CodeIgniter\Session\Handlers\FileHandler' driver.
INFO - 2025-03-24 07:25:11 --> Session: Class initialized using 'CodeIgniter\Session\Handlers\FileHandler' driver.
INFO - 2025-03-24 07:25:19 --> Session: Class initialized using 'CodeIgniter\Session\Handlers\FileHandler' driver.
INFO - 2025-03-24 07:25:41 --> Session: Class initialized using 'CodeIgniter\Session\Handlers\FileHandler' driver.
INFO - 2025-03-24 07:28:06 --> Session: Class initialized using 'CodeIgniter\Session\Handlers\FileHandler' driver.
INFO - 2025-03-24 07:28:24 --> Session: Class initialized using 'CodeIgniter\Session\Handlers\FileHandler' driver.
INFO - 2025-03-24 07:29:32 --> Session: Class initialized using 'CodeIgniter\Session\Handlers\FileHandler' driver.
INFO - 2025-03-24 07:30:28 --> Session: Class initialized using 'CodeIgniter\Session\Handlers\FileHandler' driver.
INFO - 2025-03-24 07:30:37 --> Session: Class initialized using 'CodeIgniter\Session\Handlers\FileHandler' driver.
INFO - 2025-03-24 07:31:14 --> Session: Class initialized using 'CodeIgniter\Session\Handlers\FileHandler' driver.
INFO - 2025-03-24 07:33:36 --> Session: Class initialized using 'CodeIgniter\Session\Handlers\FileHandler' driver.
INFO - 2025-03-24 07:34:13 --> Session: Class initialized using 'CodeIgniter\Session\Handlers\FileHandler' driver.
INFO - 2025-03-24 07:34:43 --> Session: Class initialized using 'CodeIgniter\Session\Handlers\FileHandler' driver.
INFO - 2025-03-24 07:34:43 --> Session: Class initialized using 'CodeIgniter\Session\Handlers\FileHandler' driver.
INFO - 2025-03-24 07:35:05 --> Session: Class initialized using 'CodeIgniter\Session\Handlers\FileHandler' driver.
INFO - 2025-03-24 07:35:05 --> Session: Class initialized using 'CodeIgniter\Session\Handlers\FileHandler' driver.
INFO - 2025-03-24 07:35:30 --> Session: Class initialized using 'CodeIgniter\Session\Handlers\FileHandler' driver.
INFO - 2025-03-24 07:35:31 --> Session: Class initialized using 'CodeIgniter\Session\Handlers\FileHandler' driver.
INFO - 2025-03-24 07:36:15 --> Session: Class initialized using 'CodeIgniter\Session\Handlers\FileHandler' driver.
INFO - 2025-03-24 07:36:36 --> Session: Class initialized using 'CodeIgniter\Session\Handlers\FileHandler' driver.
INFO - 2025-03-24 07:36:36 --> Session: Class initialized using 'CodeIgniter\Session\Handlers\FileHandler' driver.
INFO - 2025-03-24 07:37:03 --> Session: Class initialized using 'CodeIgniter\Session\Handlers\FileHandler' driver.
INFO - 2025-03-24 07:37:03 --> Session: Class initialized using 'CodeIgniter\Session\Handlers\FileHandler' driver.
INFO - 2025-03-24 07:42:11 --> Session: Class initialized using 'CodeIgniter\Session\Handlers\FileHandler' driver.
INFO - 2025-03-24 07:45:21 --> Session: Class initialized using 'CodeIgniter\Session\Handlers\FileHandler' driver.
INFO - 2025-03-24 07:45:39 --> Session: Class initialized using 'CodeIgniter\Session\Handlers\FileHandler' driver.
CRITICAL - 2025-03-24 07:45:39 --> ErrorException: Trying to access array offset on value of type null
[Method: GET, Route: student/account]
in APPPATH\Views\Student\profile.php on line 332.
 1 APPPATH\Views\Student\profile.php(332): CodeIgniter\Debug\Exceptions->errorHandler(2, 'Trying to access array offset on value of type null', 'C:\\xampp\\htdocs\\Wolfox\\app\\Views\\Student\\profile.php', 332)
 2 SYSTEMPATH\View\View.php(234): include('C:\\xampp\\htdocs\\Wolfox\\app\\Views\\Student\\profile.php')
 3 SYSTEMPATH\View\View.php(237): CodeIgniter\View\View->CodeIgniter\View\{closure}()
 4 SYSTEMPATH\Common.php(1171): CodeIgniter\View\View->render('/Student/profile', [], true)
 5 APPPATH\Controllers\ProfileMaster.php(61): view('/Student/profile', [...])
 6 SYSTEMPATH\CodeIgniter.php(933): App\Controllers\ProfileMaster->account()
 7 SYSTEMPATH\CodeIgniter.php(509): CodeIgniter\CodeIgniter->runController(Object(App\Controllers\ProfileMaster))
 8 SYSTEMPATH\CodeIgniter.php(355): CodeIgniter\CodeIgniter->handleRequest(null, Object(Config\Cache), false)
 9 SYSTEMPATH\Boot.php(325): CodeIgniter\CodeIgniter->run()
10 SYSTEMPATH\Boot.php(67): CodeIgniter\Boot::runCodeIgniter(Object(CodeIgniter\CodeIgniter))
11 FCPATH\index.php(56): CodeIgniter\Boot::bootWeb(Object(Config\Paths))
INFO - 2025-03-24 07:46:04 --> Session: Class initialized using 'CodeIgniter\Session\Handlers\FileHandler' driver.
INFO - 2025-03-24 07:46:43 --> Session: Class initialized using 'CodeIgniter\Session\Handlers\FileHandler' driver.
INFO - 2025-03-24 07:46:49 --> Session: Class initialized using 'CodeIgniter\Session\Handlers\FileHandler' driver.
INFO - 2025-03-24 07:47:07 --> Session: Class initialized using 'CodeIgniter\Session\Handlers\FileHandler' driver.
INFO - 2025-03-24 07:47:45 --> Session: Class initialized using 'CodeIgniter\Session\Handlers\FileHandler' driver.
INFO - 2025-03-24 07:47:57 --> Session: Class initialized using 'CodeIgniter\Session\Handlers\FileHandler' driver.
INFO - 2025-03-24 07:49:34 --> Session: Class initialized using 'CodeIgniter\Session\Handlers\FileHandler' driver.
INFO - 2025-03-24 07:49:58 --> Session: Class initialized using 'CodeIgniter\Session\Handlers\FileHandler' driver.
INFO - 2025-03-24 07:51:01 --> Session: Class initialized using 'CodeIgniter\Session\Handlers\FileHandler' driver.
INFO - 2025-03-24 07:51:25 --> Session: Class initialized using 'CodeIgniter\Session\Handlers\FileHandler' driver.
INFO - 2025-03-24 07:52:25 --> Session: Class initialized using 'CodeIgniter\Session\Handlers\FileHandler' driver.
INFO - 2025-03-24 07:52:36 --> Session: Class initialized using 'CodeIgniter\Session\Handlers\FileHandler' driver.
INFO - 2025-03-24 07:53:00 --> Session: Class initialized using 'CodeIgniter\Session\Handlers\FileHandler' driver.
INFO - 2025-03-24 07:53:22 --> Session: Class initialized using 'CodeIgniter\Session\Handlers\FileHandler' driver.
INFO - 2025-03-24 07:54:24 --> Session: Class initialized using 'CodeIgniter\Session\Handlers\FileHandler' driver.
INFO - 2025-03-24 07:54:24 --> Session: Class initialized using 'CodeIgniter\Session\Handlers\FileHandler' driver.
INFO - 2025-03-24 07:55:08 --> Session: Class initialized using 'CodeIgniter\Session\Handlers\FileHandler' driver.
INFO - 2025-03-24 07:55:09 --> Session: Class initialized using 'CodeIgniter\Session\Handlers\FileHandler' driver.
INFO - 2025-03-24 07:55:16 --> Session: Class initialized using 'CodeIgniter\Session\Handlers\FileHandler' driver.
INFO - 2025-03-24 07:55:23 --> Session: Class initialized using 'CodeIgniter\Session\Handlers\FileHandler' driver.
INFO - 2025-03-24 07:55:30 --> Session: Class initialized using 'CodeIgniter\Session\Handlers\FileHandler' driver.
INFO - 2025-03-24 07:55:58 --> Session: Class initialized using 'CodeIgniter\Session\Handlers\FileHandler' driver.
INFO - 2025-03-24 07:56:06 --> Session: Class initialized using 'CodeIgniter\Session\Handlers\FileHandler' driver.
INFO - 2025-03-24 07:56:49 --> Session: Class initialized using 'CodeIgniter\Session\Handlers\FileHandler' driver.
INFO - 2025-03-24 07:56:56 --> Session: Class initialized using 'CodeIgniter\Session\Handlers\FileHandler' driver.
INFO - 2025-03-24 08:00:48 --> Session: Class initialized using 'CodeIgniter\Session\Handlers\FileHandler' driver.
INFO - 2025-03-24 08:04:05 --> Session: Class initialized using 'CodeIgniter\Session\Handlers\FileHandler' driver.
INFO - 2025-03-24 08:05:00 --> Session: Class initialized using 'CodeIgniter\Session\Handlers\FileHandler' driver.
INFO - 2025-03-24 08:05:08 --> Session: Class initialized using 'CodeIgniter\Session\Handlers\FileHandler' driver.
INFO - 2025-03-24 08:08:51 --> Session: Class initialized using 'CodeIgniter\Session\Handlers\FileHandler' driver.
INFO - 2025-03-24 08:08:58 --> Session: Class initialized using 'CodeIgniter\Session\Handlers\FileHandler' driver.
INFO - 2025-03-24 08:09:24 --> Session: Class initialized using 'CodeIgniter\Session\Handlers\FileHandler' driver.
INFO - 2025-03-24 08:10:41 --> Session: Class initialized using 'CodeIgniter\Session\Handlers\FileHandler' driver.
INFO - 2025-03-24 08:10:45 --> Session: Class initialized using 'CodeIgniter\Session\Handlers\FileHandler' driver.
INFO - 2025-03-24 08:11:17 --> Session: Class initialized using 'CodeIgniter\Session\Handlers\FileHandler' driver.
INFO - 2025-03-24 08:12:13 --> Session: Class initialized using 'CodeIgniter\Session\Handlers\FileHandler' driver.
INFO - 2025-03-24 08:12:36 --> Session: Class initialized using 'CodeIgniter\Session\Handlers\FileHandler' driver.
INFO - 2025-03-24 08:12:44 --> Session: Class initialized using 'CodeIgniter\Session\Handlers\FileHandler' driver.
INFO - 2025-03-24 08:13:11 --> Session: Class initialized using 'CodeIgniter\Session\Handlers\FileHandler' driver.
INFO - 2025-03-24 08:13:32 --> Session: Class initialized using 'CodeIgniter\Session\Handlers\FileHandler' driver.
INFO - 2025-03-24 08:13:39 --> Session: Class initialized using 'CodeIgniter\Session\Handlers\FileHandler' driver.
INFO - 2025-03-24 08:14:15 --> Session: Class initialized using 'CodeIgniter\Session\Handlers\FileHandler' driver.
INFO - 2025-03-24 08:14:36 --> Session: Class initialized using 'CodeIgniter\Session\Handlers\FileHandler' driver.
INFO - 2025-03-24 08:14:46 --> Session: Class initialized using 'CodeIgniter\Session\Handlers\FileHandler' driver.
INFO - 2025-03-24 08:14:50 --> Session: Class initialized using 'CodeIgniter\Session\Handlers\FileHandler' driver.
INFO - 2025-03-24 08:14:58 --> Session: Class initialized using 'CodeIgniter\Session\Handlers\FileHandler' driver.
INFO - 2025-03-24 08:14:58 --> Session: Class initialized using 'CodeIgniter\Session\Handlers\FileHandler' driver.
INFO - 2025-03-24 08:25:08 --> Session: Class initialized using 'CodeIgniter\Session\Handlers\FileHandler' driver.
INFO - 2025-03-24 08:25:13 --> Session: Class initialized using 'CodeIgniter\Session\Handlers\FileHandler' driver.
INFO - 2025-03-24 08:25:15 --> Session: Class initialized using 'CodeIgniter\Session\Handlers\FileHandler' driver.
INFO - 2025-03-24 08:25:16 --> Session: Class initialized using 'CodeIgniter\Session\Handlers\FileHandler' driver.
INFO - 2025-03-24 08:26:15 --> Session: Class initialized using 'CodeIgniter\Session\Handlers\FileHandler' driver.
INFO - 2025-03-24 08:26:19 --> Session: Class initialized using 'CodeIgniter\Session\Handlers\FileHandler' driver.
INFO - 2025-03-24 08:26:21 --> Session: Class initialized using 'CodeIgniter\Session\Handlers\FileHandler' driver.
INFO - 2025-03-24 08:26:54 --> Session: Class initialized using 'CodeIgniter\Session\Handlers\FileHandler' driver.
INFO - 2025-03-24 08:26:58 --> Session: Class initialized using 'CodeIgniter\Session\Handlers\FileHandler' driver.
INFO - 2025-03-24 08:27:01 --> Session: Class initialized using 'CodeIgniter\Session\Handlers\FileHandler' driver.
INFO - 2025-03-24 08:27:03 --> Session: Class initialized using 'CodeIgniter\Session\Handlers\FileHandler' driver.
INFO - 2025-03-24 08:27:05 --> Session: Class initialized using 'CodeIgniter\Session\Handlers\FileHandler' driver.
INFO - 2025-03-24 08:27:07 --> Session: Class initialized using 'CodeIgniter\Session\Handlers\FileHandler' driver.
INFO - 2025-03-24 08:27:09 --> Session: Class initialized using 'CodeIgniter\Session\Handlers\FileHandler' driver.
INFO - 2025-03-24 08:27:09 --> Session: Class initialized using 'CodeIgniter\Session\Handlers\FileHandler' driver.
INFO - 2025-03-24 08:27:11 --> Session: Class initialized using 'CodeIgniter\Session\Handlers\FileHandler' driver.
INFO - 2025-03-24 08:27:39 --> Session: Class initialized using 'CodeIgniter\Session\Handlers\FileHandler' driver.
INFO - 2025-03-24 08:27:43 --> Session: Class initialized using 'CodeIgniter\Session\Handlers\FileHandler' driver.
INFO - 2025-03-24 08:27:47 --> Session: Class initialized using 'CodeIgniter\Session\Handlers\FileHandler' driver.
INFO - 2025-03-24 08:28:18 --> Session: Class initialized using 'CodeIgniter\Session\Handlers\FileHandler' driver.
INFO - 2025-03-24 08:28:20 --> Session: Class initialized using 'CodeIgniter\Session\Handlers\FileHandler' driver.
INFO - 2025-03-24 08:28:26 --> Session: Class initialized using 'CodeIgniter\Session\Handlers\FileHandler' driver.
INFO - 2025-03-24 08:28:31 --> Session: Class initialized using 'CodeIgniter\Session\Handlers\FileHandler' driver.
INFO - 2025-03-24 08:28:35 --> Session: Class initialized using 'CodeIgniter\Session\Handlers\FileHandler' driver.
INFO - 2025-03-24 08:28:36 --> Session: Class initialized using 'CodeIgniter\Session\Handlers\FileHandler' driver.
INFO - 2025-03-24 08:28:40 --> Session: Class initialized using 'CodeIgniter\Session\Handlers\FileHandler' driver.
INFO - 2025-03-24 08:28:44 --> Session: Class initialized using 'CodeIgniter\Session\Handlers\FileHandler' driver.
INFO - 2025-03-24 08:42:27 --> Session: Class initialized using 'CodeIgniter\Session\Handlers\FileHandler' driver.
CRITICAL - 2025-03-24 08:42:27 --> ErrorException: Undefined array key "batch"
[Method: GET, Route: Admin/Notification/list]
in APPPATH\Views\Admin\Notification\list.php on line 46.
 1 APPPATH\Views\Admin\Notification\list.php(46): CodeIgniter\Debug\Exceptions->errorHandler(2, 'Undefined array key "batch"', 'C:\\xampp\\htdocs\\Wolfox\\app\\Views\\Admin\\Notification\\list.php', 46)
 2 SYSTEMPATH\View\View.php(234): include('C:\\xampp\\htdocs\\Wolfox\\app\\Views\\Admin\\Notification\\list.php')
 3 SYSTEMPATH\View\View.php(237): CodeIgniter\View\View->CodeIgniter\View\{closure}()
 4 SYSTEMPATH\Common.php(1171): CodeIgniter\View\View->render('/Admin/Notification/list', [], true)
 5 APPPATH\Controllers\NotificationMaster.php(68): view('/Admin/Notification/list', [...])
 6 SYSTEMPATH\CodeIgniter.php(933): App\Controllers\NotificationMaster->list()
 7 SYSTEMPATH\CodeIgniter.php(509): CodeIgniter\CodeIgniter->runController(Object(App\Controllers\NotificationMaster))
 8 SYSTEMPATH\CodeIgniter.php(355): CodeIgniter\CodeIgniter->handleRequest(null, Object(Config\Cache), false)
 9 SYSTEMPATH\Boot.php(325): CodeIgniter\CodeIgniter->run()
10 SYSTEMPATH\Boot.php(67): CodeIgniter\Boot::runCodeIgniter(Object(CodeIgniter\CodeIgniter))
11 FCPATH\index.php(56): CodeIgniter\Boot::bootWeb(Object(Config\Paths))
INFO - 2025-03-24 08:44:32 --> Session: Class initialized using 'CodeIgniter\Session\Handlers\FileHandler' driver.
ERROR - 2025-03-24 08:48:49 --> mysqli_sql_exception: You have an error in your SQL syntax; check the manual that corresponds to your MariaDB server version for the right syntax to use near '* ON `batch`.`batchid` = `notification`.`id`' at line 3 in C:\xampp\htdocs\Wolfox\system\Database\MySQLi\Connection.php:312
Stack trace:
#0 C:\xampp\htdocs\Wolfox\system\Database\MySQLi\Connection.php(312): mysqli->query('SELECT *\nFROM `...', 0)
#1 C:\xampp\htdocs\Wolfox\system\Database\BaseConnection.php(734): CodeIgniter\Database\MySQLi\Connection->execute('SELECT *\nFROM `...')
#2 C:\xampp\htdocs\Wolfox\system\Database\BaseConnection.php(648): CodeIgniter\Database\BaseConnection->simpleQuery('SELECT *\nFROM `...')
#3 C:\xampp\htdocs\Wolfox\system\Database\BaseBuilder.php(1644): CodeIgniter\Database\BaseConnection->query('SELECT *\nFROM `...', Array, false)
#4 C:\xampp\htdocs\Wolfox\system\Model.php(286): CodeIgniter\Database\BaseBuilder->get()
#5 C:\xampp\htdocs\Wolfox\system\BaseModel.php(676): CodeIgniter\Model->doFindAll(0, 0)
#6 C:\xampp\htdocs\Wolfox\app\Controllers\NotificationMaster.php(66): CodeIgniter\BaseModel->findAll()
#7 C:\xampp\htdocs\Wolfox\system\CodeIgniter.php(933): App\Controllers\NotificationMaster->list()
#8 C:\xampp\htdocs\Wolfox\system\CodeIgniter.php(509): CodeIgniter\CodeIgniter->runController(Object(App\Controllers\NotificationMaster))
#9 C:\xampp\htdocs\Wolfox\system\CodeIgniter.php(355): CodeIgniter\CodeIgniter->handleRequest(NULL, Object(Config\Cache), false)
#10 C:\xampp\htdocs\Wolfox\system\Boot.php(325): CodeIgniter\CodeIgniter->run()
#11 C:\xampp\htdocs\Wolfox\system\Boot.php(67): CodeIgniter\Boot::runCodeIgniter(Object(CodeIgniter\CodeIgniter))
#12 C:\xampp\htdocs\Wolfox\index.php(56): CodeIgniter\Boot::bootWeb(Object(Config\Paths))
#13 {main}
CRITICAL - 2025-03-24 08:48:49 --> CodeIgniter\Database\Exceptions\DatabaseException: You have an error in your SQL syntax; check the manual that corresponds to your MariaDB server version for the right syntax to use near '* ON `batch`.`batchid` = `notification`.`id`' at line 3
[Method: GET, Route: Admin/Notification/list]
in SYSTEMPATH\Database\BaseConnection.php on line 688.
 1 SYSTEMPATH\Database\BaseBuilder.php(1644): CodeIgniter\Database\BaseConnection->query('SELECT *
FROM `notification`
JOIN `batch`.* ON `batch`.`batchid` = `notification`.`id`', [], false)
 2 SYSTEMPATH\Model.php(286): CodeIgniter\Database\BaseBuilder->get()
 3 SYSTEMPATH\BaseModel.php(676): CodeIgniter\Model->doFindAll(0, 0)
 4 APPPATH\Controllers\NotificationMaster.php(66): CodeIgniter\BaseModel->findAll()
 5 SYSTEMPATH\CodeIgniter.php(933): App\Controllers\NotificationMaster->list()
 6 SYSTEMPATH\CodeIgniter.php(509): CodeIgniter\CodeIgniter->runController(Object(App\Controllers\NotificationMaster))
 7 SYSTEMPATH\CodeIgniter.php(355): CodeIgniter\CodeIgniter->handleRequest(null, Object(Config\Cache), false)
 8 SYSTEMPATH\Boot.php(325): CodeIgniter\CodeIgniter->run()
 9 SYSTEMPATH\Boot.php(67): CodeIgniter\Boot::runCodeIgniter(Object(CodeIgniter\CodeIgniter))
10 FCPATH\index.php(56): CodeIgniter\Boot::bootWeb(Object(Config\Paths))
CRITICAL - 2025-03-24 08:48:49 --> [Caused by] CodeIgniter\Database\Exceptions\DatabaseException: You have an error in your SQL syntax; check the manual that corresponds to your MariaDB server version for the right syntax to use near '* ON `batch`.`batchid` = `notification`.`id`' at line 3
in SYSTEMPATH\Database\MySQLi\Connection.php on line 317.
 1 SYSTEMPATH\Database\BaseConnection.php(734): CodeIgniter\Database\MySQLi\Connection->execute('SELECT *
FROM `notification`
JOIN `batch`.* ON `batch`.`batchid` = `notification`.`id`')
 2 SYSTEMPATH\Database\BaseConnection.php(648): CodeIgniter\Database\BaseConnection->simpleQuery('SELECT *
FROM `notification`
JOIN `batch`.* ON `batch`.`batchid` = `notification`.`id`')
 3 SYSTEMPATH\Database\BaseBuilder.php(1644): CodeIgniter\Database\BaseConnection->query('SELECT *
FROM `notification`
JOIN `batch`.* ON `batch`.`batchid` = `notification`.`id`', [], false)
 4 SYSTEMPATH\Model.php(286): CodeIgniter\Database\BaseBuilder->get()
 5 SYSTEMPATH\BaseModel.php(676): CodeIgniter\Model->doFindAll(0, 0)
 6 APPPATH\Controllers\NotificationMaster.php(66): CodeIgniter\BaseModel->findAll()
 7 SYSTEMPATH\CodeIgniter.php(933): App\Controllers\NotificationMaster->list()
 8 SYSTEMPATH\CodeIgniter.php(509): CodeIgniter\CodeIgniter->runController(Object(App\Controllers\NotificationMaster))
 9 SYSTEMPATH\CodeIgniter.php(355): CodeIgniter\CodeIgniter->handleRequest(null, Object(Config\Cache), false)
10 SYSTEMPATH\Boot.php(325): CodeIgniter\CodeIgniter->run()
11 SYSTEMPATH\Boot.php(67): CodeIgniter\Boot::runCodeIgniter(Object(CodeIgniter\CodeIgniter))
12 FCPATH\index.php(56): CodeIgniter\Boot::bootWeb(Object(Config\Paths))
CRITICAL - 2025-03-24 08:48:49 --> [Caused by] mysqli_sql_exception: You have an error in your SQL syntax; check the manual that corresponds to your MariaDB server version for the right syntax to use near '* ON `batch`.`batchid` = `notification`.`id`' at line 3
in SYSTEMPATH\Database\MySQLi\Connection.php on line 312.
 1 SYSTEMPATH\Database\MySQLi\Connection.php(312): mysqli->query('SELECT *
FROM `notification`
JOIN `batch`.* ON `batch`.`batchid` = `notification`.`id`', 0)
 2 SYSTEMPATH\Database\BaseConnection.php(734): CodeIgniter\Database\MySQLi\Connection->execute('SELECT *
FROM `notification`
JOIN `batch`.* ON `batch`.`batchid` = `notification`.`id`')
 3 SYSTEMPATH\Database\BaseConnection.php(648): CodeIgniter\Database\BaseConnection->simpleQuery('SELECT *
FROM `notification`
JOIN `batch`.* ON `batch`.`batchid` = `notification`.`id`')
 4 SYSTEMPATH\Database\BaseBuilder.php(1644): CodeIgniter\Database\BaseConnection->query('SELECT *
FROM `notification`
JOIN `batch`.* ON `batch`.`batchid` = `notification`.`id`', [], false)
 5 SYSTEMPATH\Model.php(286): CodeIgniter\Database\BaseBuilder->get()
 6 SYSTEMPATH\BaseModel.php(676): CodeIgniter\Model->doFindAll(0, 0)
 7 APPPATH\Controllers\NotificationMaster.php(66): CodeIgniter\BaseModel->findAll()
 8 SYSTEMPATH\CodeIgniter.php(933): App\Controllers\NotificationMaster->list()
 9 SYSTEMPATH\CodeIgniter.php(509): CodeIgniter\CodeIgniter->runController(Object(App\Controllers\NotificationMaster))
10 SYSTEMPATH\CodeIgniter.php(355): CodeIgniter\CodeIgniter->handleRequest(null, Object(Config\Cache), false)
11 SYSTEMPATH\Boot.php(325): CodeIgniter\CodeIgniter->run()
12 SYSTEMPATH\Boot.php(67): CodeIgniter\Boot::runCodeIgniter(Object(CodeIgniter\CodeIgniter))
13 FCPATH\index.php(56): CodeIgniter\Boot::bootWeb(Object(Config\Paths))
ERROR - 2025-03-24 08:49:30 --> mysqli_sql_exception: You have an error in your SQL syntax; check the manual that corresponds to your MariaDB server version for the right syntax to use near '* ON `batch`.`batchid` = `notification`.`id`' at line 3 in C:\xampp\htdocs\Wolfox\system\Database\MySQLi\Connection.php:312
Stack trace:
#0 C:\xampp\htdocs\Wolfox\system\Database\MySQLi\Connection.php(312): mysqli->query('SELECT *\nFROM `...', 0)
#1 C:\xampp\htdocs\Wolfox\system\Database\BaseConnection.php(734): CodeIgniter\Database\MySQLi\Connection->execute('SELECT *\nFROM `...')
#2 C:\xampp\htdocs\Wolfox\system\Database\BaseConnection.php(648): CodeIgniter\Database\BaseConnection->simpleQuery('SELECT *\nFROM `...')
#3 C:\xampp\htdocs\Wolfox\system\Database\BaseBuilder.php(1644): CodeIgniter\Database\BaseConnection->query('SELECT *\nFROM `...', Array, false)
#4 C:\xampp\htdocs\Wolfox\system\Model.php(286): CodeIgniter\Database\BaseBuilder->get()
#5 C:\xampp\htdocs\Wolfox\system\BaseModel.php(676): CodeIgniter\Model->doFindAll(0, 0)
#6 C:\xampp\htdocs\Wolfox\app\Controllers\NotificationMaster.php(66): CodeIgniter\BaseModel->findAll()
#7 C:\xampp\htdocs\Wolfox\system\CodeIgniter.php(933): App\Controllers\NotificationMaster->list()
#8 C:\xampp\htdocs\Wolfox\system\CodeIgniter.php(509): CodeIgniter\CodeIgniter->runController(Object(App\Controllers\NotificationMaster))
#9 C:\xampp\htdocs\Wolfox\system\CodeIgniter.php(355): CodeIgniter\CodeIgniter->handleRequest(NULL, Object(Config\Cache), false)
#10 C:\xampp\htdocs\Wolfox\system\Boot.php(325): CodeIgniter\CodeIgniter->run()
#11 C:\xampp\htdocs\Wolfox\system\Boot.php(67): CodeIgniter\Boot::runCodeIgniter(Object(CodeIgniter\CodeIgniter))
#12 C:\xampp\htdocs\Wolfox\index.php(56): CodeIgniter\Boot::bootWeb(Object(Config\Paths))
#13 {main}
CRITICAL - 2025-03-24 08:49:30 --> CodeIgniter\Database\Exceptions\DatabaseException: You have an error in your SQL syntax; check the manual that corresponds to your MariaDB server version for the right syntax to use near '* ON `batch`.`batchid` = `notification`.`id`' at line 3
[Method: GET, Route: Admin/Notification/list]
in SYSTEMPATH\Database\BaseConnection.php on line 688.
 1 SYSTEMPATH\Database\BaseBuilder.php(1644): CodeIgniter\Database\BaseConnection->query('SELECT *
FROM `notification`
JOIN `batch`.* ON `batch`.`batchid` = `notification`.`id`', [], false)
 2 SYSTEMPATH\Model.php(286): CodeIgniter\Database\BaseBuilder->get()
 3 SYSTEMPATH\BaseModel.php(676): CodeIgniter\Model->doFindAll(0, 0)
 4 APPPATH\Controllers\NotificationMaster.php(66): CodeIgniter\BaseModel->findAll()
 5 SYSTEMPATH\CodeIgniter.php(933): App\Controllers\NotificationMaster->list()
 6 SYSTEMPATH\CodeIgniter.php(509): CodeIgniter\CodeIgniter->runController(Object(App\Controllers\NotificationMaster))
 7 SYSTEMPATH\CodeIgniter.php(355): CodeIgniter\CodeIgniter->handleRequest(null, Object(Config\Cache), false)
 8 SYSTEMPATH\Boot.php(325): CodeIgniter\CodeIgniter->run()
 9 SYSTEMPATH\Boot.php(67): CodeIgniter\Boot::runCodeIgniter(Object(CodeIgniter\CodeIgniter))
10 FCPATH\index.php(56): CodeIgniter\Boot::bootWeb(Object(Config\Paths))
CRITICAL - 2025-03-24 08:49:30 --> [Caused by] CodeIgniter\Database\Exceptions\DatabaseException: You have an error in your SQL syntax; check the manual that corresponds to your MariaDB server version for the right syntax to use near '* ON `batch`.`batchid` = `notification`.`id`' at line 3
in SYSTEMPATH\Database\MySQLi\Connection.php on line 317.
 1 SYSTEMPATH\Database\BaseConnection.php(734): CodeIgniter\Database\MySQLi\Connection->execute('SELECT *
FROM `notification`
JOIN `batch`.* ON `batch`.`batchid` = `notification`.`id`')
 2 SYSTEMPATH\Database\BaseConnection.php(648): CodeIgniter\Database\BaseConnection->simpleQuery('SELECT *
FROM `notification`
JOIN `batch`.* ON `batch`.`batchid` = `notification`.`id`')
 3 SYSTEMPATH\Database\BaseBuilder.php(1644): CodeIgniter\Database\BaseConnection->query('SELECT *
FROM `notification`
JOIN `batch`.* ON `batch`.`batchid` = `notification`.`id`', [], false)
 4 SYSTEMPATH\Model.php(286): CodeIgniter\Database\BaseBuilder->get()
 5 SYSTEMPATH\BaseModel.php(676): CodeIgniter\Model->doFindAll(0, 0)
 6 APPPATH\Controllers\NotificationMaster.php(66): CodeIgniter\BaseModel->findAll()
 7 SYSTEMPATH\CodeIgniter.php(933): App\Controllers\NotificationMaster->list()
 8 SYSTEMPATH\CodeIgniter.php(509): CodeIgniter\CodeIgniter->runController(Object(App\Controllers\NotificationMaster))
 9 SYSTEMPATH\CodeIgniter.php(355): CodeIgniter\CodeIgniter->handleRequest(null, Object(Config\Cache), false)
10 SYSTEMPATH\Boot.php(325): CodeIgniter\CodeIgniter->run()
11 SYSTEMPATH\Boot.php(67): CodeIgniter\Boot::runCodeIgniter(Object(CodeIgniter\CodeIgniter))
12 FCPATH\index.php(56): CodeIgniter\Boot::bootWeb(Object(Config\Paths))
CRITICAL - 2025-03-24 08:49:30 --> [Caused by] mysqli_sql_exception: You have an error in your SQL syntax; check the manual that corresponds to your MariaDB server version for the right syntax to use near '* ON `batch`.`batchid` = `notification`.`id`' at line 3
in SYSTEMPATH\Database\MySQLi\Connection.php on line 312.
 1 SYSTEMPATH\Database\MySQLi\Connection.php(312): mysqli->query('SELECT *
FROM `notification`
JOIN `batch`.* ON `batch`.`batchid` = `notification`.`id`', 0)
 2 SYSTEMPATH\Database\BaseConnection.php(734): CodeIgniter\Database\MySQLi\Connection->execute('SELECT *
FROM `notification`
JOIN `batch`.* ON `batch`.`batchid` = `notification`.`id`')
 3 SYSTEMPATH\Database\BaseConnection.php(648): CodeIgniter\Database\BaseConnection->simpleQuery('SELECT *
FROM `notification`
JOIN `batch`.* ON `batch`.`batchid` = `notification`.`id`')
 4 SYSTEMPATH\Database\BaseBuilder.php(1644): CodeIgniter\Database\BaseConnection->query('SELECT *
FROM `notification`
JOIN `batch`.* ON `batch`.`batchid` = `notification`.`id`', [], false)
 5 SYSTEMPATH\Model.php(286): CodeIgniter\Database\BaseBuilder->get()
 6 SYSTEMPATH\BaseModel.php(676): CodeIgniter\Model->doFindAll(0, 0)
 7 APPPATH\Controllers\NotificationMaster.php(66): CodeIgniter\BaseModel->findAll()
 8 SYSTEMPATH\CodeIgniter.php(933): App\Controllers\NotificationMaster->list()
 9 SYSTEMPATH\CodeIgniter.php(509): CodeIgniter\CodeIgniter->runController(Object(App\Controllers\NotificationMaster))
10 SYSTEMPATH\CodeIgniter.php(355): CodeIgniter\CodeIgniter->handleRequest(null, Object(Config\Cache), false)
11 SYSTEMPATH\Boot.php(325): CodeIgniter\CodeIgniter->run()
12 SYSTEMPATH\Boot.php(67): CodeIgniter\Boot::runCodeIgniter(Object(CodeIgniter\CodeIgniter))
13 FCPATH\index.php(56): CodeIgniter\Boot::bootWeb(Object(Config\Paths))
ERROR - 2025-03-24 08:50:31 --> mysqli_sql_exception: You have an error in your SQL syntax; check the manual that corresponds to your MariaDB server version for the right syntax to use near '* ON `batch`.`batchid` = `notification`.`id`' at line 3 in C:\xampp\htdocs\Wolfox\system\Database\MySQLi\Connection.php:312
Stack trace:
#0 C:\xampp\htdocs\Wolfox\system\Database\MySQLi\Connection.php(312): mysqli->query('SELECT `notific...', 0)
#1 C:\xampp\htdocs\Wolfox\system\Database\BaseConnection.php(734): CodeIgniter\Database\MySQLi\Connection->execute('SELECT `notific...')
#2 C:\xampp\htdocs\Wolfox\system\Database\BaseConnection.php(648): CodeIgniter\Database\BaseConnection->simpleQuery('SELECT `notific...')
#3 C:\xampp\htdocs\Wolfox\system\Database\BaseBuilder.php(1644): CodeIgniter\Database\BaseConnection->query('SELECT `notific...', Array, false)
#4 C:\xampp\htdocs\Wolfox\system\Model.php(286): CodeIgniter\Database\BaseBuilder->get()
#5 C:\xampp\htdocs\Wolfox\system\BaseModel.php(676): CodeIgniter\Model->doFindAll(0, 0)
#6 C:\xampp\htdocs\Wolfox\app\Controllers\NotificationMaster.php(67): CodeIgniter\BaseModel->findAll()
#7 C:\xampp\htdocs\Wolfox\system\CodeIgniter.php(933): App\Controllers\NotificationMaster->list()
#8 C:\xampp\htdocs\Wolfox\system\CodeIgniter.php(509): CodeIgniter\CodeIgniter->runController(Object(App\Controllers\NotificationMaster))
#9 C:\xampp\htdocs\Wolfox\system\CodeIgniter.php(355): CodeIgniter\CodeIgniter->handleRequest(NULL, Object(Config\Cache), false)
#10 C:\xampp\htdocs\Wolfox\system\Boot.php(325): CodeIgniter\CodeIgniter->run()
#11 C:\xampp\htdocs\Wolfox\system\Boot.php(67): CodeIgniter\Boot::runCodeIgniter(Object(CodeIgniter\CodeIgniter))
#12 C:\xampp\htdocs\Wolfox\index.php(56): CodeIgniter\Boot::bootWeb(Object(Config\Paths))
#13 {main}
CRITICAL - 2025-03-24 08:50:31 --> CodeIgniter\Database\Exceptions\DatabaseException: You have an error in your SQL syntax; check the manual that corresponds to your MariaDB server version for the right syntax to use near '* ON `batch`.`batchid` = `notification`.`id`' at line 3
[Method: GET, Route: Admin/Notification/list]
in SYSTEMPATH\Database\BaseConnection.php on line 688.
 1 SYSTEMPATH\Database\BaseBuilder.php(1644): CodeIgniter\Database\BaseConnection->query('SELECT `notification`.*
FROM `notification`
JOIN `batch`.* ON `batch`.`batchid` = `notification`.`id`', [], false)
 2 SYSTEMPATH\Model.php(286): CodeIgniter\Database\BaseBuilder->get()
 3 SYSTEMPATH\BaseModel.php(676): CodeIgniter\Model->doFindAll(0, 0)
 4 APPPATH\Controllers\NotificationMaster.php(67): CodeIgniter\BaseModel->findAll()
 5 SYSTEMPATH\CodeIgniter.php(933): App\Controllers\NotificationMaster->list()
 6 SYSTEMPATH\CodeIgniter.php(509): CodeIgniter\CodeIgniter->runController(Object(App\Controllers\NotificationMaster))
 7 SYSTEMPATH\CodeIgniter.php(355): CodeIgniter\CodeIgniter->handleRequest(null, Object(Config\Cache), false)
 8 SYSTEMPATH\Boot.php(325): CodeIgniter\CodeIgniter->run()
 9 SYSTEMPATH\Boot.php(67): CodeIgniter\Boot::runCodeIgniter(Object(CodeIgniter\CodeIgniter))
10 FCPATH\index.php(56): CodeIgniter\Boot::bootWeb(Object(Config\Paths))
CRITICAL - 2025-03-24 08:50:31 --> [Caused by] CodeIgniter\Database\Exceptions\DatabaseException: You have an error in your SQL syntax; check the manual that corresponds to your MariaDB server version for the right syntax to use near '* ON `batch`.`batchid` = `notification`.`id`' at line 3
in SYSTEMPATH\Database\MySQLi\Connection.php on line 317.
 1 SYSTEMPATH\Database\BaseConnection.php(734): CodeIgniter\Database\MySQLi\Connection->execute('SELECT `notification`.*
FROM `notification`
JOIN `batch`.* ON `batch`.`batchid` = `notification`.`id`')
 2 SYSTEMPATH\Database\BaseConnection.php(648): CodeIgniter\Database\BaseConnection->simpleQuery('SELECT `notification`.*
FROM `notification`
JOIN `batch`.* ON `batch`.`batchid` = `notification`.`id`')
 3 SYSTEMPATH\Database\BaseBuilder.php(1644): CodeIgniter\Database\BaseConnection->query('SELECT `notification`.*
FROM `notification`
JOIN `batch`.* ON `batch`.`batchid` = `notification`.`id`', [], false)
 4 SYSTEMPATH\Model.php(286): CodeIgniter\Database\BaseBuilder->get()
 5 SYSTEMPATH\BaseModel.php(676): CodeIgniter\Model->doFindAll(0, 0)
 6 APPPATH\Controllers\NotificationMaster.php(67): CodeIgniter\BaseModel->findAll()
 7 SYSTEMPATH\CodeIgniter.php(933): App\Controllers\NotificationMaster->list()
 8 SYSTEMPATH\CodeIgniter.php(509): CodeIgniter\CodeIgniter->runController(Object(App\Controllers\NotificationMaster))
 9 SYSTEMPATH\CodeIgniter.php(355): CodeIgniter\CodeIgniter->handleRequest(null, Object(Config\Cache), false)
10 SYSTEMPATH\Boot.php(325): CodeIgniter\CodeIgniter->run()
11 SYSTEMPATH\Boot.php(67): CodeIgniter\Boot::runCodeIgniter(Object(CodeIgniter\CodeIgniter))
12 FCPATH\index.php(56): CodeIgniter\Boot::bootWeb(Object(Config\Paths))
CRITICAL - 2025-03-24 08:50:31 --> [Caused by] mysqli_sql_exception: You have an error in your SQL syntax; check the manual that corresponds to your MariaDB server version for the right syntax to use near '* ON `batch`.`batchid` = `notification`.`id`' at line 3
in SYSTEMPATH\Database\MySQLi\Connection.php on line 312.
 1 SYSTEMPATH\Database\MySQLi\Connection.php(312): mysqli->query('SELECT `notification`.*
FROM `notification`
JOIN `batch`.* ON `batch`.`batchid` = `notification`.`id`', 0)
 2 SYSTEMPATH\Database\BaseConnection.php(734): CodeIgniter\Database\MySQLi\Connection->execute('SELECT `notification`.*
FROM `notification`
JOIN `batch`.* ON `batch`.`batchid` = `notification`.`id`')
 3 SYSTEMPATH\Database\BaseConnection.php(648): CodeIgniter\Database\BaseConnection->simpleQuery('SELECT `notification`.*
FROM `notification`
JOIN `batch`.* ON `batch`.`batchid` = `notification`.`id`')
 4 SYSTEMPATH\Database\BaseBuilder.php(1644): CodeIgniter\Database\BaseConnection->query('SELECT `notification`.*
FROM `notification`
JOIN `batch`.* ON `batch`.`batchid` = `notification`.`id`', [], false)
 5 SYSTEMPATH\Model.php(286): CodeIgniter\Database\BaseBuilder->get()
 6 SYSTEMPATH\BaseModel.php(676): CodeIgniter\Model->doFindAll(0, 0)
 7 APPPATH\Controllers\NotificationMaster.php(67): CodeIgniter\BaseModel->findAll()
 8 SYSTEMPATH\CodeIgniter.php(933): App\Controllers\NotificationMaster->list()
 9 SYSTEMPATH\CodeIgniter.php(509): CodeIgniter\CodeIgniter->runController(Object(App\Controllers\NotificationMaster))
10 SYSTEMPATH\CodeIgniter.php(355): CodeIgniter\CodeIgniter->handleRequest(null, Object(Config\Cache), false)
11 SYSTEMPATH\Boot.php(325): CodeIgniter\CodeIgniter->run()
12 SYSTEMPATH\Boot.php(67): CodeIgniter\Boot::runCodeIgniter(Object(CodeIgniter\CodeIgniter))
13 FCPATH\index.php(56): CodeIgniter\Boot::bootWeb(Object(Config\Paths))
ERROR - 2025-03-24 08:51:19 --> mysqli_sql_exception: You have an error in your SQL syntax; check the manual that corresponds to your MariaDB server version for the right syntax to use near '* ON `batch`.`batchid` = `notification`.`id`' at line 3 in C:\xampp\htdocs\Wolfox\system\Database\MySQLi\Connection.php:312
Stack trace:
#0 C:\xampp\htdocs\Wolfox\system\Database\MySQLi\Connection.php(312): mysqli->query('SELECT `notific...', 0)
#1 C:\xampp\htdocs\Wolfox\system\Database\BaseConnection.php(734): CodeIgniter\Database\MySQLi\Connection->execute('SELECT `notific...')
#2 C:\xampp\htdocs\Wolfox\system\Database\BaseConnection.php(648): CodeIgniter\Database\BaseConnection->simpleQuery('SELECT `notific...')
#3 C:\xampp\htdocs\Wolfox\system\Database\BaseBuilder.php(1644): CodeIgniter\Database\BaseConnection->query('SELECT `notific...', Array, false)
#4 C:\xampp\htdocs\Wolfox\system\Model.php(213): CodeIgniter\Database\BaseBuilder->get()
#5 C:\xampp\htdocs\Wolfox\system\BaseModel.php(610): CodeIgniter\Model->doFind(false, NULL)
#6 C:\xampp\htdocs\Wolfox\app\Controllers\NotificationMaster.php(67): CodeIgniter\BaseModel->find()
#7 C:\xampp\htdocs\Wolfox\system\CodeIgniter.php(933): App\Controllers\NotificationMaster->list()
#8 C:\xampp\htdocs\Wolfox\system\CodeIgniter.php(509): CodeIgniter\CodeIgniter->runController(Object(App\Controllers\NotificationMaster))
#9 C:\xampp\htdocs\Wolfox\system\CodeIgniter.php(355): CodeIgniter\CodeIgniter->handleRequest(NULL, Object(Config\Cache), false)
#10 C:\xampp\htdocs\Wolfox\system\Boot.php(325): CodeIgniter\CodeIgniter->run()
#11 C:\xampp\htdocs\Wolfox\system\Boot.php(67): CodeIgniter\Boot::runCodeIgniter(Object(CodeIgniter\CodeIgniter))
#12 C:\xampp\htdocs\Wolfox\index.php(56): CodeIgniter\Boot::bootWeb(Object(Config\Paths))
#13 {main}
CRITICAL - 2025-03-24 08:51:19 --> CodeIgniter\Database\Exceptions\DatabaseException: You have an error in your SQL syntax; check the manual that corresponds to your MariaDB server version for the right syntax to use near '* ON `batch`.`batchid` = `notification`.`id`' at line 3
[Method: GET, Route: Admin/Notification/list]
in SYSTEMPATH\Database\BaseConnection.php on line 688.
 1 SYSTEMPATH\Database\BaseBuilder.php(1644): CodeIgniter\Database\BaseConnection->query('SELECT `notification`.*
FROM `notification`
JOIN `batch`.* ON `batch`.`batchid` = `notification`.`id`', [], false)
 2 SYSTEMPATH\Model.php(213): CodeIgniter\Database\BaseBuilder->get()
 3 SYSTEMPATH\BaseModel.php(610): CodeIgniter\Model->doFind(false, null)
 4 APPPATH\Controllers\NotificationMaster.php(67): CodeIgniter\BaseModel->find()
 5 SYSTEMPATH\CodeIgniter.php(933): App\Controllers\NotificationMaster->list()
 6 SYSTEMPATH\CodeIgniter.php(509): CodeIgniter\CodeIgniter->runController(Object(App\Controllers\NotificationMaster))
 7 SYSTEMPATH\CodeIgniter.php(355): CodeIgniter\CodeIgniter->handleRequest(null, Object(Config\Cache), false)
 8 SYSTEMPATH\Boot.php(325): CodeIgniter\CodeIgniter->run()
 9 SYSTEMPATH\Boot.php(67): CodeIgniter\Boot::runCodeIgniter(Object(CodeIgniter\CodeIgniter))
10 FCPATH\index.php(56): CodeIgniter\Boot::bootWeb(Object(Config\Paths))
CRITICAL - 2025-03-24 08:51:19 --> [Caused by] CodeIgniter\Database\Exceptions\DatabaseException: You have an error in your SQL syntax; check the manual that corresponds to your MariaDB server version for the right syntax to use near '* ON `batch`.`batchid` = `notification`.`id`' at line 3
in SYSTEMPATH\Database\MySQLi\Connection.php on line 317.
 1 SYSTEMPATH\Database\BaseConnection.php(734): CodeIgniter\Database\MySQLi\Connection->execute('SELECT `notification`.*
FROM `notification`
JOIN `batch`.* ON `batch`.`batchid` = `notification`.`id`')
 2 SYSTEMPATH\Database\BaseConnection.php(648): CodeIgniter\Database\BaseConnection->simpleQuery('SELECT `notification`.*
FROM `notification`
JOIN `batch`.* ON `batch`.`batchid` = `notification`.`id`')
 3 SYSTEMPATH\Database\BaseBuilder.php(1644): CodeIgniter\Database\BaseConnection->query('SELECT `notification`.*
FROM `notification`
JOIN `batch`.* ON `batch`.`batchid` = `notification`.`id`', [], false)
 4 SYSTEMPATH\Model.php(213): CodeIgniter\Database\BaseBuilder->get()
 5 SYSTEMPATH\BaseModel.php(610): CodeIgniter\Model->doFind(false, null)
 6 APPPATH\Controllers\NotificationMaster.php(67): CodeIgniter\BaseModel->find()
 7 SYSTEMPATH\CodeIgniter.php(933): App\Controllers\NotificationMaster->list()
 8 SYSTEMPATH\CodeIgniter.php(509): CodeIgniter\CodeIgniter->runController(Object(App\Controllers\NotificationMaster))
 9 SYSTEMPATH\CodeIgniter.php(355): CodeIgniter\CodeIgniter->handleRequest(null, Object(Config\Cache), false)
10 SYSTEMPATH\Boot.php(325): CodeIgniter\CodeIgniter->run()
11 SYSTEMPATH\Boot.php(67): CodeIgniter\Boot::runCodeIgniter(Object(CodeIgniter\CodeIgniter))
12 FCPATH\index.php(56): CodeIgniter\Boot::bootWeb(Object(Config\Paths))
CRITICAL - 2025-03-24 08:51:19 --> [Caused by] mysqli_sql_exception: You have an error in your SQL syntax; check the manual that corresponds to your MariaDB server version for the right syntax to use near '* ON `batch`.`batchid` = `notification`.`id`' at line 3
in SYSTEMPATH\Database\MySQLi\Connection.php on line 312.
 1 SYSTEMPATH\Database\MySQLi\Connection.php(312): mysqli->query('SELECT `notification`.*
FROM `notification`
JOIN `batch`.* ON `batch`.`batchid` = `notification`.`id`', 0)
 2 SYSTEMPATH\Database\BaseConnection.php(734): CodeIgniter\Database\MySQLi\Connection->execute('SELECT `notification`.*
FROM `notification`
JOIN `batch`.* ON `batch`.`batchid` = `notification`.`id`')
 3 SYSTEMPATH\Database\BaseConnection.php(648): CodeIgniter\Database\BaseConnection->simpleQuery('SELECT `notification`.*
FROM `notification`
JOIN `batch`.* ON `batch`.`batchid` = `notification`.`id`')
 4 SYSTEMPATH\Database\BaseBuilder.php(1644): CodeIgniter\Database\BaseConnection->query('SELECT `notification`.*
FROM `notification`
JOIN `batch`.* ON `batch`.`batchid` = `notification`.`id`', [], false)
 5 SYSTEMPATH\Model.php(213): CodeIgniter\Database\BaseBuilder->get()
 6 SYSTEMPATH\BaseModel.php(610): CodeIgniter\Model->doFind(false, null)
 7 APPPATH\Controllers\NotificationMaster.php(67): CodeIgniter\BaseModel->find()
 8 SYSTEMPATH\CodeIgniter.php(933): App\Controllers\NotificationMaster->list()
 9 SYSTEMPATH\CodeIgniter.php(509): CodeIgniter\CodeIgniter->runController(Object(App\Controllers\NotificationMaster))
10 SYSTEMPATH\CodeIgniter.php(355): CodeIgniter\CodeIgniter->handleRequest(null, Object(Config\Cache), false)
11 SYSTEMPATH\Boot.php(325): CodeIgniter\CodeIgniter->run()
12 SYSTEMPATH\Boot.php(67): CodeIgniter\Boot::runCodeIgniter(Object(CodeIgniter\CodeIgniter))
13 FCPATH\index.php(56): CodeIgniter\Boot::bootWeb(Object(Config\Paths))
ERROR - 2025-03-24 08:51:37 --> mysqli_sql_exception: You have an error in your SQL syntax; check the manual that corresponds to your MariaDB server version for the right syntax to use near '* ON `batch`.`batchid` = `notification`.`id`' at line 3 in C:\xampp\htdocs\Wolfox\system\Database\MySQLi\Connection.php:312
Stack trace:
#0 C:\xampp\htdocs\Wolfox\system\Database\MySQLi\Connection.php(312): mysqli->query('SELECT `notific...', 0)
#1 C:\xampp\htdocs\Wolfox\system\Database\BaseConnection.php(734): CodeIgniter\Database\MySQLi\Connection->execute('SELECT `notific...')
#2 C:\xampp\htdocs\Wolfox\system\Database\BaseConnection.php(648): CodeIgniter\Database\BaseConnection->simpleQuery('SELECT `notific...')
#3 C:\xampp\htdocs\Wolfox\system\Database\BaseBuilder.php(1644): CodeIgniter\Database\BaseConnection->query('SELECT `notific...', Array, false)
#4 C:\xampp\htdocs\Wolfox\system\Model.php(213): CodeIgniter\Database\BaseBuilder->get()
#5 C:\xampp\htdocs\Wolfox\system\BaseModel.php(610): CodeIgniter\Model->doFind(false, NULL)
#6 C:\xampp\htdocs\Wolfox\app\Controllers\NotificationMaster.php(67): CodeIgniter\BaseModel->find()
#7 C:\xampp\htdocs\Wolfox\system\CodeIgniter.php(933): App\Controllers\NotificationMaster->list()
#8 C:\xampp\htdocs\Wolfox\system\CodeIgniter.php(509): CodeIgniter\CodeIgniter->runController(Object(App\Controllers\NotificationMaster))
#9 C:\xampp\htdocs\Wolfox\system\CodeIgniter.php(355): CodeIgniter\CodeIgniter->handleRequest(NULL, Object(Config\Cache), false)
#10 C:\xampp\htdocs\Wolfox\system\Boot.php(325): CodeIgniter\CodeIgniter->run()
#11 C:\xampp\htdocs\Wolfox\system\Boot.php(67): CodeIgniter\Boot::runCodeIgniter(Object(CodeIgniter\CodeIgniter))
#12 C:\xampp\htdocs\Wolfox\index.php(56): CodeIgniter\Boot::bootWeb(Object(Config\Paths))
#13 {main}
CRITICAL - 2025-03-24 08:51:37 --> CodeIgniter\Database\Exceptions\DatabaseException: You have an error in your SQL syntax; check the manual that corresponds to your MariaDB server version for the right syntax to use near '* ON `batch`.`batchid` = `notification`.`id`' at line 3
[Method: GET, Route: Admin/Notification/list]
in SYSTEMPATH\Database\BaseConnection.php on line 688.
 1 SYSTEMPATH\Database\BaseBuilder.php(1644): CodeIgniter\Database\BaseConnection->query('SELECT `notification`.*
FROM `notification`
JOIN `batch`.* ON `batch`.`batchid` = `notification`.`id`', [], false)
 2 SYSTEMPATH\Model.php(213): CodeIgniter\Database\BaseBuilder->get()
 3 SYSTEMPATH\BaseModel.php(610): CodeIgniter\Model->doFind(false, null)
 4 APPPATH\Controllers\NotificationMaster.php(67): CodeIgniter\BaseModel->find()
 5 SYSTEMPATH\CodeIgniter.php(933): App\Controllers\NotificationMaster->list()
 6 SYSTEMPATH\CodeIgniter.php(509): CodeIgniter\CodeIgniter->runController(Object(App\Controllers\NotificationMaster))
 7 SYSTEMPATH\CodeIgniter.php(355): CodeIgniter\CodeIgniter->handleRequest(null, Object(Config\Cache), false)
 8 SYSTEMPATH\Boot.php(325): CodeIgniter\CodeIgniter->run()
 9 SYSTEMPATH\Boot.php(67): CodeIgniter\Boot::runCodeIgniter(Object(CodeIgniter\CodeIgniter))
10 FCPATH\index.php(56): CodeIgniter\Boot::bootWeb(Object(Config\Paths))
CRITICAL - 2025-03-24 08:51:37 --> [Caused by] CodeIgniter\Database\Exceptions\DatabaseException: You have an error in your SQL syntax; check the manual that corresponds to your MariaDB server version for the right syntax to use near '* ON `batch`.`batchid` = `notification`.`id`' at line 3
in SYSTEMPATH\Database\MySQLi\Connection.php on line 317.
 1 SYSTEMPATH\Database\BaseConnection.php(734): CodeIgniter\Database\MySQLi\Connection->execute('SELECT `notification`.*
FROM `notification`
JOIN `batch`.* ON `batch`.`batchid` = `notification`.`id`')
 2 SYSTEMPATH\Database\BaseConnection.php(648): CodeIgniter\Database\BaseConnection->simpleQuery('SELECT `notification`.*
FROM `notification`
JOIN `batch`.* ON `batch`.`batchid` = `notification`.`id`')
 3 SYSTEMPATH\Database\BaseBuilder.php(1644): CodeIgniter\Database\BaseConnection->query('SELECT `notification`.*
FROM `notification`
JOIN `batch`.* ON `batch`.`batchid` = `notification`.`id`', [], false)
 4 SYSTEMPATH\Model.php(213): CodeIgniter\Database\BaseBuilder->get()
 5 SYSTEMPATH\BaseModel.php(610): CodeIgniter\Model->doFind(false, null)
 6 APPPATH\Controllers\NotificationMaster.php(67): CodeIgniter\BaseModel->find()
 7 SYSTEMPATH\CodeIgniter.php(933): App\Controllers\NotificationMaster->list()
 8 SYSTEMPATH\CodeIgniter.php(509): CodeIgniter\CodeIgniter->runController(Object(App\Controllers\NotificationMaster))
 9 SYSTEMPATH\CodeIgniter.php(355): CodeIgniter\CodeIgniter->handleRequest(null, Object(Config\Cache), false)
10 SYSTEMPATH\Boot.php(325): CodeIgniter\CodeIgniter->run()
11 SYSTEMPATH\Boot.php(67): CodeIgniter\Boot::runCodeIgniter(Object(CodeIgniter\CodeIgniter))
12 FCPATH\index.php(56): CodeIgniter\Boot::bootWeb(Object(Config\Paths))
CRITICAL - 2025-03-24 08:51:37 --> [Caused by] mysqli_sql_exception: You have an error in your SQL syntax; check the manual that corresponds to your MariaDB server version for the right syntax to use near '* ON `batch`.`batchid` = `notification`.`id`' at line 3
in SYSTEMPATH\Database\MySQLi\Connection.php on line 312.
 1 SYSTEMPATH\Database\MySQLi\Connection.php(312): mysqli->query('SELECT `notification`.*
FROM `notification`
JOIN `batch`.* ON `batch`.`batchid` = `notification`.`id`', 0)
 2 SYSTEMPATH\Database\BaseConnection.php(734): CodeIgniter\Database\MySQLi\Connection->execute('SELECT `notification`.*
FROM `notification`
JOIN `batch`.* ON `batch`.`batchid` = `notification`.`id`')
 3 SYSTEMPATH\Database\BaseConnection.php(648): CodeIgniter\Database\BaseConnection->simpleQuery('SELECT `notification`.*
FROM `notification`
JOIN `batch`.* ON `batch`.`batchid` = `notification`.`id`')
 4 SYSTEMPATH\Database\BaseBuilder.php(1644): CodeIgniter\Database\BaseConnection->query('SELECT `notification`.*
FROM `notification`
JOIN `batch`.* ON `batch`.`batchid` = `notification`.`id`', [], false)
 5 SYSTEMPATH\Model.php(213): CodeIgniter\Database\BaseBuilder->get()
 6 SYSTEMPATH\BaseModel.php(610): CodeIgniter\Model->doFind(false, null)
 7 APPPATH\Controllers\NotificationMaster.php(67): CodeIgniter\BaseModel->find()
 8 SYSTEMPATH\CodeIgniter.php(933): App\Controllers\NotificationMaster->list()
 9 SYSTEMPATH\CodeIgniter.php(509): CodeIgniter\CodeIgniter->runController(Object(App\Controllers\NotificationMaster))
10 SYSTEMPATH\CodeIgniter.php(355): CodeIgniter\CodeIgniter->handleRequest(null, Object(Config\Cache), false)
11 SYSTEMPATH\Boot.php(325): CodeIgniter\CodeIgniter->run()
12 SYSTEMPATH\Boot.php(67): CodeIgniter\Boot::runCodeIgniter(Object(CodeIgniter\CodeIgniter))
13 FCPATH\index.php(56): CodeIgniter\Boot::bootWeb(Object(Config\Paths))
INFO - 2025-03-24 08:54:58 --> Session: Class initialized using 'CodeIgniter\Session\Handlers\FileHandler' driver.
CRITICAL - 2025-03-24 08:54:58 --> ErrorException: Undefined variable $notitfications
[Method: GET, Route: Admin/Notification/list]
in APPPATH\Views\Admin\Notification\list.php on line 33.
 1 APPPATH\Views\Admin\Notification\list.php(33): CodeIgniter\Debug\Exceptions->errorHandler(2, 'Undefined variable $notitfications', 'C:\\xampp\\htdocs\\Wolfox\\app\\Views\\Admin\\Notification\\list.php', 33)
 2 SYSTEMPATH\View\View.php(234): include('C:\\xampp\\htdocs\\Wolfox\\app\\Views\\Admin\\Notification\\list.php')
 3 SYSTEMPATH\View\View.php(237): CodeIgniter\View\View->CodeIgniter\View\{closure}()
 4 SYSTEMPATH\Common.php(1171): CodeIgniter\View\View->render('/Admin/Notification/list', [], true)
 5 APPPATH\Controllers\NotificationMaster.php(70): view('/Admin/Notification/list', [...])
 6 SYSTEMPATH\CodeIgniter.php(933): App\Controllers\NotificationMaster->list()
 7 SYSTEMPATH\CodeIgniter.php(509): CodeIgniter\CodeIgniter->runController(Object(App\Controllers\NotificationMaster))
 8 SYSTEMPATH\CodeIgniter.php(355): CodeIgniter\CodeIgniter->handleRequest(null, Object(Config\Cache), false)
 9 SYSTEMPATH\Boot.php(325): CodeIgniter\CodeIgniter->run()
10 SYSTEMPATH\Boot.php(67): CodeIgniter\Boot::runCodeIgniter(Object(CodeIgniter\CodeIgniter))
11 FCPATH\index.php(56): CodeIgniter\Boot::bootWeb(Object(Config\Paths))
INFO - 2025-03-24 08:56:02 --> Session: Class initialized using 'CodeIgniter\Session\Handlers\FileHandler' driver.
CRITICAL - 2025-03-24 08:56:02 --> ErrorException: Undefined variable $notitfications
[Method: GET, Route: Admin/Notification/list]
in APPPATH\Views\Admin\Notification\list.php on line 33.
 1 APPPATH\Views\Admin\Notification\list.php(33): CodeIgniter\Debug\Exceptions->errorHandler(2, 'Undefined variable $notitfications', 'C:\\xampp\\htdocs\\Wolfox\\app\\Views\\Admin\\Notification\\list.php', 33)
 2 SYSTEMPATH\View\View.php(234): include('C:\\xampp\\htdocs\\Wolfox\\app\\Views\\Admin\\Notification\\list.php')
 3 SYSTEMPATH\View\View.php(237): CodeIgniter\View\View->CodeIgniter\View\{closure}()
 4 SYSTEMPATH\Common.php(1171): CodeIgniter\View\View->render('/Admin/Notification/list', [], true)
 5 APPPATH\Controllers\NotificationMaster.php(71): view('/Admin/Notification/list', [...])
 6 SYSTEMPATH\CodeIgniter.php(933): App\Controllers\NotificationMaster->list()
 7 SYSTEMPATH\CodeIgniter.php(509): CodeIgniter\CodeIgniter->runController(Object(App\Controllers\NotificationMaster))
 8 SYSTEMPATH\CodeIgniter.php(355): CodeIgniter\CodeIgniter->handleRequest(null, Object(Config\Cache), false)
 9 SYSTEMPATH\Boot.php(325): CodeIgniter\CodeIgniter->run()
10 SYSTEMPATH\Boot.php(67): CodeIgniter\Boot::runCodeIgniter(Object(CodeIgniter\CodeIgniter))
11 FCPATH\index.php(56): CodeIgniter\Boot::bootWeb(Object(Config\Paths))
INFO - 2025-03-24 08:56:21 --> Session: Class initialized using 'CodeIgniter\Session\Handlers\FileHandler' driver.
CRITICAL - 2025-03-24 08:56:21 --> ErrorException: Undefined array key "batch"
[Method: GET, Route: Admin/Notification/list]
in APPPATH\Views\Admin\Notification\list.php on line 46.
 1 APPPATH\Views\Admin\Notification\list.php(46): CodeIgniter\Debug\Exceptions->errorHandler(2, 'Undefined array key "batch"', 'C:\\xampp\\htdocs\\Wolfox\\app\\Views\\Admin\\Notification\\list.php', 46)
 2 SYSTEMPATH\View\View.php(234): include('C:\\xampp\\htdocs\\Wolfox\\app\\Views\\Admin\\Notification\\list.php')
 3 SYSTEMPATH\View\View.php(237): CodeIgniter\View\View->CodeIgniter\View\{closure}()
 4 SYSTEMPATH\Common.php(1171): CodeIgniter\View\View->render('/Admin/Notification/list', [], true)
 5 APPPATH\Controllers\NotificationMaster.php(71): view('/Admin/Notification/list', [...])
 6 SYSTEMPATH\CodeIgniter.php(933): App\Controllers\NotificationMaster->list()
 7 SYSTEMPATH\CodeIgniter.php(509): CodeIgniter\CodeIgniter->runController(Object(App\Controllers\NotificationMaster))
 8 SYSTEMPATH\CodeIgniter.php(355): CodeIgniter\CodeIgniter->handleRequest(null, Object(Config\Cache), false)
 9 SYSTEMPATH\Boot.php(325): CodeIgniter\CodeIgniter->run()
10 SYSTEMPATH\Boot.php(67): CodeIgniter\Boot::runCodeIgniter(Object(CodeIgniter\CodeIgniter))
11 FCPATH\index.php(56): CodeIgniter\Boot::bootWeb(Object(Config\Paths))
INFO - 2025-03-24 08:56:35 --> Session: Class initialized using 'CodeIgniter\Session\Handlers\FileHandler' driver.
INFO - 2025-03-24 08:57:26 --> Session: Class initialized using 'CodeIgniter\Session\Handlers\FileHandler' driver.
INFO - 2025-03-24 08:57:26 --> Session: Class initialized using 'CodeIgniter\Session\Handlers\FileHandler' driver.
INFO - 2025-03-24 09:00:04 --> Session: Class initialized using 'CodeIgniter\Session\Handlers\FileHandler' driver.
INFO - 2025-03-24 09:00:29 --> Session: Class initialized using 'CodeIgniter\Session\Handlers\FileHandler' driver.
INFO - 2025-03-24 09:03:12 --> Session: Class initialized using 'CodeIgniter\Session\Handlers\FileHandler' driver.
INFO - 2025-03-24 09:03:16 --> Session: Class initialized using 'CodeIgniter\Session\Handlers\FileHandler' driver.
INFO - 2025-03-24 09:03:37 --> Session: Class initialized using 'CodeIgniter\Session\Handlers\FileHandler' driver.
INFO - 2025-03-24 09:04:59 --> Session: Class initialized using 'CodeIgniter\Session\Handlers\FileHandler' driver.
INFO - 2025-03-24 09:05:10 --> Session: Class initialized using 'CodeIgniter\Session\Handlers\FileHandler' driver.
INFO - 2025-03-24 09:06:20 --> Session: Class initialized using 'CodeIgniter\Session\Handlers\FileHandler' driver.
INFO - 2025-03-24 09:11:12 --> Session: Class initialized using 'CodeIgniter\Session\Handlers\FileHandler' driver.
INFO - 2025-03-24 09:12:04 --> Session: Class initialized using 'CodeIgniter\Session\Handlers\FileHandler' driver.
INFO - 2025-03-24 09:12:37 --> Session: Class initialized using 'CodeIgniter\Session\Handlers\FileHandler' driver.
INFO - 2025-03-24 09:17:12 --> Session: Class initialized using 'CodeIgniter\Session\Handlers\FileHandler' driver.
INFO - 2025-03-24 09:17:18 --> Session: Class initialized using 'CodeIgniter\Session\Handlers\FileHandler' driver.
INFO - 2025-03-24 09:18:29 --> Session: Class initialized using 'CodeIgniter\Session\Handlers\FileHandler' driver.
INFO - 2025-03-24 09:19:05 --> Session: Class initialized using 'CodeIgniter\Session\Handlers\FileHandler' driver.
INFO - 2025-03-24 09:35:55 --> Session: Class initialized using 'CodeIgniter\Session\Handlers\FileHandler' driver.
INFO - 2025-03-24 09:36:06 --> Session: Class initialized using 'CodeIgniter\Session\Handlers\FileHandler' driver.
INFO - 2025-03-24 09:36:07 --> Session: Class initialized using 'CodeIgniter\Session\Handlers\FileHandler' driver.
INFO - 2025-03-24 09:38:20 --> Session: Class initialized using 'CodeIgniter\Session\Handlers\FileHandler' driver.
INFO - 2025-03-24 09:38:36 --> Session: Class initialized using 'CodeIgniter\Session\Handlers\FileHandler' driver.
INFO - 2025-03-24 09:38:47 --> Session: Class initialized using 'CodeIgniter\Session\Handlers\FileHandler' driver.
INFO - 2025-03-24 09:38:58 --> Session: Class initialized using 'CodeIgniter\Session\Handlers\FileHandler' driver.
INFO - 2025-03-24 09:41:46 --> Session: Class initialized using 'CodeIgniter\Session\Handlers\FileHandler' driver.
INFO - 2025-03-24 09:41:47 --> Session: Class initialized using 'CodeIgniter\Session\Handlers\FileHandler' driver.
INFO - 2025-03-24 09:42:09 --> Session: Class initialized using 'CodeIgniter\Session\Handlers\FileHandler' driver.
INFO - 2025-03-24 09:42:21 --> Session: Class initialized using 'CodeIgniter\Session\Handlers\FileHandler' driver.
INFO - 2025-03-24 09:42:50 --> Session: Class initialized using 'CodeIgniter\Session\Handlers\FileHandler' driver.
INFO - 2025-03-24 09:42:50 --> Session: Class initialized using 'CodeIgniter\Session\Handlers\FileHandler' driver.
INFO - 2025-03-24 09:42:56 --> Session: Class initialized using 'CodeIgniter\Session\Handlers\FileHandler' driver.
INFO - 2025-03-24 09:43:01 --> Session: Class initialized using 'CodeIgniter\Session\Handlers\FileHandler' driver.
INFO - 2025-03-24 09:43:01 --> Session: Class initialized using 'CodeIgniter\Session\Handlers\FileHandler' driver.
INFO - 2025-03-24 09:43:08 --> Session: Class initialized using 'CodeIgniter\Session\Handlers\FileHandler' driver.
INFO - 2025-03-24 09:43:16 --> Session: Class initialized using 'CodeIgniter\Session\Handlers\FileHandler' driver.
INFO - 2025-03-24 09:43:16 --> Session: Class initialized using 'CodeIgniter\Session\Handlers\FileHandler' driver.
INFO - 2025-03-24 09:43:20 --> Session: Class initialized using 'CodeIgniter\Session\Handlers\FileHandler' driver.
WARNING - 2025-03-24 09:43:20 --> [DEPRECATED] strtotime(): Passing null to parameter #1 ($datetime) of type string is deprecated in APPPATH\Views\Admin\Batch\list.php on line 60.
 1 APPPATH\Views\Admin\Batch\list.php(60): strtotime(null)
 2 SYSTEMPATH\View\View.php(234): include('C:\\xampp\\htdocs\\Wolfox\\app\\Views\\Admin\\Batch\\list.php')
 3 SYSTEMPATH\View\View.php(237): CodeIgniter\View\View->CodeIgniter\View\{closure}()
 4 SYSTEMPATH\Common.php(1171): CodeIgniter\View\View->render('/Admin/Batch/list', [], true)
 5 APPPATH\Controllers\BatchMaster.php(90): view('/Admin/Batch/list', [...])
 6 SYSTEMPATH\CodeIgniter.php(933): App\Controllers\BatchMaster->list()
 7 SYSTEMPATH\CodeIgniter.php(509): CodeIgniter\CodeIgniter->runController(Object(App\Controllers\BatchMaster))
 8 SYSTEMPATH\CodeIgniter.php(355): CodeIgniter\CodeIgniter->handleRequest(null, Object(Config\Cache), false)
 9 SYSTEMPATH\Boot.php(325): CodeIgniter\CodeIgniter->run()
10 SYSTEMPATH\Boot.php(67): CodeIgniter\Boot::runCodeIgniter(Object(CodeIgniter\CodeIgniter))
11 FCPATH\index.php(56): CodeIgniter\Boot::bootWeb(Object(Config\Paths))
WARNING - 2025-03-24 09:43:20 --> [DEPRECATED] strtotime(): Passing null to parameter #1 ($datetime) of type string is deprecated in APPPATH\Views\Admin\Batch\list.php on line 61.
 1 APPPATH\Views\Admin\Batch\list.php(61): strtotime(null)
 2 SYSTEMPATH\View\View.php(234): include('C:\\xampp\\htdocs\\Wolfox\\app\\Views\\Admin\\Batch\\list.php')
 3 SYSTEMPATH\View\View.php(237): CodeIgniter\View\View->CodeIgniter\View\{closure}()
 4 SYSTEMPATH\Common.php(1171): CodeIgniter\View\View->render('/Admin/Batch/list', [], true)
 5 APPPATH\Controllers\BatchMaster.php(90): view('/Admin/Batch/list', [...])
 6 SYSTEMPATH\CodeIgniter.php(933): App\Controllers\BatchMaster->list()
 7 SYSTEMPATH\CodeIgniter.php(509): CodeIgniter\CodeIgniter->runController(Object(App\Controllers\BatchMaster))
 8 SYSTEMPATH\CodeIgniter.php(355): CodeIgniter\CodeIgniter->handleRequest(null, Object(Config\Cache), false)
 9 SYSTEMPATH\Boot.php(325): CodeIgniter\CodeIgniter->run()
10 SYSTEMPATH\Boot.php(67): CodeIgniter\Boot::runCodeIgniter(Object(CodeIgniter\CodeIgniter))
11 FCPATH\index.php(56): CodeIgniter\Boot::bootWeb(Object(Config\Paths))
INFO - 2025-03-24 09:43:40 --> Session: Class initialized using 'CodeIgniter\Session\Handlers\FileHandler' driver.
INFO - 2025-03-24 09:44:59 --> Session: Class initialized using 'CodeIgniter\Session\Handlers\FileHandler' driver.
INFO - 2025-03-24 09:44:59 --> Session: Class initialized using 'CodeIgniter\Session\Handlers\FileHandler' driver.
WARNING - 2025-03-24 09:44:59 --> [DEPRECATED] strtotime(): Passing null to parameter #1 ($datetime) of type string is deprecated in APPPATH\Views\Admin\Batch\list.php on line 60.
 1 APPPATH\Views\Admin\Batch\list.php(60): strtotime(null)
 2 SYSTEMPATH\View\View.php(234): include('C:\\xampp\\htdocs\\Wolfox\\app\\Views\\Admin\\Batch\\list.php')
 3 SYSTEMPATH\View\View.php(237): CodeIgniter\View\View->CodeIgniter\View\{closure}()
 4 SYSTEMPATH\Common.php(1171): CodeIgniter\View\View->render('/Admin/Batch/list', [], true)
 5 APPPATH\Controllers\BatchMaster.php(90): view('/Admin/Batch/list', [...])
 6 SYSTEMPATH\CodeIgniter.php(933): App\Controllers\BatchMaster->list()
 7 SYSTEMPATH\CodeIgniter.php(509): CodeIgniter\CodeIgniter->runController(Object(App\Controllers\BatchMaster))
 8 SYSTEMPATH\CodeIgniter.php(355): CodeIgniter\CodeIgniter->handleRequest(null, Object(Config\Cache), false)
 9 SYSTEMPATH\Boot.php(325): CodeIgniter\CodeIgniter->run()
10 SYSTEMPATH\Boot.php(67): CodeIgniter\Boot::runCodeIgniter(Object(CodeIgniter\CodeIgniter))
11 FCPATH\index.php(56): CodeIgniter\Boot::bootWeb(Object(Config\Paths))
WARNING - 2025-03-24 09:44:59 --> [DEPRECATED] strtotime(): Passing null to parameter #1 ($datetime) of type string is deprecated in APPPATH\Views\Admin\Batch\list.php on line 61.
 1 APPPATH\Views\Admin\Batch\list.php(61): strtotime(null)
 2 SYSTEMPATH\View\View.php(234): include('C:\\xampp\\htdocs\\Wolfox\\app\\Views\\Admin\\Batch\\list.php')
 3 SYSTEMPATH\View\View.php(237): CodeIgniter\View\View->CodeIgniter\View\{closure}()
 4 SYSTEMPATH\Common.php(1171): CodeIgniter\View\View->render('/Admin/Batch/list', [], true)
 5 APPPATH\Controllers\BatchMaster.php(90): view('/Admin/Batch/list', [...])
 6 SYSTEMPATH\CodeIgniter.php(933): App\Controllers\BatchMaster->list()
 7 SYSTEMPATH\CodeIgniter.php(509): CodeIgniter\CodeIgniter->runController(Object(App\Controllers\BatchMaster))
 8 SYSTEMPATH\CodeIgniter.php(355): CodeIgniter\CodeIgniter->handleRequest(null, Object(Config\Cache), false)
 9 SYSTEMPATH\Boot.php(325): CodeIgniter\CodeIgniter->run()
10 SYSTEMPATH\Boot.php(67): CodeIgniter\Boot::runCodeIgniter(Object(CodeIgniter\CodeIgniter))
11 FCPATH\index.php(56): CodeIgniter\Boot::bootWeb(Object(Config\Paths))
INFO - 2025-03-24 09:45:10 --> Session: Class initialized using 'CodeIgniter\Session\Handlers\FileHandler' driver.
INFO - 2025-03-24 09:45:15 --> Session: Class initialized using 'CodeIgniter\Session\Handlers\FileHandler' driver.
INFO - 2025-03-24 09:45:29 --> Session: Class initialized using 'CodeIgniter\Session\Handlers\FileHandler' driver.
INFO - 2025-03-24 09:45:48 --> Session: Class initialized using 'CodeIgniter\Session\Handlers\FileHandler' driver.
INFO - 2025-03-24 09:45:48 --> Session: Class initialized using 'CodeIgniter\Session\Handlers\FileHandler' driver.
INFO - 2025-03-24 09:46:22 --> Session: Class initialized using 'CodeIgniter\Session\Handlers\FileHandler' driver.
INFO - 2025-03-24 09:46:25 --> Session: Class initialized using 'CodeIgniter\Session\Handlers\FileHandler' driver.
INFO - 2025-03-24 09:48:24 --> Session: Class initialized using 'CodeIgniter\Session\Handlers\FileHandler' driver.
INFO - 2025-03-24 09:48:34 --> Session: Class initialized using 'CodeIgniter\Session\Handlers\FileHandler' driver.
INFO - 2025-03-24 09:48:46 --> Session: Class initialized using 'CodeIgniter\Session\Handlers\FileHandler' driver.
INFO - 2025-03-24 09:48:46 --> Session: Class initialized using 'CodeIgniter\Session\Handlers\FileHandler' driver.
INFO - 2025-03-24 09:48:53 --> Session: Class initialized using 'CodeIgniter\Session\Handlers\FileHandler' driver.
INFO - 2025-03-24 09:48:57 --> Session: Class initialized using 'CodeIgniter\Session\Handlers\FileHandler' driver.
INFO - 2025-03-24 09:49:40 --> Session: Class initialized using 'CodeIgniter\Session\Handlers\FileHandler' driver.
INFO - 2025-03-24 09:49:47 --> Session: Class initialized using 'CodeIgniter\Session\Handlers\FileHandler' driver.
INFO - 2025-03-24 09:49:57 --> Session: Class initialized using 'CodeIgniter\Session\Handlers\FileHandler' driver.
INFO - 2025-03-24 09:50:46 --> Session: Class initialized using 'CodeIgniter\Session\Handlers\FileHandler' driver.
INFO - 2025-03-24 09:50:50 --> Session: Class initialized using 'CodeIgniter\Session\Handlers\FileHandler' driver.
INFO - 2025-03-24 09:51:23 --> Session: Class initialized using 'CodeIgniter\Session\Handlers\FileHandler' driver.
INFO - 2025-03-24 09:51:23 --> Session: Class initialized using 'CodeIgniter\Session\Handlers\FileHandler' driver.
WARNING - 2025-03-24 09:51:39 --> [DEPRECATED] strtolower(): Passing null to parameter #1 ($string) of type string is deprecated in APPPATH\Controllers\InquiryMaster.php on line 43.
 1 APPPATH\Controllers\InquiryMaster.php(43): strtolower(null)
 2 SYSTEMPATH\CodeIgniter.php(933): App\Controllers\InquiryMaster->save()
 3 SYSTEMPATH\CodeIgniter.php(509): CodeIgniter\CodeIgniter->runController(Object(App\Controllers\InquiryMaster))
 4 SYSTEMPATH\CodeIgniter.php(355): CodeIgniter\CodeIgniter->handleRequest(null, Object(Config\Cache), false)
 5 SYSTEMPATH\Boot.php(325): CodeIgniter\CodeIgniter->run()
 6 SYSTEMPATH\Boot.php(67): CodeIgniter\Boot::runCodeIgniter(Object(CodeIgniter\CodeIgniter))
 7 FCPATH\index.php(56): CodeIgniter\Boot::bootWeb(Object(Config\Paths))
WARNING - 2025-03-24 09:51:39 --> [DEPRECATED] strtolower(): Passing null to parameter #1 ($string) of type string is deprecated in APPPATH\Controllers\InquiryMaster.php on line 44.
 1 APPPATH\Controllers\InquiryMaster.php(44): strtolower(null)
 2 SYSTEMPATH\CodeIgniter.php(933): App\Controllers\InquiryMaster->save()
 3 SYSTEMPATH\CodeIgniter.php(509): CodeIgniter\CodeIgniter->runController(Object(App\Controllers\InquiryMaster))
 4 SYSTEMPATH\CodeIgniter.php(355): CodeIgniter\CodeIgniter->handleRequest(null, Object(Config\Cache), false)
 5 SYSTEMPATH\Boot.php(325): CodeIgniter\CodeIgniter->run()
 6 SYSTEMPATH\Boot.php(67): CodeIgniter\Boot::runCodeIgniter(Object(CodeIgniter\CodeIgniter))
 7 FCPATH\index.php(56): CodeIgniter\Boot::bootWeb(Object(Config\Paths))
WARNING - 2025-03-24 09:51:39 --> [DEPRECATED] strtolower(): Passing null to parameter #1 ($string) of type string is deprecated in APPPATH\Controllers\InquiryMaster.php on line 45.
 1 APPPATH\Controllers\InquiryMaster.php(45): strtolower(null)
 2 SYSTEMPATH\CodeIgniter.php(933): App\Controllers\InquiryMaster->save()
 3 SYSTEMPATH\CodeIgniter.php(509): CodeIgniter\CodeIgniter->runController(Object(App\Controllers\InquiryMaster))
 4 SYSTEMPATH\CodeIgniter.php(355): CodeIgniter\CodeIgniter->handleRequest(null, Object(Config\Cache), false)
 5 SYSTEMPATH\Boot.php(325): CodeIgniter\CodeIgniter->run()
 6 SYSTEMPATH\Boot.php(67): CodeIgniter\Boot::runCodeIgniter(Object(CodeIgniter\CodeIgniter))
 7 FCPATH\index.php(56): CodeIgniter\Boot::bootWeb(Object(Config\Paths))
WARNING - 2025-03-24 09:51:39 --> [DEPRECATED] substr(): Passing null to parameter #1 ($string) of type string is deprecated in APPPATH\Controllers\InquiryMaster.php on line 52.
 1 APPPATH\Controllers\InquiryMaster.php(52): substr(null, -4)
 2 SYSTEMPATH\CodeIgniter.php(933): App\Controllers\InquiryMaster->save()
 3 SYSTEMPATH\CodeIgniter.php(509): CodeIgniter\CodeIgniter->runController(Object(App\Controllers\InquiryMaster))
 4 SYSTEMPATH\CodeIgniter.php(355): CodeIgniter\CodeIgniter->handleRequest(null, Object(Config\Cache), false)
 5 SYSTEMPATH\Boot.php(325): CodeIgniter\CodeIgniter->run()
 6 SYSTEMPATH\Boot.php(67): CodeIgniter\Boot::runCodeIgniter(Object(CodeIgniter\CodeIgniter))
 7 FCPATH\index.php(56): CodeIgniter\Boot::bootWeb(Object(Config\Paths))
INFO - 2025-03-24 09:51:39 --> Session: Class initialized using 'CodeIgniter\Session\Handlers\FileHandler' driver.
INFO - 2025-03-24 09:51:39 --> Session: Class initialized using 'CodeIgniter\Session\Handlers\FileHandler' driver.
WARNING - 2025-03-24 09:51:46 --> [DEPRECATED] strtolower(): Passing null to parameter #1 ($string) of type string is deprecated in APPPATH\Controllers\InquiryMaster.php on line 43.
 1 APPPATH\Controllers\InquiryMaster.php(43): strtolower(null)
 2 SYSTEMPATH\CodeIgniter.php(933): App\Controllers\InquiryMaster->save()
 3 SYSTEMPATH\CodeIgniter.php(509): CodeIgniter\CodeIgniter->runController(Object(App\Controllers\InquiryMaster))
 4 SYSTEMPATH\CodeIgniter.php(355): CodeIgniter\CodeIgniter->handleRequest(null, Object(Config\Cache), false)
 5 SYSTEMPATH\Boot.php(325): CodeIgniter\CodeIgniter->run()
 6 SYSTEMPATH\Boot.php(67): CodeIgniter\Boot::runCodeIgniter(Object(CodeIgniter\CodeIgniter))
 7 FCPATH\index.php(56): CodeIgniter\Boot::bootWeb(Object(Config\Paths))
WARNING - 2025-03-24 09:51:46 --> [DEPRECATED] strtolower(): Passing null to parameter #1 ($string) of type string is deprecated in APPPATH\Controllers\InquiryMaster.php on line 44.
 1 APPPATH\Controllers\InquiryMaster.php(44): strtolower(null)
 2 SYSTEMPATH\CodeIgniter.php(933): App\Controllers\InquiryMaster->save()
 3 SYSTEMPATH\CodeIgniter.php(509): CodeIgniter\CodeIgniter->runController(Object(App\Controllers\InquiryMaster))
 4 SYSTEMPATH\CodeIgniter.php(355): CodeIgniter\CodeIgniter->handleRequest(null, Object(Config\Cache), false)
 5 SYSTEMPATH\Boot.php(325): CodeIgniter\CodeIgniter->run()
 6 SYSTEMPATH\Boot.php(67): CodeIgniter\Boot::runCodeIgniter(Object(CodeIgniter\CodeIgniter))
 7 FCPATH\index.php(56): CodeIgniter\Boot::bootWeb(Object(Config\Paths))
WARNING - 2025-03-24 09:51:46 --> [DEPRECATED] strtolower(): Passing null to parameter #1 ($string) of type string is deprecated in APPPATH\Controllers\InquiryMaster.php on line 45.
 1 APPPATH\Controllers\InquiryMaster.php(45): strtolower(null)
 2 SYSTEMPATH\CodeIgniter.php(933): App\Controllers\InquiryMaster->save()
 3 SYSTEMPATH\CodeIgniter.php(509): CodeIgniter\CodeIgniter->runController(Object(App\Controllers\InquiryMaster))
 4 SYSTEMPATH\CodeIgniter.php(355): CodeIgniter\CodeIgniter->handleRequest(null, Object(Config\Cache), false)
 5 SYSTEMPATH\Boot.php(325): CodeIgniter\CodeIgniter->run()
 6 SYSTEMPATH\Boot.php(67): CodeIgniter\Boot::runCodeIgniter(Object(CodeIgniter\CodeIgniter))
 7 FCPATH\index.php(56): CodeIgniter\Boot::bootWeb(Object(Config\Paths))
WARNING - 2025-03-24 09:51:46 --> [DEPRECATED] substr(): Passing null to parameter #1 ($string) of type string is deprecated in APPPATH\Controllers\InquiryMaster.php on line 52.
 1 APPPATH\Controllers\InquiryMaster.php(52): substr(null, -4)
 2 SYSTEMPATH\CodeIgniter.php(933): App\Controllers\InquiryMaster->save()
 3 SYSTEMPATH\CodeIgniter.php(509): CodeIgniter\CodeIgniter->runController(Object(App\Controllers\InquiryMaster))
 4 SYSTEMPATH\CodeIgniter.php(355): CodeIgniter\CodeIgniter->handleRequest(null, Object(Config\Cache), false)
 5 SYSTEMPATH\Boot.php(325): CodeIgniter\CodeIgniter->run()
 6 SYSTEMPATH\Boot.php(67): CodeIgniter\Boot::runCodeIgniter(Object(CodeIgniter\CodeIgniter))
 7 FCPATH\index.php(56): CodeIgniter\Boot::bootWeb(Object(Config\Paths))
INFO - 2025-03-24 09:51:46 --> Session: Class initialized using 'CodeIgniter\Session\Handlers\FileHandler' driver.
INFO - 2025-03-24 09:51:47 --> Session: Class initialized using 'CodeIgniter\Session\Handlers\FileHandler' driver.
WARNING - 2025-03-24 09:51:47 --> [DEPRECATED] strtotime(): Passing null to parameter #1 ($datetime) of type string is deprecated in APPPATH\Views\Admin\Admission\list.php on line 126.
 1 APPPATH\Views\Admin\Admission\list.php(126): strtotime(null)
 2 SYSTEMPATH\View\View.php(234): include('C:\\xampp\\htdocs\\Wolfox\\app\\Views\\Admin\\Admission\\list.php')
 3 SYSTEMPATH\View\View.php(237): CodeIgniter\View\View->CodeIgniter\View\{closure}()
 4 SYSTEMPATH\Common.php(1171): CodeIgniter\View\View->render('/Admin/Admission/list', [], true)
 5 APPPATH\Controllers\AdmissionMaster.php(328): view('/Admin/Admission/list', [...])
 6 SYSTEMPATH\CodeIgniter.php(933): App\Controllers\AdmissionMaster->list()
 7 SYSTEMPATH\CodeIgniter.php(509): CodeIgniter\CodeIgniter->runController(Object(App\Controllers\AdmissionMaster))
 8 SYSTEMPATH\CodeIgniter.php(355): CodeIgniter\CodeIgniter->handleRequest(null, Object(Config\Cache), false)
 9 SYSTEMPATH\Boot.php(325): CodeIgniter\CodeIgniter->run()
10 SYSTEMPATH\Boot.php(67): CodeIgniter\Boot::runCodeIgniter(Object(CodeIgniter\CodeIgniter))
11 FCPATH\index.php(56): CodeIgniter\Boot::bootWeb(Object(Config\Paths))
WARNING - 2025-03-24 09:51:47 --> [DEPRECATED] strtotime(): Passing null to parameter #1 ($datetime) of type string is deprecated in APPPATH\Views\Admin\Admission\list.php on line 332.
 1 APPPATH\Views\Admin\Admission\list.php(332): strtotime(null)
 2 SYSTEMPATH\View\View.php(234): include('C:\\xampp\\htdocs\\Wolfox\\app\\Views\\Admin\\Admission\\list.php')
 3 SYSTEMPATH\View\View.php(237): CodeIgniter\View\View->CodeIgniter\View\{closure}()
 4 SYSTEMPATH\Common.php(1171): CodeIgniter\View\View->render('/Admin/Admission/list', [], true)
 5 APPPATH\Controllers\AdmissionMaster.php(328): view('/Admin/Admission/list', [...])
 6 SYSTEMPATH\CodeIgniter.php(933): App\Controllers\AdmissionMaster->list()
 7 SYSTEMPATH\CodeIgniter.php(509): CodeIgniter\CodeIgniter->runController(Object(App\Controllers\AdmissionMaster))
 8 SYSTEMPATH\CodeIgniter.php(355): CodeIgniter\CodeIgniter->handleRequest(null, Object(Config\Cache), false)
 9 SYSTEMPATH\Boot.php(325): CodeIgniter\CodeIgniter->run()
10 SYSTEMPATH\Boot.php(67): CodeIgniter\Boot::runCodeIgniter(Object(CodeIgniter\CodeIgniter))
11 FCPATH\index.php(56): CodeIgniter\Boot::bootWeb(Object(Config\Paths))
WARNING - 2025-03-24 09:51:47 --> [DEPRECATED] strtotime(): Passing null to parameter #1 ($datetime) of type string is deprecated in APPPATH\Views\Admin\Admission\list.php on line 332.
 1 APPPATH\Views\Admin\Admission\list.php(332): strtotime(null)
 2 SYSTEMPATH\View\View.php(234): include('C:\\xampp\\htdocs\\Wolfox\\app\\Views\\Admin\\Admission\\list.php')
 3 SYSTEMPATH\View\View.php(237): CodeIgniter\View\View->CodeIgniter\View\{closure}()
 4 SYSTEMPATH\Common.php(1171): CodeIgniter\View\View->render('/Admin/Admission/list', [], true)
 5 APPPATH\Controllers\AdmissionMaster.php(328): view('/Admin/Admission/list', [...])
 6 SYSTEMPATH\CodeIgniter.php(933): App\Controllers\AdmissionMaster->list()
 7 SYSTEMPATH\CodeIgniter.php(509): CodeIgniter\CodeIgniter->runController(Object(App\Controllers\AdmissionMaster))
 8 SYSTEMPATH\CodeIgniter.php(355): CodeIgniter\CodeIgniter->handleRequest(null, Object(Config\Cache), false)
 9 SYSTEMPATH\Boot.php(325): CodeIgniter\CodeIgniter->run()
10 SYSTEMPATH\Boot.php(67): CodeIgniter\Boot::runCodeIgniter(Object(CodeIgniter\CodeIgniter))
11 FCPATH\index.php(56): CodeIgniter\Boot::bootWeb(Object(Config\Paths))
INFO - 2025-03-24 09:51:53 --> Session: Class initialized using 'CodeIgniter\Session\Handlers\FileHandler' driver.
WARNING - 2025-03-24 09:51:53 --> [DEPRECATED] strtotime(): Passing null to parameter #1 ($datetime) of type string is deprecated in APPPATH\Views\Admin\Admission\edit.php on line 191.
 1 APPPATH\Views\Admin\Admission\edit.php(191): strtotime(null)
 2 SYSTEMPATH\View\View.php(234): include('C:\\xampp\\htdocs\\Wolfox\\app\\Views\\Admin\\Admission\\edit.php')
 3 SYSTEMPATH\View\View.php(237): CodeIgniter\View\View->CodeIgniter\View\{closure}()
 4 SYSTEMPATH\Common.php(1171): CodeIgniter\View\View->render('/Admin/Admission/edit', [], true)
 5 APPPATH\Controllers\AdmissionMaster.php(358): view('/Admin/Admission/edit', [...])
 6 SYSTEMPATH\CodeIgniter.php(933): App\Controllers\AdmissionMaster->edit('6')
 7 SYSTEMPATH\CodeIgniter.php(509): CodeIgniter\CodeIgniter->runController(Object(App\Controllers\AdmissionMaster))
 8 SYSTEMPATH\CodeIgniter.php(355): CodeIgniter\CodeIgniter->handleRequest(null, Object(Config\Cache), false)
 9 SYSTEMPATH\Boot.php(325): CodeIgniter\CodeIgniter->run()
10 SYSTEMPATH\Boot.php(67): CodeIgniter\Boot::runCodeIgniter(Object(CodeIgniter\CodeIgniter))
11 FCPATH\index.php(56): CodeIgniter\Boot::bootWeb(Object(Config\Paths))
WARNING - 2025-03-24 09:51:53 --> [DEPRECATED] strtotime(): Passing null to parameter #1 ($datetime) of type string is deprecated in APPPATH\Views\Admin\Admission\edit.php on line 191.
 1 APPPATH\Views\Admin\Admission\edit.php(191): strtotime(null)
 2 SYSTEMPATH\View\View.php(234): include('C:\\xampp\\htdocs\\Wolfox\\app\\Views\\Admin\\Admission\\edit.php')
 3 SYSTEMPATH\View\View.php(237): CodeIgniter\View\View->CodeIgniter\View\{closure}()
 4 SYSTEMPATH\Common.php(1171): CodeIgniter\View\View->render('/Admin/Admission/edit', [], true)
 5 APPPATH\Controllers\AdmissionMaster.php(358): view('/Admin/Admission/edit', [...])
 6 SYSTEMPATH\CodeIgniter.php(933): App\Controllers\AdmissionMaster->edit('6')
 7 SYSTEMPATH\CodeIgniter.php(509): CodeIgniter\CodeIgniter->runController(Object(App\Controllers\AdmissionMaster))
 8 SYSTEMPATH\CodeIgniter.php(355): CodeIgniter\CodeIgniter->handleRequest(null, Object(Config\Cache), false)
 9 SYSTEMPATH\Boot.php(325): CodeIgniter\CodeIgniter->run()
10 SYSTEMPATH\Boot.php(67): CodeIgniter\Boot::runCodeIgniter(Object(CodeIgniter\CodeIgniter))
11 FCPATH\index.php(56): CodeIgniter\Boot::bootWeb(Object(Config\Paths))
INFO - 2025-03-24 09:55:35 --> Session: Class initialized using 'CodeIgniter\Session\Handlers\FileHandler' driver.
WARNING - 2025-03-24 09:55:35 --> [DEPRECATED] strtotime(): Passing null to parameter #1 ($datetime) of type string is deprecated in APPPATH\Views\Admin\Admission\edit.php on line 191.
 1 APPPATH\Views\Admin\Admission\edit.php(191): strtotime(null)
 2 SYSTEMPATH\View\View.php(234): include('C:\\xampp\\htdocs\\Wolfox\\app\\Views\\Admin\\Admission\\edit.php')
 3 SYSTEMPATH\View\View.php(237): CodeIgniter\View\View->CodeIgniter\View\{closure}()
 4 SYSTEMPATH\Common.php(1171): CodeIgniter\View\View->render('/Admin/Admission/edit', [], true)
 5 APPPATH\Controllers\AdmissionMaster.php(358): view('/Admin/Admission/edit', [...])
 6 SYSTEMPATH\CodeIgniter.php(933): App\Controllers\AdmissionMaster->edit('6')
 7 SYSTEMPATH\CodeIgniter.php(509): CodeIgniter\CodeIgniter->runController(Object(App\Controllers\AdmissionMaster))
 8 SYSTEMPATH\CodeIgniter.php(355): CodeIgniter\CodeIgniter->handleRequest(null, Object(Config\Cache), false)
 9 SYSTEMPATH\Boot.php(325): CodeIgniter\CodeIgniter->run()
10 SYSTEMPATH\Boot.php(67): CodeIgniter\Boot::runCodeIgniter(Object(CodeIgniter\CodeIgniter))
11 FCPATH\index.php(56): CodeIgniter\Boot::bootWeb(Object(Config\Paths))
WARNING - 2025-03-24 09:55:35 --> [DEPRECATED] strtotime(): Passing null to parameter #1 ($datetime) of type string is deprecated in APPPATH\Views\Admin\Admission\edit.php on line 191.
 1 APPPATH\Views\Admin\Admission\edit.php(191): strtotime(null)
 2 SYSTEMPATH\View\View.php(234): include('C:\\xampp\\htdocs\\Wolfox\\app\\Views\\Admin\\Admission\\edit.php')
 3 SYSTEMPATH\View\View.php(237): CodeIgniter\View\View->CodeIgniter\View\{closure}()
 4 SYSTEMPATH\Common.php(1171): CodeIgniter\View\View->render('/Admin/Admission/edit', [], true)
 5 APPPATH\Controllers\AdmissionMaster.php(358): view('/Admin/Admission/edit', [...])
 6 SYSTEMPATH\CodeIgniter.php(933): App\Controllers\AdmissionMaster->edit('6')
 7 SYSTEMPATH\CodeIgniter.php(509): CodeIgniter\CodeIgniter->runController(Object(App\Controllers\AdmissionMaster))
 8 SYSTEMPATH\CodeIgniter.php(355): CodeIgniter\CodeIgniter->handleRequest(null, Object(Config\Cache), false)
 9 SYSTEMPATH\Boot.php(325): CodeIgniter\CodeIgniter->run()
10 SYSTEMPATH\Boot.php(67): CodeIgniter\Boot::runCodeIgniter(Object(CodeIgniter\CodeIgniter))
11 FCPATH\index.php(56): CodeIgniter\Boot::bootWeb(Object(Config\Paths))
INFO - 2025-03-24 09:55:39 --> Session: Class initialized using 'CodeIgniter\Session\Handlers\FileHandler' driver.
WARNING - 2025-03-24 09:55:39 --> [DEPRECATED] strtotime(): Passing null to parameter #1 ($datetime) of type string is deprecated in APPPATH\Views\Admin\Admission\list.php on line 126.
 1 APPPATH\Views\Admin\Admission\list.php(126): strtotime(null)
 2 SYSTEMPATH\View\View.php(234): include('C:\\xampp\\htdocs\\Wolfox\\app\\Views\\Admin\\Admission\\list.php')
 3 SYSTEMPATH\View\View.php(237): CodeIgniter\View\View->CodeIgniter\View\{closure}()
 4 SYSTEMPATH\Common.php(1171): CodeIgniter\View\View->render('/Admin/Admission/list', [], true)
 5 APPPATH\Controllers\AdmissionMaster.php(328): view('/Admin/Admission/list', [...])
 6 SYSTEMPATH\CodeIgniter.php(933): App\Controllers\AdmissionMaster->list()
 7 SYSTEMPATH\CodeIgniter.php(509): CodeIgniter\CodeIgniter->runController(Object(App\Controllers\AdmissionMaster))
 8 SYSTEMPATH\CodeIgniter.php(355): CodeIgniter\CodeIgniter->handleRequest(null, Object(Config\Cache), false)
 9 SYSTEMPATH\Boot.php(325): CodeIgniter\CodeIgniter->run()
10 SYSTEMPATH\Boot.php(67): CodeIgniter\Boot::runCodeIgniter(Object(CodeIgniter\CodeIgniter))
11 FCPATH\index.php(56): CodeIgniter\Boot::bootWeb(Object(Config\Paths))
WARNING - 2025-03-24 09:55:39 --> [DEPRECATED] strtotime(): Passing null to parameter #1 ($datetime) of type string is deprecated in APPPATH\Views\Admin\Admission\list.php on line 332.
 1 APPPATH\Views\Admin\Admission\list.php(332): strtotime(null)
 2 SYSTEMPATH\View\View.php(234): include('C:\\xampp\\htdocs\\Wolfox\\app\\Views\\Admin\\Admission\\list.php')
 3 SYSTEMPATH\View\View.php(237): CodeIgniter\View\View->CodeIgniter\View\{closure}()
 4 SYSTEMPATH\Common.php(1171): CodeIgniter\View\View->render('/Admin/Admission/list', [], true)
 5 APPPATH\Controllers\AdmissionMaster.php(328): view('/Admin/Admission/list', [...])
 6 SYSTEMPATH\CodeIgniter.php(933): App\Controllers\AdmissionMaster->list()
 7 SYSTEMPATH\CodeIgniter.php(509): CodeIgniter\CodeIgniter->runController(Object(App\Controllers\AdmissionMaster))
 8 SYSTEMPATH\CodeIgniter.php(355): CodeIgniter\CodeIgniter->handleRequest(null, Object(Config\Cache), false)
 9 SYSTEMPATH\Boot.php(325): CodeIgniter\CodeIgniter->run()
10 SYSTEMPATH\Boot.php(67): CodeIgniter\Boot::runCodeIgniter(Object(CodeIgniter\CodeIgniter))
11 FCPATH\index.php(56): CodeIgniter\Boot::bootWeb(Object(Config\Paths))
WARNING - 2025-03-24 09:55:39 --> [DEPRECATED] strtotime(): Passing null to parameter #1 ($datetime) of type string is deprecated in APPPATH\Views\Admin\Admission\list.php on line 332.
 1 APPPATH\Views\Admin\Admission\list.php(332): strtotime(null)
 2 SYSTEMPATH\View\View.php(234): include('C:\\xampp\\htdocs\\Wolfox\\app\\Views\\Admin\\Admission\\list.php')
 3 SYSTEMPATH\View\View.php(237): CodeIgniter\View\View->CodeIgniter\View\{closure}()
 4 SYSTEMPATH\Common.php(1171): CodeIgniter\View\View->render('/Admin/Admission/list', [], true)
 5 APPPATH\Controllers\AdmissionMaster.php(328): view('/Admin/Admission/list', [...])
 6 SYSTEMPATH\CodeIgniter.php(933): App\Controllers\AdmissionMaster->list()
 7 SYSTEMPATH\CodeIgniter.php(509): CodeIgniter\CodeIgniter->runController(Object(App\Controllers\AdmissionMaster))
 8 SYSTEMPATH\CodeIgniter.php(355): CodeIgniter\CodeIgniter->handleRequest(null, Object(Config\Cache), false)
 9 SYSTEMPATH\Boot.php(325): CodeIgniter\CodeIgniter->run()
10 SYSTEMPATH\Boot.php(67): CodeIgniter\Boot::runCodeIgniter(Object(CodeIgniter\CodeIgniter))
11 FCPATH\index.php(56): CodeIgniter\Boot::bootWeb(Object(Config\Paths))
INFO - 2025-03-24 09:55:42 --> Session: Class initialized using 'CodeIgniter\Session\Handlers\FileHandler' driver.
WARNING - 2025-03-24 09:55:42 --> [DEPRECATED] strtotime(): Passing null to parameter #1 ($datetime) of type string is deprecated in APPPATH\Views\Admin\Admission\list.php on line 126.
 1 APPPATH\Views\Admin\Admission\list.php(126): strtotime(null)
 2 SYSTEMPATH\View\View.php(234): include('C:\\xampp\\htdocs\\Wolfox\\app\\Views\\Admin\\Admission\\list.php')
 3 SYSTEMPATH\View\View.php(237): CodeIgniter\View\View->CodeIgniter\View\{closure}()
 4 SYSTEMPATH\Common.php(1171): CodeIgniter\View\View->render('/Admin/Admission/list', [], true)
 5 APPPATH\Controllers\AdmissionMaster.php(328): view('/Admin/Admission/list', [...])
 6 SYSTEMPATH\CodeIgniter.php(933): App\Controllers\AdmissionMaster->list()
 7 SYSTEMPATH\CodeIgniter.php(509): CodeIgniter\CodeIgniter->runController(Object(App\Controllers\AdmissionMaster))
 8 SYSTEMPATH\CodeIgniter.php(355): CodeIgniter\CodeIgniter->handleRequest(null, Object(Config\Cache), false)
 9 SYSTEMPATH\Boot.php(325): CodeIgniter\CodeIgniter->run()
10 SYSTEMPATH\Boot.php(67): CodeIgniter\Boot::runCodeIgniter(Object(CodeIgniter\CodeIgniter))
11 FCPATH\index.php(56): CodeIgniter\Boot::bootWeb(Object(Config\Paths))
WARNING - 2025-03-24 09:55:42 --> [DEPRECATED] strtotime(): Passing null to parameter #1 ($datetime) of type string is deprecated in APPPATH\Views\Admin\Admission\list.php on line 332.
 1 APPPATH\Views\Admin\Admission\list.php(332): strtotime(null)
 2 SYSTEMPATH\View\View.php(234): include('C:\\xampp\\htdocs\\Wolfox\\app\\Views\\Admin\\Admission\\list.php')
 3 SYSTEMPATH\View\View.php(237): CodeIgniter\View\View->CodeIgniter\View\{closure}()
 4 SYSTEMPATH\Common.php(1171): CodeIgniter\View\View->render('/Admin/Admission/list', [], true)
 5 APPPATH\Controllers\AdmissionMaster.php(328): view('/Admin/Admission/list', [...])
 6 SYSTEMPATH\CodeIgniter.php(933): App\Controllers\AdmissionMaster->list()
 7 SYSTEMPATH\CodeIgniter.php(509): CodeIgniter\CodeIgniter->runController(Object(App\Controllers\AdmissionMaster))
 8 SYSTEMPATH\CodeIgniter.php(355): CodeIgniter\CodeIgniter->handleRequest(null, Object(Config\Cache), false)
 9 SYSTEMPATH\Boot.php(325): CodeIgniter\CodeIgniter->run()
10 SYSTEMPATH\Boot.php(67): CodeIgniter\Boot::runCodeIgniter(Object(CodeIgniter\CodeIgniter))
11 FCPATH\index.php(56): CodeIgniter\Boot::bootWeb(Object(Config\Paths))
WARNING - 2025-03-24 09:55:42 --> [DEPRECATED] strtotime(): Passing null to parameter #1 ($datetime) of type string is deprecated in APPPATH\Views\Admin\Admission\list.php on line 332.
 1 APPPATH\Views\Admin\Admission\list.php(332): strtotime(null)
 2 SYSTEMPATH\View\View.php(234): include('C:\\xampp\\htdocs\\Wolfox\\app\\Views\\Admin\\Admission\\list.php')
 3 SYSTEMPATH\View\View.php(237): CodeIgniter\View\View->CodeIgniter\View\{closure}()
 4 SYSTEMPATH\Common.php(1171): CodeIgniter\View\View->render('/Admin/Admission/list', [], true)
 5 APPPATH\Controllers\AdmissionMaster.php(328): view('/Admin/Admission/list', [...])
 6 SYSTEMPATH\CodeIgniter.php(933): App\Controllers\AdmissionMaster->list()
 7 SYSTEMPATH\CodeIgniter.php(509): CodeIgniter\CodeIgniter->runController(Object(App\Controllers\AdmissionMaster))
 8 SYSTEMPATH\CodeIgniter.php(355): CodeIgniter\CodeIgniter->handleRequest(null, Object(Config\Cache), false)
 9 SYSTEMPATH\Boot.php(325): CodeIgniter\CodeIgniter->run()
10 SYSTEMPATH\Boot.php(67): CodeIgniter\Boot::runCodeIgniter(Object(CodeIgniter\CodeIgniter))
11 FCPATH\index.php(56): CodeIgniter\Boot::bootWeb(Object(Config\Paths))
INFO - 2025-03-24 09:55:46 --> Session: Class initialized using 'CodeIgniter\Session\Handlers\FileHandler' driver.
WARNING - 2025-03-24 09:55:46 --> [DEPRECATED] strtotime(): Passing null to parameter #1 ($datetime) of type string is deprecated in APPPATH\Views\Admin\Admission\edit.php on line 191.
 1 APPPATH\Views\Admin\Admission\edit.php(191): strtotime(null)
 2 SYSTEMPATH\View\View.php(234): include('C:\\xampp\\htdocs\\Wolfox\\app\\Views\\Admin\\Admission\\edit.php')
 3 SYSTEMPATH\View\View.php(237): CodeIgniter\View\View->CodeIgniter\View\{closure}()
 4 SYSTEMPATH\Common.php(1171): CodeIgniter\View\View->render('/Admin/Admission/edit', [], true)
 5 APPPATH\Controllers\AdmissionMaster.php(358): view('/Admin/Admission/edit', [...])
 6 SYSTEMPATH\CodeIgniter.php(933): App\Controllers\AdmissionMaster->edit('6')
 7 SYSTEMPATH\CodeIgniter.php(509): CodeIgniter\CodeIgniter->runController(Object(App\Controllers\AdmissionMaster))
 8 SYSTEMPATH\CodeIgniter.php(355): CodeIgniter\CodeIgniter->handleRequest(null, Object(Config\Cache), false)
 9 SYSTEMPATH\Boot.php(325): CodeIgniter\CodeIgniter->run()
10 SYSTEMPATH\Boot.php(67): CodeIgniter\Boot::runCodeIgniter(Object(CodeIgniter\CodeIgniter))
11 FCPATH\index.php(56): CodeIgniter\Boot::bootWeb(Object(Config\Paths))
WARNING - 2025-03-24 09:55:46 --> [DEPRECATED] strtotime(): Passing null to parameter #1 ($datetime) of type string is deprecated in APPPATH\Views\Admin\Admission\edit.php on line 191.
 1 APPPATH\Views\Admin\Admission\edit.php(191): strtotime(null)
 2 SYSTEMPATH\View\View.php(234): include('C:\\xampp\\htdocs\\Wolfox\\app\\Views\\Admin\\Admission\\edit.php')
 3 SYSTEMPATH\View\View.php(237): CodeIgniter\View\View->CodeIgniter\View\{closure}()
 4 SYSTEMPATH\Common.php(1171): CodeIgniter\View\View->render('/Admin/Admission/edit', [], true)
 5 APPPATH\Controllers\AdmissionMaster.php(358): view('/Admin/Admission/edit', [...])
 6 SYSTEMPATH\CodeIgniter.php(933): App\Controllers\AdmissionMaster->edit('6')
 7 SYSTEMPATH\CodeIgniter.php(509): CodeIgniter\CodeIgniter->runController(Object(App\Controllers\AdmissionMaster))
 8 SYSTEMPATH\CodeIgniter.php(355): CodeIgniter\CodeIgniter->handleRequest(null, Object(Config\Cache), false)
 9 SYSTEMPATH\Boot.php(325): CodeIgniter\CodeIgniter->run()
10 SYSTEMPATH\Boot.php(67): CodeIgniter\Boot::runCodeIgniter(Object(CodeIgniter\CodeIgniter))
11 FCPATH\index.php(56): CodeIgniter\Boot::bootWeb(Object(Config\Paths))
INFO - 2025-03-24 09:55:49 --> Session: Class initialized using 'CodeIgniter\Session\Handlers\FileHandler' driver.
WARNING - 2025-03-24 09:55:49 --> [DEPRECATED] strtotime(): Passing null to parameter #1 ($datetime) of type string is deprecated in APPPATH\Views\Admin\Admission\list.php on line 126.
 1 APPPATH\Views\Admin\Admission\list.php(126): strtotime(null)
 2 SYSTEMPATH\View\View.php(234): include('C:\\xampp\\htdocs\\Wolfox\\app\\Views\\Admin\\Admission\\list.php')
 3 SYSTEMPATH\View\View.php(237): CodeIgniter\View\View->CodeIgniter\View\{closure}()
 4 SYSTEMPATH\Common.php(1171): CodeIgniter\View\View->render('/Admin/Admission/list', [], true)
 5 APPPATH\Controllers\AdmissionMaster.php(328): view('/Admin/Admission/list', [...])
 6 SYSTEMPATH\CodeIgniter.php(933): App\Controllers\AdmissionMaster->list()
 7 SYSTEMPATH\CodeIgniter.php(509): CodeIgniter\CodeIgniter->runController(Object(App\Controllers\AdmissionMaster))
 8 SYSTEMPATH\CodeIgniter.php(355): CodeIgniter\CodeIgniter->handleRequest(null, Object(Config\Cache), false)
 9 SYSTEMPATH\Boot.php(325): CodeIgniter\CodeIgniter->run()
10 SYSTEMPATH\Boot.php(67): CodeIgniter\Boot::runCodeIgniter(Object(CodeIgniter\CodeIgniter))
11 FCPATH\index.php(56): CodeIgniter\Boot::bootWeb(Object(Config\Paths))
WARNING - 2025-03-24 09:55:49 --> [DEPRECATED] strtotime(): Passing null to parameter #1 ($datetime) of type string is deprecated in APPPATH\Views\Admin\Admission\list.php on line 332.
 1 APPPATH\Views\Admin\Admission\list.php(332): strtotime(null)
 2 SYSTEMPATH\View\View.php(234): include('C:\\xampp\\htdocs\\Wolfox\\app\\Views\\Admin\\Admission\\list.php')
 3 SYSTEMPATH\View\View.php(237): CodeIgniter\View\View->CodeIgniter\View\{closure}()
 4 SYSTEMPATH\Common.php(1171): CodeIgniter\View\View->render('/Admin/Admission/list', [], true)
 5 APPPATH\Controllers\AdmissionMaster.php(328): view('/Admin/Admission/list', [...])
 6 SYSTEMPATH\CodeIgniter.php(933): App\Controllers\AdmissionMaster->list()
 7 SYSTEMPATH\CodeIgniter.php(509): CodeIgniter\CodeIgniter->runController(Object(App\Controllers\AdmissionMaster))
 8 SYSTEMPATH\CodeIgniter.php(355): CodeIgniter\CodeIgniter->handleRequest(null, Object(Config\Cache), false)
 9 SYSTEMPATH\Boot.php(325): CodeIgniter\CodeIgniter->run()
10 SYSTEMPATH\Boot.php(67): CodeIgniter\Boot::runCodeIgniter(Object(CodeIgniter\CodeIgniter))
11 FCPATH\index.php(56): CodeIgniter\Boot::bootWeb(Object(Config\Paths))
WARNING - 2025-03-24 09:55:49 --> [DEPRECATED] strtotime(): Passing null to parameter #1 ($datetime) of type string is deprecated in APPPATH\Views\Admin\Admission\list.php on line 332.
 1 APPPATH\Views\Admin\Admission\list.php(332): strtotime(null)
 2 SYSTEMPATH\View\View.php(234): include('C:\\xampp\\htdocs\\Wolfox\\app\\Views\\Admin\\Admission\\list.php')
 3 SYSTEMPATH\View\View.php(237): CodeIgniter\View\View->CodeIgniter\View\{closure}()
 4 SYSTEMPATH\Common.php(1171): CodeIgniter\View\View->render('/Admin/Admission/list', [], true)
 5 APPPATH\Controllers\AdmissionMaster.php(328): view('/Admin/Admission/list', [...])
 6 SYSTEMPATH\CodeIgniter.php(933): App\Controllers\AdmissionMaster->list()
 7 SYSTEMPATH\CodeIgniter.php(509): CodeIgniter\CodeIgniter->runController(Object(App\Controllers\AdmissionMaster))
 8 SYSTEMPATH\CodeIgniter.php(355): CodeIgniter\CodeIgniter->handleRequest(null, Object(Config\Cache), false)
 9 SYSTEMPATH\Boot.php(325): CodeIgniter\CodeIgniter->run()
10 SYSTEMPATH\Boot.php(67): CodeIgniter\Boot::runCodeIgniter(Object(CodeIgniter\CodeIgniter))
11 FCPATH\index.php(56): CodeIgniter\Boot::bootWeb(Object(Config\Paths))
INFO - 2025-03-24 09:55:54 --> Session: Class initialized using 'CodeIgniter\Session\Handlers\FileHandler' driver.
INFO - 2025-03-24 09:55:57 --> Session: Class initialized using 'CodeIgniter\Session\Handlers\FileHandler' driver.
INFO - 2025-03-24 09:56:10 --> Session: Class initialized using 'CodeIgniter\Session\Handlers\FileHandler' driver.
INFO - 2025-03-24 09:56:10 --> Session: Class initialized using 'CodeIgniter\Session\Handlers\FileHandler' driver.
WARNING - 2025-03-24 09:56:17 --> [DEPRECATED] strtolower(): Passing null to parameter #1 ($string) of type string is deprecated in APPPATH\Controllers\InquiryMaster.php on line 43.
 1 APPPATH\Controllers\InquiryMaster.php(43): strtolower(null)
 2 SYSTEMPATH\CodeIgniter.php(933): App\Controllers\InquiryMaster->save()
 3 SYSTEMPATH\CodeIgniter.php(509): CodeIgniter\CodeIgniter->runController(Object(App\Controllers\InquiryMaster))
 4 SYSTEMPATH\CodeIgniter.php(355): CodeIgniter\CodeIgniter->handleRequest(null, Object(Config\Cache), false)
 5 SYSTEMPATH\Boot.php(325): CodeIgniter\CodeIgniter->run()
 6 SYSTEMPATH\Boot.php(67): CodeIgniter\Boot::runCodeIgniter(Object(CodeIgniter\CodeIgniter))
 7 FCPATH\index.php(56): CodeIgniter\Boot::bootWeb(Object(Config\Paths))
WARNING - 2025-03-24 09:56:17 --> [DEPRECATED] strtolower(): Passing null to parameter #1 ($string) of type string is deprecated in APPPATH\Controllers\InquiryMaster.php on line 44.
 1 APPPATH\Controllers\InquiryMaster.php(44): strtolower(null)
 2 SYSTEMPATH\CodeIgniter.php(933): App\Controllers\InquiryMaster->save()
 3 SYSTEMPATH\CodeIgniter.php(509): CodeIgniter\CodeIgniter->runController(Object(App\Controllers\InquiryMaster))
 4 SYSTEMPATH\CodeIgniter.php(355): CodeIgniter\CodeIgniter->handleRequest(null, Object(Config\Cache), false)
 5 SYSTEMPATH\Boot.php(325): CodeIgniter\CodeIgniter->run()
 6 SYSTEMPATH\Boot.php(67): CodeIgniter\Boot::runCodeIgniter(Object(CodeIgniter\CodeIgniter))
 7 FCPATH\index.php(56): CodeIgniter\Boot::bootWeb(Object(Config\Paths))
WARNING - 2025-03-24 09:56:17 --> [DEPRECATED] strtolower(): Passing null to parameter #1 ($string) of type string is deprecated in APPPATH\Controllers\InquiryMaster.php on line 45.
 1 APPPATH\Controllers\InquiryMaster.php(45): strtolower(null)
 2 SYSTEMPATH\CodeIgniter.php(933): App\Controllers\InquiryMaster->save()
 3 SYSTEMPATH\CodeIgniter.php(509): CodeIgniter\CodeIgniter->runController(Object(App\Controllers\InquiryMaster))
 4 SYSTEMPATH\CodeIgniter.php(355): CodeIgniter\CodeIgniter->handleRequest(null, Object(Config\Cache), false)
 5 SYSTEMPATH\Boot.php(325): CodeIgniter\CodeIgniter->run()
 6 SYSTEMPATH\Boot.php(67): CodeIgniter\Boot::runCodeIgniter(Object(CodeIgniter\CodeIgniter))
 7 FCPATH\index.php(56): CodeIgniter\Boot::bootWeb(Object(Config\Paths))
WARNING - 2025-03-24 09:56:17 --> [DEPRECATED] substr(): Passing null to parameter #1 ($string) of type string is deprecated in APPPATH\Controllers\InquiryMaster.php on line 52.
 1 APPPATH\Controllers\InquiryMaster.php(52): substr(null, -4)
 2 SYSTEMPATH\CodeIgniter.php(933): App\Controllers\InquiryMaster->save()
 3 SYSTEMPATH\CodeIgniter.php(509): CodeIgniter\CodeIgniter->runController(Object(App\Controllers\InquiryMaster))
 4 SYSTEMPATH\CodeIgniter.php(355): CodeIgniter\CodeIgniter->handleRequest(null, Object(Config\Cache), false)
 5 SYSTEMPATH\Boot.php(325): CodeIgniter\CodeIgniter->run()
 6 SYSTEMPATH\Boot.php(67): CodeIgniter\Boot::runCodeIgniter(Object(CodeIgniter\CodeIgniter))
 7 FCPATH\index.php(56): CodeIgniter\Boot::bootWeb(Object(Config\Paths))
INFO - 2025-03-24 09:56:17 --> Session: Class initialized using 'CodeIgniter\Session\Handlers\FileHandler' driver.
INFO - 2025-03-24 09:56:17 --> Session: Class initialized using 'CodeIgniter\Session\Handlers\FileHandler' driver.
WARNING - 2025-03-24 09:56:17 --> [DEPRECATED] strtotime(): Passing null to parameter #1 ($datetime) of type string is deprecated in APPPATH\Views\Admin\Admission\list.php on line 126.
 1 APPPATH\Views\Admin\Admission\list.php(126): strtotime(null)
 2 SYSTEMPATH\View\View.php(234): include('C:\\xampp\\htdocs\\Wolfox\\app\\Views\\Admin\\Admission\\list.php')
 3 SYSTEMPATH\View\View.php(237): CodeIgniter\View\View->CodeIgniter\View\{closure}()
 4 SYSTEMPATH\Common.php(1171): CodeIgniter\View\View->render('/Admin/Admission/list', [], true)
 5 APPPATH\Controllers\AdmissionMaster.php(328): view('/Admin/Admission/list', [...])
 6 SYSTEMPATH\CodeIgniter.php(933): App\Controllers\AdmissionMaster->list()
 7 SYSTEMPATH\CodeIgniter.php(509): CodeIgniter\CodeIgniter->runController(Object(App\Controllers\AdmissionMaster))
 8 SYSTEMPATH\CodeIgniter.php(355): CodeIgniter\CodeIgniter->handleRequest(null, Object(Config\Cache), false)
 9 SYSTEMPATH\Boot.php(325): CodeIgniter\CodeIgniter->run()
10 SYSTEMPATH\Boot.php(67): CodeIgniter\Boot::runCodeIgniter(Object(CodeIgniter\CodeIgniter))
11 FCPATH\index.php(56): CodeIgniter\Boot::bootWeb(Object(Config\Paths))
WARNING - 2025-03-24 09:56:17 --> [DEPRECATED] strtotime(): Passing null to parameter #1 ($datetime) of type string is deprecated in APPPATH\Views\Admin\Admission\list.php on line 332.
 1 APPPATH\Views\Admin\Admission\list.php(332): strtotime(null)
 2 SYSTEMPATH\View\View.php(234): include('C:\\xampp\\htdocs\\Wolfox\\app\\Views\\Admin\\Admission\\list.php')
 3 SYSTEMPATH\View\View.php(237): CodeIgniter\View\View->CodeIgniter\View\{closure}()
 4 SYSTEMPATH\Common.php(1171): CodeIgniter\View\View->render('/Admin/Admission/list', [], true)
 5 APPPATH\Controllers\AdmissionMaster.php(328): view('/Admin/Admission/list', [...])
 6 SYSTEMPATH\CodeIgniter.php(933): App\Controllers\AdmissionMaster->list()
 7 SYSTEMPATH\CodeIgniter.php(509): CodeIgniter\CodeIgniter->runController(Object(App\Controllers\AdmissionMaster))
 8 SYSTEMPATH\CodeIgniter.php(355): CodeIgniter\CodeIgniter->handleRequest(null, Object(Config\Cache), false)
 9 SYSTEMPATH\Boot.php(325): CodeIgniter\CodeIgniter->run()
10 SYSTEMPATH\Boot.php(67): CodeIgniter\Boot::runCodeIgniter(Object(CodeIgniter\CodeIgniter))
11 FCPATH\index.php(56): CodeIgniter\Boot::bootWeb(Object(Config\Paths))
WARNING - 2025-03-24 09:56:17 --> [DEPRECATED] strtotime(): Passing null to parameter #1 ($datetime) of type string is deprecated in APPPATH\Views\Admin\Admission\list.php on line 332.
 1 APPPATH\Views\Admin\Admission\list.php(332): strtotime(null)
 2 SYSTEMPATH\View\View.php(234): include('C:\\xampp\\htdocs\\Wolfox\\app\\Views\\Admin\\Admission\\list.php')
 3 SYSTEMPATH\View\View.php(237): CodeIgniter\View\View->CodeIgniter\View\{closure}()
 4 SYSTEMPATH\Common.php(1171): CodeIgniter\View\View->render('/Admin/Admission/list', [], true)
 5 APPPATH\Controllers\AdmissionMaster.php(328): view('/Admin/Admission/list', [...])
 6 SYSTEMPATH\CodeIgniter.php(933): App\Controllers\AdmissionMaster->list()
 7 SYSTEMPATH\CodeIgniter.php(509): CodeIgniter\CodeIgniter->runController(Object(App\Controllers\AdmissionMaster))
 8 SYSTEMPATH\CodeIgniter.php(355): CodeIgniter\CodeIgniter->handleRequest(null, Object(Config\Cache), false)
 9 SYSTEMPATH\Boot.php(325): CodeIgniter\CodeIgniter->run()
10 SYSTEMPATH\Boot.php(67): CodeIgniter\Boot::runCodeIgniter(Object(CodeIgniter\CodeIgniter))
11 FCPATH\index.php(56): CodeIgniter\Boot::bootWeb(Object(Config\Paths))
WARNING - 2025-03-24 09:56:17 --> [DEPRECATED] strtotime(): Passing null to parameter #1 ($datetime) of type string is deprecated in APPPATH\Views\Admin\Admission\list.php on line 126.
 1 APPPATH\Views\Admin\Admission\list.php(126): strtotime(null)
 2 SYSTEMPATH\View\View.php(234): include('C:\\xampp\\htdocs\\Wolfox\\app\\Views\\Admin\\Admission\\list.php')
 3 SYSTEMPATH\View\View.php(237): CodeIgniter\View\View->CodeIgniter\View\{closure}()
 4 SYSTEMPATH\Common.php(1171): CodeIgniter\View\View->render('/Admin/Admission/list', [], true)
 5 APPPATH\Controllers\AdmissionMaster.php(328): view('/Admin/Admission/list', [...])
 6 SYSTEMPATH\CodeIgniter.php(933): App\Controllers\AdmissionMaster->list()
 7 SYSTEMPATH\CodeIgniter.php(509): CodeIgniter\CodeIgniter->runController(Object(App\Controllers\AdmissionMaster))
 8 SYSTEMPATH\CodeIgniter.php(355): CodeIgniter\CodeIgniter->handleRequest(null, Object(Config\Cache), false)
 9 SYSTEMPATH\Boot.php(325): CodeIgniter\CodeIgniter->run()
10 SYSTEMPATH\Boot.php(67): CodeIgniter\Boot::runCodeIgniter(Object(CodeIgniter\CodeIgniter))
11 FCPATH\index.php(56): CodeIgniter\Boot::bootWeb(Object(Config\Paths))
WARNING - 2025-03-24 09:56:17 --> [DEPRECATED] strtotime(): Passing null to parameter #1 ($datetime) of type string is deprecated in APPPATH\Views\Admin\Admission\list.php on line 332.
 1 APPPATH\Views\Admin\Admission\list.php(332): strtotime(null)
 2 SYSTEMPATH\View\View.php(234): include('C:\\xampp\\htdocs\\Wolfox\\app\\Views\\Admin\\Admission\\list.php')
 3 SYSTEMPATH\View\View.php(237): CodeIgniter\View\View->CodeIgniter\View\{closure}()
 4 SYSTEMPATH\Common.php(1171): CodeIgniter\View\View->render('/Admin/Admission/list', [], true)
 5 APPPATH\Controllers\AdmissionMaster.php(328): view('/Admin/Admission/list', [...])
 6 SYSTEMPATH\CodeIgniter.php(933): App\Controllers\AdmissionMaster->list()
 7 SYSTEMPATH\CodeIgniter.php(509): CodeIgniter\CodeIgniter->runController(Object(App\Controllers\AdmissionMaster))
 8 SYSTEMPATH\CodeIgniter.php(355): CodeIgniter\CodeIgniter->handleRequest(null, Object(Config\Cache), false)
 9 SYSTEMPATH\Boot.php(325): CodeIgniter\CodeIgniter->run()
10 SYSTEMPATH\Boot.php(67): CodeIgniter\Boot::runCodeIgniter(Object(CodeIgniter\CodeIgniter))
11 FCPATH\index.php(56): CodeIgniter\Boot::bootWeb(Object(Config\Paths))
WARNING - 2025-03-24 09:56:17 --> [DEPRECATED] strtotime(): Passing null to parameter #1 ($datetime) of type string is deprecated in APPPATH\Views\Admin\Admission\list.php on line 332.
 1 APPPATH\Views\Admin\Admission\list.php(332): strtotime(null)
 2 SYSTEMPATH\View\View.php(234): include('C:\\xampp\\htdocs\\Wolfox\\app\\Views\\Admin\\Admission\\list.php')
 3 SYSTEMPATH\View\View.php(237): CodeIgniter\View\View->CodeIgniter\View\{closure}()
 4 SYSTEMPATH\Common.php(1171): CodeIgniter\View\View->render('/Admin/Admission/list', [], true)
 5 APPPATH\Controllers\AdmissionMaster.php(328): view('/Admin/Admission/list', [...])
 6 SYSTEMPATH\CodeIgniter.php(933): App\Controllers\AdmissionMaster->list()
 7 SYSTEMPATH\CodeIgniter.php(509): CodeIgniter\CodeIgniter->runController(Object(App\Controllers\AdmissionMaster))
 8 SYSTEMPATH\CodeIgniter.php(355): CodeIgniter\CodeIgniter->handleRequest(null, Object(Config\Cache), false)
 9 SYSTEMPATH\Boot.php(325): CodeIgniter\CodeIgniter->run()
10 SYSTEMPATH\Boot.php(67): CodeIgniter\Boot::runCodeIgniter(Object(CodeIgniter\CodeIgniter))
11 FCPATH\index.php(56): CodeIgniter\Boot::bootWeb(Object(Config\Paths))
INFO - 2025-03-24 09:56:21 --> Session: Class initialized using 'CodeIgniter\Session\Handlers\FileHandler' driver.
WARNING - 2025-03-24 09:56:21 --> [DEPRECATED] strtotime(): Passing null to parameter #1 ($datetime) of type string is deprecated in APPPATH\Views\Admin\Admission\edit.php on line 191.
 1 APPPATH\Views\Admin\Admission\edit.php(191): strtotime(null)
 2 SYSTEMPATH\View\View.php(234): include('C:\\xampp\\htdocs\\Wolfox\\app\\Views\\Admin\\Admission\\edit.php')
 3 SYSTEMPATH\View\View.php(237): CodeIgniter\View\View->CodeIgniter\View\{closure}()
 4 SYSTEMPATH\Common.php(1171): CodeIgniter\View\View->render('/Admin/Admission/edit', [], true)
 5 APPPATH\Controllers\AdmissionMaster.php(358): view('/Admin/Admission/edit', [...])
 6 SYSTEMPATH\CodeIgniter.php(933): App\Controllers\AdmissionMaster->edit('7')
 7 SYSTEMPATH\CodeIgniter.php(509): CodeIgniter\CodeIgniter->runController(Object(App\Controllers\AdmissionMaster))
 8 SYSTEMPATH\CodeIgniter.php(355): CodeIgniter\CodeIgniter->handleRequest(null, Object(Config\Cache), false)
 9 SYSTEMPATH\Boot.php(325): CodeIgniter\CodeIgniter->run()
10 SYSTEMPATH\Boot.php(67): CodeIgniter\Boot::runCodeIgniter(Object(CodeIgniter\CodeIgniter))
11 FCPATH\index.php(56): CodeIgniter\Boot::bootWeb(Object(Config\Paths))
WARNING - 2025-03-24 09:56:21 --> [DEPRECATED] strtotime(): Passing null to parameter #1 ($datetime) of type string is deprecated in APPPATH\Views\Admin\Admission\edit.php on line 191.
 1 APPPATH\Views\Admin\Admission\edit.php(191): strtotime(null)
 2 SYSTEMPATH\View\View.php(234): include('C:\\xampp\\htdocs\\Wolfox\\app\\Views\\Admin\\Admission\\edit.php')
 3 SYSTEMPATH\View\View.php(237): CodeIgniter\View\View->CodeIgniter\View\{closure}()
 4 SYSTEMPATH\Common.php(1171): CodeIgniter\View\View->render('/Admin/Admission/edit', [], true)
 5 APPPATH\Controllers\AdmissionMaster.php(358): view('/Admin/Admission/edit', [...])
 6 SYSTEMPATH\CodeIgniter.php(933): App\Controllers\AdmissionMaster->edit('7')
 7 SYSTEMPATH\CodeIgniter.php(509): CodeIgniter\CodeIgniter->runController(Object(App\Controllers\AdmissionMaster))
 8 SYSTEMPATH\CodeIgniter.php(355): CodeIgniter\CodeIgniter->handleRequest(null, Object(Config\Cache), false)
 9 SYSTEMPATH\Boot.php(325): CodeIgniter\CodeIgniter->run()
10 SYSTEMPATH\Boot.php(67): CodeIgniter\Boot::runCodeIgniter(Object(CodeIgniter\CodeIgniter))
11 FCPATH\index.php(56): CodeIgniter\Boot::bootWeb(Object(Config\Paths))
INFO - 2025-03-24 09:56:24 --> Session: Class initialized using 'CodeIgniter\Session\Handlers\FileHandler' driver.
WARNING - 2025-03-24 09:56:24 --> [DEPRECATED] strtotime(): Passing null to parameter #1 ($datetime) of type string is deprecated in APPPATH\Views\Admin\Admission\list.php on line 126.
 1 APPPATH\Views\Admin\Admission\list.php(126): strtotime(null)
 2 SYSTEMPATH\View\View.php(234): include('C:\\xampp\\htdocs\\Wolfox\\app\\Views\\Admin\\Admission\\list.php')
 3 SYSTEMPATH\View\View.php(237): CodeIgniter\View\View->CodeIgniter\View\{closure}()
 4 SYSTEMPATH\Common.php(1171): CodeIgniter\View\View->render('/Admin/Admission/list', [], true)
 5 APPPATH\Controllers\AdmissionMaster.php(328): view('/Admin/Admission/list', [...])
 6 SYSTEMPATH\CodeIgniter.php(933): App\Controllers\AdmissionMaster->list()
 7 SYSTEMPATH\CodeIgniter.php(509): CodeIgniter\CodeIgniter->runController(Object(App\Controllers\AdmissionMaster))
 8 SYSTEMPATH\CodeIgniter.php(355): CodeIgniter\CodeIgniter->handleRequest(null, Object(Config\Cache), false)
 9 SYSTEMPATH\Boot.php(325): CodeIgniter\CodeIgniter->run()
10 SYSTEMPATH\Boot.php(67): CodeIgniter\Boot::runCodeIgniter(Object(CodeIgniter\CodeIgniter))
11 FCPATH\index.php(56): CodeIgniter\Boot::bootWeb(Object(Config\Paths))
WARNING - 2025-03-24 09:56:24 --> [DEPRECATED] strtotime(): Passing null to parameter #1 ($datetime) of type string is deprecated in APPPATH\Views\Admin\Admission\list.php on line 332.
 1 APPPATH\Views\Admin\Admission\list.php(332): strtotime(null)
 2 SYSTEMPATH\View\View.php(234): include('C:\\xampp\\htdocs\\Wolfox\\app\\Views\\Admin\\Admission\\list.php')
 3 SYSTEMPATH\View\View.php(237): CodeIgniter\View\View->CodeIgniter\View\{closure}()
 4 SYSTEMPATH\Common.php(1171): CodeIgniter\View\View->render('/Admin/Admission/list', [], true)
 5 APPPATH\Controllers\AdmissionMaster.php(328): view('/Admin/Admission/list', [...])
 6 SYSTEMPATH\CodeIgniter.php(933): App\Controllers\AdmissionMaster->list()
 7 SYSTEMPATH\CodeIgniter.php(509): CodeIgniter\CodeIgniter->runController(Object(App\Controllers\AdmissionMaster))
 8 SYSTEMPATH\CodeIgniter.php(355): CodeIgniter\CodeIgniter->handleRequest(null, Object(Config\Cache), false)
 9 SYSTEMPATH\Boot.php(325): CodeIgniter\CodeIgniter->run()
10 SYSTEMPATH\Boot.php(67): CodeIgniter\Boot::runCodeIgniter(Object(CodeIgniter\CodeIgniter))
11 FCPATH\index.php(56): CodeIgniter\Boot::bootWeb(Object(Config\Paths))
WARNING - 2025-03-24 09:56:24 --> [DEPRECATED] strtotime(): Passing null to parameter #1 ($datetime) of type string is deprecated in APPPATH\Views\Admin\Admission\list.php on line 332.
 1 APPPATH\Views\Admin\Admission\list.php(332): strtotime(null)
 2 SYSTEMPATH\View\View.php(234): include('C:\\xampp\\htdocs\\Wolfox\\app\\Views\\Admin\\Admission\\list.php')
 3 SYSTEMPATH\View\View.php(237): CodeIgniter\View\View->CodeIgniter\View\{closure}()
 4 SYSTEMPATH\Common.php(1171): CodeIgniter\View\View->render('/Admin/Admission/list', [], true)
 5 APPPATH\Controllers\AdmissionMaster.php(328): view('/Admin/Admission/list', [...])
 6 SYSTEMPATH\CodeIgniter.php(933): App\Controllers\AdmissionMaster->list()
 7 SYSTEMPATH\CodeIgniter.php(509): CodeIgniter\CodeIgniter->runController(Object(App\Controllers\AdmissionMaster))
 8 SYSTEMPATH\CodeIgniter.php(355): CodeIgniter\CodeIgniter->handleRequest(null, Object(Config\Cache), false)
 9 SYSTEMPATH\Boot.php(325): CodeIgniter\CodeIgniter->run()
10 SYSTEMPATH\Boot.php(67): CodeIgniter\Boot::runCodeIgniter(Object(CodeIgniter\CodeIgniter))
11 FCPATH\index.php(56): CodeIgniter\Boot::bootWeb(Object(Config\Paths))
WARNING - 2025-03-24 09:56:24 --> [DEPRECATED] strtotime(): Passing null to parameter #1 ($datetime) of type string is deprecated in APPPATH\Views\Admin\Admission\list.php on line 126.
 1 APPPATH\Views\Admin\Admission\list.php(126): strtotime(null)
 2 SYSTEMPATH\View\View.php(234): include('C:\\xampp\\htdocs\\Wolfox\\app\\Views\\Admin\\Admission\\list.php')
 3 SYSTEMPATH\View\View.php(237): CodeIgniter\View\View->CodeIgniter\View\{closure}()
 4 SYSTEMPATH\Common.php(1171): CodeIgniter\View\View->render('/Admin/Admission/list', [], true)
 5 APPPATH\Controllers\AdmissionMaster.php(328): view('/Admin/Admission/list', [...])
 6 SYSTEMPATH\CodeIgniter.php(933): App\Controllers\AdmissionMaster->list()
 7 SYSTEMPATH\CodeIgniter.php(509): CodeIgniter\CodeIgniter->runController(Object(App\Controllers\AdmissionMaster))
 8 SYSTEMPATH\CodeIgniter.php(355): CodeIgniter\CodeIgniter->handleRequest(null, Object(Config\Cache), false)
 9 SYSTEMPATH\Boot.php(325): CodeIgniter\CodeIgniter->run()
10 SYSTEMPATH\Boot.php(67): CodeIgniter\Boot::runCodeIgniter(Object(CodeIgniter\CodeIgniter))
11 FCPATH\index.php(56): CodeIgniter\Boot::bootWeb(Object(Config\Paths))
WARNING - 2025-03-24 09:56:24 --> [DEPRECATED] strtotime(): Passing null to parameter #1 ($datetime) of type string is deprecated in APPPATH\Views\Admin\Admission\list.php on line 332.
 1 APPPATH\Views\Admin\Admission\list.php(332): strtotime(null)
 2 SYSTEMPATH\View\View.php(234): include('C:\\xampp\\htdocs\\Wolfox\\app\\Views\\Admin\\Admission\\list.php')
 3 SYSTEMPATH\View\View.php(237): CodeIgniter\View\View->CodeIgniter\View\{closure}()
 4 SYSTEMPATH\Common.php(1171): CodeIgniter\View\View->render('/Admin/Admission/list', [], true)
 5 APPPATH\Controllers\AdmissionMaster.php(328): view('/Admin/Admission/list', [...])
 6 SYSTEMPATH\CodeIgniter.php(933): App\Controllers\AdmissionMaster->list()
 7 SYSTEMPATH\CodeIgniter.php(509): CodeIgniter\CodeIgniter->runController(Object(App\Controllers\AdmissionMaster))
 8 SYSTEMPATH\CodeIgniter.php(355): CodeIgniter\CodeIgniter->handleRequest(null, Object(Config\Cache), false)
 9 SYSTEMPATH\Boot.php(325): CodeIgniter\CodeIgniter->run()
10 SYSTEMPATH\Boot.php(67): CodeIgniter\Boot::runCodeIgniter(Object(CodeIgniter\CodeIgniter))
11 FCPATH\index.php(56): CodeIgniter\Boot::bootWeb(Object(Config\Paths))
WARNING - 2025-03-24 09:56:24 --> [DEPRECATED] strtotime(): Passing null to parameter #1 ($datetime) of type string is deprecated in APPPATH\Views\Admin\Admission\list.php on line 332.
 1 APPPATH\Views\Admin\Admission\list.php(332): strtotime(null)
 2 SYSTEMPATH\View\View.php(234): include('C:\\xampp\\htdocs\\Wolfox\\app\\Views\\Admin\\Admission\\list.php')
 3 SYSTEMPATH\View\View.php(237): CodeIgniter\View\View->CodeIgniter\View\{closure}()
 4 SYSTEMPATH\Common.php(1171): CodeIgniter\View\View->render('/Admin/Admission/list', [], true)
 5 APPPATH\Controllers\AdmissionMaster.php(328): view('/Admin/Admission/list', [...])
 6 SYSTEMPATH\CodeIgniter.php(933): App\Controllers\AdmissionMaster->list()
 7 SYSTEMPATH\CodeIgniter.php(509): CodeIgniter\CodeIgniter->runController(Object(App\Controllers\AdmissionMaster))
 8 SYSTEMPATH\CodeIgniter.php(355): CodeIgniter\CodeIgniter->handleRequest(null, Object(Config\Cache), false)
 9 SYSTEMPATH\Boot.php(325): CodeIgniter\CodeIgniter->run()
10 SYSTEMPATH\Boot.php(67): CodeIgniter\Boot::runCodeIgniter(Object(CodeIgniter\CodeIgniter))
11 FCPATH\index.php(56): CodeIgniter\Boot::bootWeb(Object(Config\Paths))
INFO - 2025-03-24 09:56:25 --> Session: Class initialized using 'CodeIgniter\Session\Handlers\FileHandler' driver.
INFO - 2025-03-24 09:56:43 --> Session: Class initialized using 'CodeIgniter\Session\Handlers\FileHandler' driver.
INFO - 2025-03-24 09:56:45 --> Session: Class initialized using 'CodeIgniter\Session\Handlers\FileHandler' driver.
INFO - 2025-03-24 09:56:49 --> Session: Class initialized using 'CodeIgniter\Session\Handlers\FileHandler' driver.
WARNING - 2025-03-24 09:56:49 --> [DEPRECATED] strtotime(): Passing null to parameter #1 ($datetime) of type string is deprecated in APPPATH\Views\Admin\Admission\list.php on line 126.
 1 APPPATH\Views\Admin\Admission\list.php(126): strtotime(null)
 2 SYSTEMPATH\View\View.php(234): include('C:\\xampp\\htdocs\\Wolfox\\app\\Views\\Admin\\Admission\\list.php')
 3 SYSTEMPATH\View\View.php(237): CodeIgniter\View\View->CodeIgniter\View\{closure}()
 4 SYSTEMPATH\Common.php(1171): CodeIgniter\View\View->render('/Admin/Admission/list', [], true)
 5 APPPATH\Controllers\AdmissionMaster.php(328): view('/Admin/Admission/list', [...])
 6 SYSTEMPATH\CodeIgniter.php(933): App\Controllers\AdmissionMaster->list()
 7 SYSTEMPATH\CodeIgniter.php(509): CodeIgniter\CodeIgniter->runController(Object(App\Controllers\AdmissionMaster))
 8 SYSTEMPATH\CodeIgniter.php(355): CodeIgniter\CodeIgniter->handleRequest(null, Object(Config\Cache), false)
 9 SYSTEMPATH\Boot.php(325): CodeIgniter\CodeIgniter->run()
10 SYSTEMPATH\Boot.php(67): CodeIgniter\Boot::runCodeIgniter(Object(CodeIgniter\CodeIgniter))
11 FCPATH\index.php(56): CodeIgniter\Boot::bootWeb(Object(Config\Paths))
WARNING - 2025-03-24 09:56:49 --> [DEPRECATED] strtotime(): Passing null to parameter #1 ($datetime) of type string is deprecated in APPPATH\Views\Admin\Admission\list.php on line 332.
 1 APPPATH\Views\Admin\Admission\list.php(332): strtotime(null)
 2 SYSTEMPATH\View\View.php(234): include('C:\\xampp\\htdocs\\Wolfox\\app\\Views\\Admin\\Admission\\list.php')
 3 SYSTEMPATH\View\View.php(237): CodeIgniter\View\View->CodeIgniter\View\{closure}()
 4 SYSTEMPATH\Common.php(1171): CodeIgniter\View\View->render('/Admin/Admission/list', [], true)
 5 APPPATH\Controllers\AdmissionMaster.php(328): view('/Admin/Admission/list', [...])
 6 SYSTEMPATH\CodeIgniter.php(933): App\Controllers\AdmissionMaster->list()
 7 SYSTEMPATH\CodeIgniter.php(509): CodeIgniter\CodeIgniter->runController(Object(App\Controllers\AdmissionMaster))
 8 SYSTEMPATH\CodeIgniter.php(355): CodeIgniter\CodeIgniter->handleRequest(null, Object(Config\Cache), false)
 9 SYSTEMPATH\Boot.php(325): CodeIgniter\CodeIgniter->run()
10 SYSTEMPATH\Boot.php(67): CodeIgniter\Boot::runCodeIgniter(Object(CodeIgniter\CodeIgniter))
11 FCPATH\index.php(56): CodeIgniter\Boot::bootWeb(Object(Config\Paths))
WARNING - 2025-03-24 09:56:49 --> [DEPRECATED] strtotime(): Passing null to parameter #1 ($datetime) of type string is deprecated in APPPATH\Views\Admin\Admission\list.php on line 332.
 1 APPPATH\Views\Admin\Admission\list.php(332): strtotime(null)
 2 SYSTEMPATH\View\View.php(234): include('C:\\xampp\\htdocs\\Wolfox\\app\\Views\\Admin\\Admission\\list.php')
 3 SYSTEMPATH\View\View.php(237): CodeIgniter\View\View->CodeIgniter\View\{closure}()
 4 SYSTEMPATH\Common.php(1171): CodeIgniter\View\View->render('/Admin/Admission/list', [], true)
 5 APPPATH\Controllers\AdmissionMaster.php(328): view('/Admin/Admission/list', [...])
 6 SYSTEMPATH\CodeIgniter.php(933): App\Controllers\AdmissionMaster->list()
 7 SYSTEMPATH\CodeIgniter.php(509): CodeIgniter\CodeIgniter->runController(Object(App\Controllers\AdmissionMaster))
 8 SYSTEMPATH\CodeIgniter.php(355): CodeIgniter\CodeIgniter->handleRequest(null, Object(Config\Cache), false)
 9 SYSTEMPATH\Boot.php(325): CodeIgniter\CodeIgniter->run()
10 SYSTEMPATH\Boot.php(67): CodeIgniter\Boot::runCodeIgniter(Object(CodeIgniter\CodeIgniter))
11 FCPATH\index.php(56): CodeIgniter\Boot::bootWeb(Object(Config\Paths))
WARNING - 2025-03-24 09:56:49 --> [DEPRECATED] strtotime(): Passing null to parameter #1 ($datetime) of type string is deprecated in APPPATH\Views\Admin\Admission\list.php on line 126.
 1 APPPATH\Views\Admin\Admission\list.php(126): strtotime(null)
 2 SYSTEMPATH\View\View.php(234): include('C:\\xampp\\htdocs\\Wolfox\\app\\Views\\Admin\\Admission\\list.php')
 3 SYSTEMPATH\View\View.php(237): CodeIgniter\View\View->CodeIgniter\View\{closure}()
 4 SYSTEMPATH\Common.php(1171): CodeIgniter\View\View->render('/Admin/Admission/list', [], true)
 5 APPPATH\Controllers\AdmissionMaster.php(328): view('/Admin/Admission/list', [...])
 6 SYSTEMPATH\CodeIgniter.php(933): App\Controllers\AdmissionMaster->list()
 7 SYSTEMPATH\CodeIgniter.php(509): CodeIgniter\CodeIgniter->runController(Object(App\Controllers\AdmissionMaster))
 8 SYSTEMPATH\CodeIgniter.php(355): CodeIgniter\CodeIgniter->handleRequest(null, Object(Config\Cache), false)
 9 SYSTEMPATH\Boot.php(325): CodeIgniter\CodeIgniter->run()
10 SYSTEMPATH\Boot.php(67): CodeIgniter\Boot::runCodeIgniter(Object(CodeIgniter\CodeIgniter))
11 FCPATH\index.php(56): CodeIgniter\Boot::bootWeb(Object(Config\Paths))
WARNING - 2025-03-24 09:56:49 --> [DEPRECATED] strtotime(): Passing null to parameter #1 ($datetime) of type string is deprecated in APPPATH\Views\Admin\Admission\list.php on line 332.
 1 APPPATH\Views\Admin\Admission\list.php(332): strtotime(null)
 2 SYSTEMPATH\View\View.php(234): include('C:\\xampp\\htdocs\\Wolfox\\app\\Views\\Admin\\Admission\\list.php')
 3 SYSTEMPATH\View\View.php(237): CodeIgniter\View\View->CodeIgniter\View\{closure}()
 4 SYSTEMPATH\Common.php(1171): CodeIgniter\View\View->render('/Admin/Admission/list', [], true)
 5 APPPATH\Controllers\AdmissionMaster.php(328): view('/Admin/Admission/list', [...])
 6 SYSTEMPATH\CodeIgniter.php(933): App\Controllers\AdmissionMaster->list()
 7 SYSTEMPATH\CodeIgniter.php(509): CodeIgniter\CodeIgniter->runController(Object(App\Controllers\AdmissionMaster))
 8 SYSTEMPATH\CodeIgniter.php(355): CodeIgniter\CodeIgniter->handleRequest(null, Object(Config\Cache), false)
 9 SYSTEMPATH\Boot.php(325): CodeIgniter\CodeIgniter->run()
10 SYSTEMPATH\Boot.php(67): CodeIgniter\Boot::runCodeIgniter(Object(CodeIgniter\CodeIgniter))
11 FCPATH\index.php(56): CodeIgniter\Boot::bootWeb(Object(Config\Paths))
WARNING - 2025-03-24 09:56:49 --> [DEPRECATED] strtotime(): Passing null to parameter #1 ($datetime) of type string is deprecated in APPPATH\Views\Admin\Admission\list.php on line 332.
 1 APPPATH\Views\Admin\Admission\list.php(332): strtotime(null)
 2 SYSTEMPATH\View\View.php(234): include('C:\\xampp\\htdocs\\Wolfox\\app\\Views\\Admin\\Admission\\list.php')
 3 SYSTEMPATH\View\View.php(237): CodeIgniter\View\View->CodeIgniter\View\{closure}()
 4 SYSTEMPATH\Common.php(1171): CodeIgniter\View\View->render('/Admin/Admission/list', [], true)
 5 APPPATH\Controllers\AdmissionMaster.php(328): view('/Admin/Admission/list', [...])
 6 SYSTEMPATH\CodeIgniter.php(933): App\Controllers\AdmissionMaster->list()
 7 SYSTEMPATH\CodeIgniter.php(509): CodeIgniter\CodeIgniter->runController(Object(App\Controllers\AdmissionMaster))
 8 SYSTEMPATH\CodeIgniter.php(355): CodeIgniter\CodeIgniter->handleRequest(null, Object(Config\Cache), false)
 9 SYSTEMPATH\Boot.php(325): CodeIgniter\CodeIgniter->run()
10 SYSTEMPATH\Boot.php(67): CodeIgniter\Boot::runCodeIgniter(Object(CodeIgniter\CodeIgniter))
11 FCPATH\index.php(56): CodeIgniter\Boot::bootWeb(Object(Config\Paths))
INFO - 2025-03-24 09:56:56 --> Session: Class initialized using 'CodeIgniter\Session\Handlers\FileHandler' driver.
WARNING - 2025-03-24 09:56:56 --> [DEPRECATED] strtotime(): Passing null to parameter #1 ($datetime) of type string is deprecated in APPPATH\Views\Admin\Admission\edit.php on line 191.
 1 APPPATH\Views\Admin\Admission\edit.php(191): strtotime(null)
 2 SYSTEMPATH\View\View.php(234): include('C:\\xampp\\htdocs\\Wolfox\\app\\Views\\Admin\\Admission\\edit.php')
 3 SYSTEMPATH\View\View.php(237): CodeIgniter\View\View->CodeIgniter\View\{closure}()
 4 SYSTEMPATH\Common.php(1171): CodeIgniter\View\View->render('/Admin/Admission/edit', [], true)
 5 APPPATH\Controllers\AdmissionMaster.php(358): view('/Admin/Admission/edit', [...])
 6 SYSTEMPATH\CodeIgniter.php(933): App\Controllers\AdmissionMaster->edit('7')
 7 SYSTEMPATH\CodeIgniter.php(509): CodeIgniter\CodeIgniter->runController(Object(App\Controllers\AdmissionMaster))
 8 SYSTEMPATH\CodeIgniter.php(355): CodeIgniter\CodeIgniter->handleRequest(null, Object(Config\Cache), false)
 9 SYSTEMPATH\Boot.php(325): CodeIgniter\CodeIgniter->run()
10 SYSTEMPATH\Boot.php(67): CodeIgniter\Boot::runCodeIgniter(Object(CodeIgniter\CodeIgniter))
11 FCPATH\index.php(56): CodeIgniter\Boot::bootWeb(Object(Config\Paths))
WARNING - 2025-03-24 09:56:56 --> [DEPRECATED] strtotime(): Passing null to parameter #1 ($datetime) of type string is deprecated in APPPATH\Views\Admin\Admission\edit.php on line 191.
 1 APPPATH\Views\Admin\Admission\edit.php(191): strtotime(null)
 2 SYSTEMPATH\View\View.php(234): include('C:\\xampp\\htdocs\\Wolfox\\app\\Views\\Admin\\Admission\\edit.php')
 3 SYSTEMPATH\View\View.php(237): CodeIgniter\View\View->CodeIgniter\View\{closure}()
 4 SYSTEMPATH\Common.php(1171): CodeIgniter\View\View->render('/Admin/Admission/edit', [], true)
 5 APPPATH\Controllers\AdmissionMaster.php(358): view('/Admin/Admission/edit', [...])
 6 SYSTEMPATH\CodeIgniter.php(933): App\Controllers\AdmissionMaster->edit('7')
 7 SYSTEMPATH\CodeIgniter.php(509): CodeIgniter\CodeIgniter->runController(Object(App\Controllers\AdmissionMaster))
 8 SYSTEMPATH\CodeIgniter.php(355): CodeIgniter\CodeIgniter->handleRequest(null, Object(Config\Cache), false)
 9 SYSTEMPATH\Boot.php(325): CodeIgniter\CodeIgniter->run()
10 SYSTEMPATH\Boot.php(67): CodeIgniter\Boot::runCodeIgniter(Object(CodeIgniter\CodeIgniter))
11 FCPATH\index.php(56): CodeIgniter\Boot::bootWeb(Object(Config\Paths))
WARNING - 2025-03-24 09:59:33 --> [DEPRECATED] strtotime(): Passing null to parameter #1 ($datetime) of type string is deprecated in APPPATH\Controllers\AdmissionMaster.php on line 431.
 1 APPPATH\Controllers\AdmissionMaster.php(431): strtotime(null)
 2 SYSTEMPATH\CodeIgniter.php(933): App\Controllers\AdmissionMaster->update()
 3 SYSTEMPATH\CodeIgniter.php(509): CodeIgniter\CodeIgniter->runController(Object(App\Controllers\AdmissionMaster))
 4 SYSTEMPATH\CodeIgniter.php(355): CodeIgniter\CodeIgniter->handleRequest(null, Object(Config\Cache), false)
 5 SYSTEMPATH\Boot.php(325): CodeIgniter\CodeIgniter->run()
 6 SYSTEMPATH\Boot.php(67): CodeIgniter\Boot::runCodeIgniter(Object(CodeIgniter\CodeIgniter))
 7 FCPATH\index.php(56): CodeIgniter\Boot::bootWeb(Object(Config\Paths))
WARNING - 2025-03-24 09:59:33 --> [DEPRECATED] strtotime(): Passing null to parameter #1 ($datetime) of type string is deprecated in APPPATH\Controllers\AdmissionMaster.php on line 432.
 1 APPPATH\Controllers\AdmissionMaster.php(432): strtotime(null)
 2 SYSTEMPATH\CodeIgniter.php(933): App\Controllers\AdmissionMaster->update()
 3 SYSTEMPATH\CodeIgniter.php(509): CodeIgniter\CodeIgniter->runController(Object(App\Controllers\AdmissionMaster))
 4 SYSTEMPATH\CodeIgniter.php(355): CodeIgniter\CodeIgniter->handleRequest(null, Object(Config\Cache), false)
 5 SYSTEMPATH\Boot.php(325): CodeIgniter\CodeIgniter->run()
 6 SYSTEMPATH\Boot.php(67): CodeIgniter\Boot::runCodeIgniter(Object(CodeIgniter\CodeIgniter))
 7 FCPATH\index.php(56): CodeIgniter\Boot::bootWeb(Object(Config\Paths))
WARNING - 2025-03-24 09:59:33 --> [DEPRECATED] strtotime(): Passing null to parameter #1 ($datetime) of type string is deprecated in APPPATH\Controllers\AdmissionMaster.php on line 496.
 1 APPPATH\Controllers\AdmissionMaster.php(496): strtotime(null)
 2 SYSTEMPATH\CodeIgniter.php(933): App\Controllers\AdmissionMaster->update()
 3 SYSTEMPATH\CodeIgniter.php(509): CodeIgniter\CodeIgniter->runController(Object(App\Controllers\AdmissionMaster))
 4 SYSTEMPATH\CodeIgniter.php(355): CodeIgniter\CodeIgniter->handleRequest(null, Object(Config\Cache), false)
 5 SYSTEMPATH\Boot.php(325): CodeIgniter\CodeIgniter->run()
 6 SYSTEMPATH\Boot.php(67): CodeIgniter\Boot::runCodeIgniter(Object(CodeIgniter\CodeIgniter))
 7 FCPATH\index.php(56): CodeIgniter\Boot::bootWeb(Object(Config\Paths))
WARNING - 2025-03-24 09:59:33 --> [DEPRECATED] strtotime(): Passing null to parameter #1 ($datetime) of type string is deprecated in APPPATH\Controllers\AdmissionMaster.php on line 497.
 1 APPPATH\Controllers\AdmissionMaster.php(497): strtotime(null)
 2 SYSTEMPATH\CodeIgniter.php(933): App\Controllers\AdmissionMaster->update()
 3 SYSTEMPATH\CodeIgniter.php(509): CodeIgniter\CodeIgniter->runController(Object(App\Controllers\AdmissionMaster))
 4 SYSTEMPATH\CodeIgniter.php(355): CodeIgniter\CodeIgniter->handleRequest(null, Object(Config\Cache), false)
 5 SYSTEMPATH\Boot.php(325): CodeIgniter\CodeIgniter->run()
 6 SYSTEMPATH\Boot.php(67): CodeIgniter\Boot::runCodeIgniter(Object(CodeIgniter\CodeIgniter))
 7 FCPATH\index.php(56): CodeIgniter\Boot::bootWeb(Object(Config\Paths))
WARNING - 2025-03-24 09:59:33 --> [DEPRECATED] strtotime(): Passing null to parameter #1 ($datetime) of type string is deprecated in APPPATH\Controllers\AdmissionMaster.php on line 496.
 1 APPPATH\Controllers\AdmissionMaster.php(496): strtotime(null)
 2 SYSTEMPATH\CodeIgniter.php(933): App\Controllers\AdmissionMaster->update()
 3 SYSTEMPATH\CodeIgniter.php(509): CodeIgniter\CodeIgniter->runController(Object(App\Controllers\AdmissionMaster))
 4 SYSTEMPATH\CodeIgniter.php(355): CodeIgniter\CodeIgniter->handleRequest(null, Object(Config\Cache), false)
 5 SYSTEMPATH\Boot.php(325): CodeIgniter\CodeIgniter->run()
 6 SYSTEMPATH\Boot.php(67): CodeIgniter\Boot::runCodeIgniter(Object(CodeIgniter\CodeIgniter))
 7 FCPATH\index.php(56): CodeIgniter\Boot::bootWeb(Object(Config\Paths))
WARNING - 2025-03-24 09:59:33 --> [DEPRECATED] strtotime(): Passing null to parameter #1 ($datetime) of type string is deprecated in APPPATH\Controllers\AdmissionMaster.php on line 497.
 1 APPPATH\Controllers\AdmissionMaster.php(497): strtotime(null)
 2 SYSTEMPATH\CodeIgniter.php(933): App\Controllers\AdmissionMaster->update()
 3 SYSTEMPATH\CodeIgniter.php(509): CodeIgniter\CodeIgniter->runController(Object(App\Controllers\AdmissionMaster))
 4 SYSTEMPATH\CodeIgniter.php(355): CodeIgniter\CodeIgniter->handleRequest(null, Object(Config\Cache), false)
 5 SYSTEMPATH\Boot.php(325): CodeIgniter\CodeIgniter->run()
 6 SYSTEMPATH\Boot.php(67): CodeIgniter\Boot::runCodeIgniter(Object(CodeIgniter\CodeIgniter))
 7 FCPATH\index.php(56): CodeIgniter\Boot::bootWeb(Object(Config\Paths))
INFO - 2025-03-24 09:59:33 --> Session: Class initialized using 'CodeIgniter\Session\Handlers\FileHandler' driver.
INFO - 2025-03-24 09:59:34 --> Session: Class initialized using 'CodeIgniter\Session\Handlers\FileHandler' driver.
WARNING - 2025-03-24 09:59:34 --> [DEPRECATED] strtotime(): Passing null to parameter #1 ($datetime) of type string is deprecated in APPPATH\Views\Admin\Admission\list.php on line 126.
 1 APPPATH\Views\Admin\Admission\list.php(126): strtotime(null)
 2 SYSTEMPATH\View\View.php(234): include('C:\\xampp\\htdocs\\Wolfox\\app\\Views\\Admin\\Admission\\list.php')
 3 SYSTEMPATH\View\View.php(237): CodeIgniter\View\View->CodeIgniter\View\{closure}()
 4 SYSTEMPATH\Common.php(1171): CodeIgniter\View\View->render('/Admin/Admission/list', [], true)
 5 APPPATH\Controllers\AdmissionMaster.php(328): view('/Admin/Admission/list', [...])
 6 SYSTEMPATH\CodeIgniter.php(933): App\Controllers\AdmissionMaster->list()
 7 SYSTEMPATH\CodeIgniter.php(509): CodeIgniter\CodeIgniter->runController(Object(App\Controllers\AdmissionMaster))
 8 SYSTEMPATH\CodeIgniter.php(355): CodeIgniter\CodeIgniter->handleRequest(null, Object(Config\Cache), false)
 9 SYSTEMPATH\Boot.php(325): CodeIgniter\CodeIgniter->run()
10 SYSTEMPATH\Boot.php(67): CodeIgniter\Boot::runCodeIgniter(Object(CodeIgniter\CodeIgniter))
11 FCPATH\index.php(56): CodeIgniter\Boot::bootWeb(Object(Config\Paths))
WARNING - 2025-03-24 09:59:34 --> [DEPRECATED] strtotime(): Passing null to parameter #1 ($datetime) of type string is deprecated in APPPATH\Views\Admin\Admission\list.php on line 332.
 1 APPPATH\Views\Admin\Admission\list.php(332): strtotime(null)
 2 SYSTEMPATH\View\View.php(234): include('C:\\xampp\\htdocs\\Wolfox\\app\\Views\\Admin\\Admission\\list.php')
 3 SYSTEMPATH\View\View.php(237): CodeIgniter\View\View->CodeIgniter\View\{closure}()
 4 SYSTEMPATH\Common.php(1171): CodeIgniter\View\View->render('/Admin/Admission/list', [], true)
 5 APPPATH\Controllers\AdmissionMaster.php(328): view('/Admin/Admission/list', [...])
 6 SYSTEMPATH\CodeIgniter.php(933): App\Controllers\AdmissionMaster->list()
 7 SYSTEMPATH\CodeIgniter.php(509): CodeIgniter\CodeIgniter->runController(Object(App\Controllers\AdmissionMaster))
 8 SYSTEMPATH\CodeIgniter.php(355): CodeIgniter\CodeIgniter->handleRequest(null, Object(Config\Cache), false)
 9 SYSTEMPATH\Boot.php(325): CodeIgniter\CodeIgniter->run()
10 SYSTEMPATH\Boot.php(67): CodeIgniter\Boot::runCodeIgniter(Object(CodeIgniter\CodeIgniter))
11 FCPATH\index.php(56): CodeIgniter\Boot::bootWeb(Object(Config\Paths))
WARNING - 2025-03-24 09:59:34 --> [DEPRECATED] strtotime(): Passing null to parameter #1 ($datetime) of type string is deprecated in APPPATH\Views\Admin\Admission\list.php on line 332.
 1 APPPATH\Views\Admin\Admission\list.php(332): strtotime(null)
 2 SYSTEMPATH\View\View.php(234): include('C:\\xampp\\htdocs\\Wolfox\\app\\Views\\Admin\\Admission\\list.php')
 3 SYSTEMPATH\View\View.php(237): CodeIgniter\View\View->CodeIgniter\View\{closure}()
 4 SYSTEMPATH\Common.php(1171): CodeIgniter\View\View->render('/Admin/Admission/list', [], true)
 5 APPPATH\Controllers\AdmissionMaster.php(328): view('/Admin/Admission/list', [...])
 6 SYSTEMPATH\CodeIgniter.php(933): App\Controllers\AdmissionMaster->list()
 7 SYSTEMPATH\CodeIgniter.php(509): CodeIgniter\CodeIgniter->runController(Object(App\Controllers\AdmissionMaster))
 8 SYSTEMPATH\CodeIgniter.php(355): CodeIgniter\CodeIgniter->handleRequest(null, Object(Config\Cache), false)
 9 SYSTEMPATH\Boot.php(325): CodeIgniter\CodeIgniter->run()
10 SYSTEMPATH\Boot.php(67): CodeIgniter\Boot::runCodeIgniter(Object(CodeIgniter\CodeIgniter))
11 FCPATH\index.php(56): CodeIgniter\Boot::bootWeb(Object(Config\Paths))
INFO - 2025-03-24 10:00:22 --> Session: Class initialized using 'CodeIgniter\Session\Handlers\FileHandler' driver.
INFO - 2025-03-24 10:00:52 --> Session: Class initialized using 'CodeIgniter\Session\Handlers\FileHandler' driver.
INFO - 2025-03-24 10:01:07 --> Session: Class initialized using 'CodeIgniter\Session\Handlers\FileHandler' driver.
INFO - 2025-03-24 10:01:07 --> Session: Class initialized using 'CodeIgniter\Session\Handlers\FileHandler' driver.
INFO - 2025-03-24 10:02:04 --> Session: Class initialized using 'CodeIgniter\Session\Handlers\FileHandler' driver.
INFO - 2025-03-24 10:02:05 --> Session: Class initialized using 'CodeIgniter\Session\Handlers\FileHandler' driver.
INFO - 2025-03-24 10:02:29 --> Session: Class initialized using 'CodeIgniter\Session\Handlers\FileHandler' driver.
INFO - 2025-03-24 10:03:33 --> Session: Class initialized using 'CodeIgniter\Session\Handlers\FileHandler' driver.
INFO - 2025-03-24 10:03:33 --> Session: Class initialized using 'CodeIgniter\Session\Handlers\FileHandler' driver.
INFO - 2025-03-24 10:04:52 --> Session: Class initialized using 'CodeIgniter\Session\Handlers\FileHandler' driver.
INFO - 2025-03-24 10:05:00 --> Session: Class initialized using 'CodeIgniter\Session\Handlers\FileHandler' driver.
INFO - 2025-03-24 10:06:45 --> Session: Class initialized using 'CodeIgniter\Session\Handlers\FileHandler' driver.
INFO - 2025-03-24 10:06:48 --> Session: Class initialized using 'CodeIgniter\Session\Handlers\FileHandler' driver.
INFO - 2025-03-24 10:07:40 --> Session: Class initialized using 'CodeIgniter\Session\Handlers\FileHandler' driver.
INFO - 2025-03-24 10:08:22 --> Session: Class initialized using 'CodeIgniter\Session\Handlers\FileHandler' driver.
INFO - 2025-03-24 10:08:22 --> Session: Class initialized using 'CodeIgniter\Session\Handlers\FileHandler' driver.
INFO - 2025-03-24 10:09:04 --> Session: Class initialized using 'CodeIgniter\Session\Handlers\FileHandler' driver.
INFO - 2025-03-24 10:09:12 --> Session: Class initialized using 'CodeIgniter\Session\Handlers\FileHandler' driver.
INFO - 2025-03-24 10:09:17 --> Session: Class initialized using 'CodeIgniter\Session\Handlers\FileHandler' driver.
INFO - 2025-03-24 10:09:21 --> Session: Class initialized using 'CodeIgniter\Session\Handlers\FileHandler' driver.
INFO - 2025-03-24 10:09:30 --> Session: Class initialized using 'CodeIgniter\Session\Handlers\FileHandler' driver.
INFO - 2025-03-24 10:09:41 --> Session: Class initialized using 'CodeIgniter\Session\Handlers\FileHandler' driver.
INFO - 2025-03-24 10:10:04 --> Session: Class initialized using 'CodeIgniter\Session\Handlers\FileHandler' driver.
INFO - 2025-03-24 10:10:04 --> Session: Class initialized using 'CodeIgniter\Session\Handlers\FileHandler' driver.
INFO - 2025-03-24 10:12:07 --> Session: Class initialized using 'CodeIgniter\Session\Handlers\FileHandler' driver.
INFO - 2025-03-24 10:12:20 --> Session: Class initialized using 'CodeIgniter\Session\Handlers\FileHandler' driver.
WARNING - 2025-03-24 10:12:20 --> [DEPRECATED] strtotime(): Passing null to parameter #1 ($datetime) of type string is deprecated in APPPATH\Views\Admin\Admission\list.php on line 126.
 1 APPPATH\Views\Admin\Admission\list.php(126): strtotime(null)
 2 SYSTEMPATH\View\View.php(234): include('C:\\xampp\\htdocs\\Wolfox\\app\\Views\\Admin\\Admission\\list.php')
 3 SYSTEMPATH\View\View.php(237): CodeIgniter\View\View->CodeIgniter\View\{closure}()
 4 SYSTEMPATH\Common.php(1171): CodeIgniter\View\View->render('/Admin/Admission/list', [], true)
 5 APPPATH\Controllers\AdmissionMaster.php(328): view('/Admin/Admission/list', [...])
 6 SYSTEMPATH\CodeIgniter.php(933): App\Controllers\AdmissionMaster->list()
 7 SYSTEMPATH\CodeIgniter.php(509): CodeIgniter\CodeIgniter->runController(Object(App\Controllers\AdmissionMaster))
 8 SYSTEMPATH\CodeIgniter.php(355): CodeIgniter\CodeIgniter->handleRequest(null, Object(Config\Cache), false)
 9 SYSTEMPATH\Boot.php(325): CodeIgniter\CodeIgniter->run()
10 SYSTEMPATH\Boot.php(67): CodeIgniter\Boot::runCodeIgniter(Object(CodeIgniter\CodeIgniter))
11 FCPATH\index.php(56): CodeIgniter\Boot::bootWeb(Object(Config\Paths))
WARNING - 2025-03-24 10:12:20 --> [DEPRECATED] strtotime(): Passing null to parameter #1 ($datetime) of type string is deprecated in APPPATH\Views\Admin\Admission\list.php on line 332.
 1 APPPATH\Views\Admin\Admission\list.php(332): strtotime(null)
 2 SYSTEMPATH\View\View.php(234): include('C:\\xampp\\htdocs\\Wolfox\\app\\Views\\Admin\\Admission\\list.php')
 3 SYSTEMPATH\View\View.php(237): CodeIgniter\View\View->CodeIgniter\View\{closure}()
 4 SYSTEMPATH\Common.php(1171): CodeIgniter\View\View->render('/Admin/Admission/list', [], true)
 5 APPPATH\Controllers\AdmissionMaster.php(328): view('/Admin/Admission/list', [...])
 6 SYSTEMPATH\CodeIgniter.php(933): App\Controllers\AdmissionMaster->list()
 7 SYSTEMPATH\CodeIgniter.php(509): CodeIgniter\CodeIgniter->runController(Object(App\Controllers\AdmissionMaster))
 8 SYSTEMPATH\CodeIgniter.php(355): CodeIgniter\CodeIgniter->handleRequest(null, Object(Config\Cache), false)
 9 SYSTEMPATH\Boot.php(325): CodeIgniter\CodeIgniter->run()
10 SYSTEMPATH\Boot.php(67): CodeIgniter\Boot::runCodeIgniter(Object(CodeIgniter\CodeIgniter))
11 FCPATH\index.php(56): CodeIgniter\Boot::bootWeb(Object(Config\Paths))
WARNING - 2025-03-24 10:12:20 --> [DEPRECATED] strtotime(): Passing null to parameter #1 ($datetime) of type string is deprecated in APPPATH\Views\Admin\Admission\list.php on line 332.
 1 APPPATH\Views\Admin\Admission\list.php(332): strtotime(null)
 2 SYSTEMPATH\View\View.php(234): include('C:\\xampp\\htdocs\\Wolfox\\app\\Views\\Admin\\Admission\\list.php')
 3 SYSTEMPATH\View\View.php(237): CodeIgniter\View\View->CodeIgniter\View\{closure}()
 4 SYSTEMPATH\Common.php(1171): CodeIgniter\View\View->render('/Admin/Admission/list', [], true)
 5 APPPATH\Controllers\AdmissionMaster.php(328): view('/Admin/Admission/list', [...])
 6 SYSTEMPATH\CodeIgniter.php(933): App\Controllers\AdmissionMaster->list()
 7 SYSTEMPATH\CodeIgniter.php(509): CodeIgniter\CodeIgniter->runController(Object(App\Controllers\AdmissionMaster))
 8 SYSTEMPATH\CodeIgniter.php(355): CodeIgniter\CodeIgniter->handleRequest(null, Object(Config\Cache), false)
 9 SYSTEMPATH\Boot.php(325): CodeIgniter\CodeIgniter->run()
10 SYSTEMPATH\Boot.php(67): CodeIgniter\Boot::runCodeIgniter(Object(CodeIgniter\CodeIgniter))
11 FCPATH\index.php(56): CodeIgniter\Boot::bootWeb(Object(Config\Paths))
INFO - 2025-03-24 10:12:42 --> Session: Class initialized using 'CodeIgniter\Session\Handlers\FileHandler' driver.
INFO - 2025-03-24 10:12:42 --> Session: Class initialized using 'CodeIgniter\Session\Handlers\FileHandler' driver.
INFO - 2025-03-24 10:13:24 --> Session: Class initialized using 'CodeIgniter\Session\Handlers\FileHandler' driver.
INFO - 2025-03-24 10:13:28 --> Session: Class initialized using 'CodeIgniter\Session\Handlers\FileHandler' driver.
INFO - 2025-03-24 10:13:46 --> Session: Class initialized using 'CodeIgniter\Session\Handlers\FileHandler' driver.
INFO - 2025-03-24 10:13:46 --> Session: Class initialized using 'CodeIgniter\Session\Handlers\FileHandler' driver.
INFO - 2025-03-24 10:13:55 --> Session: Class initialized using 'CodeIgniter\Session\Handlers\FileHandler' driver.
WARNING - 2025-03-24 10:13:55 --> [DEPRECATED] strtotime(): Passing null to parameter #1 ($datetime) of type string is deprecated in APPPATH\Views\Admin\Admission\list.php on line 126.
 1 APPPATH\Views\Admin\Admission\list.php(126): strtotime(null)
 2 SYSTEMPATH\View\View.php(234): include('C:\\xampp\\htdocs\\Wolfox\\app\\Views\\Admin\\Admission\\list.php')
 3 SYSTEMPATH\View\View.php(237): CodeIgniter\View\View->CodeIgniter\View\{closure}()
 4 SYSTEMPATH\Common.php(1171): CodeIgniter\View\View->render('/Admin/Admission/list', [], true)
 5 APPPATH\Controllers\AdmissionMaster.php(328): view('/Admin/Admission/list', [...])
 6 SYSTEMPATH\CodeIgniter.php(933): App\Controllers\AdmissionMaster->list()
 7 SYSTEMPATH\CodeIgniter.php(509): CodeIgniter\CodeIgniter->runController(Object(App\Controllers\AdmissionMaster))
 8 SYSTEMPATH\CodeIgniter.php(355): CodeIgniter\CodeIgniter->handleRequest(null, Object(Config\Cache), false)
 9 SYSTEMPATH\Boot.php(325): CodeIgniter\CodeIgniter->run()
10 SYSTEMPATH\Boot.php(67): CodeIgniter\Boot::runCodeIgniter(Object(CodeIgniter\CodeIgniter))
11 FCPATH\index.php(56): CodeIgniter\Boot::bootWeb(Object(Config\Paths))
WARNING - 2025-03-24 10:13:55 --> [DEPRECATED] strtotime(): Passing null to parameter #1 ($datetime) of type string is deprecated in APPPATH\Views\Admin\Admission\list.php on line 332.
 1 APPPATH\Views\Admin\Admission\list.php(332): strtotime(null)
 2 SYSTEMPATH\View\View.php(234): include('C:\\xampp\\htdocs\\Wolfox\\app\\Views\\Admin\\Admission\\list.php')
 3 SYSTEMPATH\View\View.php(237): CodeIgniter\View\View->CodeIgniter\View\{closure}()
 4 SYSTEMPATH\Common.php(1171): CodeIgniter\View\View->render('/Admin/Admission/list', [], true)
 5 APPPATH\Controllers\AdmissionMaster.php(328): view('/Admin/Admission/list', [...])
 6 SYSTEMPATH\CodeIgniter.php(933): App\Controllers\AdmissionMaster->list()
 7 SYSTEMPATH\CodeIgniter.php(509): CodeIgniter\CodeIgniter->runController(Object(App\Controllers\AdmissionMaster))
 8 SYSTEMPATH\CodeIgniter.php(355): CodeIgniter\CodeIgniter->handleRequest(null, Object(Config\Cache), false)
 9 SYSTEMPATH\Boot.php(325): CodeIgniter\CodeIgniter->run()
10 SYSTEMPATH\Boot.php(67): CodeIgniter\Boot::runCodeIgniter(Object(CodeIgniter\CodeIgniter))
11 FCPATH\index.php(56): CodeIgniter\Boot::bootWeb(Object(Config\Paths))
WARNING - 2025-03-24 10:13:55 --> [DEPRECATED] strtotime(): Passing null to parameter #1 ($datetime) of type string is deprecated in APPPATH\Views\Admin\Admission\list.php on line 332.
 1 APPPATH\Views\Admin\Admission\list.php(332): strtotime(null)
 2 SYSTEMPATH\View\View.php(234): include('C:\\xampp\\htdocs\\Wolfox\\app\\Views\\Admin\\Admission\\list.php')
 3 SYSTEMPATH\View\View.php(237): CodeIgniter\View\View->CodeIgniter\View\{closure}()
 4 SYSTEMPATH\Common.php(1171): CodeIgniter\View\View->render('/Admin/Admission/list', [], true)
 5 APPPATH\Controllers\AdmissionMaster.php(328): view('/Admin/Admission/list', [...])
 6 SYSTEMPATH\CodeIgniter.php(933): App\Controllers\AdmissionMaster->list()
 7 SYSTEMPATH\CodeIgniter.php(509): CodeIgniter\CodeIgniter->runController(Object(App\Controllers\AdmissionMaster))
 8 SYSTEMPATH\CodeIgniter.php(355): CodeIgniter\CodeIgniter->handleRequest(null, Object(Config\Cache), false)
 9 SYSTEMPATH\Boot.php(325): CodeIgniter\CodeIgniter->run()
10 SYSTEMPATH\Boot.php(67): CodeIgniter\Boot::runCodeIgniter(Object(CodeIgniter\CodeIgniter))
11 FCPATH\index.php(56): CodeIgniter\Boot::bootWeb(Object(Config\Paths))
INFO - 2025-03-24 10:14:23 --> Session: Class initialized using 'CodeIgniter\Session\Handlers\FileHandler' driver.
WARNING - 2025-03-24 10:14:23 --> [DEPRECATED] strtotime(): Passing null to parameter #1 ($datetime) of type string is deprecated in APPPATH\Views\Admin\Admission\list.php on line 126.
 1 APPPATH\Views\Admin\Admission\list.php(126): strtotime(null)
 2 SYSTEMPATH\View\View.php(234): include('C:\\xampp\\htdocs\\Wolfox\\app\\Views\\Admin\\Admission\\list.php')
 3 SYSTEMPATH\View\View.php(237): CodeIgniter\View\View->CodeIgniter\View\{closure}()
 4 SYSTEMPATH\Common.php(1171): CodeIgniter\View\View->render('/Admin/Admission/list', [], true)
 5 APPPATH\Controllers\AdmissionMaster.php(328): view('/Admin/Admission/list', [...])
 6 SYSTEMPATH\CodeIgniter.php(933): App\Controllers\AdmissionMaster->list()
 7 SYSTEMPATH\CodeIgniter.php(509): CodeIgniter\CodeIgniter->runController(Object(App\Controllers\AdmissionMaster))
 8 SYSTEMPATH\CodeIgniter.php(355): CodeIgniter\CodeIgniter->handleRequest(null, Object(Config\Cache), false)
 9 SYSTEMPATH\Boot.php(325): CodeIgniter\CodeIgniter->run()
10 SYSTEMPATH\Boot.php(67): CodeIgniter\Boot::runCodeIgniter(Object(CodeIgniter\CodeIgniter))
11 FCPATH\index.php(56): CodeIgniter\Boot::bootWeb(Object(Config\Paths))
WARNING - 2025-03-24 10:14:23 --> [DEPRECATED] strtotime(): Passing null to parameter #1 ($datetime) of type string is deprecated in APPPATH\Views\Admin\Admission\list.php on line 332.
 1 APPPATH\Views\Admin\Admission\list.php(332): strtotime(null)
 2 SYSTEMPATH\View\View.php(234): include('C:\\xampp\\htdocs\\Wolfox\\app\\Views\\Admin\\Admission\\list.php')
 3 SYSTEMPATH\View\View.php(237): CodeIgniter\View\View->CodeIgniter\View\{closure}()
 4 SYSTEMPATH\Common.php(1171): CodeIgniter\View\View->render('/Admin/Admission/list', [], true)
 5 APPPATH\Controllers\AdmissionMaster.php(328): view('/Admin/Admission/list', [...])
 6 SYSTEMPATH\CodeIgniter.php(933): App\Controllers\AdmissionMaster->list()
 7 SYSTEMPATH\CodeIgniter.php(509): CodeIgniter\CodeIgniter->runController(Object(App\Controllers\AdmissionMaster))
 8 SYSTEMPATH\CodeIgniter.php(355): CodeIgniter\CodeIgniter->handleRequest(null, Object(Config\Cache), false)
 9 SYSTEMPATH\Boot.php(325): CodeIgniter\CodeIgniter->run()
10 SYSTEMPATH\Boot.php(67): CodeIgniter\Boot::runCodeIgniter(Object(CodeIgniter\CodeIgniter))
11 FCPATH\index.php(56): CodeIgniter\Boot::bootWeb(Object(Config\Paths))
WARNING - 2025-03-24 10:14:23 --> [DEPRECATED] strtotime(): Passing null to parameter #1 ($datetime) of type string is deprecated in APPPATH\Views\Admin\Admission\list.php on line 332.
 1 APPPATH\Views\Admin\Admission\list.php(332): strtotime(null)
 2 SYSTEMPATH\View\View.php(234): include('C:\\xampp\\htdocs\\Wolfox\\app\\Views\\Admin\\Admission\\list.php')
 3 SYSTEMPATH\View\View.php(237): CodeIgniter\View\View->CodeIgniter\View\{closure}()
 4 SYSTEMPATH\Common.php(1171): CodeIgniter\View\View->render('/Admin/Admission/list', [], true)
 5 APPPATH\Controllers\AdmissionMaster.php(328): view('/Admin/Admission/list', [...])
 6 SYSTEMPATH\CodeIgniter.php(933): App\Controllers\AdmissionMaster->list()
 7 SYSTEMPATH\CodeIgniter.php(509): CodeIgniter\CodeIgniter->runController(Object(App\Controllers\AdmissionMaster))
 8 SYSTEMPATH\CodeIgniter.php(355): CodeIgniter\CodeIgniter->handleRequest(null, Object(Config\Cache), false)
 9 SYSTEMPATH\Boot.php(325): CodeIgniter\CodeIgniter->run()
10 SYSTEMPATH\Boot.php(67): CodeIgniter\Boot::runCodeIgniter(Object(CodeIgniter\CodeIgniter))
11 FCPATH\index.php(56): CodeIgniter\Boot::bootWeb(Object(Config\Paths))
INFO - 2025-03-24 10:14:28 --> Session: Class initialized using 'CodeIgniter\Session\Handlers\FileHandler' driver.
INFO - 2025-03-24 10:14:29 --> Session: Class initialized using 'CodeIgniter\Session\Handlers\FileHandler' driver.
WARNING - 2025-03-24 10:14:29 --> [DEPRECATED] strtotime(): Passing null to parameter #1 ($datetime) of type string is deprecated in APPPATH\Views\Admin\Admission\list.php on line 126.
 1 APPPATH\Views\Admin\Admission\list.php(126): strtotime(null)
 2 SYSTEMPATH\View\View.php(234): include('C:\\xampp\\htdocs\\Wolfox\\app\\Views\\Admin\\Admission\\list.php')
 3 SYSTEMPATH\View\View.php(237): CodeIgniter\View\View->CodeIgniter\View\{closure}()
 4 SYSTEMPATH\Common.php(1171): CodeIgniter\View\View->render('/Admin/Admission/list', [], true)
 5 APPPATH\Controllers\AdmissionMaster.php(328): view('/Admin/Admission/list', [...])
 6 SYSTEMPATH\CodeIgniter.php(933): App\Controllers\AdmissionMaster->list()
 7 SYSTEMPATH\CodeIgniter.php(509): CodeIgniter\CodeIgniter->runController(Object(App\Controllers\AdmissionMaster))
 8 SYSTEMPATH\CodeIgniter.php(355): CodeIgniter\CodeIgniter->handleRequest(null, Object(Config\Cache), false)
 9 SYSTEMPATH\Boot.php(325): CodeIgniter\CodeIgniter->run()
10 SYSTEMPATH\Boot.php(67): CodeIgniter\Boot::runCodeIgniter(Object(CodeIgniter\CodeIgniter))
11 FCPATH\index.php(56): CodeIgniter\Boot::bootWeb(Object(Config\Paths))
WARNING - 2025-03-24 10:14:29 --> [DEPRECATED] strtotime(): Passing null to parameter #1 ($datetime) of type string is deprecated in APPPATH\Views\Admin\Admission\list.php on line 332.
 1 APPPATH\Views\Admin\Admission\list.php(332): strtotime(null)
 2 SYSTEMPATH\View\View.php(234): include('C:\\xampp\\htdocs\\Wolfox\\app\\Views\\Admin\\Admission\\list.php')
 3 SYSTEMPATH\View\View.php(237): CodeIgniter\View\View->CodeIgniter\View\{closure}()
 4 SYSTEMPATH\Common.php(1171): CodeIgniter\View\View->render('/Admin/Admission/list', [], true)
 5 APPPATH\Controllers\AdmissionMaster.php(328): view('/Admin/Admission/list', [...])
 6 SYSTEMPATH\CodeIgniter.php(933): App\Controllers\AdmissionMaster->list()
 7 SYSTEMPATH\CodeIgniter.php(509): CodeIgniter\CodeIgniter->runController(Object(App\Controllers\AdmissionMaster))
 8 SYSTEMPATH\CodeIgniter.php(355): CodeIgniter\CodeIgniter->handleRequest(null, Object(Config\Cache), false)
 9 SYSTEMPATH\Boot.php(325): CodeIgniter\CodeIgniter->run()
10 SYSTEMPATH\Boot.php(67): CodeIgniter\Boot::runCodeIgniter(Object(CodeIgniter\CodeIgniter))
11 FCPATH\index.php(56): CodeIgniter\Boot::bootWeb(Object(Config\Paths))
WARNING - 2025-03-24 10:14:29 --> [DEPRECATED] strtotime(): Passing null to parameter #1 ($datetime) of type string is deprecated in APPPATH\Views\Admin\Admission\list.php on line 332.
 1 APPPATH\Views\Admin\Admission\list.php(332): strtotime(null)
 2 SYSTEMPATH\View\View.php(234): include('C:\\xampp\\htdocs\\Wolfox\\app\\Views\\Admin\\Admission\\list.php')
 3 SYSTEMPATH\View\View.php(237): CodeIgniter\View\View->CodeIgniter\View\{closure}()
 4 SYSTEMPATH\Common.php(1171): CodeIgniter\View\View->render('/Admin/Admission/list', [], true)
 5 APPPATH\Controllers\AdmissionMaster.php(328): view('/Admin/Admission/list', [...])
 6 SYSTEMPATH\CodeIgniter.php(933): App\Controllers\AdmissionMaster->list()
 7 SYSTEMPATH\CodeIgniter.php(509): CodeIgniter\CodeIgniter->runController(Object(App\Controllers\AdmissionMaster))
 8 SYSTEMPATH\CodeIgniter.php(355): CodeIgniter\CodeIgniter->handleRequest(null, Object(Config\Cache), false)
 9 SYSTEMPATH\Boot.php(325): CodeIgniter\CodeIgniter->run()
10 SYSTEMPATH\Boot.php(67): CodeIgniter\Boot::runCodeIgniter(Object(CodeIgniter\CodeIgniter))
11 FCPATH\index.php(56): CodeIgniter\Boot::bootWeb(Object(Config\Paths))
INFO - 2025-03-24 10:14:46 --> Session: Class initialized using 'CodeIgniter\Session\Handlers\FileHandler' driver.
INFO - 2025-03-24 10:15:03 --> Session: Class initialized using 'CodeIgniter\Session\Handlers\FileHandler' driver.
WARNING - 2025-03-24 10:15:03 --> [DEPRECATED] strtotime(): Passing null to parameter #1 ($datetime) of type string is deprecated in APPPATH\Views\Admin\Admission\edit.php on line 191.
 1 APPPATH\Views\Admin\Admission\edit.php(191): strtotime(null)
 2 SYSTEMPATH\View\View.php(234): include('C:\\xampp\\htdocs\\Wolfox\\app\\Views\\Admin\\Admission\\edit.php')
 3 SYSTEMPATH\View\View.php(237): CodeIgniter\View\View->CodeIgniter\View\{closure}()
 4 SYSTEMPATH\Common.php(1171): CodeIgniter\View\View->render('/Admin/Admission/edit', [], true)
 5 APPPATH\Controllers\AdmissionMaster.php(358): view('/Admin/Admission/edit', [...])
 6 SYSTEMPATH\CodeIgniter.php(933): App\Controllers\AdmissionMaster->edit('7')
 7 SYSTEMPATH\CodeIgniter.php(509): CodeIgniter\CodeIgniter->runController(Object(App\Controllers\AdmissionMaster))
 8 SYSTEMPATH\CodeIgniter.php(355): CodeIgniter\CodeIgniter->handleRequest(null, Object(Config\Cache), false)
 9 SYSTEMPATH\Boot.php(325): CodeIgniter\CodeIgniter->run()
10 SYSTEMPATH\Boot.php(67): CodeIgniter\Boot::runCodeIgniter(Object(CodeIgniter\CodeIgniter))
11 FCPATH\index.php(56): CodeIgniter\Boot::bootWeb(Object(Config\Paths))
WARNING - 2025-03-24 10:15:03 --> [DEPRECATED] strtotime(): Passing null to parameter #1 ($datetime) of type string is deprecated in APPPATH\Views\Admin\Admission\edit.php on line 191.
 1 APPPATH\Views\Admin\Admission\edit.php(191): strtotime(null)
 2 SYSTEMPATH\View\View.php(234): include('C:\\xampp\\htdocs\\Wolfox\\app\\Views\\Admin\\Admission\\edit.php')
 3 SYSTEMPATH\View\View.php(237): CodeIgniter\View\View->CodeIgniter\View\{closure}()
 4 SYSTEMPATH\Common.php(1171): CodeIgniter\View\View->render('/Admin/Admission/edit', [], true)
 5 APPPATH\Controllers\AdmissionMaster.php(358): view('/Admin/Admission/edit', [...])
 6 SYSTEMPATH\CodeIgniter.php(933): App\Controllers\AdmissionMaster->edit('7')
 7 SYSTEMPATH\CodeIgniter.php(509): CodeIgniter\CodeIgniter->runController(Object(App\Controllers\AdmissionMaster))
 8 SYSTEMPATH\CodeIgniter.php(355): CodeIgniter\CodeIgniter->handleRequest(null, Object(Config\Cache), false)
 9 SYSTEMPATH\Boot.php(325): CodeIgniter\CodeIgniter->run()
10 SYSTEMPATH\Boot.php(67): CodeIgniter\Boot::runCodeIgniter(Object(CodeIgniter\CodeIgniter))
11 FCPATH\index.php(56): CodeIgniter\Boot::bootWeb(Object(Config\Paths))
INFO - 2025-03-24 10:15:12 --> Session: Class initialized using 'CodeIgniter\Session\Handlers\FileHandler' driver.
INFO - 2025-03-24 10:15:21 --> Session: Class initialized using 'CodeIgniter\Session\Handlers\FileHandler' driver.
INFO - 2025-03-24 10:15:21 --> Session: Class initialized using 'CodeIgniter\Session\Handlers\FileHandler' driver.
WARNING - 2025-03-24 10:15:21 --> [DEPRECATED] strtotime(): Passing null to parameter #1 ($datetime) of type string is deprecated in APPPATH\Views\Admin\Admission\list.php on line 126.
 1 APPPATH\Views\Admin\Admission\list.php(126): strtotime(null)
 2 SYSTEMPATH\View\View.php(234): include('C:\\xampp\\htdocs\\Wolfox\\app\\Views\\Admin\\Admission\\list.php')
 3 SYSTEMPATH\View\View.php(237): CodeIgniter\View\View->CodeIgniter\View\{closure}()
 4 SYSTEMPATH\Common.php(1171): CodeIgniter\View\View->render('/Admin/Admission/list', [], true)
 5 APPPATH\Controllers\AdmissionMaster.php(328): view('/Admin/Admission/list', [...])
 6 SYSTEMPATH\CodeIgniter.php(933): App\Controllers\AdmissionMaster->list()
 7 SYSTEMPATH\CodeIgniter.php(509): CodeIgniter\CodeIgniter->runController(Object(App\Controllers\AdmissionMaster))
 8 SYSTEMPATH\CodeIgniter.php(355): CodeIgniter\CodeIgniter->handleRequest(null, Object(Config\Cache), false)
 9 SYSTEMPATH\Boot.php(325): CodeIgniter\CodeIgniter->run()
10 SYSTEMPATH\Boot.php(67): CodeIgniter\Boot::runCodeIgniter(Object(CodeIgniter\CodeIgniter))
11 FCPATH\index.php(56): CodeIgniter\Boot::bootWeb(Object(Config\Paths))
WARNING - 2025-03-24 10:15:21 --> [DEPRECATED] strtotime(): Passing null to parameter #1 ($datetime) of type string is deprecated in APPPATH\Views\Admin\Admission\list.php on line 332.
 1 APPPATH\Views\Admin\Admission\list.php(332): strtotime(null)
 2 SYSTEMPATH\View\View.php(234): include('C:\\xampp\\htdocs\\Wolfox\\app\\Views\\Admin\\Admission\\list.php')
 3 SYSTEMPATH\View\View.php(237): CodeIgniter\View\View->CodeIgniter\View\{closure}()
 4 SYSTEMPATH\Common.php(1171): CodeIgniter\View\View->render('/Admin/Admission/list', [], true)
 5 APPPATH\Controllers\AdmissionMaster.php(328): view('/Admin/Admission/list', [...])
 6 SYSTEMPATH\CodeIgniter.php(933): App\Controllers\AdmissionMaster->list()
 7 SYSTEMPATH\CodeIgniter.php(509): CodeIgniter\CodeIgniter->runController(Object(App\Controllers\AdmissionMaster))
 8 SYSTEMPATH\CodeIgniter.php(355): CodeIgniter\CodeIgniter->handleRequest(null, Object(Config\Cache), false)
 9 SYSTEMPATH\Boot.php(325): CodeIgniter\CodeIgniter->run()
10 SYSTEMPATH\Boot.php(67): CodeIgniter\Boot::runCodeIgniter(Object(CodeIgniter\CodeIgniter))
11 FCPATH\index.php(56): CodeIgniter\Boot::bootWeb(Object(Config\Paths))
WARNING - 2025-03-24 10:15:21 --> [DEPRECATED] strtotime(): Passing null to parameter #1 ($datetime) of type string is deprecated in APPPATH\Views\Admin\Admission\list.php on line 332.
 1 APPPATH\Views\Admin\Admission\list.php(332): strtotime(null)
 2 SYSTEMPATH\View\View.php(234): include('C:\\xampp\\htdocs\\Wolfox\\app\\Views\\Admin\\Admission\\list.php')
 3 SYSTEMPATH\View\View.php(237): CodeIgniter\View\View->CodeIgniter\View\{closure}()
 4 SYSTEMPATH\Common.php(1171): CodeIgniter\View\View->render('/Admin/Admission/list', [], true)
 5 APPPATH\Controllers\AdmissionMaster.php(328): view('/Admin/Admission/list', [...])
 6 SYSTEMPATH\CodeIgniter.php(933): App\Controllers\AdmissionMaster->list()
 7 SYSTEMPATH\CodeIgniter.php(509): CodeIgniter\CodeIgniter->runController(Object(App\Controllers\AdmissionMaster))
 8 SYSTEMPATH\CodeIgniter.php(355): CodeIgniter\CodeIgniter->handleRequest(null, Object(Config\Cache), false)
 9 SYSTEMPATH\Boot.php(325): CodeIgniter\CodeIgniter->run()
10 SYSTEMPATH\Boot.php(67): CodeIgniter\Boot::runCodeIgniter(Object(CodeIgniter\CodeIgniter))
11 FCPATH\index.php(56): CodeIgniter\Boot::bootWeb(Object(Config\Paths))
INFO - 2025-03-24 10:15:25 --> Session: Class initialized using 'CodeIgniter\Session\Handlers\FileHandler' driver.
INFO - 2025-03-24 10:15:28 --> Session: Class initialized using 'CodeIgniter\Session\Handlers\FileHandler' driver.
INFO - 2025-03-24 10:17:02 --> Session: Class initialized using 'CodeIgniter\Session\Handlers\FileHandler' driver.
INFO - 2025-03-24 10:17:06 --> Session: Class initialized using 'CodeIgniter\Session\Handlers\FileHandler' driver.
INFO - 2025-03-24 10:17:16 --> Session: Class initialized using 'CodeIgniter\Session\Handlers\FileHandler' driver.
INFO - 2025-03-24 10:17:25 --> Session: Class initialized using 'CodeIgniter\Session\Handlers\FileHandler' driver.
INFO - 2025-03-24 10:18:24 --> Session: Class initialized using 'CodeIgniter\Session\Handlers\FileHandler' driver.
INFO - 2025-03-24 10:18:50 --> Session: Class initialized using 'CodeIgniter\Session\Handlers\FileHandler' driver.
INFO - 2025-03-24 10:18:50 --> Session: Class initialized using 'CodeIgniter\Session\Handlers\FileHandler' driver.
INFO - 2025-03-24 10:19:17 --> Session: Class initialized using 'CodeIgniter\Session\Handlers\FileHandler' driver.
INFO - 2025-03-24 10:19:27 --> Session: Class initialized using 'CodeIgniter\Session\Handlers\FileHandler' driver.
INFO - 2025-03-24 10:19:31 --> Session: Class initialized using 'CodeIgniter\Session\Handlers\FileHandler' driver.
INFO - 2025-03-24 10:19:52 --> Session: Class initialized using 'CodeIgniter\Session\Handlers\FileHandler' driver.
INFO - 2025-03-24 10:20:32 --> Session: Class initialized using 'CodeIgniter\Session\Handlers\FileHandler' driver.
INFO - 2025-03-24 10:20:32 --> Session: Class initialized using 'CodeIgniter\Session\Handlers\FileHandler' driver.
INFO - 2025-03-24 10:20:38 --> Session: Class initialized using 'CodeIgniter\Session\Handlers\FileHandler' driver.
INFO - 2025-03-24 10:20:49 --> Session: Class initialized using 'CodeIgniter\Session\Handlers\FileHandler' driver.
INFO - 2025-03-24 10:21:38 --> Session: Class initialized using 'CodeIgniter\Session\Handlers\FileHandler' driver.
INFO - 2025-03-24 10:21:52 --> Session: Class initialized using 'CodeIgniter\Session\Handlers\FileHandler' driver.
INFO - 2025-03-24 10:22:34 --> Session: Class initialized using 'CodeIgniter\Session\Handlers\FileHandler' driver.
INFO - 2025-03-24 10:22:56 --> Session: Class initialized using 'CodeIgniter\Session\Handlers\FileHandler' driver.
INFO - 2025-03-24 10:23:32 --> Session: Class initialized using 'CodeIgniter\Session\Handlers\FileHandler' driver.
INFO - 2025-03-24 10:23:35 --> Session: Class initialized using 'CodeIgniter\Session\Handlers\FileHandler' driver.
INFO - 2025-03-24 10:24:14 --> Session: Class initialized using 'CodeIgniter\Session\Handlers\FileHandler' driver.
INFO - 2025-03-24 10:24:14 --> Session: Class initialized using 'CodeIgniter\Session\Handlers\FileHandler' driver.
INFO - 2025-03-24 10:25:33 --> Session: Class initialized using 'CodeIgniter\Session\Handlers\FileHandler' driver.
INFO - 2025-03-24 10:25:33 --> Session: Class initialized using 'CodeIgniter\Session\Handlers\FileHandler' driver.
INFO - 2025-03-24 10:25:54 --> Session: Class initialized using 'CodeIgniter\Session\Handlers\FileHandler' driver.
INFO - 2025-03-24 10:25:54 --> Session: Class initialized using 'CodeIgniter\Session\Handlers\FileHandler' driver.
INFO - 2025-03-24 10:26:09 --> Session: Class initialized using 'CodeIgniter\Session\Handlers\FileHandler' driver.
INFO - 2025-03-24 10:26:10 --> Session: Class initialized using 'CodeIgniter\Session\Handlers\FileHandler' driver.
INFO - 2025-03-24 10:26:44 --> Session: Class initialized using 'CodeIgniter\Session\Handlers\FileHandler' driver.
INFO - 2025-03-24 10:26:48 --> Session: Class initialized using 'CodeIgniter\Session\Handlers\FileHandler' driver.
WARNING - 2025-03-24 10:26:48 --> [DEPRECATED] strtotime(): Passing null to parameter #1 ($datetime) of type string is deprecated in APPPATH\Views\Admin\StarWeek\starweek.php on line 43.
 1 APPPATH\Views\Admin\StarWeek\starweek.php(43): strtotime(null)
 2 SYSTEMPATH\View\View.php(234): include('C:\\xampp\\htdocs\\Wolfox\\app\\Views\\Admin\\StarWeek\\starweek.php')
 3 SYSTEMPATH\View\View.php(237): CodeIgniter\View\View->CodeIgniter\View\{closure}()
 4 SYSTEMPATH\Common.php(1171): CodeIgniter\View\View->render('/Admin/StarWeek/starweek', [], true)
 5 APPPATH\Controllers\StarofWeek.php(18): view('/Admin/StarWeek/starweek', [...])
 6 SYSTEMPATH\CodeIgniter.php(933): App\Controllers\StarofWeek->add()
 7 SYSTEMPATH\CodeIgniter.php(509): CodeIgniter\CodeIgniter->runController(Object(App\Controllers\StarofWeek))
 8 SYSTEMPATH\CodeIgniter.php(355): CodeIgniter\CodeIgniter->handleRequest(null, Object(Config\Cache), false)
 9 SYSTEMPATH\Boot.php(325): CodeIgniter\CodeIgniter->run()
10 SYSTEMPATH\Boot.php(67): CodeIgniter\Boot::runCodeIgniter(Object(CodeIgniter\CodeIgniter))
11 FCPATH\index.php(56): CodeIgniter\Boot::bootWeb(Object(Config\Paths))
WARNING - 2025-03-24 10:26:48 --> [DEPRECATED] strtotime(): Passing null to parameter #1 ($datetime) of type string is deprecated in APPPATH\Views\Admin\StarWeek\starweek.php on line 43.
 1 APPPATH\Views\Admin\StarWeek\starweek.php(43): strtotime(null)
 2 SYSTEMPATH\View\View.php(234): include('C:\\xampp\\htdocs\\Wolfox\\app\\Views\\Admin\\StarWeek\\starweek.php')
 3 SYSTEMPATH\View\View.php(237): CodeIgniter\View\View->CodeIgniter\View\{closure}()
 4 SYSTEMPATH\Common.php(1171): CodeIgniter\View\View->render('/Admin/StarWeek/starweek', [], true)
 5 APPPATH\Controllers\StarofWeek.php(18): view('/Admin/StarWeek/starweek', [...])
 6 SYSTEMPATH\CodeIgniter.php(933): App\Controllers\StarofWeek->add()
 7 SYSTEMPATH\CodeIgniter.php(509): CodeIgniter\CodeIgniter->runController(Object(App\Controllers\StarofWeek))
 8 SYSTEMPATH\CodeIgniter.php(355): CodeIgniter\CodeIgniter->handleRequest(null, Object(Config\Cache), false)
 9 SYSTEMPATH\Boot.php(325): CodeIgniter\CodeIgniter->run()
10 SYSTEMPATH\Boot.php(67): CodeIgniter\Boot::runCodeIgniter(Object(CodeIgniter\CodeIgniter))
11 FCPATH\index.php(56): CodeIgniter\Boot::bootWeb(Object(Config\Paths))
INFO - 2025-03-24 10:28:27 --> Session: Class initialized using 'CodeIgniter\Session\Handlers\FileHandler' driver.
INFO - 2025-03-24 10:28:27 --> Session: Class initialized using 'CodeIgniter\Session\Handlers\FileHandler' driver.
INFO - 2025-03-24 10:28:43 --> Session: Class initialized using 'CodeIgniter\Session\Handlers\FileHandler' driver.
INFO - 2025-03-24 10:29:33 --> Session: Class initialized using 'CodeIgniter\Session\Handlers\FileHandler' driver.
INFO - 2025-03-24 10:32:50 --> Session: Class initialized using 'CodeIgniter\Session\Handlers\FileHandler' driver.
INFO - 2025-03-24 10:33:33 --> Session: Class initialized using 'CodeIgniter\Session\Handlers\FileHandler' driver.
INFO - 2025-03-24 10:37:54 --> Session: Class initialized using 'CodeIgniter\Session\Handlers\FileHandler' driver.
INFO - 2025-03-24 10:39:22 --> Session: Class initialized using 'CodeIgniter\Session\Handlers\FileHandler' driver.
INFO - 2025-03-24 10:39:26 --> Session: Class initialized using 'CodeIgniter\Session\Handlers\FileHandler' driver.
INFO - 2025-03-24 10:39:27 --> Session: Class initialized using 'CodeIgniter\Session\Handlers\FileHandler' driver.
INFO - 2025-03-24 10:39:28 --> Session: Class initialized using 'CodeIgniter\Session\Handlers\FileHandler' driver.
INFO - 2025-03-24 10:40:29 --> Session: Class initialized using 'CodeIgniter\Session\Handlers\FileHandler' driver.
INFO - 2025-03-24 10:41:54 --> Session: Class initialized using 'CodeIgniter\Session\Handlers\FileHandler' driver.
INFO - 2025-03-24 10:42:35 --> Session: Class initialized using 'CodeIgniter\Session\Handlers\FileHandler' driver.
INFO - 2025-03-24 10:42:49 --> Session: Class initialized using 'CodeIgniter\Session\Handlers\FileHandler' driver.
INFO - 2025-03-24 10:43:25 --> Session: Class initialized using 'CodeIgniter\Session\Handlers\FileHandler' driver.
INFO - 2025-03-24 10:43:39 --> Session: Class initialized using 'CodeIgniter\Session\Handlers\FileHandler' driver.
INFO - 2025-03-24 10:43:39 --> Session: Class initialized using 'CodeIgniter\Session\Handlers\FileHandler' driver.
INFO - 2025-03-24 10:47:00 --> Session: Class initialized using 'CodeIgniter\Session\Handlers\FileHandler' driver.
INFO - 2025-03-24 10:47:03 --> Session: Class initialized using 'CodeIgniter\Session\Handlers\FileHandler' driver.
INFO - 2025-03-24 10:47:19 --> Session: Class initialized using 'CodeIgniter\Session\Handlers\FileHandler' driver.
INFO - 2025-03-24 10:47:20 --> Session: Class initialized using 'CodeIgniter\Session\Handlers\FileHandler' driver.
INFO - 2025-03-24 10:47:32 --> Session: Class initialized using 'CodeIgniter\Session\Handlers\FileHandler' driver.
WARNING - 2025-03-24 10:47:32 --> [DEPRECATED] strtotime(): Passing null to parameter #1 ($datetime) of type string is deprecated in APPPATH\Views\Admin\Admission\list.php on line 126.
 1 APPPATH\Views\Admin\Admission\list.php(126): strtotime(null)
 2 SYSTEMPATH\View\View.php(234): include('C:\\xampp\\htdocs\\Wolfox\\app\\Views\\Admin\\Admission\\list.php')
 3 SYSTEMPATH\View\View.php(237): CodeIgniter\View\View->CodeIgniter\View\{closure}()
 4 SYSTEMPATH\Common.php(1171): CodeIgniter\View\View->render('/Admin/Admission/list', [], true)
 5 APPPATH\Controllers\AdmissionMaster.php(328): view('/Admin/Admission/list', [...])
 6 SYSTEMPATH\CodeIgniter.php(933): App\Controllers\AdmissionMaster->list()
 7 SYSTEMPATH\CodeIgniter.php(509): CodeIgniter\CodeIgniter->runController(Object(App\Controllers\AdmissionMaster))
 8 SYSTEMPATH\CodeIgniter.php(355): CodeIgniter\CodeIgniter->handleRequest(null, Object(Config\Cache), false)
 9 SYSTEMPATH\Boot.php(325): CodeIgniter\CodeIgniter->run()
10 SYSTEMPATH\Boot.php(67): CodeIgniter\Boot::runCodeIgniter(Object(CodeIgniter\CodeIgniter))
11 FCPATH\index.php(56): CodeIgniter\Boot::bootWeb(Object(Config\Paths))
WARNING - 2025-03-24 10:47:32 --> [DEPRECATED] strtotime(): Passing null to parameter #1 ($datetime) of type string is deprecated in APPPATH\Views\Admin\Admission\list.php on line 332.
 1 APPPATH\Views\Admin\Admission\list.php(332): strtotime(null)
 2 SYSTEMPATH\View\View.php(234): include('C:\\xampp\\htdocs\\Wolfox\\app\\Views\\Admin\\Admission\\list.php')
 3 SYSTEMPATH\View\View.php(237): CodeIgniter\View\View->CodeIgniter\View\{closure}()
 4 SYSTEMPATH\Common.php(1171): CodeIgniter\View\View->render('/Admin/Admission/list', [], true)
 5 APPPATH\Controllers\AdmissionMaster.php(328): view('/Admin/Admission/list', [...])
 6 SYSTEMPATH\CodeIgniter.php(933): App\Controllers\AdmissionMaster->list()
 7 SYSTEMPATH\CodeIgniter.php(509): CodeIgniter\CodeIgniter->runController(Object(App\Controllers\AdmissionMaster))
 8 SYSTEMPATH\CodeIgniter.php(355): CodeIgniter\CodeIgniter->handleRequest(null, Object(Config\Cache), false)
 9 SYSTEMPATH\Boot.php(325): CodeIgniter\CodeIgniter->run()
10 SYSTEMPATH\Boot.php(67): CodeIgniter\Boot::runCodeIgniter(Object(CodeIgniter\CodeIgniter))
11 FCPATH\index.php(56): CodeIgniter\Boot::bootWeb(Object(Config\Paths))
WARNING - 2025-03-24 10:47:32 --> [DEPRECATED] strtotime(): Passing null to parameter #1 ($datetime) of type string is deprecated in APPPATH\Views\Admin\Admission\list.php on line 332.
 1 APPPATH\Views\Admin\Admission\list.php(332): strtotime(null)
 2 SYSTEMPATH\View\View.php(234): include('C:\\xampp\\htdocs\\Wolfox\\app\\Views\\Admin\\Admission\\list.php')
 3 SYSTEMPATH\View\View.php(237): CodeIgniter\View\View->CodeIgniter\View\{closure}()
 4 SYSTEMPATH\Common.php(1171): CodeIgniter\View\View->render('/Admin/Admission/list', [], true)
 5 APPPATH\Controllers\AdmissionMaster.php(328): view('/Admin/Admission/list', [...])
 6 SYSTEMPATH\CodeIgniter.php(933): App\Controllers\AdmissionMaster->list()
 7 SYSTEMPATH\CodeIgniter.php(509): CodeIgniter\CodeIgniter->runController(Object(App\Controllers\AdmissionMaster))
 8 SYSTEMPATH\CodeIgniter.php(355): CodeIgniter\CodeIgniter->handleRequest(null, Object(Config\Cache), false)
 9 SYSTEMPATH\Boot.php(325): CodeIgniter\CodeIgniter->run()
10 SYSTEMPATH\Boot.php(67): CodeIgniter\Boot::runCodeIgniter(Object(CodeIgniter\CodeIgniter))
11 FCPATH\index.php(56): CodeIgniter\Boot::bootWeb(Object(Config\Paths))
INFO - 2025-03-24 10:47:38 --> Session: Class initialized using 'CodeIgniter\Session\Handlers\FileHandler' driver.
INFO - 2025-03-24 10:47:38 --> Session: Class initialized using 'CodeIgniter\Session\Handlers\FileHandler' driver.
WARNING - 2025-03-24 10:47:39 --> [DEPRECATED] strtotime(): Passing null to parameter #1 ($datetime) of type string is deprecated in APPPATH\Views\Admin\Admission\list.php on line 126.
 1 APPPATH\Views\Admin\Admission\list.php(126): strtotime(null)
 2 SYSTEMPATH\View\View.php(234): include('C:\\xampp\\htdocs\\Wolfox\\app\\Views\\Admin\\Admission\\list.php')
 3 SYSTEMPATH\View\View.php(237): CodeIgniter\View\View->CodeIgniter\View\{closure}()
 4 SYSTEMPATH\Common.php(1171): CodeIgniter\View\View->render('/Admin/Admission/list', [], true)
 5 APPPATH\Controllers\AdmissionMaster.php(328): view('/Admin/Admission/list', [...])
 6 SYSTEMPATH\CodeIgniter.php(933): App\Controllers\AdmissionMaster->list()
 7 SYSTEMPATH\CodeIgniter.php(509): CodeIgniter\CodeIgniter->runController(Object(App\Controllers\AdmissionMaster))
 8 SYSTEMPATH\CodeIgniter.php(355): CodeIgniter\CodeIgniter->handleRequest(null, Object(Config\Cache), false)
 9 SYSTEMPATH\Boot.php(325): CodeIgniter\CodeIgniter->run()
10 SYSTEMPATH\Boot.php(67): CodeIgniter\Boot::runCodeIgniter(Object(CodeIgniter\CodeIgniter))
11 FCPATH\index.php(56): CodeIgniter\Boot::bootWeb(Object(Config\Paths))
WARNING - 2025-03-24 10:47:39 --> [DEPRECATED] strtotime(): Passing null to parameter #1 ($datetime) of type string is deprecated in APPPATH\Views\Admin\Admission\list.php on line 332.
 1 APPPATH\Views\Admin\Admission\list.php(332): strtotime(null)
 2 SYSTEMPATH\View\View.php(234): include('C:\\xampp\\htdocs\\Wolfox\\app\\Views\\Admin\\Admission\\list.php')
 3 SYSTEMPATH\View\View.php(237): CodeIgniter\View\View->CodeIgniter\View\{closure}()
 4 SYSTEMPATH\Common.php(1171): CodeIgniter\View\View->render('/Admin/Admission/list', [], true)
 5 APPPATH\Controllers\AdmissionMaster.php(328): view('/Admin/Admission/list', [...])
 6 SYSTEMPATH\CodeIgniter.php(933): App\Controllers\AdmissionMaster->list()
 7 SYSTEMPATH\CodeIgniter.php(509): CodeIgniter\CodeIgniter->runController(Object(App\Controllers\AdmissionMaster))
 8 SYSTEMPATH\CodeIgniter.php(355): CodeIgniter\CodeIgniter->handleRequest(null, Object(Config\Cache), false)
 9 SYSTEMPATH\Boot.php(325): CodeIgniter\CodeIgniter->run()
10 SYSTEMPATH\Boot.php(67): CodeIgniter\Boot::runCodeIgniter(Object(CodeIgniter\CodeIgniter))
11 FCPATH\index.php(56): CodeIgniter\Boot::bootWeb(Object(Config\Paths))
WARNING - 2025-03-24 10:47:39 --> [DEPRECATED] strtotime(): Passing null to parameter #1 ($datetime) of type string is deprecated in APPPATH\Views\Admin\Admission\list.php on line 332.
 1 APPPATH\Views\Admin\Admission\list.php(332): strtotime(null)
 2 SYSTEMPATH\View\View.php(234): include('C:\\xampp\\htdocs\\Wolfox\\app\\Views\\Admin\\Admission\\list.php')
 3 SYSTEMPATH\View\View.php(237): CodeIgniter\View\View->CodeIgniter\View\{closure}()
 4 SYSTEMPATH\Common.php(1171): CodeIgniter\View\View->render('/Admin/Admission/list', [], true)
 5 APPPATH\Controllers\AdmissionMaster.php(328): view('/Admin/Admission/list', [...])
 6 SYSTEMPATH\CodeIgniter.php(933): App\Controllers\AdmissionMaster->list()
 7 SYSTEMPATH\CodeIgniter.php(509): CodeIgniter\CodeIgniter->runController(Object(App\Controllers\AdmissionMaster))
 8 SYSTEMPATH\CodeIgniter.php(355): CodeIgniter\CodeIgniter->handleRequest(null, Object(Config\Cache), false)
 9 SYSTEMPATH\Boot.php(325): CodeIgniter\CodeIgniter->run()
10 SYSTEMPATH\Boot.php(67): CodeIgniter\Boot::runCodeIgniter(Object(CodeIgniter\CodeIgniter))
11 FCPATH\index.php(56): CodeIgniter\Boot::bootWeb(Object(Config\Paths))
INFO - 2025-03-24 10:47:49 --> Session: Class initialized using 'CodeIgniter\Session\Handlers\FileHandler' driver.
DEBUG - 2025-03-24 10:48:40 --> Received SID: 7
INFO - 2025-03-24 10:48:40 --> Session: Class initialized using 'CodeIgniter\Session\Handlers\FileHandler' driver.
INFO - 2025-03-24 10:48:40 --> Session: Class initialized using 'CodeIgniter\Session\Handlers\FileHandler' driver.
WARNING - 2025-03-24 10:48:40 --> [DEPRECATED] strtotime(): Passing null to parameter #1 ($datetime) of type string is deprecated in APPPATH\Views\Admin\Admission\list.php on line 126.
 1 APPPATH\Views\Admin\Admission\list.php(126): strtotime(null)
 2 SYSTEMPATH\View\View.php(234): include('C:\\xampp\\htdocs\\Wolfox\\app\\Views\\Admin\\Admission\\list.php')
 3 SYSTEMPATH\View\View.php(237): CodeIgniter\View\View->CodeIgniter\View\{closure}()
 4 SYSTEMPATH\Common.php(1171): CodeIgniter\View\View->render('/Admin/Admission/list', [], true)
 5 APPPATH\Controllers\AdmissionMaster.php(328): view('/Admin/Admission/list', [...])
 6 SYSTEMPATH\CodeIgniter.php(933): App\Controllers\AdmissionMaster->list()
 7 SYSTEMPATH\CodeIgniter.php(509): CodeIgniter\CodeIgniter->runController(Object(App\Controllers\AdmissionMaster))
 8 SYSTEMPATH\CodeIgniter.php(355): CodeIgniter\CodeIgniter->handleRequest(null, Object(Config\Cache), false)
 9 SYSTEMPATH\Boot.php(325): CodeIgniter\CodeIgniter->run()
10 SYSTEMPATH\Boot.php(67): CodeIgniter\Boot::runCodeIgniter(Object(CodeIgniter\CodeIgniter))
11 FCPATH\index.php(56): CodeIgniter\Boot::bootWeb(Object(Config\Paths))
WARNING - 2025-03-24 10:48:40 --> [DEPRECATED] strtotime(): Passing null to parameter #1 ($datetime) of type string is deprecated in APPPATH\Views\Admin\Admission\list.php on line 332.
 1 APPPATH\Views\Admin\Admission\list.php(332): strtotime(null)
 2 SYSTEMPATH\View\View.php(234): include('C:\\xampp\\htdocs\\Wolfox\\app\\Views\\Admin\\Admission\\list.php')
 3 SYSTEMPATH\View\View.php(237): CodeIgniter\View\View->CodeIgniter\View\{closure}()
 4 SYSTEMPATH\Common.php(1171): CodeIgniter\View\View->render('/Admin/Admission/list', [], true)
 5 APPPATH\Controllers\AdmissionMaster.php(328): view('/Admin/Admission/list', [...])
 6 SYSTEMPATH\CodeIgniter.php(933): App\Controllers\AdmissionMaster->list()
 7 SYSTEMPATH\CodeIgniter.php(509): CodeIgniter\CodeIgniter->runController(Object(App\Controllers\AdmissionMaster))
 8 SYSTEMPATH\CodeIgniter.php(355): CodeIgniter\CodeIgniter->handleRequest(null, Object(Config\Cache), false)
 9 SYSTEMPATH\Boot.php(325): CodeIgniter\CodeIgniter->run()
10 SYSTEMPATH\Boot.php(67): CodeIgniter\Boot::runCodeIgniter(Object(CodeIgniter\CodeIgniter))
11 FCPATH\index.php(56): CodeIgniter\Boot::bootWeb(Object(Config\Paths))
WARNING - 2025-03-24 10:48:40 --> [DEPRECATED] strtotime(): Passing null to parameter #1 ($datetime) of type string is deprecated in APPPATH\Views\Admin\Admission\list.php on line 332.
 1 APPPATH\Views\Admin\Admission\list.php(332): strtotime(null)
 2 SYSTEMPATH\View\View.php(234): include('C:\\xampp\\htdocs\\Wolfox\\app\\Views\\Admin\\Admission\\list.php')
 3 SYSTEMPATH\View\View.php(237): CodeIgniter\View\View->CodeIgniter\View\{closure}()
 4 SYSTEMPATH\Common.php(1171): CodeIgniter\View\View->render('/Admin/Admission/list', [], true)
 5 APPPATH\Controllers\AdmissionMaster.php(328): view('/Admin/Admission/list', [...])
 6 SYSTEMPATH\CodeIgniter.php(933): App\Controllers\AdmissionMaster->list()
 7 SYSTEMPATH\CodeIgniter.php(509): CodeIgniter\CodeIgniter->runController(Object(App\Controllers\AdmissionMaster))
 8 SYSTEMPATH\CodeIgniter.php(355): CodeIgniter\CodeIgniter->handleRequest(null, Object(Config\Cache), false)
 9 SYSTEMPATH\Boot.php(325): CodeIgniter\CodeIgniter->run()
10 SYSTEMPATH\Boot.php(67): CodeIgniter\Boot::runCodeIgniter(Object(CodeIgniter\CodeIgniter))
11 FCPATH\index.php(56): CodeIgniter\Boot::bootWeb(Object(Config\Paths))
INFO - 2025-03-24 10:48:46 --> Session: Class initialized using 'CodeIgniter\Session\Handlers\FileHandler' driver.
INFO - 2025-03-24 10:49:02 --> Session: Class initialized using 'CodeIgniter\Session\Handlers\FileHandler' driver.
INFO - 2025-03-24 10:49:02 --> Session: Class initialized using 'CodeIgniter\Session\Handlers\FileHandler' driver.
INFO - 2025-03-24 10:49:07 --> Session: Class initialized using 'CodeIgniter\Session\Handlers\FileHandler' driver.
WARNING - 2025-03-24 10:49:07 --> [DEPRECATED] strtotime(): Passing null to parameter #1 ($datetime) of type string is deprecated in APPPATH\Views\Admin\Admission\banlist.php on line 163.
 1 APPPATH\Views\Admin\Admission\banlist.php(163): strtotime(null)
 2 SYSTEMPATH\View\View.php(234): include('C:\\xampp\\htdocs\\Wolfox\\app\\Views\\Admin\\Admission\\banlist.php')
 3 SYSTEMPATH\View\View.php(237): CodeIgniter\View\View->CodeIgniter\View\{closure}()
 4 SYSTEMPATH\Common.php(1171): CodeIgniter\View\View->render('/Admin/Admission/banlist', [], true)
 5 APPPATH\Controllers\AdmissionMaster.php(1077): view('/Admin/Admission/banlist', [...])
 6 SYSTEMPATH\CodeIgniter.php(933): App\Controllers\AdmissionMaster->banlist()
 7 SYSTEMPATH\CodeIgniter.php(509): CodeIgniter\CodeIgniter->runController(Object(App\Controllers\AdmissionMaster))
 8 SYSTEMPATH\CodeIgniter.php(355): CodeIgniter\CodeIgniter->handleRequest(null, Object(Config\Cache), false)
 9 SYSTEMPATH\Boot.php(325): CodeIgniter\CodeIgniter->run()
10 SYSTEMPATH\Boot.php(67): CodeIgniter\Boot::runCodeIgniter(Object(CodeIgniter\CodeIgniter))
11 FCPATH\index.php(56): CodeIgniter\Boot::bootWeb(Object(Config\Paths))
INFO - 2025-03-24 10:49:11 --> Session: Class initialized using 'CodeIgniter\Session\Handlers\FileHandler' driver.
INFO - 2025-03-24 10:49:11 --> Session: Class initialized using 'CodeIgniter\Session\Handlers\FileHandler' driver.
WARNING - 2025-03-24 10:49:11 --> [DEPRECATED] strtotime(): Passing null to parameter #1 ($datetime) of type string is deprecated in APPPATH\Views\Admin\Admission\list.php on line 126.
 1 APPPATH\Views\Admin\Admission\list.php(126): strtotime(null)
 2 SYSTEMPATH\View\View.php(234): include('C:\\xampp\\htdocs\\Wolfox\\app\\Views\\Admin\\Admission\\list.php')
 3 SYSTEMPATH\View\View.php(237): CodeIgniter\View\View->CodeIgniter\View\{closure}()
 4 SYSTEMPATH\Common.php(1171): CodeIgniter\View\View->render('/Admin/Admission/list', [], true)
 5 APPPATH\Controllers\AdmissionMaster.php(328): view('/Admin/Admission/list', [...])
 6 SYSTEMPATH\CodeIgniter.php(933): App\Controllers\AdmissionMaster->list()
 7 SYSTEMPATH\CodeIgniter.php(509): CodeIgniter\CodeIgniter->runController(Object(App\Controllers\AdmissionMaster))
 8 SYSTEMPATH\CodeIgniter.php(355): CodeIgniter\CodeIgniter->handleRequest(null, Object(Config\Cache), false)
 9 SYSTEMPATH\Boot.php(325): CodeIgniter\CodeIgniter->run()
10 SYSTEMPATH\Boot.php(67): CodeIgniter\Boot::runCodeIgniter(Object(CodeIgniter\CodeIgniter))
11 FCPATH\index.php(56): CodeIgniter\Boot::bootWeb(Object(Config\Paths))
WARNING - 2025-03-24 10:49:11 --> [DEPRECATED] strtotime(): Passing null to parameter #1 ($datetime) of type string is deprecated in APPPATH\Views\Admin\Admission\list.php on line 332.
 1 APPPATH\Views\Admin\Admission\list.php(332): strtotime(null)
 2 SYSTEMPATH\View\View.php(234): include('C:\\xampp\\htdocs\\Wolfox\\app\\Views\\Admin\\Admission\\list.php')
 3 SYSTEMPATH\View\View.php(237): CodeIgniter\View\View->CodeIgniter\View\{closure}()
 4 SYSTEMPATH\Common.php(1171): CodeIgniter\View\View->render('/Admin/Admission/list', [], true)
 5 APPPATH\Controllers\AdmissionMaster.php(328): view('/Admin/Admission/list', [...])
 6 SYSTEMPATH\CodeIgniter.php(933): App\Controllers\AdmissionMaster->list()
 7 SYSTEMPATH\CodeIgniter.php(509): CodeIgniter\CodeIgniter->runController(Object(App\Controllers\AdmissionMaster))
 8 SYSTEMPATH\CodeIgniter.php(355): CodeIgniter\CodeIgniter->handleRequest(null, Object(Config\Cache), false)
 9 SYSTEMPATH\Boot.php(325): CodeIgniter\CodeIgniter->run()
10 SYSTEMPATH\Boot.php(67): CodeIgniter\Boot::runCodeIgniter(Object(CodeIgniter\CodeIgniter))
11 FCPATH\index.php(56): CodeIgniter\Boot::bootWeb(Object(Config\Paths))
WARNING - 2025-03-24 10:49:11 --> [DEPRECATED] strtotime(): Passing null to parameter #1 ($datetime) of type string is deprecated in APPPATH\Views\Admin\Admission\list.php on line 332.
 1 APPPATH\Views\Admin\Admission\list.php(332): strtotime(null)
 2 SYSTEMPATH\View\View.php(234): include('C:\\xampp\\htdocs\\Wolfox\\app\\Views\\Admin\\Admission\\list.php')
 3 SYSTEMPATH\View\View.php(237): CodeIgniter\View\View->CodeIgniter\View\{closure}()
 4 SYSTEMPATH\Common.php(1171): CodeIgniter\View\View->render('/Admin/Admission/list', [], true)
 5 APPPATH\Controllers\AdmissionMaster.php(328): view('/Admin/Admission/list', [...])
 6 SYSTEMPATH\CodeIgniter.php(933): App\Controllers\AdmissionMaster->list()
 7 SYSTEMPATH\CodeIgniter.php(509): CodeIgniter\CodeIgniter->runController(Object(App\Controllers\AdmissionMaster))
 8 SYSTEMPATH\CodeIgniter.php(355): CodeIgniter\CodeIgniter->handleRequest(null, Object(Config\Cache), false)
 9 SYSTEMPATH\Boot.php(325): CodeIgniter\CodeIgniter->run()
10 SYSTEMPATH\Boot.php(67): CodeIgniter\Boot::runCodeIgniter(Object(CodeIgniter\CodeIgniter))
11 FCPATH\index.php(56): CodeIgniter\Boot::bootWeb(Object(Config\Paths))
INFO - 2025-03-24 10:49:21 --> Session: Class initialized using 'CodeIgniter\Session\Handlers\FileHandler' driver.
WARNING - 2025-03-24 10:49:21 --> [DEPRECATED] strtotime(): Passing null to parameter #1 ($datetime) of type string is deprecated in APPPATH\Views\Admin\Admission\compltedlist.php on line 163.
 1 APPPATH\Views\Admin\Admission\compltedlist.php(163): strtotime(null)
 2 SYSTEMPATH\View\View.php(234): include('C:\\xampp\\htdocs\\Wolfox\\app\\Views\\Admin\\Admission\\compltedlist.php')
 3 SYSTEMPATH\View\View.php(237): CodeIgniter\View\View->CodeIgniter\View\{closure}()
 4 SYSTEMPATH\Common.php(1171): CodeIgniter\View\View->render('/Admin/Admission/compltedlist', [], true)
 5 APPPATH\Controllers\AdmissionMaster.php(1184): view('/Admin/Admission/compltedlist', [...])
 6 SYSTEMPATH\CodeIgniter.php(933): App\Controllers\AdmissionMaster->completedlist()
 7 SYSTEMPATH\CodeIgniter.php(509): CodeIgniter\CodeIgniter->runController(Object(App\Controllers\AdmissionMaster))
 8 SYSTEMPATH\CodeIgniter.php(355): CodeIgniter\CodeIgniter->handleRequest(null, Object(Config\Cache), false)
 9 SYSTEMPATH\Boot.php(325): CodeIgniter\CodeIgniter->run()
10 SYSTEMPATH\Boot.php(67): CodeIgniter\Boot::runCodeIgniter(Object(CodeIgniter\CodeIgniter))
11 FCPATH\index.php(56): CodeIgniter\Boot::bootWeb(Object(Config\Paths))
INFO - 2025-03-24 10:49:34 --> Session: Class initialized using 'CodeIgniter\Session\Handlers\FileHandler' driver.
INFO - 2025-03-24 10:49:38 --> Session: Class initialized using 'CodeIgniter\Session\Handlers\FileHandler' driver.
INFO - 2025-03-24 10:49:43 --> Session: Class initialized using 'CodeIgniter\Session\Handlers\FileHandler' driver.
INFO - 2025-03-24 10:49:46 --> Session: Class initialized using 'CodeIgniter\Session\Handlers\FileHandler' driver.
INFO - 2025-03-24 10:49:51 --> Session: Class initialized using 'CodeIgniter\Session\Handlers\FileHandler' driver.
INFO - 2025-03-24 10:49:53 --> Session: Class initialized using 'CodeIgniter\Session\Handlers\FileHandler' driver.
INFO - 2025-03-24 10:50:40 --> Session: Class initialized using 'CodeIgniter\Session\Handlers\FileHandler' driver.
INFO - 2025-03-24 10:50:48 --> Session: Class initialized using 'CodeIgniter\Session\Handlers\FileHandler' driver.
INFO - 2025-03-24 10:51:06 --> Session: Class initialized using 'CodeIgniter\Session\Handlers\FileHandler' driver.
INFO - 2025-03-24 10:51:15 --> Session: Class initialized using 'CodeIgniter\Session\Handlers\FileHandler' driver.
INFO - 2025-03-24 10:51:15 --> Session: Class initialized using 'CodeIgniter\Session\Handlers\FileHandler' driver.
INFO - 2025-03-24 10:51:21 --> Session: Class initialized using 'CodeIgniter\Session\Handlers\FileHandler' driver.
INFO - 2025-03-24 10:51:31 --> Session: Class initialized using 'CodeIgniter\Session\Handlers\FileHandler' driver.
INFO - 2025-03-24 10:53:10 --> Session: Class initialized using 'CodeIgniter\Session\Handlers\FileHandler' driver.
INFO - 2025-03-24 10:53:15 --> Session: Class initialized using 'CodeIgniter\Session\Handlers\FileHandler' driver.
INFO - 2025-03-24 10:53:19 --> Session: Class initialized using 'CodeIgniter\Session\Handlers\FileHandler' driver.
INFO - 2025-03-24 10:53:32 --> Session: Class initialized using 'CodeIgniter\Session\Handlers\FileHandler' driver.
WARNING - 2025-03-24 10:53:32 --> [DEPRECATED] strtotime(): Passing null to parameter #1 ($datetime) of type string is deprecated in APPPATH\Views\Admin\PhotoUpload\list.php on line 69.
 1 APPPATH\Views\Admin\PhotoUpload\list.php(69): strtotime(null)
 2 SYSTEMPATH\View\View.php(234): include('C:\\xampp\\htdocs\\Wolfox\\app\\Views\\Admin\\PhotoUpload\\list.php')
 3 SYSTEMPATH\View\View.php(237): CodeIgniter\View\View->CodeIgniter\View\{closure}()
 4 SYSTEMPATH\Common.php(1171): CodeIgniter\View\View->render('/Admin/photoupload/list', [], true)
 5 APPPATH\Controllers\PhotoUpload.php(104): view('/Admin/photoupload/list', [...])
 6 SYSTEMPATH\CodeIgniter.php(933): App\Controllers\Photoupload->list()
 7 SYSTEMPATH\CodeIgniter.php(509): CodeIgniter\CodeIgniter->runController(Object(App\Controllers\Photoupload))
 8 SYSTEMPATH\CodeIgniter.php(355): CodeIgniter\CodeIgniter->handleRequest(null, Object(Config\Cache), false)
 9 SYSTEMPATH\Boot.php(325): CodeIgniter\CodeIgniter->run()
10 SYSTEMPATH\Boot.php(67): CodeIgniter\Boot::runCodeIgniter(Object(CodeIgniter\CodeIgniter))
11 FCPATH\index.php(56): CodeIgniter\Boot::bootWeb(Object(Config\Paths))
WARNING - 2025-03-24 10:53:32 --> [DEPRECATED] strtotime(): Passing null to parameter #1 ($datetime) of type string is deprecated in APPPATH\Views\Admin\PhotoUpload\list.php on line 69.
 1 APPPATH\Views\Admin\PhotoUpload\list.php(69): strtotime(null)
 2 SYSTEMPATH\View\View.php(234): include('C:\\xampp\\htdocs\\Wolfox\\app\\Views\\Admin\\PhotoUpload\\list.php')
 3 SYSTEMPATH\View\View.php(237): CodeIgniter\View\View->CodeIgniter\View\{closure}()
 4 SYSTEMPATH\Common.php(1171): CodeIgniter\View\View->render('/Admin/photoupload/list', [], true)
 5 APPPATH\Controllers\PhotoUpload.php(104): view('/Admin/photoupload/list', [...])
 6 SYSTEMPATH\CodeIgniter.php(933): App\Controllers\Photoupload->list()
 7 SYSTEMPATH\CodeIgniter.php(509): CodeIgniter\CodeIgniter->runController(Object(App\Controllers\Photoupload))
 8 SYSTEMPATH\CodeIgniter.php(355): CodeIgniter\CodeIgniter->handleRequest(null, Object(Config\Cache), false)
 9 SYSTEMPATH\Boot.php(325): CodeIgniter\CodeIgniter->run()
10 SYSTEMPATH\Boot.php(67): CodeIgniter\Boot::runCodeIgniter(Object(CodeIgniter\CodeIgniter))
11 FCPATH\index.php(56): CodeIgniter\Boot::bootWeb(Object(Config\Paths))
INFO - 2025-03-24 10:53:53 --> Session: Class initialized using 'CodeIgniter\Session\Handlers\FileHandler' driver.
INFO - 2025-03-24 10:54:51 --> Session: Class initialized using 'CodeIgniter\Session\Handlers\FileHandler' driver.
INFO - 2025-03-24 10:55:07 --> Session: Class initialized using 'CodeIgniter\Session\Handlers\FileHandler' driver.
INFO - 2025-03-24 10:55:17 --> Session: Class initialized using 'CodeIgniter\Session\Handlers\FileHandler' driver.
INFO - 2025-03-24 10:55:27 --> Session: Class initialized using 'CodeIgniter\Session\Handlers\FileHandler' driver.
INFO - 2025-03-24 10:55:36 --> Session: Class initialized using 'CodeIgniter\Session\Handlers\FileHandler' driver.
INFO - 2025-03-24 10:55:54 --> Session: Class initialized using 'CodeIgniter\Session\Handlers\FileHandler' driver.
INFO - 2025-03-24 10:57:16 --> Session: Class initialized using 'CodeIgniter\Session\Handlers\FileHandler' driver.
INFO - 2025-03-24 10:57:30 --> Session: Class initialized using 'CodeIgniter\Session\Handlers\FileHandler' driver.
INFO - 2025-03-24 10:57:39 --> Session: Class initialized using 'CodeIgniter\Session\Handlers\FileHandler' driver.
INFO - 2025-03-24 10:59:16 --> Session: Class initialized using 'CodeIgniter\Session\Handlers\FileHandler' driver.
INFO - 2025-03-24 10:59:24 --> Session: Class initialized using 'CodeIgniter\Session\Handlers\FileHandler' driver.
INFO - 2025-03-24 11:03:16 --> Session: Class initialized using 'CodeIgniter\Session\Handlers\FileHandler' driver.
INFO - 2025-03-24 11:03:55 --> Session: Class initialized using 'CodeIgniter\Session\Handlers\FileHandler' driver.
