INFO - 2025-03-06 04:40:36 --> Session: Class initialized using 'CodeIgniter\Session\Handlers\FileHandler' driver.
INFO - 2025-03-06 04:40:47 --> Session: Class initialized using 'CodeIgniter\Session\Handlers\FileHandler' driver.
INFO - 2025-03-06 04:41:07 --> Session: Class initialized using 'CodeIgniter\Session\Handlers\FileHandler' driver.
INFO - 2025-03-06 04:41:07 --> Session: Class initialized using 'CodeIgniter\Session\Handlers\FileHandler' driver.
INFO - 2025-03-06 04:41:19 --> Session: Class initialized using 'CodeIgniter\Session\Handlers\FileHandler' driver.
INFO - 2025-03-06 04:41:20 --> Session: Class initialized using 'CodeIgniter\Session\Handlers\FileHandler' driver.
INFO - 2025-03-06 04:42:13 --> Session: Class initialized using 'CodeIgniter\Session\Handlers\FileHandler' driver.
INFO - 2025-03-06 04:42:26 --> Session: Class initialized using 'CodeIgniter\Session\Handlers\FileHandler' driver.
INFO - 2025-03-06 04:42:51 --> Session: Class initialized using 'CodeIgniter\Session\Handlers\FileHandler' driver.
INFO - 2025-03-06 04:43:53 --> Session: Class initialized using 'CodeIgniter\Session\Handlers\FileHandler' driver.
INFO - 2025-03-06 04:44:03 --> Session: Class initialized using 'CodeIgniter\Session\Handlers\FileHandler' driver.
INFO - 2025-03-06 04:44:08 --> Session: Class initialized using 'CodeIgniter\Session\Handlers\FileHandler' driver.
INFO - 2025-03-06 04:44:51 --> Session: Class initialized using 'CodeIgniter\Session\Handlers\FileHandler' driver.
INFO - 2025-03-06 04:47:51 --> Session: Class initialized using 'CodeIgniter\Session\Handlers\FileHandler' driver.
INFO - 2025-03-06 04:47:55 --> Session: Class initialized using 'CodeIgniter\Session\Handlers\FileHandler' driver.
INFO - 2025-03-06 04:48:06 --> Session: Class initialized using 'CodeIgniter\Session\Handlers\FileHandler' driver.
INFO - 2025-03-06 04:49:20 --> Session: Class initialized using 'CodeIgniter\Session\Handlers\FileHandler' driver.
INFO - 2025-03-06 04:49:42 --> Session: Class initialized using 'CodeIgniter\Session\Handlers\FileHandler' driver.
INFO - 2025-03-06 04:50:08 --> Session: Class initialized using 'CodeIgniter\Session\Handlers\FileHandler' driver.
INFO - 2025-03-06 04:50:37 --> Session: Class initialized using 'CodeIgniter\Session\Handlers\FileHandler' driver.
INFO - 2025-03-06 04:51:01 --> Session: Class initialized using 'CodeIgniter\Session\Handlers\FileHandler' driver.
INFO - 2025-03-06 04:52:53 --> Session: Class initialized using 'CodeIgniter\Session\Handlers\FileHandler' driver.
INFO - 2025-03-06 04:53:49 --> Session: Class initialized using 'CodeIgniter\Session\Handlers\FileHandler' driver.
INFO - 2025-03-06 04:54:36 --> Session: Class initialized using 'CodeIgniter\Session\Handlers\FileHandler' driver.
INFO - 2025-03-06 04:55:02 --> Session: Class initialized using 'CodeIgniter\Session\Handlers\FileHandler' driver.
INFO - 2025-03-06 04:55:09 --> Session: Class initialized using 'CodeIgniter\Session\Handlers\FileHandler' driver.
INFO - 2025-03-06 04:59:31 --> Session: Class initialized using 'CodeIgniter\Session\Handlers\FileHandler' driver.
INFO - 2025-03-06 04:59:37 --> Session: Class initialized using 'CodeIgniter\Session\Handlers\FileHandler' driver.
WARNING - 2025-03-06 04:59:37 --> [DEPRECATED] strtotime(): Passing null to parameter #1 ($datetime) of type string is deprecated in APPPATH\Views\Admin\Admission\list.php on line 270.
 1 APPPATH\Views\Admin\Admission\list.php(270): strtotime(null)
 2 SYSTEMPATH\View\View.php(234): include('C:\\xampp\\htdocs\\Wolfox\\app\\Views\\Admin\\Admission\\list.php')
 3 SYSTEMPATH\View\View.php(237): CodeIgniter\View\View->CodeIgniter\View\{closure}()
 4 SYSTEMPATH\Common.php(1171): CodeIgniter\View\View->render('/Admin/Admission/list', [], true)
 5 APPPATH\Controllers\AdmissionMaster.php(329): view('/Admin/Admission/list', [...])
 6 SYSTEMPATH\CodeIgniter.php(933): App\Controllers\AdmissionMaster->list()
 7 SYSTEMPATH\CodeIgniter.php(509): CodeIgniter\CodeIgniter->runController(Object(App\Controllers\AdmissionMaster))
 8 SYSTEMPATH\CodeIgniter.php(355): CodeIgniter\CodeIgniter->handleRequest(null, Object(Config\Cache), false)
 9 SYSTEMPATH\Boot.php(325): CodeIgniter\CodeIgniter->run()
10 SYSTEMPATH\Boot.php(67): CodeIgniter\Boot::runCodeIgniter(Object(CodeIgniter\CodeIgniter))
11 FCPATH\index.php(56): CodeIgniter\Boot::bootWeb(Object(Config\Paths))
WARNING - 2025-03-06 04:59:37 --> [DEPRECATED] strtotime(): Passing null to parameter #1 ($datetime) of type string is deprecated in APPPATH\Views\Admin\Admission\list.php on line 270.
 1 APPPATH\Views\Admin\Admission\list.php(270): strtotime(null)
 2 SYSTEMPATH\View\View.php(234): include('C:\\xampp\\htdocs\\Wolfox\\app\\Views\\Admin\\Admission\\list.php')
 3 SYSTEMPATH\View\View.php(237): CodeIgniter\View\View->CodeIgniter\View\{closure}()
 4 SYSTEMPATH\Common.php(1171): CodeIgniter\View\View->render('/Admin/Admission/list', [], true)
 5 APPPATH\Controllers\AdmissionMaster.php(329): view('/Admin/Admission/list', [...])
 6 SYSTEMPATH\CodeIgniter.php(933): App\Controllers\AdmissionMaster->list()
 7 SYSTEMPATH\CodeIgniter.php(509): CodeIgniter\CodeIgniter->runController(Object(App\Controllers\AdmissionMaster))
 8 SYSTEMPATH\CodeIgniter.php(355): CodeIgniter\CodeIgniter->handleRequest(null, Object(Config\Cache), false)
 9 SYSTEMPATH\Boot.php(325): CodeIgniter\CodeIgniter->run()
10 SYSTEMPATH\Boot.php(67): CodeIgniter\Boot::runCodeIgniter(Object(CodeIgniter\CodeIgniter))
11 FCPATH\index.php(56): CodeIgniter\Boot::bootWeb(Object(Config\Paths))
INFO - 2025-03-06 05:00:06 --> Session: Class initialized using 'CodeIgniter\Session\Handlers\FileHandler' driver.
WARNING - 2025-03-06 05:00:29 --> [DEPRECATED] strtolower(): Passing null to parameter #1 ($string) of type string is deprecated in APPPATH\Controllers\AdmissionMaster.php on line 52.
 1 APPPATH\Controllers\AdmissionMaster.php(52): strtolower(null)
 2 SYSTEMPATH\CodeIgniter.php(933): App\Controllers\AdmissionMaster->save()
 3 SYSTEMPATH\CodeIgniter.php(509): CodeIgniter\CodeIgniter->runController(Object(App\Controllers\AdmissionMaster))
 4 SYSTEMPATH\CodeIgniter.php(355): CodeIgniter\CodeIgniter->handleRequest(null, Object(Config\Cache), false)
 5 SYSTEMPATH\Boot.php(325): CodeIgniter\CodeIgniter->run()
 6 SYSTEMPATH\Boot.php(67): CodeIgniter\Boot::runCodeIgniter(Object(CodeIgniter\CodeIgniter))
 7 FCPATH\index.php(56): CodeIgniter\Boot::bootWeb(Object(Config\Paths))
WARNING - 2025-03-06 05:00:29 --> [DEPRECATED] strtolower(): Passing null to parameter #1 ($string) of type string is deprecated in APPPATH\Controllers\AdmissionMaster.php on line 53.
 1 APPPATH\Controllers\AdmissionMaster.php(53): strtolower(null)
 2 SYSTEMPATH\CodeIgniter.php(933): App\Controllers\AdmissionMaster->save()
 3 SYSTEMPATH\CodeIgniter.php(509): CodeIgniter\CodeIgniter->runController(Object(App\Controllers\AdmissionMaster))
 4 SYSTEMPATH\CodeIgniter.php(355): CodeIgniter\CodeIgniter->handleRequest(null, Object(Config\Cache), false)
 5 SYSTEMPATH\Boot.php(325): CodeIgniter\CodeIgniter->run()
 6 SYSTEMPATH\Boot.php(67): CodeIgniter\Boot::runCodeIgniter(Object(CodeIgniter\CodeIgniter))
 7 FCPATH\index.php(56): CodeIgniter\Boot::bootWeb(Object(Config\Paths))
WARNING - 2025-03-06 05:00:29 --> [DEPRECATED] strtolower(): Passing null to parameter #1 ($string) of type string is deprecated in APPPATH\Controllers\AdmissionMaster.php on line 54.
 1 APPPATH\Controllers\AdmissionMaster.php(54): strtolower(null)
 2 SYSTEMPATH\CodeIgniter.php(933): App\Controllers\AdmissionMaster->save()
 3 SYSTEMPATH\CodeIgniter.php(509): CodeIgniter\CodeIgniter->runController(Object(App\Controllers\AdmissionMaster))
 4 SYSTEMPATH\CodeIgniter.php(355): CodeIgniter\CodeIgniter->handleRequest(null, Object(Config\Cache), false)
 5 SYSTEMPATH\Boot.php(325): CodeIgniter\CodeIgniter->run()
 6 SYSTEMPATH\Boot.php(67): CodeIgniter\Boot::runCodeIgniter(Object(CodeIgniter\CodeIgniter))
 7 FCPATH\index.php(56): CodeIgniter\Boot::bootWeb(Object(Config\Paths))
WARNING - 2025-03-06 05:00:29 --> [DEPRECATED] substr(): Passing null to parameter #1 ($string) of type string is deprecated in APPPATH\Controllers\AdmissionMaster.php on line 75.
 1 APPPATH\Controllers\AdmissionMaster.php(75): substr(null, -4)
 2 SYSTEMPATH\CodeIgniter.php(933): App\Controllers\AdmissionMaster->save()
 3 SYSTEMPATH\CodeIgniter.php(509): CodeIgniter\CodeIgniter->runController(Object(App\Controllers\AdmissionMaster))
 4 SYSTEMPATH\CodeIgniter.php(355): CodeIgniter\CodeIgniter->handleRequest(null, Object(Config\Cache), false)
 5 SYSTEMPATH\Boot.php(325): CodeIgniter\CodeIgniter->run()
 6 SYSTEMPATH\Boot.php(67): CodeIgniter\Boot::runCodeIgniter(Object(CodeIgniter\CodeIgniter))
 7 FCPATH\index.php(56): CodeIgniter\Boot::bootWeb(Object(Config\Paths))
WARNING - 2025-03-06 05:00:29 --> [DEPRECATED] DateTime::__construct(): Passing null to parameter #1 ($datetime) of type string is deprecated in APPPATH\Controllers\AdmissionMaster.php on line 86.
 1 APPPATH\Controllers\AdmissionMaster.php(86): DateTime->__construct(null)
 2 SYSTEMPATH\CodeIgniter.php(933): App\Controllers\AdmissionMaster->save()
 3 SYSTEMPATH\CodeIgniter.php(509): CodeIgniter\CodeIgniter->runController(Object(App\Controllers\AdmissionMaster))
 4 SYSTEMPATH\CodeIgniter.php(355): CodeIgniter\CodeIgniter->handleRequest(null, Object(Config\Cache), false)
 5 SYSTEMPATH\Boot.php(325): CodeIgniter\CodeIgniter->run()
 6 SYSTEMPATH\Boot.php(67): CodeIgniter\Boot::runCodeIgniter(Object(CodeIgniter\CodeIgniter))
 7 FCPATH\index.php(56): CodeIgniter\Boot::bootWeb(Object(Config\Paths))
WARNING - 2025-03-06 05:00:29 --> [DEPRECATED] strtotime(): Passing null to parameter #1 ($datetime) of type string is deprecated in APPPATH\Controllers\AdmissionMaster.php on line 96.
 1 APPPATH\Controllers\AdmissionMaster.php(96): strtotime(null)
 2 SYSTEMPATH\CodeIgniter.php(933): App\Controllers\AdmissionMaster->save()
 3 SYSTEMPATH\CodeIgniter.php(509): CodeIgniter\CodeIgniter->runController(Object(App\Controllers\AdmissionMaster))
 4 SYSTEMPATH\CodeIgniter.php(355): CodeIgniter\CodeIgniter->handleRequest(null, Object(Config\Cache), false)
 5 SYSTEMPATH\Boot.php(325): CodeIgniter\CodeIgniter->run()
 6 SYSTEMPATH\Boot.php(67): CodeIgniter\Boot::runCodeIgniter(Object(CodeIgniter\CodeIgniter))
 7 FCPATH\index.php(56): CodeIgniter\Boot::bootWeb(Object(Config\Paths))
WARNING - 2025-03-06 05:00:29 --> [DEPRECATED] strtotime(): Passing null to parameter #1 ($datetime) of type string is deprecated in APPPATH\Controllers\AdmissionMaster.php on line 97.
 1 APPPATH\Controllers\AdmissionMaster.php(97): strtotime(null)
 2 SYSTEMPATH\CodeIgniter.php(933): App\Controllers\AdmissionMaster->save()
 3 SYSTEMPATH\CodeIgniter.php(509): CodeIgniter\CodeIgniter->runController(Object(App\Controllers\AdmissionMaster))
 4 SYSTEMPATH\CodeIgniter.php(355): CodeIgniter\CodeIgniter->handleRequest(null, Object(Config\Cache), false)
 5 SYSTEMPATH\Boot.php(325): CodeIgniter\CodeIgniter->run()
 6 SYSTEMPATH\Boot.php(67): CodeIgniter\Boot::runCodeIgniter(Object(CodeIgniter\CodeIgniter))
 7 FCPATH\index.php(56): CodeIgniter\Boot::bootWeb(Object(Config\Paths))
INFO - 2025-03-06 05:00:29 --> Session: Class initialized using 'CodeIgniter\Session\Handlers\FileHandler' driver.
INFO - 2025-03-06 05:00:29 --> Session: Class initialized using 'CodeIgniter\Session\Handlers\FileHandler' driver.
WARNING - 2025-03-06 05:00:29 --> [DEPRECATED] strtotime(): Passing null to parameter #1 ($datetime) of type string is deprecated in APPPATH\Views\Admin\Admission\list.php on line 270.
 1 APPPATH\Views\Admin\Admission\list.php(270): strtotime(null)
 2 SYSTEMPATH\View\View.php(234): include('C:\\xampp\\htdocs\\Wolfox\\app\\Views\\Admin\\Admission\\list.php')
 3 SYSTEMPATH\View\View.php(237): CodeIgniter\View\View->CodeIgniter\View\{closure}()
 4 SYSTEMPATH\Common.php(1171): CodeIgniter\View\View->render('/Admin/Admission/list', [], true)
 5 APPPATH\Controllers\AdmissionMaster.php(329): view('/Admin/Admission/list', [...])
 6 SYSTEMPATH\CodeIgniter.php(933): App\Controllers\AdmissionMaster->list()
 7 SYSTEMPATH\CodeIgniter.php(509): CodeIgniter\CodeIgniter->runController(Object(App\Controllers\AdmissionMaster))
 8 SYSTEMPATH\CodeIgniter.php(355): CodeIgniter\CodeIgniter->handleRequest(null, Object(Config\Cache), false)
 9 SYSTEMPATH\Boot.php(325): CodeIgniter\CodeIgniter->run()
10 SYSTEMPATH\Boot.php(67): CodeIgniter\Boot::runCodeIgniter(Object(CodeIgniter\CodeIgniter))
11 FCPATH\index.php(56): CodeIgniter\Boot::bootWeb(Object(Config\Paths))
WARNING - 2025-03-06 05:00:29 --> [DEPRECATED] strtotime(): Passing null to parameter #1 ($datetime) of type string is deprecated in APPPATH\Views\Admin\Admission\list.php on line 270.
 1 APPPATH\Views\Admin\Admission\list.php(270): strtotime(null)
 2 SYSTEMPATH\View\View.php(234): include('C:\\xampp\\htdocs\\Wolfox\\app\\Views\\Admin\\Admission\\list.php')
 3 SYSTEMPATH\View\View.php(237): CodeIgniter\View\View->CodeIgniter\View\{closure}()
 4 SYSTEMPATH\Common.php(1171): CodeIgniter\View\View->render('/Admin/Admission/list', [], true)
 5 APPPATH\Controllers\AdmissionMaster.php(329): view('/Admin/Admission/list', [...])
 6 SYSTEMPATH\CodeIgniter.php(933): App\Controllers\AdmissionMaster->list()
 7 SYSTEMPATH\CodeIgniter.php(509): CodeIgniter\CodeIgniter->runController(Object(App\Controllers\AdmissionMaster))
 8 SYSTEMPATH\CodeIgniter.php(355): CodeIgniter\CodeIgniter->handleRequest(null, Object(Config\Cache), false)
 9 SYSTEMPATH\Boot.php(325): CodeIgniter\CodeIgniter->run()
10 SYSTEMPATH\Boot.php(67): CodeIgniter\Boot::runCodeIgniter(Object(CodeIgniter\CodeIgniter))
11 FCPATH\index.php(56): CodeIgniter\Boot::bootWeb(Object(Config\Paths))
WARNING - 2025-03-06 05:00:29 --> [DEPRECATED] strtotime(): Passing null to parameter #1 ($datetime) of type string is deprecated in APPPATH\Views\Admin\Admission\list.php on line 133.
 1 APPPATH\Views\Admin\Admission\list.php(133): strtotime(null)
 2 SYSTEMPATH\View\View.php(234): include('C:\\xampp\\htdocs\\Wolfox\\app\\Views\\Admin\\Admission\\list.php')
 3 SYSTEMPATH\View\View.php(237): CodeIgniter\View\View->CodeIgniter\View\{closure}()
 4 SYSTEMPATH\Common.php(1171): CodeIgniter\View\View->render('/Admin/Admission/list', [], true)
 5 APPPATH\Controllers\AdmissionMaster.php(329): view('/Admin/Admission/list', [...])
 6 SYSTEMPATH\CodeIgniter.php(933): App\Controllers\AdmissionMaster->list()
 7 SYSTEMPATH\CodeIgniter.php(509): CodeIgniter\CodeIgniter->runController(Object(App\Controllers\AdmissionMaster))
 8 SYSTEMPATH\CodeIgniter.php(355): CodeIgniter\CodeIgniter->handleRequest(null, Object(Config\Cache), false)
 9 SYSTEMPATH\Boot.php(325): CodeIgniter\CodeIgniter->run()
10 SYSTEMPATH\Boot.php(67): CodeIgniter\Boot::runCodeIgniter(Object(CodeIgniter\CodeIgniter))
11 FCPATH\index.php(56): CodeIgniter\Boot::bootWeb(Object(Config\Paths))
WARNING - 2025-03-06 05:00:29 --> [DEPRECATED] strtotime(): Passing null to parameter #1 ($datetime) of type string is deprecated in APPPATH\Views\Admin\Admission\list.php on line 270.
 1 APPPATH\Views\Admin\Admission\list.php(270): strtotime(null)
 2 SYSTEMPATH\View\View.php(234): include('C:\\xampp\\htdocs\\Wolfox\\app\\Views\\Admin\\Admission\\list.php')
 3 SYSTEMPATH\View\View.php(237): CodeIgniter\View\View->CodeIgniter\View\{closure}()
 4 SYSTEMPATH\Common.php(1171): CodeIgniter\View\View->render('/Admin/Admission/list', [], true)
 5 APPPATH\Controllers\AdmissionMaster.php(329): view('/Admin/Admission/list', [...])
 6 SYSTEMPATH\CodeIgniter.php(933): App\Controllers\AdmissionMaster->list()
 7 SYSTEMPATH\CodeIgniter.php(509): CodeIgniter\CodeIgniter->runController(Object(App\Controllers\AdmissionMaster))
 8 SYSTEMPATH\CodeIgniter.php(355): CodeIgniter\CodeIgniter->handleRequest(null, Object(Config\Cache), false)
 9 SYSTEMPATH\Boot.php(325): CodeIgniter\CodeIgniter->run()
10 SYSTEMPATH\Boot.php(67): CodeIgniter\Boot::runCodeIgniter(Object(CodeIgniter\CodeIgniter))
11 FCPATH\index.php(56): CodeIgniter\Boot::bootWeb(Object(Config\Paths))
WARNING - 2025-03-06 05:00:29 --> [DEPRECATED] strtotime(): Passing null to parameter #1 ($datetime) of type string is deprecated in APPPATH\Views\Admin\Admission\list.php on line 270.
 1 APPPATH\Views\Admin\Admission\list.php(270): strtotime(null)
 2 SYSTEMPATH\View\View.php(234): include('C:\\xampp\\htdocs\\Wolfox\\app\\Views\\Admin\\Admission\\list.php')
 3 SYSTEMPATH\View\View.php(237): CodeIgniter\View\View->CodeIgniter\View\{closure}()
 4 SYSTEMPATH\Common.php(1171): CodeIgniter\View\View->render('/Admin/Admission/list', [], true)
 5 APPPATH\Controllers\AdmissionMaster.php(329): view('/Admin/Admission/list', [...])
 6 SYSTEMPATH\CodeIgniter.php(933): App\Controllers\AdmissionMaster->list()
 7 SYSTEMPATH\CodeIgniter.php(509): CodeIgniter\CodeIgniter->runController(Object(App\Controllers\AdmissionMaster))
 8 SYSTEMPATH\CodeIgniter.php(355): CodeIgniter\CodeIgniter->handleRequest(null, Object(Config\Cache), false)
 9 SYSTEMPATH\Boot.php(325): CodeIgniter\CodeIgniter->run()
10 SYSTEMPATH\Boot.php(67): CodeIgniter\Boot::runCodeIgniter(Object(CodeIgniter\CodeIgniter))
11 FCPATH\index.php(56): CodeIgniter\Boot::bootWeb(Object(Config\Paths))
INFO - 2025-03-06 05:00:53 --> Session: Class initialized using 'CodeIgniter\Session\Handlers\FileHandler' driver.
INFO - 2025-03-06 05:02:37 --> Session: Class initialized using 'CodeIgniter\Session\Handlers\FileHandler' driver.
INFO - 2025-03-06 05:06:59 --> Session: Class initialized using 'CodeIgniter\Session\Handlers\FileHandler' driver.
INFO - 2025-03-06 05:07:55 --> Session: Class initialized using 'CodeIgniter\Session\Handlers\FileHandler' driver.
INFO - 2025-03-06 05:08:24 --> Session: Class initialized using 'CodeIgniter\Session\Handlers\FileHandler' driver.
INFO - 2025-03-06 05:08:53 --> Session: Class initialized using 'CodeIgniter\Session\Handlers\FileHandler' driver.
INFO - 2025-03-06 05:09:15 --> Session: Class initialized using 'CodeIgniter\Session\Handlers\FileHandler' driver.
INFO - 2025-03-06 05:09:50 --> Session: Class initialized using 'CodeIgniter\Session\Handlers\FileHandler' driver.
INFO - 2025-03-06 05:10:20 --> Session: Class initialized using 'CodeIgniter\Session\Handlers\FileHandler' driver.
INFO - 2025-03-06 05:10:35 --> Session: Class initialized using 'CodeIgniter\Session\Handlers\FileHandler' driver.
INFO - 2025-03-06 05:10:55 --> Session: Class initialized using 'CodeIgniter\Session\Handlers\FileHandler' driver.
INFO - 2025-03-06 05:11:05 --> Session: Class initialized using 'CodeIgniter\Session\Handlers\FileHandler' driver.
INFO - 2025-03-06 05:11:21 --> Session: Class initialized using 'CodeIgniter\Session\Handlers\FileHandler' driver.
INFO - 2025-03-06 05:11:21 --> Session: Class initialized using 'CodeIgniter\Session\Handlers\FileHandler' driver.
WARNING - 2025-03-06 05:11:21 --> [DEPRECATED] strtotime(): Passing null to parameter #1 ($datetime) of type string is deprecated in APPPATH\Views\Admin\Admission\list.php on line 133.
 1 APPPATH\Views\Admin\Admission\list.php(133): strtotime(null)
 2 SYSTEMPATH\View\View.php(234): include('C:\\xampp\\htdocs\\Wolfox\\app\\Views\\Admin\\Admission\\list.php')
 3 SYSTEMPATH\View\View.php(237): CodeIgniter\View\View->CodeIgniter\View\{closure}()
 4 SYSTEMPATH\Common.php(1171): CodeIgniter\View\View->render('/Admin/Admission/list', [], true)
 5 APPPATH\Controllers\AdmissionMaster.php(329): view('/Admin/Admission/list', [...])
 6 SYSTEMPATH\CodeIgniter.php(933): App\Controllers\AdmissionMaster->list()
 7 SYSTEMPATH\CodeIgniter.php(509): CodeIgniter\CodeIgniter->runController(Object(App\Controllers\AdmissionMaster))
 8 SYSTEMPATH\CodeIgniter.php(355): CodeIgniter\CodeIgniter->handleRequest(null, Object(Config\Cache), false)
 9 SYSTEMPATH\Boot.php(325): CodeIgniter\CodeIgniter->run()
10 SYSTEMPATH\Boot.php(67): CodeIgniter\Boot::runCodeIgniter(Object(CodeIgniter\CodeIgniter))
11 FCPATH\index.php(56): CodeIgniter\Boot::bootWeb(Object(Config\Paths))
WARNING - 2025-03-06 05:11:21 --> [DEPRECATED] strtotime(): Passing null to parameter #1 ($datetime) of type string is deprecated in APPPATH\Views\Admin\Admission\list.php on line 270.
 1 APPPATH\Views\Admin\Admission\list.php(270): strtotime(null)
 2 SYSTEMPATH\View\View.php(234): include('C:\\xampp\\htdocs\\Wolfox\\app\\Views\\Admin\\Admission\\list.php')
 3 SYSTEMPATH\View\View.php(237): CodeIgniter\View\View->CodeIgniter\View\{closure}()
 4 SYSTEMPATH\Common.php(1171): CodeIgniter\View\View->render('/Admin/Admission/list', [], true)
 5 APPPATH\Controllers\AdmissionMaster.php(329): view('/Admin/Admission/list', [...])
 6 SYSTEMPATH\CodeIgniter.php(933): App\Controllers\AdmissionMaster->list()
 7 SYSTEMPATH\CodeIgniter.php(509): CodeIgniter\CodeIgniter->runController(Object(App\Controllers\AdmissionMaster))
 8 SYSTEMPATH\CodeIgniter.php(355): CodeIgniter\CodeIgniter->handleRequest(null, Object(Config\Cache), false)
 9 SYSTEMPATH\Boot.php(325): CodeIgniter\CodeIgniter->run()
10 SYSTEMPATH\Boot.php(67): CodeIgniter\Boot::runCodeIgniter(Object(CodeIgniter\CodeIgniter))
11 FCPATH\index.php(56): CodeIgniter\Boot::bootWeb(Object(Config\Paths))
WARNING - 2025-03-06 05:11:21 --> [DEPRECATED] strtotime(): Passing null to parameter #1 ($datetime) of type string is deprecated in APPPATH\Views\Admin\Admission\list.php on line 270.
 1 APPPATH\Views\Admin\Admission\list.php(270): strtotime(null)
 2 SYSTEMPATH\View\View.php(234): include('C:\\xampp\\htdocs\\Wolfox\\app\\Views\\Admin\\Admission\\list.php')
 3 SYSTEMPATH\View\View.php(237): CodeIgniter\View\View->CodeIgniter\View\{closure}()
 4 SYSTEMPATH\Common.php(1171): CodeIgniter\View\View->render('/Admin/Admission/list', [], true)
 5 APPPATH\Controllers\AdmissionMaster.php(329): view('/Admin/Admission/list', [...])
 6 SYSTEMPATH\CodeIgniter.php(933): App\Controllers\AdmissionMaster->list()
 7 SYSTEMPATH\CodeIgniter.php(509): CodeIgniter\CodeIgniter->runController(Object(App\Controllers\AdmissionMaster))
 8 SYSTEMPATH\CodeIgniter.php(355): CodeIgniter\CodeIgniter->handleRequest(null, Object(Config\Cache), false)
 9 SYSTEMPATH\Boot.php(325): CodeIgniter\CodeIgniter->run()
10 SYSTEMPATH\Boot.php(67): CodeIgniter\Boot::runCodeIgniter(Object(CodeIgniter\CodeIgniter))
11 FCPATH\index.php(56): CodeIgniter\Boot::bootWeb(Object(Config\Paths))
INFO - 2025-03-06 05:11:55 --> Session: Class initialized using 'CodeIgniter\Session\Handlers\FileHandler' driver.
WARNING - 2025-03-06 05:11:55 --> [DEPRECATED] strtotime(): Passing null to parameter #1 ($datetime) of type string is deprecated in APPPATH\Views\Admin\Admission\list.php on line 133.
 1 APPPATH\Views\Admin\Admission\list.php(133): strtotime(null)
 2 SYSTEMPATH\View\View.php(234): include('C:\\xampp\\htdocs\\Wolfox\\app\\Views\\Admin\\Admission\\list.php')
 3 SYSTEMPATH\View\View.php(237): CodeIgniter\View\View->CodeIgniter\View\{closure}()
 4 SYSTEMPATH\Common.php(1171): CodeIgniter\View\View->render('/Admin/Admission/list', [], true)
 5 APPPATH\Controllers\AdmissionMaster.php(329): view('/Admin/Admission/list', [...])
 6 SYSTEMPATH\CodeIgniter.php(933): App\Controllers\AdmissionMaster->list()
 7 SYSTEMPATH\CodeIgniter.php(509): CodeIgniter\CodeIgniter->runController(Object(App\Controllers\AdmissionMaster))
 8 SYSTEMPATH\CodeIgniter.php(355): CodeIgniter\CodeIgniter->handleRequest(null, Object(Config\Cache), false)
 9 SYSTEMPATH\Boot.php(325): CodeIgniter\CodeIgniter->run()
10 SYSTEMPATH\Boot.php(67): CodeIgniter\Boot::runCodeIgniter(Object(CodeIgniter\CodeIgniter))
11 FCPATH\index.php(56): CodeIgniter\Boot::bootWeb(Object(Config\Paths))
WARNING - 2025-03-06 05:11:55 --> [DEPRECATED] strtotime(): Passing null to parameter #1 ($datetime) of type string is deprecated in APPPATH\Views\Admin\Admission\list.php on line 270.
 1 APPPATH\Views\Admin\Admission\list.php(270): strtotime(null)
 2 SYSTEMPATH\View\View.php(234): include('C:\\xampp\\htdocs\\Wolfox\\app\\Views\\Admin\\Admission\\list.php')
 3 SYSTEMPATH\View\View.php(237): CodeIgniter\View\View->CodeIgniter\View\{closure}()
 4 SYSTEMPATH\Common.php(1171): CodeIgniter\View\View->render('/Admin/Admission/list', [], true)
 5 APPPATH\Controllers\AdmissionMaster.php(329): view('/Admin/Admission/list', [...])
 6 SYSTEMPATH\CodeIgniter.php(933): App\Controllers\AdmissionMaster->list()
 7 SYSTEMPATH\CodeIgniter.php(509): CodeIgniter\CodeIgniter->runController(Object(App\Controllers\AdmissionMaster))
 8 SYSTEMPATH\CodeIgniter.php(355): CodeIgniter\CodeIgniter->handleRequest(null, Object(Config\Cache), false)
 9 SYSTEMPATH\Boot.php(325): CodeIgniter\CodeIgniter->run()
10 SYSTEMPATH\Boot.php(67): CodeIgniter\Boot::runCodeIgniter(Object(CodeIgniter\CodeIgniter))
11 FCPATH\index.php(56): CodeIgniter\Boot::bootWeb(Object(Config\Paths))
WARNING - 2025-03-06 05:11:55 --> [DEPRECATED] strtotime(): Passing null to parameter #1 ($datetime) of type string is deprecated in APPPATH\Views\Admin\Admission\list.php on line 270.
 1 APPPATH\Views\Admin\Admission\list.php(270): strtotime(null)
 2 SYSTEMPATH\View\View.php(234): include('C:\\xampp\\htdocs\\Wolfox\\app\\Views\\Admin\\Admission\\list.php')
 3 SYSTEMPATH\View\View.php(237): CodeIgniter\View\View->CodeIgniter\View\{closure}()
 4 SYSTEMPATH\Common.php(1171): CodeIgniter\View\View->render('/Admin/Admission/list', [], true)
 5 APPPATH\Controllers\AdmissionMaster.php(329): view('/Admin/Admission/list', [...])
 6 SYSTEMPATH\CodeIgniter.php(933): App\Controllers\AdmissionMaster->list()
 7 SYSTEMPATH\CodeIgniter.php(509): CodeIgniter\CodeIgniter->runController(Object(App\Controllers\AdmissionMaster))
 8 SYSTEMPATH\CodeIgniter.php(355): CodeIgniter\CodeIgniter->handleRequest(null, Object(Config\Cache), false)
 9 SYSTEMPATH\Boot.php(325): CodeIgniter\CodeIgniter->run()
10 SYSTEMPATH\Boot.php(67): CodeIgniter\Boot::runCodeIgniter(Object(CodeIgniter\CodeIgniter))
11 FCPATH\index.php(56): CodeIgniter\Boot::bootWeb(Object(Config\Paths))
INFO - 2025-03-06 05:12:02 --> Session: Class initialized using 'CodeIgniter\Session\Handlers\FileHandler' driver.
INFO - 2025-03-06 05:12:14 --> Session: Class initialized using 'CodeIgniter\Session\Handlers\FileHandler' driver.
INFO - 2025-03-06 05:12:14 --> Session: Class initialized using 'CodeIgniter\Session\Handlers\FileHandler' driver.
WARNING - 2025-03-06 05:12:14 --> [DEPRECATED] strtotime(): Passing null to parameter #1 ($datetime) of type string is deprecated in APPPATH\Views\Admin\Admission\list.php on line 133.
 1 APPPATH\Views\Admin\Admission\list.php(133): strtotime(null)
 2 SYSTEMPATH\View\View.php(234): include('C:\\xampp\\htdocs\\Wolfox\\app\\Views\\Admin\\Admission\\list.php')
 3 SYSTEMPATH\View\View.php(237): CodeIgniter\View\View->CodeIgniter\View\{closure}()
 4 SYSTEMPATH\Common.php(1171): CodeIgniter\View\View->render('/Admin/Admission/list', [], true)
 5 APPPATH\Controllers\AdmissionMaster.php(329): view('/Admin/Admission/list', [...])
 6 SYSTEMPATH\CodeIgniter.php(933): App\Controllers\AdmissionMaster->list()
 7 SYSTEMPATH\CodeIgniter.php(509): CodeIgniter\CodeIgniter->runController(Object(App\Controllers\AdmissionMaster))
 8 SYSTEMPATH\CodeIgniter.php(355): CodeIgniter\CodeIgniter->handleRequest(null, Object(Config\Cache), false)
 9 SYSTEMPATH\Boot.php(325): CodeIgniter\CodeIgniter->run()
10 SYSTEMPATH\Boot.php(67): CodeIgniter\Boot::runCodeIgniter(Object(CodeIgniter\CodeIgniter))
11 FCPATH\index.php(56): CodeIgniter\Boot::bootWeb(Object(Config\Paths))
WARNING - 2025-03-06 05:12:14 --> [DEPRECATED] strtotime(): Passing null to parameter #1 ($datetime) of type string is deprecated in APPPATH\Views\Admin\Admission\list.php on line 270.
 1 APPPATH\Views\Admin\Admission\list.php(270): strtotime(null)
 2 SYSTEMPATH\View\View.php(234): include('C:\\xampp\\htdocs\\Wolfox\\app\\Views\\Admin\\Admission\\list.php')
 3 SYSTEMPATH\View\View.php(237): CodeIgniter\View\View->CodeIgniter\View\{closure}()
 4 SYSTEMPATH\Common.php(1171): CodeIgniter\View\View->render('/Admin/Admission/list', [], true)
 5 APPPATH\Controllers\AdmissionMaster.php(329): view('/Admin/Admission/list', [...])
 6 SYSTEMPATH\CodeIgniter.php(933): App\Controllers\AdmissionMaster->list()
 7 SYSTEMPATH\CodeIgniter.php(509): CodeIgniter\CodeIgniter->runController(Object(App\Controllers\AdmissionMaster))
 8 SYSTEMPATH\CodeIgniter.php(355): CodeIgniter\CodeIgniter->handleRequest(null, Object(Config\Cache), false)
 9 SYSTEMPATH\Boot.php(325): CodeIgniter\CodeIgniter->run()
10 SYSTEMPATH\Boot.php(67): CodeIgniter\Boot::runCodeIgniter(Object(CodeIgniter\CodeIgniter))
11 FCPATH\index.php(56): CodeIgniter\Boot::bootWeb(Object(Config\Paths))
WARNING - 2025-03-06 05:12:14 --> [DEPRECATED] strtotime(): Passing null to parameter #1 ($datetime) of type string is deprecated in APPPATH\Views\Admin\Admission\list.php on line 270.
 1 APPPATH\Views\Admin\Admission\list.php(270): strtotime(null)
 2 SYSTEMPATH\View\View.php(234): include('C:\\xampp\\htdocs\\Wolfox\\app\\Views\\Admin\\Admission\\list.php')
 3 SYSTEMPATH\View\View.php(237): CodeIgniter\View\View->CodeIgniter\View\{closure}()
 4 SYSTEMPATH\Common.php(1171): CodeIgniter\View\View->render('/Admin/Admission/list', [], true)
 5 APPPATH\Controllers\AdmissionMaster.php(329): view('/Admin/Admission/list', [...])
 6 SYSTEMPATH\CodeIgniter.php(933): App\Controllers\AdmissionMaster->list()
 7 SYSTEMPATH\CodeIgniter.php(509): CodeIgniter\CodeIgniter->runController(Object(App\Controllers\AdmissionMaster))
 8 SYSTEMPATH\CodeIgniter.php(355): CodeIgniter\CodeIgniter->handleRequest(null, Object(Config\Cache), false)
 9 SYSTEMPATH\Boot.php(325): CodeIgniter\CodeIgniter->run()
10 SYSTEMPATH\Boot.php(67): CodeIgniter\Boot::runCodeIgniter(Object(CodeIgniter\CodeIgniter))
11 FCPATH\index.php(56): CodeIgniter\Boot::bootWeb(Object(Config\Paths))
INFO - 2025-03-06 05:12:41 --> Session: Class initialized using 'CodeIgniter\Session\Handlers\FileHandler' driver.
WARNING - 2025-03-06 05:14:40 --> [DEPRECATED] strtotime(): Passing null to parameter #1 ($datetime) of type string is deprecated in APPPATH\Controllers\AdmissionMaster.php on line 432.
 1 APPPATH\Controllers\AdmissionMaster.php(432): strtotime(null)
 2 SYSTEMPATH\CodeIgniter.php(933): App\Controllers\AdmissionMaster->update()
 3 SYSTEMPATH\CodeIgniter.php(509): CodeIgniter\CodeIgniter->runController(Object(App\Controllers\AdmissionMaster))
 4 SYSTEMPATH\CodeIgniter.php(355): CodeIgniter\CodeIgniter->handleRequest(null, Object(Config\Cache), false)
 5 SYSTEMPATH\Boot.php(325): CodeIgniter\CodeIgniter->run()
 6 SYSTEMPATH\Boot.php(67): CodeIgniter\Boot::runCodeIgniter(Object(CodeIgniter\CodeIgniter))
 7 FCPATH\index.php(56): CodeIgniter\Boot::bootWeb(Object(Config\Paths))
WARNING - 2025-03-06 05:14:40 --> [DEPRECATED] strtotime(): Passing null to parameter #1 ($datetime) of type string is deprecated in APPPATH\Controllers\AdmissionMaster.php on line 433.
 1 APPPATH\Controllers\AdmissionMaster.php(433): strtotime(null)
 2 SYSTEMPATH\CodeIgniter.php(933): App\Controllers\AdmissionMaster->update()
 3 SYSTEMPATH\CodeIgniter.php(509): CodeIgniter\CodeIgniter->runController(Object(App\Controllers\AdmissionMaster))
 4 SYSTEMPATH\CodeIgniter.php(355): CodeIgniter\CodeIgniter->handleRequest(null, Object(Config\Cache), false)
 5 SYSTEMPATH\Boot.php(325): CodeIgniter\CodeIgniter->run()
 6 SYSTEMPATH\Boot.php(67): CodeIgniter\Boot::runCodeIgniter(Object(CodeIgniter\CodeIgniter))
 7 FCPATH\index.php(56): CodeIgniter\Boot::bootWeb(Object(Config\Paths))
WARNING - 2025-03-06 05:14:40 --> [DEPRECATED] strtotime(): Passing null to parameter #1 ($datetime) of type string is deprecated in APPPATH\Controllers\AdmissionMaster.php on line 497.
 1 APPPATH\Controllers\AdmissionMaster.php(497): strtotime(null)
 2 SYSTEMPATH\CodeIgniter.php(933): App\Controllers\AdmissionMaster->update()
 3 SYSTEMPATH\CodeIgniter.php(509): CodeIgniter\CodeIgniter->runController(Object(App\Controllers\AdmissionMaster))
 4 SYSTEMPATH\CodeIgniter.php(355): CodeIgniter\CodeIgniter->handleRequest(null, Object(Config\Cache), false)
 5 SYSTEMPATH\Boot.php(325): CodeIgniter\CodeIgniter->run()
 6 SYSTEMPATH\Boot.php(67): CodeIgniter\Boot::runCodeIgniter(Object(CodeIgniter\CodeIgniter))
 7 FCPATH\index.php(56): CodeIgniter\Boot::bootWeb(Object(Config\Paths))
WARNING - 2025-03-06 05:14:40 --> [DEPRECATED] strtotime(): Passing null to parameter #1 ($datetime) of type string is deprecated in APPPATH\Controllers\AdmissionMaster.php on line 498.
 1 APPPATH\Controllers\AdmissionMaster.php(498): strtotime(null)
 2 SYSTEMPATH\CodeIgniter.php(933): App\Controllers\AdmissionMaster->update()
 3 SYSTEMPATH\CodeIgniter.php(509): CodeIgniter\CodeIgniter->runController(Object(App\Controllers\AdmissionMaster))
 4 SYSTEMPATH\CodeIgniter.php(355): CodeIgniter\CodeIgniter->handleRequest(null, Object(Config\Cache), false)
 5 SYSTEMPATH\Boot.php(325): CodeIgniter\CodeIgniter->run()
 6 SYSTEMPATH\Boot.php(67): CodeIgniter\Boot::runCodeIgniter(Object(CodeIgniter\CodeIgniter))
 7 FCPATH\index.php(56): CodeIgniter\Boot::bootWeb(Object(Config\Paths))
INFO - 2025-03-06 05:14:40 --> Session: Class initialized using 'CodeIgniter\Session\Handlers\FileHandler' driver.
INFO - 2025-03-06 05:14:40 --> Session: Class initialized using 'CodeIgniter\Session\Handlers\FileHandler' driver.
INFO - 2025-03-06 05:14:51 --> Session: Class initialized using 'CodeIgniter\Session\Handlers\FileHandler' driver.
INFO - 2025-03-06 05:14:57 --> Session: Class initialized using 'CodeIgniter\Session\Handlers\FileHandler' driver.
INFO - 2025-03-06 05:14:57 --> Session: Class initialized using 'CodeIgniter\Session\Handlers\FileHandler' driver.
INFO - 2025-03-06 05:15:02 --> Session: Class initialized using 'CodeIgniter\Session\Handlers\FileHandler' driver.
INFO - 2025-03-06 05:15:19 --> Session: Class initialized using 'CodeIgniter\Session\Handlers\FileHandler' driver.
INFO - 2025-03-06 05:15:43 --> Session: Class initialized using 'CodeIgniter\Session\Handlers\FileHandler' driver.
INFO - 2025-03-06 05:16:01 --> Session: Class initialized using 'CodeIgniter\Session\Handlers\FileHandler' driver.
INFO - 2025-03-06 05:16:01 --> Session: Class initialized using 'CodeIgniter\Session\Handlers\FileHandler' driver.
INFO - 2025-03-06 05:16:14 --> Session: Class initialized using 'CodeIgniter\Session\Handlers\FileHandler' driver.
DEBUG - 2025-03-06 05:16:21 --> Received SID: 4
INFO - 2025-03-06 05:16:21 --> Session: Class initialized using 'CodeIgniter\Session\Handlers\FileHandler' driver.
INFO - 2025-03-06 05:16:21 --> Session: Class initialized using 'CodeIgniter\Session\Handlers\FileHandler' driver.
INFO - 2025-03-06 05:18:14 --> Session: Class initialized using 'CodeIgniter\Session\Handlers\FileHandler' driver.
INFO - 2025-03-06 05:18:29 --> Session: Class initialized using 'CodeIgniter\Session\Handlers\FileHandler' driver.
INFO - 2025-03-06 05:18:29 --> Session: Class initialized using 'CodeIgniter\Session\Handlers\FileHandler' driver.
INFO - 2025-03-06 05:18:35 --> Session: Class initialized using 'CodeIgniter\Session\Handlers\FileHandler' driver.
INFO - 2025-03-06 05:21:42 --> Session: Class initialized using 'CodeIgniter\Session\Handlers\FileHandler' driver.
WARNING - 2025-03-06 05:21:54 --> [DEPRECATED] strtolower(): Passing null to parameter #1 ($string) of type string is deprecated in APPPATH\Controllers\AdmissionMaster.php on line 52.
 1 APPPATH\Controllers\AdmissionMaster.php(52): strtolower(null)
 2 SYSTEMPATH\CodeIgniter.php(933): App\Controllers\AdmissionMaster->save()
 3 SYSTEMPATH\CodeIgniter.php(509): CodeIgniter\CodeIgniter->runController(Object(App\Controllers\AdmissionMaster))
 4 SYSTEMPATH\CodeIgniter.php(355): CodeIgniter\CodeIgniter->handleRequest(null, Object(Config\Cache), false)
 5 SYSTEMPATH\Boot.php(325): CodeIgniter\CodeIgniter->run()
 6 SYSTEMPATH\Boot.php(67): CodeIgniter\Boot::runCodeIgniter(Object(CodeIgniter\CodeIgniter))
 7 FCPATH\index.php(56): CodeIgniter\Boot::bootWeb(Object(Config\Paths))
WARNING - 2025-03-06 05:21:54 --> [DEPRECATED] strtolower(): Passing null to parameter #1 ($string) of type string is deprecated in APPPATH\Controllers\AdmissionMaster.php on line 53.
 1 APPPATH\Controllers\AdmissionMaster.php(53): strtolower(null)
 2 SYSTEMPATH\CodeIgniter.php(933): App\Controllers\AdmissionMaster->save()
 3 SYSTEMPATH\CodeIgniter.php(509): CodeIgniter\CodeIgniter->runController(Object(App\Controllers\AdmissionMaster))
 4 SYSTEMPATH\CodeIgniter.php(355): CodeIgniter\CodeIgniter->handleRequest(null, Object(Config\Cache), false)
 5 SYSTEMPATH\Boot.php(325): CodeIgniter\CodeIgniter->run()
 6 SYSTEMPATH\Boot.php(67): CodeIgniter\Boot::runCodeIgniter(Object(CodeIgniter\CodeIgniter))
 7 FCPATH\index.php(56): CodeIgniter\Boot::bootWeb(Object(Config\Paths))
WARNING - 2025-03-06 05:21:54 --> [DEPRECATED] strtolower(): Passing null to parameter #1 ($string) of type string is deprecated in APPPATH\Controllers\AdmissionMaster.php on line 54.
 1 APPPATH\Controllers\AdmissionMaster.php(54): strtolower(null)
 2 SYSTEMPATH\CodeIgniter.php(933): App\Controllers\AdmissionMaster->save()
 3 SYSTEMPATH\CodeIgniter.php(509): CodeIgniter\CodeIgniter->runController(Object(App\Controllers\AdmissionMaster))
 4 SYSTEMPATH\CodeIgniter.php(355): CodeIgniter\CodeIgniter->handleRequest(null, Object(Config\Cache), false)
 5 SYSTEMPATH\Boot.php(325): CodeIgniter\CodeIgniter->run()
 6 SYSTEMPATH\Boot.php(67): CodeIgniter\Boot::runCodeIgniter(Object(CodeIgniter\CodeIgniter))
 7 FCPATH\index.php(56): CodeIgniter\Boot::bootWeb(Object(Config\Paths))
WARNING - 2025-03-06 05:21:54 --> [DEPRECATED] substr(): Passing null to parameter #1 ($string) of type string is deprecated in APPPATH\Controllers\AdmissionMaster.php on line 75.
 1 APPPATH\Controllers\AdmissionMaster.php(75): substr(null, -4)
 2 SYSTEMPATH\CodeIgniter.php(933): App\Controllers\AdmissionMaster->save()
 3 SYSTEMPATH\CodeIgniter.php(509): CodeIgniter\CodeIgniter->runController(Object(App\Controllers\AdmissionMaster))
 4 SYSTEMPATH\CodeIgniter.php(355): CodeIgniter\CodeIgniter->handleRequest(null, Object(Config\Cache), false)
 5 SYSTEMPATH\Boot.php(325): CodeIgniter\CodeIgniter->run()
 6 SYSTEMPATH\Boot.php(67): CodeIgniter\Boot::runCodeIgniter(Object(CodeIgniter\CodeIgniter))
 7 FCPATH\index.php(56): CodeIgniter\Boot::bootWeb(Object(Config\Paths))
WARNING - 2025-03-06 05:21:54 --> [DEPRECATED] DateTime::__construct(): Passing null to parameter #1 ($datetime) of type string is deprecated in APPPATH\Controllers\AdmissionMaster.php on line 86.
 1 APPPATH\Controllers\AdmissionMaster.php(86): DateTime->__construct(null)
 2 SYSTEMPATH\CodeIgniter.php(933): App\Controllers\AdmissionMaster->save()
 3 SYSTEMPATH\CodeIgniter.php(509): CodeIgniter\CodeIgniter->runController(Object(App\Controllers\AdmissionMaster))
 4 SYSTEMPATH\CodeIgniter.php(355): CodeIgniter\CodeIgniter->handleRequest(null, Object(Config\Cache), false)
 5 SYSTEMPATH\Boot.php(325): CodeIgniter\CodeIgniter->run()
 6 SYSTEMPATH\Boot.php(67): CodeIgniter\Boot::runCodeIgniter(Object(CodeIgniter\CodeIgniter))
 7 FCPATH\index.php(56): CodeIgniter\Boot::bootWeb(Object(Config\Paths))
WARNING - 2025-03-06 05:21:54 --> [DEPRECATED] strtotime(): Passing null to parameter #1 ($datetime) of type string is deprecated in APPPATH\Controllers\AdmissionMaster.php on line 96.
 1 APPPATH\Controllers\AdmissionMaster.php(96): strtotime(null)
 2 SYSTEMPATH\CodeIgniter.php(933): App\Controllers\AdmissionMaster->save()
 3 SYSTEMPATH\CodeIgniter.php(509): CodeIgniter\CodeIgniter->runController(Object(App\Controllers\AdmissionMaster))
 4 SYSTEMPATH\CodeIgniter.php(355): CodeIgniter\CodeIgniter->handleRequest(null, Object(Config\Cache), false)
 5 SYSTEMPATH\Boot.php(325): CodeIgniter\CodeIgniter->run()
 6 SYSTEMPATH\Boot.php(67): CodeIgniter\Boot::runCodeIgniter(Object(CodeIgniter\CodeIgniter))
 7 FCPATH\index.php(56): CodeIgniter\Boot::bootWeb(Object(Config\Paths))
WARNING - 2025-03-06 05:21:54 --> [DEPRECATED] strtotime(): Passing null to parameter #1 ($datetime) of type string is deprecated in APPPATH\Controllers\AdmissionMaster.php on line 97.
 1 APPPATH\Controllers\AdmissionMaster.php(97): strtotime(null)
 2 SYSTEMPATH\CodeIgniter.php(933): App\Controllers\AdmissionMaster->save()
 3 SYSTEMPATH\CodeIgniter.php(509): CodeIgniter\CodeIgniter->runController(Object(App\Controllers\AdmissionMaster))
 4 SYSTEMPATH\CodeIgniter.php(355): CodeIgniter\CodeIgniter->handleRequest(null, Object(Config\Cache), false)
 5 SYSTEMPATH\Boot.php(325): CodeIgniter\CodeIgniter->run()
 6 SYSTEMPATH\Boot.php(67): CodeIgniter\Boot::runCodeIgniter(Object(CodeIgniter\CodeIgniter))
 7 FCPATH\index.php(56): CodeIgniter\Boot::bootWeb(Object(Config\Paths))
INFO - 2025-03-06 05:21:54 --> Session: Class initialized using 'CodeIgniter\Session\Handlers\FileHandler' driver.
INFO - 2025-03-06 05:21:54 --> Session: Class initialized using 'CodeIgniter\Session\Handlers\FileHandler' driver.
INFO - 2025-03-06 05:22:09 --> Session: Class initialized using 'CodeIgniter\Session\Handlers\FileHandler' driver.
WARNING - 2025-03-06 05:22:17 --> [DEPRECATED] strtolower(): Passing null to parameter #1 ($string) of type string is deprecated in APPPATH\Controllers\InquiryMaster.php on line 43.
 1 APPPATH\Controllers\InquiryMaster.php(43): strtolower(null)
 2 SYSTEMPATH\CodeIgniter.php(933): App\Controllers\InquiryMaster->save()
 3 SYSTEMPATH\CodeIgniter.php(509): CodeIgniter\CodeIgniter->runController(Object(App\Controllers\InquiryMaster))
 4 SYSTEMPATH\CodeIgniter.php(355): CodeIgniter\CodeIgniter->handleRequest(null, Object(Config\Cache), false)
 5 SYSTEMPATH\Boot.php(325): CodeIgniter\CodeIgniter->run()
 6 SYSTEMPATH\Boot.php(67): CodeIgniter\Boot::runCodeIgniter(Object(CodeIgniter\CodeIgniter))
 7 FCPATH\index.php(56): CodeIgniter\Boot::bootWeb(Object(Config\Paths))
WARNING - 2025-03-06 05:22:17 --> [DEPRECATED] strtolower(): Passing null to parameter #1 ($string) of type string is deprecated in APPPATH\Controllers\InquiryMaster.php on line 44.
 1 APPPATH\Controllers\InquiryMaster.php(44): strtolower(null)
 2 SYSTEMPATH\CodeIgniter.php(933): App\Controllers\InquiryMaster->save()
 3 SYSTEMPATH\CodeIgniter.php(509): CodeIgniter\CodeIgniter->runController(Object(App\Controllers\InquiryMaster))
 4 SYSTEMPATH\CodeIgniter.php(355): CodeIgniter\CodeIgniter->handleRequest(null, Object(Config\Cache), false)
 5 SYSTEMPATH\Boot.php(325): CodeIgniter\CodeIgniter->run()
 6 SYSTEMPATH\Boot.php(67): CodeIgniter\Boot::runCodeIgniter(Object(CodeIgniter\CodeIgniter))
 7 FCPATH\index.php(56): CodeIgniter\Boot::bootWeb(Object(Config\Paths))
WARNING - 2025-03-06 05:22:17 --> [DEPRECATED] strtolower(): Passing null to parameter #1 ($string) of type string is deprecated in APPPATH\Controllers\InquiryMaster.php on line 45.
 1 APPPATH\Controllers\InquiryMaster.php(45): strtolower(null)
 2 SYSTEMPATH\CodeIgniter.php(933): App\Controllers\InquiryMaster->save()
 3 SYSTEMPATH\CodeIgniter.php(509): CodeIgniter\CodeIgniter->runController(Object(App\Controllers\InquiryMaster))
 4 SYSTEMPATH\CodeIgniter.php(355): CodeIgniter\CodeIgniter->handleRequest(null, Object(Config\Cache), false)
 5 SYSTEMPATH\Boot.php(325): CodeIgniter\CodeIgniter->run()
 6 SYSTEMPATH\Boot.php(67): CodeIgniter\Boot::runCodeIgniter(Object(CodeIgniter\CodeIgniter))
 7 FCPATH\index.php(56): CodeIgniter\Boot::bootWeb(Object(Config\Paths))
WARNING - 2025-03-06 05:22:17 --> [DEPRECATED] substr(): Passing null to parameter #1 ($string) of type string is deprecated in APPPATH\Controllers\InquiryMaster.php on line 52.
 1 APPPATH\Controllers\InquiryMaster.php(52): substr(null, -4)
 2 SYSTEMPATH\CodeIgniter.php(933): App\Controllers\InquiryMaster->save()
 3 SYSTEMPATH\CodeIgniter.php(509): CodeIgniter\CodeIgniter->runController(Object(App\Controllers\InquiryMaster))
 4 SYSTEMPATH\CodeIgniter.php(355): CodeIgniter\CodeIgniter->handleRequest(null, Object(Config\Cache), false)
 5 SYSTEMPATH\Boot.php(325): CodeIgniter\CodeIgniter->run()
 6 SYSTEMPATH\Boot.php(67): CodeIgniter\Boot::runCodeIgniter(Object(CodeIgniter\CodeIgniter))
 7 FCPATH\index.php(56): CodeIgniter\Boot::bootWeb(Object(Config\Paths))
INFO - 2025-03-06 05:22:17 --> Session: Class initialized using 'CodeIgniter\Session\Handlers\FileHandler' driver.
INFO - 2025-03-06 05:22:17 --> Session: Class initialized using 'CodeIgniter\Session\Handlers\FileHandler' driver.
INFO - 2025-03-06 05:22:51 --> Session: Class initialized using 'CodeIgniter\Session\Handlers\FileHandler' driver.
WARNING - 2025-03-06 05:22:57 --> [DEPRECATED] strtolower(): Passing null to parameter #1 ($string) of type string is deprecated in APPPATH\Controllers\InquiryMaster.php on line 43.
 1 APPPATH\Controllers\InquiryMaster.php(43): strtolower(null)
 2 SYSTEMPATH\CodeIgniter.php(933): App\Controllers\InquiryMaster->save()
 3 SYSTEMPATH\CodeIgniter.php(509): CodeIgniter\CodeIgniter->runController(Object(App\Controllers\InquiryMaster))
 4 SYSTEMPATH\CodeIgniter.php(355): CodeIgniter\CodeIgniter->handleRequest(null, Object(Config\Cache), false)
 5 SYSTEMPATH\Boot.php(325): CodeIgniter\CodeIgniter->run()
 6 SYSTEMPATH\Boot.php(67): CodeIgniter\Boot::runCodeIgniter(Object(CodeIgniter\CodeIgniter))
 7 FCPATH\index.php(56): CodeIgniter\Boot::bootWeb(Object(Config\Paths))
WARNING - 2025-03-06 05:22:57 --> [DEPRECATED] strtolower(): Passing null to parameter #1 ($string) of type string is deprecated in APPPATH\Controllers\InquiryMaster.php on line 44.
 1 APPPATH\Controllers\InquiryMaster.php(44): strtolower(null)
 2 SYSTEMPATH\CodeIgniter.php(933): App\Controllers\InquiryMaster->save()
 3 SYSTEMPATH\CodeIgniter.php(509): CodeIgniter\CodeIgniter->runController(Object(App\Controllers\InquiryMaster))
 4 SYSTEMPATH\CodeIgniter.php(355): CodeIgniter\CodeIgniter->handleRequest(null, Object(Config\Cache), false)
 5 SYSTEMPATH\Boot.php(325): CodeIgniter\CodeIgniter->run()
 6 SYSTEMPATH\Boot.php(67): CodeIgniter\Boot::runCodeIgniter(Object(CodeIgniter\CodeIgniter))
 7 FCPATH\index.php(56): CodeIgniter\Boot::bootWeb(Object(Config\Paths))
WARNING - 2025-03-06 05:22:57 --> [DEPRECATED] strtolower(): Passing null to parameter #1 ($string) of type string is deprecated in APPPATH\Controllers\InquiryMaster.php on line 45.
 1 APPPATH\Controllers\InquiryMaster.php(45): strtolower(null)
 2 SYSTEMPATH\CodeIgniter.php(933): App\Controllers\InquiryMaster->save()
 3 SYSTEMPATH\CodeIgniter.php(509): CodeIgniter\CodeIgniter->runController(Object(App\Controllers\InquiryMaster))
 4 SYSTEMPATH\CodeIgniter.php(355): CodeIgniter\CodeIgniter->handleRequest(null, Object(Config\Cache), false)
 5 SYSTEMPATH\Boot.php(325): CodeIgniter\CodeIgniter->run()
 6 SYSTEMPATH\Boot.php(67): CodeIgniter\Boot::runCodeIgniter(Object(CodeIgniter\CodeIgniter))
 7 FCPATH\index.php(56): CodeIgniter\Boot::bootWeb(Object(Config\Paths))
WARNING - 2025-03-06 05:22:57 --> [DEPRECATED] substr(): Passing null to parameter #1 ($string) of type string is deprecated in APPPATH\Controllers\InquiryMaster.php on line 52.
 1 APPPATH\Controllers\InquiryMaster.php(52): substr(null, -4)
 2 SYSTEMPATH\CodeIgniter.php(933): App\Controllers\InquiryMaster->save()
 3 SYSTEMPATH\CodeIgniter.php(509): CodeIgniter\CodeIgniter->runController(Object(App\Controllers\InquiryMaster))
 4 SYSTEMPATH\CodeIgniter.php(355): CodeIgniter\CodeIgniter->handleRequest(null, Object(Config\Cache), false)
 5 SYSTEMPATH\Boot.php(325): CodeIgniter\CodeIgniter->run()
 6 SYSTEMPATH\Boot.php(67): CodeIgniter\Boot::runCodeIgniter(Object(CodeIgniter\CodeIgniter))
 7 FCPATH\index.php(56): CodeIgniter\Boot::bootWeb(Object(Config\Paths))
INFO - 2025-03-06 05:22:57 --> Session: Class initialized using 'CodeIgniter\Session\Handlers\FileHandler' driver.
INFO - 2025-03-06 05:22:57 --> Session: Class initialized using 'CodeIgniter\Session\Handlers\FileHandler' driver.
INFO - 2025-03-06 05:27:42 --> Session: Class initialized using 'CodeIgniter\Session\Handlers\FileHandler' driver.
INFO - 2025-03-06 05:28:03 --> Session: Class initialized using 'CodeIgniter\Session\Handlers\FileHandler' driver.
INFO - 2025-03-06 05:28:14 --> Session: Class initialized using 'CodeIgniter\Session\Handlers\FileHandler' driver.
INFO - 2025-03-06 05:42:06 --> Session: Class initialized using 'CodeIgniter\Session\Handlers\FileHandler' driver.
INFO - 2025-03-06 05:42:08 --> Session: Class initialized using 'CodeIgniter\Session\Handlers\FileHandler' driver.
INFO - 2025-03-06 05:43:37 --> Session: Class initialized using 'CodeIgniter\Session\Handlers\FileHandler' driver.
INFO - 2025-03-06 05:46:51 --> Session: Class initialized using 'CodeIgniter\Session\Handlers\FileHandler' driver.
INFO - 2025-03-06 05:47:36 --> Session: Class initialized using 'CodeIgniter\Session\Handlers\FileHandler' driver.
INFO - 2025-03-06 05:48:09 --> Session: Class initialized using 'CodeIgniter\Session\Handlers\FileHandler' driver.
INFO - 2025-03-06 05:49:29 --> Session: Class initialized using 'CodeIgniter\Session\Handlers\FileHandler' driver.
INFO - 2025-03-06 05:49:43 --> Session: Class initialized using 'CodeIgniter\Session\Handlers\FileHandler' driver.
INFO - 2025-03-06 05:49:43 --> Session: Class initialized using 'CodeIgniter\Session\Handlers\FileHandler' driver.
INFO - 2025-03-06 05:49:46 --> Session: Class initialized using 'CodeIgniter\Session\Handlers\FileHandler' driver.
DEBUG - 2025-03-06 05:50:02 --> Received SID: 12
INFO - 2025-03-06 05:50:02 --> Session: Class initialized using 'CodeIgniter\Session\Handlers\FileHandler' driver.
INFO - 2025-03-06 05:50:03 --> Session: Class initialized using 'CodeIgniter\Session\Handlers\FileHandler' driver.
INFO - 2025-03-06 05:50:13 --> Session: Class initialized using 'CodeIgniter\Session\Handlers\FileHandler' driver.
WARNING - 2025-03-06 05:50:21 --> [DEPRECATED] strtolower(): Passing null to parameter #1 ($string) of type string is deprecated in APPPATH\Controllers\AdmissionMaster.php on line 52.
 1 APPPATH\Controllers\AdmissionMaster.php(52): strtolower(null)
 2 SYSTEMPATH\CodeIgniter.php(933): App\Controllers\AdmissionMaster->save()
 3 SYSTEMPATH\CodeIgniter.php(509): CodeIgniter\CodeIgniter->runController(Object(App\Controllers\AdmissionMaster))
 4 SYSTEMPATH\CodeIgniter.php(355): CodeIgniter\CodeIgniter->handleRequest(null, Object(Config\Cache), false)
 5 SYSTEMPATH\Boot.php(325): CodeIgniter\CodeIgniter->run()
 6 SYSTEMPATH\Boot.php(67): CodeIgniter\Boot::runCodeIgniter(Object(CodeIgniter\CodeIgniter))
 7 FCPATH\index.php(56): CodeIgniter\Boot::bootWeb(Object(Config\Paths))
WARNING - 2025-03-06 05:50:21 --> [DEPRECATED] strtolower(): Passing null to parameter #1 ($string) of type string is deprecated in APPPATH\Controllers\AdmissionMaster.php on line 53.
 1 APPPATH\Controllers\AdmissionMaster.php(53): strtolower(null)
 2 SYSTEMPATH\CodeIgniter.php(933): App\Controllers\AdmissionMaster->save()
 3 SYSTEMPATH\CodeIgniter.php(509): CodeIgniter\CodeIgniter->runController(Object(App\Controllers\AdmissionMaster))
 4 SYSTEMPATH\CodeIgniter.php(355): CodeIgniter\CodeIgniter->handleRequest(null, Object(Config\Cache), false)
 5 SYSTEMPATH\Boot.php(325): CodeIgniter\CodeIgniter->run()
 6 SYSTEMPATH\Boot.php(67): CodeIgniter\Boot::runCodeIgniter(Object(CodeIgniter\CodeIgniter))
 7 FCPATH\index.php(56): CodeIgniter\Boot::bootWeb(Object(Config\Paths))
WARNING - 2025-03-06 05:50:21 --> [DEPRECATED] strtolower(): Passing null to parameter #1 ($string) of type string is deprecated in APPPATH\Controllers\AdmissionMaster.php on line 54.
 1 APPPATH\Controllers\AdmissionMaster.php(54): strtolower(null)
 2 SYSTEMPATH\CodeIgniter.php(933): App\Controllers\AdmissionMaster->save()
 3 SYSTEMPATH\CodeIgniter.php(509): CodeIgniter\CodeIgniter->runController(Object(App\Controllers\AdmissionMaster))
 4 SYSTEMPATH\CodeIgniter.php(355): CodeIgniter\CodeIgniter->handleRequest(null, Object(Config\Cache), false)
 5 SYSTEMPATH\Boot.php(325): CodeIgniter\CodeIgniter->run()
 6 SYSTEMPATH\Boot.php(67): CodeIgniter\Boot::runCodeIgniter(Object(CodeIgniter\CodeIgniter))
 7 FCPATH\index.php(56): CodeIgniter\Boot::bootWeb(Object(Config\Paths))
WARNING - 2025-03-06 05:50:21 --> [DEPRECATED] substr(): Passing null to parameter #1 ($string) of type string is deprecated in APPPATH\Controllers\AdmissionMaster.php on line 75.
 1 APPPATH\Controllers\AdmissionMaster.php(75): substr(null, -4)
 2 SYSTEMPATH\CodeIgniter.php(933): App\Controllers\AdmissionMaster->save()
 3 SYSTEMPATH\CodeIgniter.php(509): CodeIgniter\CodeIgniter->runController(Object(App\Controllers\AdmissionMaster))
 4 SYSTEMPATH\CodeIgniter.php(355): CodeIgniter\CodeIgniter->handleRequest(null, Object(Config\Cache), false)
 5 SYSTEMPATH\Boot.php(325): CodeIgniter\CodeIgniter->run()
 6 SYSTEMPATH\Boot.php(67): CodeIgniter\Boot::runCodeIgniter(Object(CodeIgniter\CodeIgniter))
 7 FCPATH\index.php(56): CodeIgniter\Boot::bootWeb(Object(Config\Paths))
WARNING - 2025-03-06 05:50:21 --> [DEPRECATED] DateTime::__construct(): Passing null to parameter #1 ($datetime) of type string is deprecated in APPPATH\Controllers\AdmissionMaster.php on line 86.
 1 APPPATH\Controllers\AdmissionMaster.php(86): DateTime->__construct(null)
 2 SYSTEMPATH\CodeIgniter.php(933): App\Controllers\AdmissionMaster->save()
 3 SYSTEMPATH\CodeIgniter.php(509): CodeIgniter\CodeIgniter->runController(Object(App\Controllers\AdmissionMaster))
 4 SYSTEMPATH\CodeIgniter.php(355): CodeIgniter\CodeIgniter->handleRequest(null, Object(Config\Cache), false)
 5 SYSTEMPATH\Boot.php(325): CodeIgniter\CodeIgniter->run()
 6 SYSTEMPATH\Boot.php(67): CodeIgniter\Boot::runCodeIgniter(Object(CodeIgniter\CodeIgniter))
 7 FCPATH\index.php(56): CodeIgniter\Boot::bootWeb(Object(Config\Paths))
WARNING - 2025-03-06 05:50:21 --> [DEPRECATED] strtotime(): Passing null to parameter #1 ($datetime) of type string is deprecated in APPPATH\Controllers\AdmissionMaster.php on line 96.
 1 APPPATH\Controllers\AdmissionMaster.php(96): strtotime(null)
 2 SYSTEMPATH\CodeIgniter.php(933): App\Controllers\AdmissionMaster->save()
 3 SYSTEMPATH\CodeIgniter.php(509): CodeIgniter\CodeIgniter->runController(Object(App\Controllers\AdmissionMaster))
 4 SYSTEMPATH\CodeIgniter.php(355): CodeIgniter\CodeIgniter->handleRequest(null, Object(Config\Cache), false)
 5 SYSTEMPATH\Boot.php(325): CodeIgniter\CodeIgniter->run()
 6 SYSTEMPATH\Boot.php(67): CodeIgniter\Boot::runCodeIgniter(Object(CodeIgniter\CodeIgniter))
 7 FCPATH\index.php(56): CodeIgniter\Boot::bootWeb(Object(Config\Paths))
WARNING - 2025-03-06 05:50:21 --> [DEPRECATED] strtotime(): Passing null to parameter #1 ($datetime) of type string is deprecated in APPPATH\Controllers\AdmissionMaster.php on line 97.
 1 APPPATH\Controllers\AdmissionMaster.php(97): strtotime(null)
 2 SYSTEMPATH\CodeIgniter.php(933): App\Controllers\AdmissionMaster->save()
 3 SYSTEMPATH\CodeIgniter.php(509): CodeIgniter\CodeIgniter->runController(Object(App\Controllers\AdmissionMaster))
 4 SYSTEMPATH\CodeIgniter.php(355): CodeIgniter\CodeIgniter->handleRequest(null, Object(Config\Cache), false)
 5 SYSTEMPATH\Boot.php(325): CodeIgniter\CodeIgniter->run()
 6 SYSTEMPATH\Boot.php(67): CodeIgniter\Boot::runCodeIgniter(Object(CodeIgniter\CodeIgniter))
 7 FCPATH\index.php(56): CodeIgniter\Boot::bootWeb(Object(Config\Paths))
INFO - 2025-03-06 05:50:21 --> Session: Class initialized using 'CodeIgniter\Session\Handlers\FileHandler' driver.
INFO - 2025-03-06 05:50:21 --> Session: Class initialized using 'CodeIgniter\Session\Handlers\FileHandler' driver.
INFO - 2025-03-06 05:50:57 --> Session: Class initialized using 'CodeIgniter\Session\Handlers\FileHandler' driver.
INFO - 2025-03-06 05:51:00 --> Session: Class initialized using 'CodeIgniter\Session\Handlers\FileHandler' driver.
INFO - 2025-03-06 05:52:13 --> Session: Class initialized using 'CodeIgniter\Session\Handlers\FileHandler' driver.
INFO - 2025-03-06 05:52:13 --> Session: Class initialized using 'CodeIgniter\Session\Handlers\FileHandler' driver.
WARNING - 2025-03-06 05:53:12 --> [DEPRECATED] strtolower(): Passing null to parameter #1 ($string) of type string is deprecated in APPPATH\Controllers\AdmissionMaster.php on line 52.
 1 APPPATH\Controllers\AdmissionMaster.php(52): strtolower(null)
 2 SYSTEMPATH\CodeIgniter.php(933): App\Controllers\AdmissionMaster->save()
 3 SYSTEMPATH\CodeIgniter.php(509): CodeIgniter\CodeIgniter->runController(Object(App\Controllers\AdmissionMaster))
 4 SYSTEMPATH\CodeIgniter.php(355): CodeIgniter\CodeIgniter->handleRequest(null, Object(Config\Cache), false)
 5 SYSTEMPATH\Boot.php(325): CodeIgniter\CodeIgniter->run()
 6 SYSTEMPATH\Boot.php(67): CodeIgniter\Boot::runCodeIgniter(Object(CodeIgniter\CodeIgniter))
 7 FCPATH\index.php(56): CodeIgniter\Boot::bootWeb(Object(Config\Paths))
WARNING - 2025-03-06 05:53:12 --> [DEPRECATED] strtolower(): Passing null to parameter #1 ($string) of type string is deprecated in APPPATH\Controllers\AdmissionMaster.php on line 53.
 1 APPPATH\Controllers\AdmissionMaster.php(53): strtolower(null)
 2 SYSTEMPATH\CodeIgniter.php(933): App\Controllers\AdmissionMaster->save()
 3 SYSTEMPATH\CodeIgniter.php(509): CodeIgniter\CodeIgniter->runController(Object(App\Controllers\AdmissionMaster))
 4 SYSTEMPATH\CodeIgniter.php(355): CodeIgniter\CodeIgniter->handleRequest(null, Object(Config\Cache), false)
 5 SYSTEMPATH\Boot.php(325): CodeIgniter\CodeIgniter->run()
 6 SYSTEMPATH\Boot.php(67): CodeIgniter\Boot::runCodeIgniter(Object(CodeIgniter\CodeIgniter))
 7 FCPATH\index.php(56): CodeIgniter\Boot::bootWeb(Object(Config\Paths))
WARNING - 2025-03-06 05:53:12 --> [DEPRECATED] strtolower(): Passing null to parameter #1 ($string) of type string is deprecated in APPPATH\Controllers\AdmissionMaster.php on line 54.
 1 APPPATH\Controllers\AdmissionMaster.php(54): strtolower(null)
 2 SYSTEMPATH\CodeIgniter.php(933): App\Controllers\AdmissionMaster->save()
 3 SYSTEMPATH\CodeIgniter.php(509): CodeIgniter\CodeIgniter->runController(Object(App\Controllers\AdmissionMaster))
 4 SYSTEMPATH\CodeIgniter.php(355): CodeIgniter\CodeIgniter->handleRequest(null, Object(Config\Cache), false)
 5 SYSTEMPATH\Boot.php(325): CodeIgniter\CodeIgniter->run()
 6 SYSTEMPATH\Boot.php(67): CodeIgniter\Boot::runCodeIgniter(Object(CodeIgniter\CodeIgniter))
 7 FCPATH\index.php(56): CodeIgniter\Boot::bootWeb(Object(Config\Paths))
WARNING - 2025-03-06 05:53:12 --> [DEPRECATED] substr(): Passing null to parameter #1 ($string) of type string is deprecated in APPPATH\Controllers\AdmissionMaster.php on line 75.
 1 APPPATH\Controllers\AdmissionMaster.php(75): substr(null, -4)
 2 SYSTEMPATH\CodeIgniter.php(933): App\Controllers\AdmissionMaster->save()
 3 SYSTEMPATH\CodeIgniter.php(509): CodeIgniter\CodeIgniter->runController(Object(App\Controllers\AdmissionMaster))
 4 SYSTEMPATH\CodeIgniter.php(355): CodeIgniter\CodeIgniter->handleRequest(null, Object(Config\Cache), false)
 5 SYSTEMPATH\Boot.php(325): CodeIgniter\CodeIgniter->run()
 6 SYSTEMPATH\Boot.php(67): CodeIgniter\Boot::runCodeIgniter(Object(CodeIgniter\CodeIgniter))
 7 FCPATH\index.php(56): CodeIgniter\Boot::bootWeb(Object(Config\Paths))
WARNING - 2025-03-06 05:53:12 --> [DEPRECATED] DateTime::__construct(): Passing null to parameter #1 ($datetime) of type string is deprecated in APPPATH\Controllers\AdmissionMaster.php on line 86.
 1 APPPATH\Controllers\AdmissionMaster.php(86): DateTime->__construct(null)
 2 SYSTEMPATH\CodeIgniter.php(933): App\Controllers\AdmissionMaster->save()
 3 SYSTEMPATH\CodeIgniter.php(509): CodeIgniter\CodeIgniter->runController(Object(App\Controllers\AdmissionMaster))
 4 SYSTEMPATH\CodeIgniter.php(355): CodeIgniter\CodeIgniter->handleRequest(null, Object(Config\Cache), false)
 5 SYSTEMPATH\Boot.php(325): CodeIgniter\CodeIgniter->run()
 6 SYSTEMPATH\Boot.php(67): CodeIgniter\Boot::runCodeIgniter(Object(CodeIgniter\CodeIgniter))
 7 FCPATH\index.php(56): CodeIgniter\Boot::bootWeb(Object(Config\Paths))
WARNING - 2025-03-06 05:53:12 --> [DEPRECATED] strtotime(): Passing null to parameter #1 ($datetime) of type string is deprecated in APPPATH\Controllers\AdmissionMaster.php on line 96.
 1 APPPATH\Controllers\AdmissionMaster.php(96): strtotime(null)
 2 SYSTEMPATH\CodeIgniter.php(933): App\Controllers\AdmissionMaster->save()
 3 SYSTEMPATH\CodeIgniter.php(509): CodeIgniter\CodeIgniter->runController(Object(App\Controllers\AdmissionMaster))
 4 SYSTEMPATH\CodeIgniter.php(355): CodeIgniter\CodeIgniter->handleRequest(null, Object(Config\Cache), false)
 5 SYSTEMPATH\Boot.php(325): CodeIgniter\CodeIgniter->run()
 6 SYSTEMPATH\Boot.php(67): CodeIgniter\Boot::runCodeIgniter(Object(CodeIgniter\CodeIgniter))
 7 FCPATH\index.php(56): CodeIgniter\Boot::bootWeb(Object(Config\Paths))
WARNING - 2025-03-06 05:53:12 --> [DEPRECATED] strtotime(): Passing null to parameter #1 ($datetime) of type string is deprecated in APPPATH\Controllers\AdmissionMaster.php on line 97.
 1 APPPATH\Controllers\AdmissionMaster.php(97): strtotime(null)
 2 SYSTEMPATH\CodeIgniter.php(933): App\Controllers\AdmissionMaster->save()
 3 SYSTEMPATH\CodeIgniter.php(509): CodeIgniter\CodeIgniter->runController(Object(App\Controllers\AdmissionMaster))
 4 SYSTEMPATH\CodeIgniter.php(355): CodeIgniter\CodeIgniter->handleRequest(null, Object(Config\Cache), false)
 5 SYSTEMPATH\Boot.php(325): CodeIgniter\CodeIgniter->run()
 6 SYSTEMPATH\Boot.php(67): CodeIgniter\Boot::runCodeIgniter(Object(CodeIgniter\CodeIgniter))
 7 FCPATH\index.php(56): CodeIgniter\Boot::bootWeb(Object(Config\Paths))
INFO - 2025-03-06 05:53:13 --> Session: Class initialized using 'CodeIgniter\Session\Handlers\FileHandler' driver.
INFO - 2025-03-06 05:53:13 --> Session: Class initialized using 'CodeIgniter\Session\Handlers\FileHandler' driver.
WARNING - 2025-03-06 05:53:13 --> [DEPRECATED] strtotime(): Passing null to parameter #1 ($datetime) of type string is deprecated in APPPATH\Views\Admin\Admission\list.php on line 133.
 1 APPPATH\Views\Admin\Admission\list.php(133): strtotime(null)
 2 SYSTEMPATH\View\View.php(234): include('C:\\xampp\\htdocs\\Wolfox\\app\\Views\\Admin\\Admission\\list.php')
 3 SYSTEMPATH\View\View.php(237): CodeIgniter\View\View->CodeIgniter\View\{closure}()
 4 SYSTEMPATH\Common.php(1171): CodeIgniter\View\View->render('/Admin/Admission/list', [], true)
 5 APPPATH\Controllers\AdmissionMaster.php(329): view('/Admin/Admission/list', [...])
 6 SYSTEMPATH\CodeIgniter.php(933): App\Controllers\AdmissionMaster->list()
 7 SYSTEMPATH\CodeIgniter.php(509): CodeIgniter\CodeIgniter->runController(Object(App\Controllers\AdmissionMaster))
 8 SYSTEMPATH\CodeIgniter.php(355): CodeIgniter\CodeIgniter->handleRequest(null, Object(Config\Cache), false)
 9 SYSTEMPATH\Boot.php(325): CodeIgniter\CodeIgniter->run()
10 SYSTEMPATH\Boot.php(67): CodeIgniter\Boot::runCodeIgniter(Object(CodeIgniter\CodeIgniter))
11 FCPATH\index.php(56): CodeIgniter\Boot::bootWeb(Object(Config\Paths))
WARNING - 2025-03-06 05:53:13 --> [DEPRECATED] strtotime(): Passing null to parameter #1 ($datetime) of type string is deprecated in APPPATH\Views\Admin\Admission\list.php on line 270.
 1 APPPATH\Views\Admin\Admission\list.php(270): strtotime(null)
 2 SYSTEMPATH\View\View.php(234): include('C:\\xampp\\htdocs\\Wolfox\\app\\Views\\Admin\\Admission\\list.php')
 3 SYSTEMPATH\View\View.php(237): CodeIgniter\View\View->CodeIgniter\View\{closure}()
 4 SYSTEMPATH\Common.php(1171): CodeIgniter\View\View->render('/Admin/Admission/list', [], true)
 5 APPPATH\Controllers\AdmissionMaster.php(329): view('/Admin/Admission/list', [...])
 6 SYSTEMPATH\CodeIgniter.php(933): App\Controllers\AdmissionMaster->list()
 7 SYSTEMPATH\CodeIgniter.php(509): CodeIgniter\CodeIgniter->runController(Object(App\Controllers\AdmissionMaster))
 8 SYSTEMPATH\CodeIgniter.php(355): CodeIgniter\CodeIgniter->handleRequest(null, Object(Config\Cache), false)
 9 SYSTEMPATH\Boot.php(325): CodeIgniter\CodeIgniter->run()
10 SYSTEMPATH\Boot.php(67): CodeIgniter\Boot::runCodeIgniter(Object(CodeIgniter\CodeIgniter))
11 FCPATH\index.php(56): CodeIgniter\Boot::bootWeb(Object(Config\Paths))
WARNING - 2025-03-06 05:53:13 --> [DEPRECATED] strtotime(): Passing null to parameter #1 ($datetime) of type string is deprecated in APPPATH\Views\Admin\Admission\list.php on line 270.
 1 APPPATH\Views\Admin\Admission\list.php(270): strtotime(null)
 2 SYSTEMPATH\View\View.php(234): include('C:\\xampp\\htdocs\\Wolfox\\app\\Views\\Admin\\Admission\\list.php')
 3 SYSTEMPATH\View\View.php(237): CodeIgniter\View\View->CodeIgniter\View\{closure}()
 4 SYSTEMPATH\Common.php(1171): CodeIgniter\View\View->render('/Admin/Admission/list', [], true)
 5 APPPATH\Controllers\AdmissionMaster.php(329): view('/Admin/Admission/list', [...])
 6 SYSTEMPATH\CodeIgniter.php(933): App\Controllers\AdmissionMaster->list()
 7 SYSTEMPATH\CodeIgniter.php(509): CodeIgniter\CodeIgniter->runController(Object(App\Controllers\AdmissionMaster))
 8 SYSTEMPATH\CodeIgniter.php(355): CodeIgniter\CodeIgniter->handleRequest(null, Object(Config\Cache), false)
 9 SYSTEMPATH\Boot.php(325): CodeIgniter\CodeIgniter->run()
10 SYSTEMPATH\Boot.php(67): CodeIgniter\Boot::runCodeIgniter(Object(CodeIgniter\CodeIgniter))
11 FCPATH\index.php(56): CodeIgniter\Boot::bootWeb(Object(Config\Paths))
INFO - 2025-03-06 05:53:15 --> Session: Class initialized using 'CodeIgniter\Session\Handlers\FileHandler' driver.
WARNING - 2025-03-06 05:56:10 --> [DEPRECATED] strtotime(): Passing null to parameter #1 ($datetime) of type string is deprecated in APPPATH\Controllers\AdmissionMaster.php on line 432.
 1 APPPATH\Controllers\AdmissionMaster.php(432): strtotime(null)
 2 SYSTEMPATH\CodeIgniter.php(933): App\Controllers\AdmissionMaster->update()
 3 SYSTEMPATH\CodeIgniter.php(509): CodeIgniter\CodeIgniter->runController(Object(App\Controllers\AdmissionMaster))
 4 SYSTEMPATH\CodeIgniter.php(355): CodeIgniter\CodeIgniter->handleRequest(null, Object(Config\Cache), false)
 5 SYSTEMPATH\Boot.php(325): CodeIgniter\CodeIgniter->run()
 6 SYSTEMPATH\Boot.php(67): CodeIgniter\Boot::runCodeIgniter(Object(CodeIgniter\CodeIgniter))
 7 FCPATH\index.php(56): CodeIgniter\Boot::bootWeb(Object(Config\Paths))
WARNING - 2025-03-06 05:56:10 --> [DEPRECATED] strtotime(): Passing null to parameter #1 ($datetime) of type string is deprecated in APPPATH\Controllers\AdmissionMaster.php on line 433.
 1 APPPATH\Controllers\AdmissionMaster.php(433): strtotime(null)
 2 SYSTEMPATH\CodeIgniter.php(933): App\Controllers\AdmissionMaster->update()
 3 SYSTEMPATH\CodeIgniter.php(509): CodeIgniter\CodeIgniter->runController(Object(App\Controllers\AdmissionMaster))
 4 SYSTEMPATH\CodeIgniter.php(355): CodeIgniter\CodeIgniter->handleRequest(null, Object(Config\Cache), false)
 5 SYSTEMPATH\Boot.php(325): CodeIgniter\CodeIgniter->run()
 6 SYSTEMPATH\Boot.php(67): CodeIgniter\Boot::runCodeIgniter(Object(CodeIgniter\CodeIgniter))
 7 FCPATH\index.php(56): CodeIgniter\Boot::bootWeb(Object(Config\Paths))
WARNING - 2025-03-06 05:56:10 --> [DEPRECATED] strtotime(): Passing null to parameter #1 ($datetime) of type string is deprecated in APPPATH\Controllers\AdmissionMaster.php on line 497.
 1 APPPATH\Controllers\AdmissionMaster.php(497): strtotime(null)
 2 SYSTEMPATH\CodeIgniter.php(933): App\Controllers\AdmissionMaster->update()
 3 SYSTEMPATH\CodeIgniter.php(509): CodeIgniter\CodeIgniter->runController(Object(App\Controllers\AdmissionMaster))
 4 SYSTEMPATH\CodeIgniter.php(355): CodeIgniter\CodeIgniter->handleRequest(null, Object(Config\Cache), false)
 5 SYSTEMPATH\Boot.php(325): CodeIgniter\CodeIgniter->run()
 6 SYSTEMPATH\Boot.php(67): CodeIgniter\Boot::runCodeIgniter(Object(CodeIgniter\CodeIgniter))
 7 FCPATH\index.php(56): CodeIgniter\Boot::bootWeb(Object(Config\Paths))
WARNING - 2025-03-06 05:56:10 --> [DEPRECATED] strtotime(): Passing null to parameter #1 ($datetime) of type string is deprecated in APPPATH\Controllers\AdmissionMaster.php on line 498.
 1 APPPATH\Controllers\AdmissionMaster.php(498): strtotime(null)
 2 SYSTEMPATH\CodeIgniter.php(933): App\Controllers\AdmissionMaster->update()
 3 SYSTEMPATH\CodeIgniter.php(509): CodeIgniter\CodeIgniter->runController(Object(App\Controllers\AdmissionMaster))
 4 SYSTEMPATH\CodeIgniter.php(355): CodeIgniter\CodeIgniter->handleRequest(null, Object(Config\Cache), false)
 5 SYSTEMPATH\Boot.php(325): CodeIgniter\CodeIgniter->run()
 6 SYSTEMPATH\Boot.php(67): CodeIgniter\Boot::runCodeIgniter(Object(CodeIgniter\CodeIgniter))
 7 FCPATH\index.php(56): CodeIgniter\Boot::bootWeb(Object(Config\Paths))
INFO - 2025-03-06 05:56:10 --> Session: Class initialized using 'CodeIgniter\Session\Handlers\FileHandler' driver.
INFO - 2025-03-06 05:56:10 --> Session: Class initialized using 'CodeIgniter\Session\Handlers\FileHandler' driver.
INFO - 2025-03-06 05:56:14 --> Session: Class initialized using 'CodeIgniter\Session\Handlers\FileHandler' driver.
INFO - 2025-03-06 05:57:28 --> Session: Class initialized using 'CodeIgniter\Session\Handlers\FileHandler' driver.
INFO - 2025-03-06 05:58:31 --> Session: Class initialized using 'CodeIgniter\Session\Handlers\FileHandler' driver.
INFO - 2025-03-06 05:58:58 --> Session: Class initialized using 'CodeIgniter\Session\Handlers\FileHandler' driver.
INFO - 2025-03-06 05:59:00 --> Session: Class initialized using 'CodeIgniter\Session\Handlers\FileHandler' driver.
INFO - 2025-03-06 06:01:31 --> Session: Class initialized using 'CodeIgniter\Session\Handlers\FileHandler' driver.
INFO - 2025-03-06 06:03:13 --> Session: Class initialized using 'CodeIgniter\Session\Handlers\FileHandler' driver.
INFO - 2025-03-06 06:03:13 --> Session: Class initialized using 'CodeIgniter\Session\Handlers\FileHandler' driver.
INFO - 2025-03-06 06:13:31 --> Session: Class initialized using 'CodeIgniter\Session\Handlers\FileHandler' driver.
INFO - 2025-03-06 06:13:34 --> Session: Class initialized using 'CodeIgniter\Session\Handlers\FileHandler' driver.
INFO - 2025-03-06 06:13:48 --> Session: Class initialized using 'CodeIgniter\Session\Handlers\FileHandler' driver.
INFO - 2025-03-06 06:13:48 --> Session: Class initialized using 'CodeIgniter\Session\Handlers\FileHandler' driver.
INFO - 2025-03-06 06:14:37 --> Session: Class initialized using 'CodeIgniter\Session\Handlers\FileHandler' driver.
INFO - 2025-03-06 06:14:39 --> Session: Class initialized using 'CodeIgniter\Session\Handlers\FileHandler' driver.
INFO - 2025-03-06 06:15:00 --> Session: Class initialized using 'CodeIgniter\Session\Handlers\FileHandler' driver.
INFO - 2025-03-06 06:15:04 --> Session: Class initialized using 'CodeIgniter\Session\Handlers\FileHandler' driver.
INFO - 2025-03-06 06:15:07 --> Session: Class initialized using 'CodeIgniter\Session\Handlers\FileHandler' driver.
INFO - 2025-03-06 06:15:32 --> Session: Class initialized using 'CodeIgniter\Session\Handlers\FileHandler' driver.
INFO - 2025-03-06 06:17:45 --> Session: Class initialized using 'CodeIgniter\Session\Handlers\FileHandler' driver.
INFO - 2025-03-06 06:17:54 --> Session: Class initialized using 'CodeIgniter\Session\Handlers\FileHandler' driver.
INFO - 2025-03-06 06:18:11 --> Session: Class initialized using 'CodeIgniter\Session\Handlers\FileHandler' driver.
INFO - 2025-03-06 06:19:43 --> Session: Class initialized using 'CodeIgniter\Session\Handlers\FileHandler' driver.
INFO - 2025-03-06 06:20:02 --> Session: Class initialized using 'CodeIgniter\Session\Handlers\FileHandler' driver.
INFO - 2025-03-06 06:20:14 --> Session: Class initialized using 'CodeIgniter\Session\Handlers\FileHandler' driver.
INFO - 2025-03-06 06:21:15 --> Session: Class initialized using 'CodeIgniter\Session\Handlers\FileHandler' driver.
INFO - 2025-03-06 06:21:18 --> Session: Class initialized using 'CodeIgniter\Session\Handlers\FileHandler' driver.
INFO - 2025-03-06 06:22:54 --> Session: Class initialized using 'CodeIgniter\Session\Handlers\FileHandler' driver.
WARNING - 2025-03-06 06:23:29 --> [DEPRECATED] strtolower(): Passing null to parameter #1 ($string) of type string is deprecated in APPPATH\Controllers\InquiryMaster.php on line 43.
 1 APPPATH\Controllers\InquiryMaster.php(43): strtolower(null)
 2 SYSTEMPATH\CodeIgniter.php(933): App\Controllers\InquiryMaster->save()
 3 SYSTEMPATH\CodeIgniter.php(509): CodeIgniter\CodeIgniter->runController(Object(App\Controllers\InquiryMaster))
 4 SYSTEMPATH\CodeIgniter.php(355): CodeIgniter\CodeIgniter->handleRequest(null, Object(Config\Cache), false)
 5 SYSTEMPATH\Boot.php(325): CodeIgniter\CodeIgniter->run()
 6 SYSTEMPATH\Boot.php(67): CodeIgniter\Boot::runCodeIgniter(Object(CodeIgniter\CodeIgniter))
 7 FCPATH\index.php(56): CodeIgniter\Boot::bootWeb(Object(Config\Paths))
WARNING - 2025-03-06 06:23:29 --> [DEPRECATED] strtolower(): Passing null to parameter #1 ($string) of type string is deprecated in APPPATH\Controllers\InquiryMaster.php on line 44.
 1 APPPATH\Controllers\InquiryMaster.php(44): strtolower(null)
 2 SYSTEMPATH\CodeIgniter.php(933): App\Controllers\InquiryMaster->save()
 3 SYSTEMPATH\CodeIgniter.php(509): CodeIgniter\CodeIgniter->runController(Object(App\Controllers\InquiryMaster))
 4 SYSTEMPATH\CodeIgniter.php(355): CodeIgniter\CodeIgniter->handleRequest(null, Object(Config\Cache), false)
 5 SYSTEMPATH\Boot.php(325): CodeIgniter\CodeIgniter->run()
 6 SYSTEMPATH\Boot.php(67): CodeIgniter\Boot::runCodeIgniter(Object(CodeIgniter\CodeIgniter))
 7 FCPATH\index.php(56): CodeIgniter\Boot::bootWeb(Object(Config\Paths))
WARNING - 2025-03-06 06:23:29 --> [DEPRECATED] strtolower(): Passing null to parameter #1 ($string) of type string is deprecated in APPPATH\Controllers\InquiryMaster.php on line 45.
 1 APPPATH\Controllers\InquiryMaster.php(45): strtolower(null)
 2 SYSTEMPATH\CodeIgniter.php(933): App\Controllers\InquiryMaster->save()
 3 SYSTEMPATH\CodeIgniter.php(509): CodeIgniter\CodeIgniter->runController(Object(App\Controllers\InquiryMaster))
 4 SYSTEMPATH\CodeIgniter.php(355): CodeIgniter\CodeIgniter->handleRequest(null, Object(Config\Cache), false)
 5 SYSTEMPATH\Boot.php(325): CodeIgniter\CodeIgniter->run()
 6 SYSTEMPATH\Boot.php(67): CodeIgniter\Boot::runCodeIgniter(Object(CodeIgniter\CodeIgniter))
 7 FCPATH\index.php(56): CodeIgniter\Boot::bootWeb(Object(Config\Paths))
WARNING - 2025-03-06 06:23:29 --> [DEPRECATED] substr(): Passing null to parameter #1 ($string) of type string is deprecated in APPPATH\Controllers\InquiryMaster.php on line 52.
 1 APPPATH\Controllers\InquiryMaster.php(52): substr(null, -4)
 2 SYSTEMPATH\CodeIgniter.php(933): App\Controllers\InquiryMaster->save()
 3 SYSTEMPATH\CodeIgniter.php(509): CodeIgniter\CodeIgniter->runController(Object(App\Controllers\InquiryMaster))
 4 SYSTEMPATH\CodeIgniter.php(355): CodeIgniter\CodeIgniter->handleRequest(null, Object(Config\Cache), false)
 5 SYSTEMPATH\Boot.php(325): CodeIgniter\CodeIgniter->run()
 6 SYSTEMPATH\Boot.php(67): CodeIgniter\Boot::runCodeIgniter(Object(CodeIgniter\CodeIgniter))
 7 FCPATH\index.php(56): CodeIgniter\Boot::bootWeb(Object(Config\Paths))
INFO - 2025-03-06 06:23:29 --> Session: Class initialized using 'CodeIgniter\Session\Handlers\FileHandler' driver.
INFO - 2025-03-06 06:23:29 --> Session: Class initialized using 'CodeIgniter\Session\Handlers\FileHandler' driver.
INFO - 2025-03-06 06:24:38 --> Session: Class initialized using 'CodeIgniter\Session\Handlers\FileHandler' driver.
WARNING - 2025-03-06 06:24:38 --> [DEPRECATED] strtotime(): Passing null to parameter #1 ($datetime) of type string is deprecated in APPPATH\Views\Admin\PhotoUpload\list.php on line 69.
 1 APPPATH\Views\Admin\PhotoUpload\list.php(69): strtotime(null)
 2 SYSTEMPATH\View\View.php(234): include('C:\\xampp\\htdocs\\Wolfox\\app\\Views\\Admin\\PhotoUpload\\list.php')
 3 SYSTEMPATH\View\View.php(237): CodeIgniter\View\View->CodeIgniter\View\{closure}()
 4 SYSTEMPATH\Common.php(1171): CodeIgniter\View\View->render('/Admin/photoupload/list', [], true)
 5 APPPATH\Controllers\PhotoUpload.php(101): view('/Admin/photoupload/list', [...])
 6 SYSTEMPATH\CodeIgniter.php(933): App\Controllers\Photoupload->list()
 7 SYSTEMPATH\CodeIgniter.php(509): CodeIgniter\CodeIgniter->runController(Object(App\Controllers\Photoupload))
 8 SYSTEMPATH\CodeIgniter.php(355): CodeIgniter\CodeIgniter->handleRequest(null, Object(Config\Cache), false)
 9 SYSTEMPATH\Boot.php(325): CodeIgniter\CodeIgniter->run()
10 SYSTEMPATH\Boot.php(67): CodeIgniter\Boot::runCodeIgniter(Object(CodeIgniter\CodeIgniter))
11 FCPATH\index.php(56): CodeIgniter\Boot::bootWeb(Object(Config\Paths))
WARNING - 2025-03-06 06:24:38 --> [DEPRECATED] strtotime(): Passing null to parameter #1 ($datetime) of type string is deprecated in APPPATH\Views\Admin\PhotoUpload\list.php on line 69.
 1 APPPATH\Views\Admin\PhotoUpload\list.php(69): strtotime(null)
 2 SYSTEMPATH\View\View.php(234): include('C:\\xampp\\htdocs\\Wolfox\\app\\Views\\Admin\\PhotoUpload\\list.php')
 3 SYSTEMPATH\View\View.php(237): CodeIgniter\View\View->CodeIgniter\View\{closure}()
 4 SYSTEMPATH\Common.php(1171): CodeIgniter\View\View->render('/Admin/photoupload/list', [], true)
 5 APPPATH\Controllers\PhotoUpload.php(101): view('/Admin/photoupload/list', [...])
 6 SYSTEMPATH\CodeIgniter.php(933): App\Controllers\Photoupload->list()
 7 SYSTEMPATH\CodeIgniter.php(509): CodeIgniter\CodeIgniter->runController(Object(App\Controllers\Photoupload))
 8 SYSTEMPATH\CodeIgniter.php(355): CodeIgniter\CodeIgniter->handleRequest(null, Object(Config\Cache), false)
 9 SYSTEMPATH\Boot.php(325): CodeIgniter\CodeIgniter->run()
10 SYSTEMPATH\Boot.php(67): CodeIgniter\Boot::runCodeIgniter(Object(CodeIgniter\CodeIgniter))
11 FCPATH\index.php(56): CodeIgniter\Boot::bootWeb(Object(Config\Paths))
WARNING - 2025-03-06 06:24:38 --> [DEPRECATED] strtotime(): Passing null to parameter #1 ($datetime) of type string is deprecated in APPPATH\Views\Admin\PhotoUpload\list.php on line 69.
 1 APPPATH\Views\Admin\PhotoUpload\list.php(69): strtotime(null)
 2 SYSTEMPATH\View\View.php(234): include('C:\\xampp\\htdocs\\Wolfox\\app\\Views\\Admin\\PhotoUpload\\list.php')
 3 SYSTEMPATH\View\View.php(237): CodeIgniter\View\View->CodeIgniter\View\{closure}()
 4 SYSTEMPATH\Common.php(1171): CodeIgniter\View\View->render('/Admin/photoupload/list', [], true)
 5 APPPATH\Controllers\PhotoUpload.php(101): view('/Admin/photoupload/list', [...])
 6 SYSTEMPATH\CodeIgniter.php(933): App\Controllers\Photoupload->list()
 7 SYSTEMPATH\CodeIgniter.php(509): CodeIgniter\CodeIgniter->runController(Object(App\Controllers\Photoupload))
 8 SYSTEMPATH\CodeIgniter.php(355): CodeIgniter\CodeIgniter->handleRequest(null, Object(Config\Cache), false)
 9 SYSTEMPATH\Boot.php(325): CodeIgniter\CodeIgniter->run()
10 SYSTEMPATH\Boot.php(67): CodeIgniter\Boot::runCodeIgniter(Object(CodeIgniter\CodeIgniter))
11 FCPATH\index.php(56): CodeIgniter\Boot::bootWeb(Object(Config\Paths))
WARNING - 2025-03-06 06:24:38 --> [DEPRECATED] strtotime(): Passing null to parameter #1 ($datetime) of type string is deprecated in APPPATH\Views\Admin\PhotoUpload\list.php on line 69.
 1 APPPATH\Views\Admin\PhotoUpload\list.php(69): strtotime(null)
 2 SYSTEMPATH\View\View.php(234): include('C:\\xampp\\htdocs\\Wolfox\\app\\Views\\Admin\\PhotoUpload\\list.php')
 3 SYSTEMPATH\View\View.php(237): CodeIgniter\View\View->CodeIgniter\View\{closure}()
 4 SYSTEMPATH\Common.php(1171): CodeIgniter\View\View->render('/Admin/photoupload/list', [], true)
 5 APPPATH\Controllers\PhotoUpload.php(101): view('/Admin/photoupload/list', [...])
 6 SYSTEMPATH\CodeIgniter.php(933): App\Controllers\Photoupload->list()
 7 SYSTEMPATH\CodeIgniter.php(509): CodeIgniter\CodeIgniter->runController(Object(App\Controllers\Photoupload))
 8 SYSTEMPATH\CodeIgniter.php(355): CodeIgniter\CodeIgniter->handleRequest(null, Object(Config\Cache), false)
 9 SYSTEMPATH\Boot.php(325): CodeIgniter\CodeIgniter->run()
10 SYSTEMPATH\Boot.php(67): CodeIgniter\Boot::runCodeIgniter(Object(CodeIgniter\CodeIgniter))
11 FCPATH\index.php(56): CodeIgniter\Boot::bootWeb(Object(Config\Paths))
WARNING - 2025-03-06 06:24:38 --> [DEPRECATED] strtotime(): Passing null to parameter #1 ($datetime) of type string is deprecated in APPPATH\Views\Admin\PhotoUpload\list.php on line 69.
 1 APPPATH\Views\Admin\PhotoUpload\list.php(69): strtotime(null)
 2 SYSTEMPATH\View\View.php(234): include('C:\\xampp\\htdocs\\Wolfox\\app\\Views\\Admin\\PhotoUpload\\list.php')
 3 SYSTEMPATH\View\View.php(237): CodeIgniter\View\View->CodeIgniter\View\{closure}()
 4 SYSTEMPATH\Common.php(1171): CodeIgniter\View\View->render('/Admin/photoupload/list', [], true)
 5 APPPATH\Controllers\PhotoUpload.php(101): view('/Admin/photoupload/list', [...])
 6 SYSTEMPATH\CodeIgniter.php(933): App\Controllers\Photoupload->list()
 7 SYSTEMPATH\CodeIgniter.php(509): CodeIgniter\CodeIgniter->runController(Object(App\Controllers\Photoupload))
 8 SYSTEMPATH\CodeIgniter.php(355): CodeIgniter\CodeIgniter->handleRequest(null, Object(Config\Cache), false)
 9 SYSTEMPATH\Boot.php(325): CodeIgniter\CodeIgniter->run()
10 SYSTEMPATH\Boot.php(67): CodeIgniter\Boot::runCodeIgniter(Object(CodeIgniter\CodeIgniter))
11 FCPATH\index.php(56): CodeIgniter\Boot::bootWeb(Object(Config\Paths))
WARNING - 2025-03-06 06:24:38 --> [DEPRECATED] strtotime(): Passing null to parameter #1 ($datetime) of type string is deprecated in APPPATH\Views\Admin\PhotoUpload\list.php on line 69.
 1 APPPATH\Views\Admin\PhotoUpload\list.php(69): strtotime(null)
 2 SYSTEMPATH\View\View.php(234): include('C:\\xampp\\htdocs\\Wolfox\\app\\Views\\Admin\\PhotoUpload\\list.php')
 3 SYSTEMPATH\View\View.php(237): CodeIgniter\View\View->CodeIgniter\View\{closure}()
 4 SYSTEMPATH\Common.php(1171): CodeIgniter\View\View->render('/Admin/photoupload/list', [], true)
 5 APPPATH\Controllers\PhotoUpload.php(101): view('/Admin/photoupload/list', [...])
 6 SYSTEMPATH\CodeIgniter.php(933): App\Controllers\Photoupload->list()
 7 SYSTEMPATH\CodeIgniter.php(509): CodeIgniter\CodeIgniter->runController(Object(App\Controllers\Photoupload))
 8 SYSTEMPATH\CodeIgniter.php(355): CodeIgniter\CodeIgniter->handleRequest(null, Object(Config\Cache), false)
 9 SYSTEMPATH\Boot.php(325): CodeIgniter\CodeIgniter->run()
10 SYSTEMPATH\Boot.php(67): CodeIgniter\Boot::runCodeIgniter(Object(CodeIgniter\CodeIgniter))
11 FCPATH\index.php(56): CodeIgniter\Boot::bootWeb(Object(Config\Paths))
WARNING - 2025-03-06 06:24:38 --> [DEPRECATED] strtotime(): Passing null to parameter #1 ($datetime) of type string is deprecated in APPPATH\Views\Admin\PhotoUpload\list.php on line 69.
 1 APPPATH\Views\Admin\PhotoUpload\list.php(69): strtotime(null)
 2 SYSTEMPATH\View\View.php(234): include('C:\\xampp\\htdocs\\Wolfox\\app\\Views\\Admin\\PhotoUpload\\list.php')
 3 SYSTEMPATH\View\View.php(237): CodeIgniter\View\View->CodeIgniter\View\{closure}()
 4 SYSTEMPATH\Common.php(1171): CodeIgniter\View\View->render('/Admin/photoupload/list', [], true)
 5 APPPATH\Controllers\PhotoUpload.php(101): view('/Admin/photoupload/list', [...])
 6 SYSTEMPATH\CodeIgniter.php(933): App\Controllers\Photoupload->list()
 7 SYSTEMPATH\CodeIgniter.php(509): CodeIgniter\CodeIgniter->runController(Object(App\Controllers\Photoupload))
 8 SYSTEMPATH\CodeIgniter.php(355): CodeIgniter\CodeIgniter->handleRequest(null, Object(Config\Cache), false)
 9 SYSTEMPATH\Boot.php(325): CodeIgniter\CodeIgniter->run()
10 SYSTEMPATH\Boot.php(67): CodeIgniter\Boot::runCodeIgniter(Object(CodeIgniter\CodeIgniter))
11 FCPATH\index.php(56): CodeIgniter\Boot::bootWeb(Object(Config\Paths))
WARNING - 2025-03-06 06:24:38 --> [DEPRECATED] strtotime(): Passing null to parameter #1 ($datetime) of type string is deprecated in APPPATH\Views\Admin\PhotoUpload\list.php on line 69.
 1 APPPATH\Views\Admin\PhotoUpload\list.php(69): strtotime(null)
 2 SYSTEMPATH\View\View.php(234): include('C:\\xampp\\htdocs\\Wolfox\\app\\Views\\Admin\\PhotoUpload\\list.php')
 3 SYSTEMPATH\View\View.php(237): CodeIgniter\View\View->CodeIgniter\View\{closure}()
 4 SYSTEMPATH\Common.php(1171): CodeIgniter\View\View->render('/Admin/photoupload/list', [], true)
 5 APPPATH\Controllers\PhotoUpload.php(101): view('/Admin/photoupload/list', [...])
 6 SYSTEMPATH\CodeIgniter.php(933): App\Controllers\Photoupload->list()
 7 SYSTEMPATH\CodeIgniter.php(509): CodeIgniter\CodeIgniter->runController(Object(App\Controllers\Photoupload))
 8 SYSTEMPATH\CodeIgniter.php(355): CodeIgniter\CodeIgniter->handleRequest(null, Object(Config\Cache), false)
 9 SYSTEMPATH\Boot.php(325): CodeIgniter\CodeIgniter->run()
10 SYSTEMPATH\Boot.php(67): CodeIgniter\Boot::runCodeIgniter(Object(CodeIgniter\CodeIgniter))
11 FCPATH\index.php(56): CodeIgniter\Boot::bootWeb(Object(Config\Paths))
WARNING - 2025-03-06 06:24:38 --> [DEPRECATED] strtotime(): Passing null to parameter #1 ($datetime) of type string is deprecated in APPPATH\Views\Admin\PhotoUpload\list.php on line 69.
 1 APPPATH\Views\Admin\PhotoUpload\list.php(69): strtotime(null)
 2 SYSTEMPATH\View\View.php(234): include('C:\\xampp\\htdocs\\Wolfox\\app\\Views\\Admin\\PhotoUpload\\list.php')
 3 SYSTEMPATH\View\View.php(237): CodeIgniter\View\View->CodeIgniter\View\{closure}()
 4 SYSTEMPATH\Common.php(1171): CodeIgniter\View\View->render('/Admin/photoupload/list', [], true)
 5 APPPATH\Controllers\PhotoUpload.php(101): view('/Admin/photoupload/list', [...])
 6 SYSTEMPATH\CodeIgniter.php(933): App\Controllers\Photoupload->list()
 7 SYSTEMPATH\CodeIgniter.php(509): CodeIgniter\CodeIgniter->runController(Object(App\Controllers\Photoupload))
 8 SYSTEMPATH\CodeIgniter.php(355): CodeIgniter\CodeIgniter->handleRequest(null, Object(Config\Cache), false)
 9 SYSTEMPATH\Boot.php(325): CodeIgniter\CodeIgniter->run()
10 SYSTEMPATH\Boot.php(67): CodeIgniter\Boot::runCodeIgniter(Object(CodeIgniter\CodeIgniter))
11 FCPATH\index.php(56): CodeIgniter\Boot::bootWeb(Object(Config\Paths))
WARNING - 2025-03-06 06:24:38 --> [DEPRECATED] strtotime(): Passing null to parameter #1 ($datetime) of type string is deprecated in APPPATH\Views\Admin\PhotoUpload\list.php on line 69.
 1 APPPATH\Views\Admin\PhotoUpload\list.php(69): strtotime(null)
 2 SYSTEMPATH\View\View.php(234): include('C:\\xampp\\htdocs\\Wolfox\\app\\Views\\Admin\\PhotoUpload\\list.php')
 3 SYSTEMPATH\View\View.php(237): CodeIgniter\View\View->CodeIgniter\View\{closure}()
 4 SYSTEMPATH\Common.php(1171): CodeIgniter\View\View->render('/Admin/photoupload/list', [], true)
 5 APPPATH\Controllers\PhotoUpload.php(101): view('/Admin/photoupload/list', [...])
 6 SYSTEMPATH\CodeIgniter.php(933): App\Controllers\Photoupload->list()
 7 SYSTEMPATH\CodeIgniter.php(509): CodeIgniter\CodeIgniter->runController(Object(App\Controllers\Photoupload))
 8 SYSTEMPATH\CodeIgniter.php(355): CodeIgniter\CodeIgniter->handleRequest(null, Object(Config\Cache), false)
 9 SYSTEMPATH\Boot.php(325): CodeIgniter\CodeIgniter->run()
10 SYSTEMPATH\Boot.php(67): CodeIgniter\Boot::runCodeIgniter(Object(CodeIgniter\CodeIgniter))
11 FCPATH\index.php(56): CodeIgniter\Boot::bootWeb(Object(Config\Paths))
WARNING - 2025-03-06 06:24:38 --> [DEPRECATED] strtotime(): Passing null to parameter #1 ($datetime) of type string is deprecated in APPPATH\Views\Admin\PhotoUpload\list.php on line 69.
 1 APPPATH\Views\Admin\PhotoUpload\list.php(69): strtotime(null)
 2 SYSTEMPATH\View\View.php(234): include('C:\\xampp\\htdocs\\Wolfox\\app\\Views\\Admin\\PhotoUpload\\list.php')
 3 SYSTEMPATH\View\View.php(237): CodeIgniter\View\View->CodeIgniter\View\{closure}()
 4 SYSTEMPATH\Common.php(1171): CodeIgniter\View\View->render('/Admin/photoupload/list', [], true)
 5 APPPATH\Controllers\PhotoUpload.php(101): view('/Admin/photoupload/list', [...])
 6 SYSTEMPATH\CodeIgniter.php(933): App\Controllers\Photoupload->list()
 7 SYSTEMPATH\CodeIgniter.php(509): CodeIgniter\CodeIgniter->runController(Object(App\Controllers\Photoupload))
 8 SYSTEMPATH\CodeIgniter.php(355): CodeIgniter\CodeIgniter->handleRequest(null, Object(Config\Cache), false)
 9 SYSTEMPATH\Boot.php(325): CodeIgniter\CodeIgniter->run()
10 SYSTEMPATH\Boot.php(67): CodeIgniter\Boot::runCodeIgniter(Object(CodeIgniter\CodeIgniter))
11 FCPATH\index.php(56): CodeIgniter\Boot::bootWeb(Object(Config\Paths))
WARNING - 2025-03-06 06:24:38 --> [DEPRECATED] strtotime(): Passing null to parameter #1 ($datetime) of type string is deprecated in APPPATH\Views\Admin\PhotoUpload\list.php on line 69.
 1 APPPATH\Views\Admin\PhotoUpload\list.php(69): strtotime(null)
 2 SYSTEMPATH\View\View.php(234): include('C:\\xampp\\htdocs\\Wolfox\\app\\Views\\Admin\\PhotoUpload\\list.php')
 3 SYSTEMPATH\View\View.php(237): CodeIgniter\View\View->CodeIgniter\View\{closure}()
 4 SYSTEMPATH\Common.php(1171): CodeIgniter\View\View->render('/Admin/photoupload/list', [], true)
 5 APPPATH\Controllers\PhotoUpload.php(101): view('/Admin/photoupload/list', [...])
 6 SYSTEMPATH\CodeIgniter.php(933): App\Controllers\Photoupload->list()
 7 SYSTEMPATH\CodeIgniter.php(509): CodeIgniter\CodeIgniter->runController(Object(App\Controllers\Photoupload))
 8 SYSTEMPATH\CodeIgniter.php(355): CodeIgniter\CodeIgniter->handleRequest(null, Object(Config\Cache), false)
 9 SYSTEMPATH\Boot.php(325): CodeIgniter\CodeIgniter->run()
10 SYSTEMPATH\Boot.php(67): CodeIgniter\Boot::runCodeIgniter(Object(CodeIgniter\CodeIgniter))
11 FCPATH\index.php(56): CodeIgniter\Boot::bootWeb(Object(Config\Paths))
WARNING - 2025-03-06 06:24:38 --> [DEPRECATED] strtotime(): Passing null to parameter #1 ($datetime) of type string is deprecated in APPPATH\Views\Admin\PhotoUpload\list.php on line 69.
 1 APPPATH\Views\Admin\PhotoUpload\list.php(69): strtotime(null)
 2 SYSTEMPATH\View\View.php(234): include('C:\\xampp\\htdocs\\Wolfox\\app\\Views\\Admin\\PhotoUpload\\list.php')
 3 SYSTEMPATH\View\View.php(237): CodeIgniter\View\View->CodeIgniter\View\{closure}()
 4 SYSTEMPATH\Common.php(1171): CodeIgniter\View\View->render('/Admin/photoupload/list', [], true)
 5 APPPATH\Controllers\PhotoUpload.php(101): view('/Admin/photoupload/list', [...])
 6 SYSTEMPATH\CodeIgniter.php(933): App\Controllers\Photoupload->list()
 7 SYSTEMPATH\CodeIgniter.php(509): CodeIgniter\CodeIgniter->runController(Object(App\Controllers\Photoupload))
 8 SYSTEMPATH\CodeIgniter.php(355): CodeIgniter\CodeIgniter->handleRequest(null, Object(Config\Cache), false)
 9 SYSTEMPATH\Boot.php(325): CodeIgniter\CodeIgniter->run()
10 SYSTEMPATH\Boot.php(67): CodeIgniter\Boot::runCodeIgniter(Object(CodeIgniter\CodeIgniter))
11 FCPATH\index.php(56): CodeIgniter\Boot::bootWeb(Object(Config\Paths))
WARNING - 2025-03-06 06:24:38 --> [DEPRECATED] strtotime(): Passing null to parameter #1 ($datetime) of type string is deprecated in APPPATH\Views\Admin\PhotoUpload\list.php on line 69.
 1 APPPATH\Views\Admin\PhotoUpload\list.php(69): strtotime(null)
 2 SYSTEMPATH\View\View.php(234): include('C:\\xampp\\htdocs\\Wolfox\\app\\Views\\Admin\\PhotoUpload\\list.php')
 3 SYSTEMPATH\View\View.php(237): CodeIgniter\View\View->CodeIgniter\View\{closure}()
 4 SYSTEMPATH\Common.php(1171): CodeIgniter\View\View->render('/Admin/photoupload/list', [], true)
 5 APPPATH\Controllers\PhotoUpload.php(101): view('/Admin/photoupload/list', [...])
 6 SYSTEMPATH\CodeIgniter.php(933): App\Controllers\Photoupload->list()
 7 SYSTEMPATH\CodeIgniter.php(509): CodeIgniter\CodeIgniter->runController(Object(App\Controllers\Photoupload))
 8 SYSTEMPATH\CodeIgniter.php(355): CodeIgniter\CodeIgniter->handleRequest(null, Object(Config\Cache), false)
 9 SYSTEMPATH\Boot.php(325): CodeIgniter\CodeIgniter->run()
10 SYSTEMPATH\Boot.php(67): CodeIgniter\Boot::runCodeIgniter(Object(CodeIgniter\CodeIgniter))
11 FCPATH\index.php(56): CodeIgniter\Boot::bootWeb(Object(Config\Paths))
INFO - 2025-03-06 06:24:40 --> Session: Class initialized using 'CodeIgniter\Session\Handlers\FileHandler' driver.
INFO - 2025-03-06 06:24:42 --> Session: Class initialized using 'CodeIgniter\Session\Handlers\FileHandler' driver.
INFO - 2025-03-06 06:26:20 --> Session: Class initialized using 'CodeIgniter\Session\Handlers\FileHandler' driver.
INFO - 2025-03-06 06:26:22 --> Session: Class initialized using 'CodeIgniter\Session\Handlers\FileHandler' driver.
INFO - 2025-03-06 06:26:25 --> Session: Class initialized using 'CodeIgniter\Session\Handlers\FileHandler' driver.
INFO - 2025-03-06 06:26:26 --> Session: Class initialized using 'CodeIgniter\Session\Handlers\FileHandler' driver.
INFO - 2025-03-06 06:26:33 --> Session: Class initialized using 'CodeIgniter\Session\Handlers\FileHandler' driver.
INFO - 2025-03-06 06:26:35 --> Session: Class initialized using 'CodeIgniter\Session\Handlers\FileHandler' driver.
INFO - 2025-03-06 06:27:08 --> Session: Class initialized using 'CodeIgniter\Session\Handlers\FileHandler' driver.
INFO - 2025-03-06 06:27:08 --> Session: Class initialized using 'CodeIgniter\Session\Handlers\FileHandler' driver.
INFO - 2025-03-06 06:27:13 --> Session: Class initialized using 'CodeIgniter\Session\Handlers\FileHandler' driver.
INFO - 2025-03-06 06:27:15 --> Session: Class initialized using 'CodeIgniter\Session\Handlers\FileHandler' driver.
INFO - 2025-03-06 06:27:31 --> Session: Class initialized using 'CodeIgniter\Session\Handlers\FileHandler' driver.
INFO - 2025-03-06 06:27:50 --> Session: Class initialized using 'CodeIgniter\Session\Handlers\FileHandler' driver.
INFO - 2025-03-06 06:28:15 --> Session: Class initialized using 'CodeIgniter\Session\Handlers\FileHandler' driver.
INFO - 2025-03-06 06:28:22 --> Session: Class initialized using 'CodeIgniter\Session\Handlers\FileHandler' driver.
INFO - 2025-03-06 06:28:43 --> Session: Class initialized using 'CodeIgniter\Session\Handlers\FileHandler' driver.
INFO - 2025-03-06 06:28:45 --> Session: Class initialized using 'CodeIgniter\Session\Handlers\FileHandler' driver.
INFO - 2025-03-06 06:29:04 --> Session: Class initialized using 'CodeIgniter\Session\Handlers\FileHandler' driver.
INFO - 2025-03-06 06:29:07 --> Session: Class initialized using 'CodeIgniter\Session\Handlers\FileHandler' driver.
INFO - 2025-03-06 06:29:14 --> Session: Class initialized using 'CodeIgniter\Session\Handlers\FileHandler' driver.
INFO - 2025-03-06 06:29:14 --> Session: Class initialized using 'CodeIgniter\Session\Handlers\FileHandler' driver.
INFO - 2025-03-06 06:29:18 --> Session: Class initialized using 'CodeIgniter\Session\Handlers\FileHandler' driver.
INFO - 2025-03-06 06:29:19 --> Session: Class initialized using 'CodeIgniter\Session\Handlers\FileHandler' driver.
INFO - 2025-03-06 06:29:44 --> Session: Class initialized using 'CodeIgniter\Session\Handlers\FileHandler' driver.
INFO - 2025-03-06 06:29:46 --> Session: Class initialized using 'CodeIgniter\Session\Handlers\FileHandler' driver.
INFO - 2025-03-06 06:30:03 --> Session: Class initialized using 'CodeIgniter\Session\Handlers\FileHandler' driver.
INFO - 2025-03-06 06:35:52 --> Session: Class initialized using 'CodeIgniter\Session\Handlers\FileHandler' driver.
INFO - 2025-03-06 06:35:57 --> Session: Class initialized using 'CodeIgniter\Session\Handlers\FileHandler' driver.
INFO - 2025-03-06 06:35:58 --> Session: Class initialized using 'CodeIgniter\Session\Handlers\FileHandler' driver.
INFO - 2025-03-06 06:36:35 --> Session: Class initialized using 'CodeIgniter\Session\Handlers\FileHandler' driver.
INFO - 2025-03-06 06:38:29 --> Session: Class initialized using 'CodeIgniter\Session\Handlers\FileHandler' driver.
INFO - 2025-03-06 06:39:05 --> Session: Class initialized using 'CodeIgniter\Session\Handlers\FileHandler' driver.
INFO - 2025-03-06 06:39:49 --> Session: Class initialized using 'CodeIgniter\Session\Handlers\FileHandler' driver.
INFO - 2025-03-06 06:40:02 --> Session: Class initialized using 'CodeIgniter\Session\Handlers\FileHandler' driver.
INFO - 2025-03-06 06:40:33 --> Session: Class initialized using 'CodeIgniter\Session\Handlers\FileHandler' driver.
INFO - 2025-03-06 06:40:48 --> Session: Class initialized using 'CodeIgniter\Session\Handlers\FileHandler' driver.
INFO - 2025-03-06 06:45:14 --> Session: Class initialized using 'CodeIgniter\Session\Handlers\FileHandler' driver.
INFO - 2025-03-06 07:09:20 --> Session: Class initialized using 'CodeIgniter\Session\Handlers\FileHandler' driver.
INFO - 2025-03-06 07:09:49 --> Session: Class initialized using 'CodeIgniter\Session\Handlers\FileHandler' driver.
INFO - 2025-03-06 07:10:18 --> Session: Class initialized using 'CodeIgniter\Session\Handlers\FileHandler' driver.
INFO - 2025-03-06 07:10:31 --> Session: Class initialized using 'CodeIgniter\Session\Handlers\FileHandler' driver.
INFO - 2025-03-06 07:11:09 --> Session: Class initialized using 'CodeIgniter\Session\Handlers\FileHandler' driver.
INFO - 2025-03-06 07:12:19 --> Session: Class initialized using 'CodeIgniter\Session\Handlers\FileHandler' driver.
INFO - 2025-03-06 07:12:32 --> Session: Class initialized using 'CodeIgniter\Session\Handlers\FileHandler' driver.
INFO - 2025-03-06 07:17:08 --> Session: Class initialized using 'CodeIgniter\Session\Handlers\FileHandler' driver.
INFO - 2025-03-06 07:17:20 --> Session: Class initialized using 'CodeIgniter\Session\Handlers\FileHandler' driver.
INFO - 2025-03-06 07:17:30 --> Session: Class initialized using 'CodeIgniter\Session\Handlers\FileHandler' driver.
INFO - 2025-03-06 07:18:15 --> Session: Class initialized using 'CodeIgniter\Session\Handlers\FileHandler' driver.
INFO - 2025-03-06 07:18:44 --> Session: Class initialized using 'CodeIgniter\Session\Handlers\FileHandler' driver.
INFO - 2025-03-06 07:26:44 --> Session: Class initialized using 'CodeIgniter\Session\Handlers\FileHandler' driver.
INFO - 2025-03-06 07:27:17 --> Session: Class initialized using 'CodeIgniter\Session\Handlers\FileHandler' driver.
INFO - 2025-03-06 07:27:25 --> Session: Class initialized using 'CodeIgniter\Session\Handlers\FileHandler' driver.
INFO - 2025-03-06 07:27:33 --> Session: Class initialized using 'CodeIgniter\Session\Handlers\FileHandler' driver.
INFO - 2025-03-06 07:38:18 --> Session: Class initialized using 'CodeIgniter\Session\Handlers\FileHandler' driver.
INFO - 2025-03-06 07:38:55 --> Session: Class initialized using 'CodeIgniter\Session\Handlers\FileHandler' driver.
INFO - 2025-03-06 07:39:23 --> Session: Class initialized using 'CodeIgniter\Session\Handlers\FileHandler' driver.
INFO - 2025-03-06 07:39:39 --> Session: Class initialized using 'CodeIgniter\Session\Handlers\FileHandler' driver.
INFO - 2025-03-06 07:39:48 --> Session: Class initialized using 'CodeIgniter\Session\Handlers\FileHandler' driver.
INFO - 2025-03-06 07:40:14 --> Session: Class initialized using 'CodeIgniter\Session\Handlers\FileHandler' driver.
INFO - 2025-03-06 07:42:52 --> Session: Class initialized using 'CodeIgniter\Session\Handlers\FileHandler' driver.
INFO - 2025-03-06 07:43:02 --> Session: Class initialized using 'CodeIgniter\Session\Handlers\FileHandler' driver.
INFO - 2025-03-06 07:44:24 --> Session: Class initialized using 'CodeIgniter\Session\Handlers\FileHandler' driver.
INFO - 2025-03-06 07:48:41 --> Session: Class initialized using 'CodeIgniter\Session\Handlers\FileHandler' driver.
INFO - 2025-03-06 07:49:25 --> Session: Class initialized using 'CodeIgniter\Session\Handlers\FileHandler' driver.
INFO - 2025-03-06 07:53:22 --> Session: Class initialized using 'CodeIgniter\Session\Handlers\FileHandler' driver.
INFO - 2025-03-06 07:53:34 --> Session: Class initialized using 'CodeIgniter\Session\Handlers\FileHandler' driver.
INFO - 2025-03-06 07:56:11 --> Session: Class initialized using 'CodeIgniter\Session\Handlers\FileHandler' driver.
INFO - 2025-03-06 07:56:19 --> Session: Class initialized using 'CodeIgniter\Session\Handlers\FileHandler' driver.
INFO - 2025-03-06 07:57:15 --> Session: Class initialized using 'CodeIgniter\Session\Handlers\FileHandler' driver.
INFO - 2025-03-06 08:37:50 --> Session: Class initialized using 'CodeIgniter\Session\Handlers\FileHandler' driver.
INFO - 2025-03-06 08:37:58 --> Session: Class initialized using 'CodeIgniter\Session\Handlers\FileHandler' driver.
INFO - 2025-03-06 08:37:59 --> Session: Class initialized using 'CodeIgniter\Session\Handlers\FileHandler' driver.
INFO - 2025-03-06 08:38:05 --> Session: Class initialized using 'CodeIgniter\Session\Handlers\FileHandler' driver.
INFO - 2025-03-06 08:38:57 --> Session: Class initialized using 'CodeIgniter\Session\Handlers\FileHandler' driver.
INFO - 2025-03-06 08:39:30 --> Session: Class initialized using 'CodeIgniter\Session\Handlers\FileHandler' driver.
INFO - 2025-03-06 08:42:30 --> Session: Class initialized using 'CodeIgniter\Session\Handlers\FileHandler' driver.
ERROR - 2025-03-06 08:42:33 --> mysqli_sql_exception: FUNCTION admission.YEAR does not exist. Check the 'Function Name Parsing and Resolution' section in the Reference Manual in C:\xampp\htdocs\Wolfox\system\Database\MySQLi\Connection.php:312
Stack trace:
#0 C:\xampp\htdocs\Wolfox\system\Database\MySQLi\Connection.php(312): mysqli->query('SELECT `admissi...', 0)
#1 C:\xampp\htdocs\Wolfox\system\Database\BaseConnection.php(734): CodeIgniter\Database\MySQLi\Connection->execute('SELECT `admissi...')
#2 C:\xampp\htdocs\Wolfox\system\Database\BaseConnection.php(648): CodeIgniter\Database\BaseConnection->simpleQuery('SELECT `admissi...')
#3 C:\xampp\htdocs\Wolfox\system\Database\BaseBuilder.php(1644): CodeIgniter\Database\BaseConnection->query('SELECT `admissi...', Array, false)
#4 C:\xampp\htdocs\Wolfox\system\Model.php(286): CodeIgniter\Database\BaseBuilder->get()
#5 C:\xampp\htdocs\Wolfox\system\BaseModel.php(676): CodeIgniter\Model->doFindAll(0, 0)
#6 C:\xampp\htdocs\Wolfox\app\Controllers\AdmissionMaster.php(982): CodeIgniter\BaseModel->findAll()
#7 C:\xampp\htdocs\Wolfox\system\CodeIgniter.php(933): App\Controllers\AdmissionMaster->filteryearwise('2025')
#8 C:\xampp\htdocs\Wolfox\system\CodeIgniter.php(509): CodeIgniter\CodeIgniter->runController(Object(App\Controllers\AdmissionMaster))
#9 C:\xampp\htdocs\Wolfox\system\CodeIgniter.php(355): CodeIgniter\CodeIgniter->handleRequest(NULL, Object(Config\Cache), false)
#10 C:\xampp\htdocs\Wolfox\system\Boot.php(325): CodeIgniter\CodeIgniter->run()
#11 C:\xampp\htdocs\Wolfox\system\Boot.php(67): CodeIgniter\Boot::runCodeIgniter(Object(CodeIgniter\CodeIgniter))
#12 C:\xampp\htdocs\Wolfox\index.php(56): CodeIgniter\Boot::bootWeb(Object(Config\Paths))
#13 {main}
CRITICAL - 2025-03-06 08:42:33 --> CodeIgniter\Database\Exceptions\DatabaseException: FUNCTION admission.YEAR does not exist. Check the 'Function Name Parsing and Resolution' section in the Reference Manual
[Method: GET, Route: Admin/Admission/filteryearwise/2025]
in SYSTEMPATH\Database\BaseConnection.php on line 688.
 1 SYSTEMPATH\Database\BaseBuilder.php(1644): CodeIgniter\Database\BaseConnection->query('SELECT `admission`.*, `admission`.`id` AS `studid`, `fee`.*, `course`.`course`, `course`.`fee`, `batch`.`batchname`, `batch`.`starttime`, `batch`.`endtime`, `branch`.`branchname` AS `branchname`, `collegename`.`collegename` AS `collegename`
FROM `admission`
LEFT JOIN `course` ON `course`.`courseid` = `admission`.`courseid`
LEFT JOIN `batch` ON `batch`.`batchid` = `admission`.`batchid`
LEFT JOIN `branch` ON `branch`.`id` = `admission`.`branchid`
LEFT JOIN `collegename` ON `collegename`.`id` = `admission`.`collegeid`
JOIN `fee` ON `fee`.`sid` = `admission`.`id`
WHERE `status` = :status:
AND `flag` = :flag:
AND `flag` = :flag.1:
AND admission.YEAR(joiningdate) = :admission.YEAR(joiningdate):
ORDER BY `admission`.`id` DESC', [...], false)
 2 SYSTEMPATH\Model.php(286): CodeIgniter\Database\BaseBuilder->get()
 3 SYSTEMPATH\BaseModel.php(676): CodeIgniter\Model->doFindAll(0, 0)
 4 APPPATH\Controllers\AdmissionMaster.php(982): CodeIgniter\BaseModel->findAll()
 5 SYSTEMPATH\CodeIgniter.php(933): App\Controllers\AdmissionMaster->filteryearwise('2025')
 6 SYSTEMPATH\CodeIgniter.php(509): CodeIgniter\CodeIgniter->runController(Object(App\Controllers\AdmissionMaster))
 7 SYSTEMPATH\CodeIgniter.php(355): CodeIgniter\CodeIgniter->handleRequest(null, Object(Config\Cache), false)
 8 SYSTEMPATH\Boot.php(325): CodeIgniter\CodeIgniter->run()
 9 SYSTEMPATH\Boot.php(67): CodeIgniter\Boot::runCodeIgniter(Object(CodeIgniter\CodeIgniter))
10 FCPATH\index.php(56): CodeIgniter\Boot::bootWeb(Object(Config\Paths))
CRITICAL - 2025-03-06 08:42:33 --> [Caused by] CodeIgniter\Database\Exceptions\DatabaseException: FUNCTION admission.YEAR does not exist. Check the 'Function Name Parsing and Resolution' section in the Reference Manual
in SYSTEMPATH\Database\MySQLi\Connection.php on line 317.
 1 SYSTEMPATH\Database\BaseConnection.php(734): CodeIgniter\Database\MySQLi\Connection->execute('SELECT `admission`.*, `admission`.`id` AS `studid`, `fee`.*, `course`.`course`, `course`.`fee`, `batch`.`batchname`, `batch`.`starttime`, `batch`.`endtime`, `branch`.`branchname` AS `branchname`, `collegename`.`collegename` AS `collegename`
FROM `admission`
LEFT JOIN `course` ON `course`.`courseid` = `admission`.`courseid`
LEFT JOIN `batch` ON `batch`.`batchid` = `admission`.`batchid`
LEFT JOIN `branch` ON `branch`.`id` = `admission`.`branchid`
LEFT JOIN `collegename` ON `collegename`.`id` = `admission`.`collegeid`
JOIN `fee` ON `fee`.`sid` = `admission`.`id`
WHERE `status` = 1
AND `flag` = 1
AND `flag` = 1
AND admission.YEAR(joiningdate) = \'2025\'
ORDER BY `admission`.`id` DESC')
 2 SYSTEMPATH\Database\BaseConnection.php(648): CodeIgniter\Database\BaseConnection->simpleQuery('SELECT `admission`.*, `admission`.`id` AS `studid`, `fee`.*, `course`.`course`, `course`.`fee`, `batch`.`batchname`, `batch`.`starttime`, `batch`.`endtime`, `branch`.`branchname` AS `branchname`, `collegename`.`collegename` AS `collegename`
FROM `admission`
LEFT JOIN `course` ON `course`.`courseid` = `admission`.`courseid`
LEFT JOIN `batch` ON `batch`.`batchid` = `admission`.`batchid`
LEFT JOIN `branch` ON `branch`.`id` = `admission`.`branchid`
LEFT JOIN `collegename` ON `collegename`.`id` = `admission`.`collegeid`
JOIN `fee` ON `fee`.`sid` = `admission`.`id`
WHERE `status` = 1
AND `flag` = 1
AND `flag` = 1
AND admission.YEAR(joiningdate) = \'2025\'
ORDER BY `admission`.`id` DESC')
 3 SYSTEMPATH\Database\BaseBuilder.php(1644): CodeIgniter\Database\BaseConnection->query('SELECT `admission`.*, `admission`.`id` AS `studid`, `fee`.*, `course`.`course`, `course`.`fee`, `batch`.`batchname`, `batch`.`starttime`, `batch`.`endtime`, `branch`.`branchname` AS `branchname`, `collegename`.`collegename` AS `collegename`
FROM `admission`
LEFT JOIN `course` ON `course`.`courseid` = `admission`.`courseid`
LEFT JOIN `batch` ON `batch`.`batchid` = `admission`.`batchid`
LEFT JOIN `branch` ON `branch`.`id` = `admission`.`branchid`
LEFT JOIN `collegename` ON `collegename`.`id` = `admission`.`collegeid`
JOIN `fee` ON `fee`.`sid` = `admission`.`id`
WHERE `status` = :status:
AND `flag` = :flag:
AND `flag` = :flag.1:
AND admission.YEAR(joiningdate) = :admission.YEAR(joiningdate):
ORDER BY `admission`.`id` DESC', [...], false)
 4 SYSTEMPATH\Model.php(286): CodeIgniter\Database\BaseBuilder->get()
 5 SYSTEMPATH\BaseModel.php(676): CodeIgniter\Model->doFindAll(0, 0)
 6 APPPATH\Controllers\AdmissionMaster.php(982): CodeIgniter\BaseModel->findAll()
 7 SYSTEMPATH\CodeIgniter.php(933): App\Controllers\AdmissionMaster->filteryearwise('2025')
 8 SYSTEMPATH\CodeIgniter.php(509): CodeIgniter\CodeIgniter->runController(Object(App\Controllers\AdmissionMaster))
 9 SYSTEMPATH\CodeIgniter.php(355): CodeIgniter\CodeIgniter->handleRequest(null, Object(Config\Cache), false)
10 SYSTEMPATH\Boot.php(325): CodeIgniter\CodeIgniter->run()
11 SYSTEMPATH\Boot.php(67): CodeIgniter\Boot::runCodeIgniter(Object(CodeIgniter\CodeIgniter))
12 FCPATH\index.php(56): CodeIgniter\Boot::bootWeb(Object(Config\Paths))
CRITICAL - 2025-03-06 08:42:33 --> [Caused by] mysqli_sql_exception: FUNCTION admission.YEAR does not exist. Check the 'Function Name Parsing and Resolution' section in the Reference Manual
in SYSTEMPATH\Database\MySQLi\Connection.php on line 312.
 1 SYSTEMPATH\Database\MySQLi\Connection.php(312): mysqli->query('SELECT `admission`.*, `admission`.`id` AS `studid`, `fee`.*, `course`.`course`, `course`.`fee`, `batch`.`batchname`, `batch`.`starttime`, `batch`.`endtime`, `branch`.`branchname` AS `branchname`, `collegename`.`collegename` AS `collegename`
FROM `admission`
LEFT JOIN `course` ON `course`.`courseid` = `admission`.`courseid`
LEFT JOIN `batch` ON `batch`.`batchid` = `admission`.`batchid`
LEFT JOIN `branch` ON `branch`.`id` = `admission`.`branchid`
LEFT JOIN `collegename` ON `collegename`.`id` = `admission`.`collegeid`
JOIN `fee` ON `fee`.`sid` = `admission`.`id`
WHERE `status` = 1
AND `flag` = 1
AND `flag` = 1
AND admission.YEAR(joiningdate) = \'2025\'
ORDER BY `admission`.`id` DESC', 0)
 2 SYSTEMPATH\Database\BaseConnection.php(734): CodeIgniter\Database\MySQLi\Connection->execute('SELECT `admission`.*, `admission`.`id` AS `studid`, `fee`.*, `course`.`course`, `course`.`fee`, `batch`.`batchname`, `batch`.`starttime`, `batch`.`endtime`, `branch`.`branchname` AS `branchname`, `collegename`.`collegename` AS `collegename`
FROM `admission`
LEFT JOIN `course` ON `course`.`courseid` = `admission`.`courseid`
LEFT JOIN `batch` ON `batch`.`batchid` = `admission`.`batchid`
LEFT JOIN `branch` ON `branch`.`id` = `admission`.`branchid`
LEFT JOIN `collegename` ON `collegename`.`id` = `admission`.`collegeid`
JOIN `fee` ON `fee`.`sid` = `admission`.`id`
WHERE `status` = 1
AND `flag` = 1
AND `flag` = 1
AND admission.YEAR(joiningdate) = \'2025\'
ORDER BY `admission`.`id` DESC')
 3 SYSTEMPATH\Database\BaseConnection.php(648): CodeIgniter\Database\BaseConnection->simpleQuery('SELECT `admission`.*, `admission`.`id` AS `studid`, `fee`.*, `course`.`course`, `course`.`fee`, `batch`.`batchname`, `batch`.`starttime`, `batch`.`endtime`, `branch`.`branchname` AS `branchname`, `collegename`.`collegename` AS `collegename`
FROM `admission`
LEFT JOIN `course` ON `course`.`courseid` = `admission`.`courseid`
LEFT JOIN `batch` ON `batch`.`batchid` = `admission`.`batchid`
LEFT JOIN `branch` ON `branch`.`id` = `admission`.`branchid`
LEFT JOIN `collegename` ON `collegename`.`id` = `admission`.`collegeid`
JOIN `fee` ON `fee`.`sid` = `admission`.`id`
WHERE `status` = 1
AND `flag` = 1
AND `flag` = 1
AND admission.YEAR(joiningdate) = \'2025\'
ORDER BY `admission`.`id` DESC')
 4 SYSTEMPATH\Database\BaseBuilder.php(1644): CodeIgniter\Database\BaseConnection->query('SELECT `admission`.*, `admission`.`id` AS `studid`, `fee`.*, `course`.`course`, `course`.`fee`, `batch`.`batchname`, `batch`.`starttime`, `batch`.`endtime`, `branch`.`branchname` AS `branchname`, `collegename`.`collegename` AS `collegename`
FROM `admission`
LEFT JOIN `course` ON `course`.`courseid` = `admission`.`courseid`
LEFT JOIN `batch` ON `batch`.`batchid` = `admission`.`batchid`
LEFT JOIN `branch` ON `branch`.`id` = `admission`.`branchid`
LEFT JOIN `collegename` ON `collegename`.`id` = `admission`.`collegeid`
JOIN `fee` ON `fee`.`sid` = `admission`.`id`
WHERE `status` = :status:
AND `flag` = :flag:
AND `flag` = :flag.1:
AND admission.YEAR(joiningdate) = :admission.YEAR(joiningdate):
ORDER BY `admission`.`id` DESC', [...], false)
 5 SYSTEMPATH\Model.php(286): CodeIgniter\Database\BaseBuilder->get()
 6 SYSTEMPATH\BaseModel.php(676): CodeIgniter\Model->doFindAll(0, 0)
 7 APPPATH\Controllers\AdmissionMaster.php(982): CodeIgniter\BaseModel->findAll()
 8 SYSTEMPATH\CodeIgniter.php(933): App\Controllers\AdmissionMaster->filteryearwise('2025')
 9 SYSTEMPATH\CodeIgniter.php(509): CodeIgniter\CodeIgniter->runController(Object(App\Controllers\AdmissionMaster))
10 SYSTEMPATH\CodeIgniter.php(355): CodeIgniter\CodeIgniter->handleRequest(null, Object(Config\Cache), false)
11 SYSTEMPATH\Boot.php(325): CodeIgniter\CodeIgniter->run()
12 SYSTEMPATH\Boot.php(67): CodeIgniter\Boot::runCodeIgniter(Object(CodeIgniter\CodeIgniter))
13 FCPATH\index.php(56): CodeIgniter\Boot::bootWeb(Object(Config\Paths))
ERROR - 2025-03-06 08:44:23 --> mysqli_sql_exception: FUNCTION admission.YEAR does not exist. Check the 'Function Name Parsing and Resolution' section in the Reference Manual in C:\xampp\htdocs\Wolfox\system\Database\MySQLi\Connection.php:312
Stack trace:
#0 C:\xampp\htdocs\Wolfox\system\Database\MySQLi\Connection.php(312): mysqli->query('SELECT `admissi...', 0)
#1 C:\xampp\htdocs\Wolfox\system\Database\BaseConnection.php(734): CodeIgniter\Database\MySQLi\Connection->execute('SELECT `admissi...')
#2 C:\xampp\htdocs\Wolfox\system\Database\BaseConnection.php(648): CodeIgniter\Database\BaseConnection->simpleQuery('SELECT `admissi...')
#3 C:\xampp\htdocs\Wolfox\system\Database\BaseBuilder.php(1644): CodeIgniter\Database\BaseConnection->query('SELECT `admissi...', Array, false)
#4 C:\xampp\htdocs\Wolfox\system\Model.php(286): CodeIgniter\Database\BaseBuilder->get()
#5 C:\xampp\htdocs\Wolfox\system\BaseModel.php(676): CodeIgniter\Model->doFindAll(0, 0)
#6 C:\xampp\htdocs\Wolfox\app\Controllers\AdmissionMaster.php(982): CodeIgniter\BaseModel->findAll()
#7 C:\xampp\htdocs\Wolfox\system\CodeIgniter.php(933): App\Controllers\AdmissionMaster->filteryearwise('2024')
#8 C:\xampp\htdocs\Wolfox\system\CodeIgniter.php(509): CodeIgniter\CodeIgniter->runController(Object(App\Controllers\AdmissionMaster))
#9 C:\xampp\htdocs\Wolfox\system\CodeIgniter.php(355): CodeIgniter\CodeIgniter->handleRequest(NULL, Object(Config\Cache), false)
#10 C:\xampp\htdocs\Wolfox\system\Boot.php(325): CodeIgniter\CodeIgniter->run()
#11 C:\xampp\htdocs\Wolfox\system\Boot.php(67): CodeIgniter\Boot::runCodeIgniter(Object(CodeIgniter\CodeIgniter))
#12 C:\xampp\htdocs\Wolfox\index.php(56): CodeIgniter\Boot::bootWeb(Object(Config\Paths))
#13 {main}
CRITICAL - 2025-03-06 08:44:23 --> CodeIgniter\Database\Exceptions\DatabaseException: FUNCTION admission.YEAR does not exist. Check the 'Function Name Parsing and Resolution' section in the Reference Manual
[Method: GET, Route: Admin/Admission/filteryearwise/2024]
in SYSTEMPATH\Database\BaseConnection.php on line 688.
 1 SYSTEMPATH\Database\BaseBuilder.php(1644): CodeIgniter\Database\BaseConnection->query('SELECT `admission`.*, `admission`.`id` AS `studid`, `fee`.*, `course`.`course`, `course`.`fee`, `batch`.`batchname`, `batch`.`starttime`, `batch`.`endtime`, `branch`.`branchname` AS `branchname`, `collegename`.`collegename` AS `collegename`
FROM `admission`
LEFT JOIN `course` ON `course`.`courseid` = `admission`.`courseid`
LEFT JOIN `batch` ON `batch`.`batchid` = `admission`.`batchid`
LEFT JOIN `branch` ON `branch`.`id` = `admission`.`branchid`
LEFT JOIN `collegename` ON `collegename`.`id` = `admission`.`collegeid`
JOIN `fee` ON `fee`.`sid` = `admission`.`id`
WHERE `status` = :status:
AND `flag` = :flag:
AND `flag` = :flag.1:
AND admission.YEAR(joiningdate) = :admission.YEAR(joiningdate):
ORDER BY `admission`.`id` DESC', [...], false)
 2 SYSTEMPATH\Model.php(286): CodeIgniter\Database\BaseBuilder->get()
 3 SYSTEMPATH\BaseModel.php(676): CodeIgniter\Model->doFindAll(0, 0)
 4 APPPATH\Controllers\AdmissionMaster.php(982): CodeIgniter\BaseModel->findAll()
 5 SYSTEMPATH\CodeIgniter.php(933): App\Controllers\AdmissionMaster->filteryearwise('2024')
 6 SYSTEMPATH\CodeIgniter.php(509): CodeIgniter\CodeIgniter->runController(Object(App\Controllers\AdmissionMaster))
 7 SYSTEMPATH\CodeIgniter.php(355): CodeIgniter\CodeIgniter->handleRequest(null, Object(Config\Cache), false)
 8 SYSTEMPATH\Boot.php(325): CodeIgniter\CodeIgniter->run()
 9 SYSTEMPATH\Boot.php(67): CodeIgniter\Boot::runCodeIgniter(Object(CodeIgniter\CodeIgniter))
10 FCPATH\index.php(56): CodeIgniter\Boot::bootWeb(Object(Config\Paths))
CRITICAL - 2025-03-06 08:44:23 --> [Caused by] CodeIgniter\Database\Exceptions\DatabaseException: FUNCTION admission.YEAR does not exist. Check the 'Function Name Parsing and Resolution' section in the Reference Manual
in SYSTEMPATH\Database\MySQLi\Connection.php on line 317.
 1 SYSTEMPATH\Database\BaseConnection.php(734): CodeIgniter\Database\MySQLi\Connection->execute('SELECT `admission`.*, `admission`.`id` AS `studid`, `fee`.*, `course`.`course`, `course`.`fee`, `batch`.`batchname`, `batch`.`starttime`, `batch`.`endtime`, `branch`.`branchname` AS `branchname`, `collegename`.`collegename` AS `collegename`
FROM `admission`
LEFT JOIN `course` ON `course`.`courseid` = `admission`.`courseid`
LEFT JOIN `batch` ON `batch`.`batchid` = `admission`.`batchid`
LEFT JOIN `branch` ON `branch`.`id` = `admission`.`branchid`
LEFT JOIN `collegename` ON `collegename`.`id` = `admission`.`collegeid`
JOIN `fee` ON `fee`.`sid` = `admission`.`id`
WHERE `status` = 1
AND `flag` = 1
AND `flag` = 1
AND admission.YEAR(joiningdate) = \'2024\'
ORDER BY `admission`.`id` DESC')
 2 SYSTEMPATH\Database\BaseConnection.php(648): CodeIgniter\Database\BaseConnection->simpleQuery('SELECT `admission`.*, `admission`.`id` AS `studid`, `fee`.*, `course`.`course`, `course`.`fee`, `batch`.`batchname`, `batch`.`starttime`, `batch`.`endtime`, `branch`.`branchname` AS `branchname`, `collegename`.`collegename` AS `collegename`
FROM `admission`
LEFT JOIN `course` ON `course`.`courseid` = `admission`.`courseid`
LEFT JOIN `batch` ON `batch`.`batchid` = `admission`.`batchid`
LEFT JOIN `branch` ON `branch`.`id` = `admission`.`branchid`
LEFT JOIN `collegename` ON `collegename`.`id` = `admission`.`collegeid`
JOIN `fee` ON `fee`.`sid` = `admission`.`id`
WHERE `status` = 1
AND `flag` = 1
AND `flag` = 1
AND admission.YEAR(joiningdate) = \'2024\'
ORDER BY `admission`.`id` DESC')
 3 SYSTEMPATH\Database\BaseBuilder.php(1644): CodeIgniter\Database\BaseConnection->query('SELECT `admission`.*, `admission`.`id` AS `studid`, `fee`.*, `course`.`course`, `course`.`fee`, `batch`.`batchname`, `batch`.`starttime`, `batch`.`endtime`, `branch`.`branchname` AS `branchname`, `collegename`.`collegename` AS `collegename`
FROM `admission`
LEFT JOIN `course` ON `course`.`courseid` = `admission`.`courseid`
LEFT JOIN `batch` ON `batch`.`batchid` = `admission`.`batchid`
LEFT JOIN `branch` ON `branch`.`id` = `admission`.`branchid`
LEFT JOIN `collegename` ON `collegename`.`id` = `admission`.`collegeid`
JOIN `fee` ON `fee`.`sid` = `admission`.`id`
WHERE `status` = :status:
AND `flag` = :flag:
AND `flag` = :flag.1:
AND admission.YEAR(joiningdate) = :admission.YEAR(joiningdate):
ORDER BY `admission`.`id` DESC', [...], false)
 4 SYSTEMPATH\Model.php(286): CodeIgniter\Database\BaseBuilder->get()
 5 SYSTEMPATH\BaseModel.php(676): CodeIgniter\Model->doFindAll(0, 0)
 6 APPPATH\Controllers\AdmissionMaster.php(982): CodeIgniter\BaseModel->findAll()
 7 SYSTEMPATH\CodeIgniter.php(933): App\Controllers\AdmissionMaster->filteryearwise('2024')
 8 SYSTEMPATH\CodeIgniter.php(509): CodeIgniter\CodeIgniter->runController(Object(App\Controllers\AdmissionMaster))
 9 SYSTEMPATH\CodeIgniter.php(355): CodeIgniter\CodeIgniter->handleRequest(null, Object(Config\Cache), false)
10 SYSTEMPATH\Boot.php(325): CodeIgniter\CodeIgniter->run()
11 SYSTEMPATH\Boot.php(67): CodeIgniter\Boot::runCodeIgniter(Object(CodeIgniter\CodeIgniter))
12 FCPATH\index.php(56): CodeIgniter\Boot::bootWeb(Object(Config\Paths))
CRITICAL - 2025-03-06 08:44:23 --> [Caused by] mysqli_sql_exception: FUNCTION admission.YEAR does not exist. Check the 'Function Name Parsing and Resolution' section in the Reference Manual
in SYSTEMPATH\Database\MySQLi\Connection.php on line 312.
 1 SYSTEMPATH\Database\MySQLi\Connection.php(312): mysqli->query('SELECT `admission`.*, `admission`.`id` AS `studid`, `fee`.*, `course`.`course`, `course`.`fee`, `batch`.`batchname`, `batch`.`starttime`, `batch`.`endtime`, `branch`.`branchname` AS `branchname`, `collegename`.`collegename` AS `collegename`
FROM `admission`
LEFT JOIN `course` ON `course`.`courseid` = `admission`.`courseid`
LEFT JOIN `batch` ON `batch`.`batchid` = `admission`.`batchid`
LEFT JOIN `branch` ON `branch`.`id` = `admission`.`branchid`
LEFT JOIN `collegename` ON `collegename`.`id` = `admission`.`collegeid`
JOIN `fee` ON `fee`.`sid` = `admission`.`id`
WHERE `status` = 1
AND `flag` = 1
AND `flag` = 1
AND admission.YEAR(joiningdate) = \'2024\'
ORDER BY `admission`.`id` DESC', 0)
 2 SYSTEMPATH\Database\BaseConnection.php(734): CodeIgniter\Database\MySQLi\Connection->execute('SELECT `admission`.*, `admission`.`id` AS `studid`, `fee`.*, `course`.`course`, `course`.`fee`, `batch`.`batchname`, `batch`.`starttime`, `batch`.`endtime`, `branch`.`branchname` AS `branchname`, `collegename`.`collegename` AS `collegename`
FROM `admission`
LEFT JOIN `course` ON `course`.`courseid` = `admission`.`courseid`
LEFT JOIN `batch` ON `batch`.`batchid` = `admission`.`batchid`
LEFT JOIN `branch` ON `branch`.`id` = `admission`.`branchid`
LEFT JOIN `collegename` ON `collegename`.`id` = `admission`.`collegeid`
JOIN `fee` ON `fee`.`sid` = `admission`.`id`
WHERE `status` = 1
AND `flag` = 1
AND `flag` = 1
AND admission.YEAR(joiningdate) = \'2024\'
ORDER BY `admission`.`id` DESC')
 3 SYSTEMPATH\Database\BaseConnection.php(648): CodeIgniter\Database\BaseConnection->simpleQuery('SELECT `admission`.*, `admission`.`id` AS `studid`, `fee`.*, `course`.`course`, `course`.`fee`, `batch`.`batchname`, `batch`.`starttime`, `batch`.`endtime`, `branch`.`branchname` AS `branchname`, `collegename`.`collegename` AS `collegename`
FROM `admission`
LEFT JOIN `course` ON `course`.`courseid` = `admission`.`courseid`
LEFT JOIN `batch` ON `batch`.`batchid` = `admission`.`batchid`
LEFT JOIN `branch` ON `branch`.`id` = `admission`.`branchid`
LEFT JOIN `collegename` ON `collegename`.`id` = `admission`.`collegeid`
JOIN `fee` ON `fee`.`sid` = `admission`.`id`
WHERE `status` = 1
AND `flag` = 1
AND `flag` = 1
AND admission.YEAR(joiningdate) = \'2024\'
ORDER BY `admission`.`id` DESC')
 4 SYSTEMPATH\Database\BaseBuilder.php(1644): CodeIgniter\Database\BaseConnection->query('SELECT `admission`.*, `admission`.`id` AS `studid`, `fee`.*, `course`.`course`, `course`.`fee`, `batch`.`batchname`, `batch`.`starttime`, `batch`.`endtime`, `branch`.`branchname` AS `branchname`, `collegename`.`collegename` AS `collegename`
FROM `admission`
LEFT JOIN `course` ON `course`.`courseid` = `admission`.`courseid`
LEFT JOIN `batch` ON `batch`.`batchid` = `admission`.`batchid`
LEFT JOIN `branch` ON `branch`.`id` = `admission`.`branchid`
LEFT JOIN `collegename` ON `collegename`.`id` = `admission`.`collegeid`
JOIN `fee` ON `fee`.`sid` = `admission`.`id`
WHERE `status` = :status:
AND `flag` = :flag:
AND `flag` = :flag.1:
AND admission.YEAR(joiningdate) = :admission.YEAR(joiningdate):
ORDER BY `admission`.`id` DESC', [...], false)
 5 SYSTEMPATH\Model.php(286): CodeIgniter\Database\BaseBuilder->get()
 6 SYSTEMPATH\BaseModel.php(676): CodeIgniter\Model->doFindAll(0, 0)
 7 APPPATH\Controllers\AdmissionMaster.php(982): CodeIgniter\BaseModel->findAll()
 8 SYSTEMPATH\CodeIgniter.php(933): App\Controllers\AdmissionMaster->filteryearwise('2024')
 9 SYSTEMPATH\CodeIgniter.php(509): CodeIgniter\CodeIgniter->runController(Object(App\Controllers\AdmissionMaster))
10 SYSTEMPATH\CodeIgniter.php(355): CodeIgniter\CodeIgniter->handleRequest(null, Object(Config\Cache), false)
11 SYSTEMPATH\Boot.php(325): CodeIgniter\CodeIgniter->run()
12 SYSTEMPATH\Boot.php(67): CodeIgniter\Boot::runCodeIgniter(Object(CodeIgniter\CodeIgniter))
13 FCPATH\index.php(56): CodeIgniter\Boot::bootWeb(Object(Config\Paths))
INFO - 2025-03-06 08:45:50 --> Session: Class initialized using 'CodeIgniter\Session\Handlers\FileHandler' driver.
INFO - 2025-03-06 08:45:51 --> Session: Class initialized using 'CodeIgniter\Session\Handlers\FileHandler' driver.
INFO - 2025-03-06 08:45:53 --> Session: Class initialized using 'CodeIgniter\Session\Handlers\FileHandler' driver.
INFO - 2025-03-06 08:45:57 --> Session: Class initialized using 'CodeIgniter\Session\Handlers\FileHandler' driver.
INFO - 2025-03-06 08:46:11 --> Session: Class initialized using 'CodeIgniter\Session\Handlers\FileHandler' driver.
INFO - 2025-03-06 08:51:01 --> Session: Class initialized using 'CodeIgniter\Session\Handlers\FileHandler' driver.
INFO - 2025-03-06 08:51:36 --> Session: Class initialized using 'CodeIgniter\Session\Handlers\FileHandler' driver.
INFO - 2025-03-06 08:52:11 --> Session: Class initialized using 'CodeIgniter\Session\Handlers\FileHandler' driver.
INFO - 2025-03-06 08:53:03 --> Session: Class initialized using 'CodeIgniter\Session\Handlers\FileHandler' driver.
INFO - 2025-03-06 09:02:25 --> Session: Class initialized using 'CodeIgniter\Session\Handlers\FileHandler' driver.
INFO - 2025-03-06 09:02:48 --> Session: Class initialized using 'CodeIgniter\Session\Handlers\FileHandler' driver.
INFO - 2025-03-06 09:02:58 --> Session: Class initialized using 'CodeIgniter\Session\Handlers\FileHandler' driver.
INFO - 2025-03-06 09:05:06 --> Session: Class initialized using 'CodeIgniter\Session\Handlers\FileHandler' driver.
INFO - 2025-03-06 09:05:57 --> Session: Class initialized using 'CodeIgniter\Session\Handlers\FileHandler' driver.
INFO - 2025-03-06 09:08:07 --> Session: Class initialized using 'CodeIgniter\Session\Handlers\FileHandler' driver.
INFO - 2025-03-06 09:09:27 --> Session: Class initialized using 'CodeIgniter\Session\Handlers\FileHandler' driver.
INFO - 2025-03-06 09:18:28 --> Session: Class initialized using 'CodeIgniter\Session\Handlers\FileHandler' driver.
INFO - 2025-03-06 09:19:30 --> Session: Class initialized using 'CodeIgniter\Session\Handlers\FileHandler' driver.
INFO - 2025-03-06 09:20:05 --> Session: Class initialized using 'CodeIgniter\Session\Handlers\FileHandler' driver.
INFO - 2025-03-06 09:20:40 --> Session: Class initialized using 'CodeIgniter\Session\Handlers\FileHandler' driver.
INFO - 2025-03-06 09:23:07 --> Session: Class initialized using 'CodeIgniter\Session\Handlers\FileHandler' driver.
INFO - 2025-03-06 09:26:09 --> Session: Class initialized using 'CodeIgniter\Session\Handlers\FileHandler' driver.
INFO - 2025-03-06 09:26:38 --> Session: Class initialized using 'CodeIgniter\Session\Handlers\FileHandler' driver.
INFO - 2025-03-06 09:27:15 --> Session: Class initialized using 'CodeIgniter\Session\Handlers\FileHandler' driver.
INFO - 2025-03-06 09:30:36 --> Session: Class initialized using 'CodeIgniter\Session\Handlers\FileHandler' driver.
CRITICAL - 2025-03-06 09:30:39 --> ErrorException: Undefined array key "studid"
[Method: GET, Route: Admin/Admission/filteryearwise/2025]
in APPPATH\Controllers\AdmissionMaster.php on line 990.
 1 APPPATH\Controllers\AdmissionMaster.php(990): CodeIgniter\Debug\Exceptions->errorHandler(2, 'Undefined array key "studid"', 'C:\\xampp\\htdocs\\Wolfox\\app\\Controllers\\AdmissionMaster.php', 990)
 2 SYSTEMPATH\CodeIgniter.php(933): App\Controllers\AdmissionMaster->filteryearwise('2025')
 3 SYSTEMPATH\CodeIgniter.php(509): CodeIgniter\CodeIgniter->runController(Object(App\Controllers\AdmissionMaster))
 4 SYSTEMPATH\CodeIgniter.php(355): CodeIgniter\CodeIgniter->handleRequest(null, Object(Config\Cache), false)
 5 SYSTEMPATH\Boot.php(325): CodeIgniter\CodeIgniter->run()
 6 SYSTEMPATH\Boot.php(67): CodeIgniter\Boot::runCodeIgniter(Object(CodeIgniter\CodeIgniter))
 7 FCPATH\index.php(56): CodeIgniter\Boot::bootWeb(Object(Config\Paths))
CRITICAL - 2025-03-06 09:30:43 --> ErrorException: Undefined array key "studid"
[Method: GET, Route: Admin/Admission/filteryearwise/2025/02]
in APPPATH\Controllers\AdmissionMaster.php on line 990.
 1 APPPATH\Controllers\AdmissionMaster.php(990): CodeIgniter\Debug\Exceptions->errorHandler(2, 'Undefined array key "studid"', 'C:\\xampp\\htdocs\\Wolfox\\app\\Controllers\\AdmissionMaster.php', 990)
 2 SYSTEMPATH\CodeIgniter.php(933): App\Controllers\AdmissionMaster->filteryearwise('2025', '02')
 3 SYSTEMPATH\CodeIgniter.php(509): CodeIgniter\CodeIgniter->runController(Object(App\Controllers\AdmissionMaster))
 4 SYSTEMPATH\CodeIgniter.php(355): CodeIgniter\CodeIgniter->handleRequest(null, Object(Config\Cache), false)
 5 SYSTEMPATH\Boot.php(325): CodeIgniter\CodeIgniter->run()
 6 SYSTEMPATH\Boot.php(67): CodeIgniter\Boot::runCodeIgniter(Object(CodeIgniter\CodeIgniter))
 7 FCPATH\index.php(56): CodeIgniter\Boot::bootWeb(Object(Config\Paths))
INFO - 2025-03-06 09:31:10 --> Session: Class initialized using 'CodeIgniter\Session\Handlers\FileHandler' driver.
CRITICAL - 2025-03-06 09:31:15 --> ErrorException: Undefined array key "studid"
[Method: GET, Route: Admin/Admission/filteryearwise/2025]
in APPPATH\Controllers\AdmissionMaster.php on line 990.
 1 APPPATH\Controllers\AdmissionMaster.php(990): CodeIgniter\Debug\Exceptions->errorHandler(2, 'Undefined array key "studid"', 'C:\\xampp\\htdocs\\Wolfox\\app\\Controllers\\AdmissionMaster.php', 990)
 2 SYSTEMPATH\CodeIgniter.php(933): App\Controllers\AdmissionMaster->filteryearwise('2025')
 3 SYSTEMPATH\CodeIgniter.php(509): CodeIgniter\CodeIgniter->runController(Object(App\Controllers\AdmissionMaster))
 4 SYSTEMPATH\CodeIgniter.php(355): CodeIgniter\CodeIgniter->handleRequest(null, Object(Config\Cache), false)
 5 SYSTEMPATH\Boot.php(325): CodeIgniter\CodeIgniter->run()
 6 SYSTEMPATH\Boot.php(67): CodeIgniter\Boot::runCodeIgniter(Object(CodeIgniter\CodeIgniter))
 7 FCPATH\index.php(56): CodeIgniter\Boot::bootWeb(Object(Config\Paths))
CRITICAL - 2025-03-06 09:31:20 --> ErrorException: Undefined array key "studid"
[Method: GET, Route: Admin/Admission/filteryearwise/2025/01]
in APPPATH\Controllers\AdmissionMaster.php on line 990.
 1 APPPATH\Controllers\AdmissionMaster.php(990): CodeIgniter\Debug\Exceptions->errorHandler(2, 'Undefined array key "studid"', 'C:\\xampp\\htdocs\\Wolfox\\app\\Controllers\\AdmissionMaster.php', 990)
 2 SYSTEMPATH\CodeIgniter.php(933): App\Controllers\AdmissionMaster->filteryearwise('2025', '01')
 3 SYSTEMPATH\CodeIgniter.php(509): CodeIgniter\CodeIgniter->runController(Object(App\Controllers\AdmissionMaster))
 4 SYSTEMPATH\CodeIgniter.php(355): CodeIgniter\CodeIgniter->handleRequest(null, Object(Config\Cache), false)
 5 SYSTEMPATH\Boot.php(325): CodeIgniter\CodeIgniter->run()
 6 SYSTEMPATH\Boot.php(67): CodeIgniter\Boot::runCodeIgniter(Object(CodeIgniter\CodeIgniter))
 7 FCPATH\index.php(56): CodeIgniter\Boot::bootWeb(Object(Config\Paths))
INFO - 2025-03-06 09:31:35 --> Session: Class initialized using 'CodeIgniter\Session\Handlers\FileHandler' driver.
INFO - 2025-03-06 09:44:06 --> Session: Class initialized using 'CodeIgniter\Session\Handlers\FileHandler' driver.
INFO - 2025-03-06 09:44:31 --> Session: Class initialized using 'CodeIgniter\Session\Handlers\FileHandler' driver.
INFO - 2025-03-06 09:46:40 --> Session: Class initialized using 'CodeIgniter\Session\Handlers\FileHandler' driver.
INFO - 2025-03-06 09:48:14 --> Session: Class initialized using 'CodeIgniter\Session\Handlers\FileHandler' driver.
INFO - 2025-03-06 09:49:07 --> Session: Class initialized using 'CodeIgniter\Session\Handlers\FileHandler' driver.
INFO - 2025-03-06 09:49:30 --> Session: Class initialized using 'CodeIgniter\Session\Handlers\FileHandler' driver.
INFO - 2025-03-06 09:55:51 --> Session: Class initialized using 'CodeIgniter\Session\Handlers\FileHandler' driver.
INFO - 2025-03-06 09:55:57 --> Session: Class initialized using 'CodeIgniter\Session\Handlers\FileHandler' driver.
INFO - 2025-03-06 10:05:43 --> Session: Class initialized using 'CodeIgniter\Session\Handlers\FileHandler' driver.
CRITICAL - 2025-03-06 10:05:43 --> ErrorException: require_once(db_connection.php): Failed to open stream: No such file or directory
[Method: GET, Route: Admin/Admission/CompletedList]
in APPPATH\Views\Admin\Admission\compltedlist.php on line 913.
 1 APPPATH\Views\Admin\Admission\compltedlist.php(913): CodeIgniter\Debug\Exceptions->errorHandler(2, 'require_once(db_connection.php): Failed to open stream: No such file or directory', 'C:\\xampp\\htdocs\\Wolfox\\app\\Views\\Admin\\Admission\\compltedlist.php', 913)
 2 APPPATH\Views\Admin\Admission\compltedlist.php(913): require_once()
 3 SYSTEMPATH\View\View.php(234): include('C:\\xampp\\htdocs\\Wolfox\\app\\Views\\Admin\\Admission\\compltedlist.php')
 4 SYSTEMPATH\View\View.php(237): CodeIgniter\View\View->CodeIgniter\View\{closure}()
 5 SYSTEMPATH\Common.php(1171): CodeIgniter\View\View->render('/Admin/Admission/compltedlist', [], true)
 6 APPPATH\Controllers\AdmissionMaster.php(963): view('/Admin/Admission/compltedlist', [...])
 7 SYSTEMPATH\CodeIgniter.php(933): App\Controllers\AdmissionMaster->completedlist()
 8 SYSTEMPATH\CodeIgniter.php(509): CodeIgniter\CodeIgniter->runController(Object(App\Controllers\AdmissionMaster))
 9 SYSTEMPATH\CodeIgniter.php(355): CodeIgniter\CodeIgniter->handleRequest(null, Object(Config\Cache), false)
10 SYSTEMPATH\Boot.php(325): CodeIgniter\CodeIgniter->run()
11 SYSTEMPATH\Boot.php(67): CodeIgniter\Boot::runCodeIgniter(Object(CodeIgniter\CodeIgniter))
12 FCPATH\index.php(56): CodeIgniter\Boot::bootWeb(Object(Config\Paths))
INFO - 2025-03-06 10:06:39 --> Session: Class initialized using 'CodeIgniter\Session\Handlers\FileHandler' driver.
CRITICAL - 2025-03-06 10:06:39 --> ErrorException: Undefined variable $conn
[Method: GET, Route: Admin/Admission/CompletedList]
in APPPATH\Views\Admin\Admission\compltedlist.php on line 935.
 1 APPPATH\Views\Admin\Admission\compltedlist.php(935): CodeIgniter\Debug\Exceptions->errorHandler(2, 'Undefined variable $conn', 'C:\\xampp\\htdocs\\Wolfox\\app\\Views\\Admin\\Admission\\compltedlist.php', 935)
 2 SYSTEMPATH\View\View.php(234): include('C:\\xampp\\htdocs\\Wolfox\\app\\Views\\Admin\\Admission\\compltedlist.php')
 3 SYSTEMPATH\View\View.php(237): CodeIgniter\View\View->CodeIgniter\View\{closure}()
 4 SYSTEMPATH\Common.php(1171): CodeIgniter\View\View->render('/Admin/Admission/compltedlist', [], true)
 5 APPPATH\Controllers\AdmissionMaster.php(963): view('/Admin/Admission/compltedlist', [...])
 6 SYSTEMPATH\CodeIgniter.php(933): App\Controllers\AdmissionMaster->completedlist()
 7 SYSTEMPATH\CodeIgniter.php(509): CodeIgniter\CodeIgniter->runController(Object(App\Controllers\AdmissionMaster))
 8 SYSTEMPATH\CodeIgniter.php(355): CodeIgniter\CodeIgniter->handleRequest(null, Object(Config\Cache), false)
 9 SYSTEMPATH\Boot.php(325): CodeIgniter\CodeIgniter->run()
10 SYSTEMPATH\Boot.php(67): CodeIgniter\Boot::runCodeIgniter(Object(CodeIgniter\CodeIgniter))
11 FCPATH\index.php(56): CodeIgniter\Boot::bootWeb(Object(Config\Paths))
INFO - 2025-03-06 10:06:54 --> Session: Class initialized using 'CodeIgniter\Session\Handlers\FileHandler' driver.
INFO - 2025-03-06 10:13:51 --> Session: Class initialized using 'CodeIgniter\Session\Handlers\FileHandler' driver.
INFO - 2025-03-06 10:14:00 --> Session: Class initialized using 'CodeIgniter\Session\Handlers\FileHandler' driver.
INFO - 2025-03-06 10:14:03 --> Session: Class initialized using 'CodeIgniter\Session\Handlers\FileHandler' driver.
INFO - 2025-03-06 10:45:47 --> Session: Class initialized using 'CodeIgniter\Session\Handlers\FileHandler' driver.
INFO - 2025-03-06 10:45:53 --> Session: Class initialized using 'CodeIgniter\Session\Handlers\FileHandler' driver.
INFO - 2025-03-06 10:45:59 --> Session: Class initialized using 'CodeIgniter\Session\Handlers\FileHandler' driver.
INFO - 2025-03-06 10:46:38 --> Session: Class initialized using 'CodeIgniter\Session\Handlers\FileHandler' driver.
INFO - 2025-03-06 10:53:21 --> Session: Class initialized using 'CodeIgniter\Session\Handlers\FileHandler' driver.
INFO - 2025-03-06 10:53:36 --> Session: Class initialized using 'CodeIgniter\Session\Handlers\FileHandler' driver.
INFO - 2025-03-06 10:54:56 --> Session: Class initialized using 'CodeIgniter\Session\Handlers\FileHandler' driver.
CRITICAL - 2025-03-06 10:55:00 --> ErrorException: Undefined array key "whatsappno"
[Method: GET, Route: Admin/Admission/filteryearwise/2025]
in APPPATH\Controllers\AdmissionMaster.php on line 994.
 1 APPPATH\Controllers\AdmissionMaster.php(994): CodeIgniter\Debug\Exceptions->errorHandler(2, 'Undefined array key "whatsappno"', 'C:\\xampp\\htdocs\\Wolfox\\app\\Controllers\\AdmissionMaster.php', 994)
 2 SYSTEMPATH\CodeIgniter.php(933): App\Controllers\AdmissionMaster->filteryearwise('2025')
 3 SYSTEMPATH\CodeIgniter.php(509): CodeIgniter\CodeIgniter->runController(Object(App\Controllers\AdmissionMaster))
 4 SYSTEMPATH\CodeIgniter.php(355): CodeIgniter\CodeIgniter->handleRequest(null, Object(Config\Cache), false)
 5 SYSTEMPATH\Boot.php(325): CodeIgniter\CodeIgniter->run()
 6 SYSTEMPATH\Boot.php(67): CodeIgniter\Boot::runCodeIgniter(Object(CodeIgniter\CodeIgniter))
 7 FCPATH\index.php(56): CodeIgniter\Boot::bootWeb(Object(Config\Paths))
CRITICAL - 2025-03-06 10:55:03 --> ErrorException: Undefined array key "whatsappno"
[Method: GET, Route: Admin/Admission/filteryearwise/2025/01]
in APPPATH\Controllers\AdmissionMaster.php on line 994.
 1 APPPATH\Controllers\AdmissionMaster.php(994): CodeIgniter\Debug\Exceptions->errorHandler(2, 'Undefined array key "whatsappno"', 'C:\\xampp\\htdocs\\Wolfox\\app\\Controllers\\AdmissionMaster.php', 994)
 2 SYSTEMPATH\CodeIgniter.php(933): App\Controllers\AdmissionMaster->filteryearwise('2025', '01')
 3 SYSTEMPATH\CodeIgniter.php(509): CodeIgniter\CodeIgniter->runController(Object(App\Controllers\AdmissionMaster))
 4 SYSTEMPATH\CodeIgniter.php(355): CodeIgniter\CodeIgniter->handleRequest(null, Object(Config\Cache), false)
 5 SYSTEMPATH\Boot.php(325): CodeIgniter\CodeIgniter->run()
 6 SYSTEMPATH\Boot.php(67): CodeIgniter\Boot::runCodeIgniter(Object(CodeIgniter\CodeIgniter))
 7 FCPATH\index.php(56): CodeIgniter\Boot::bootWeb(Object(Config\Paths))
INFO - 2025-03-06 10:56:07 --> Session: Class initialized using 'CodeIgniter\Session\Handlers\FileHandler' driver.
CRITICAL - 2025-03-06 10:56:11 --> ErrorException: Undefined array key "whatsappno"
[Method: GET, Route: Admin/Admission/filteryearwise/2025]
in APPPATH\Controllers\AdmissionMaster.php on line 994.
 1 APPPATH\Controllers\AdmissionMaster.php(994): CodeIgniter\Debug\Exceptions->errorHandler(2, 'Undefined array key "whatsappno"', 'C:\\xampp\\htdocs\\Wolfox\\app\\Controllers\\AdmissionMaster.php', 994)
 2 SYSTEMPATH\CodeIgniter.php(933): App\Controllers\AdmissionMaster->filteryearwise('2025')
 3 SYSTEMPATH\CodeIgniter.php(509): CodeIgniter\CodeIgniter->runController(Object(App\Controllers\AdmissionMaster))
 4 SYSTEMPATH\CodeIgniter.php(355): CodeIgniter\CodeIgniter->handleRequest(null, Object(Config\Cache), false)
 5 SYSTEMPATH\Boot.php(325): CodeIgniter\CodeIgniter->run()
 6 SYSTEMPATH\Boot.php(67): CodeIgniter\Boot::runCodeIgniter(Object(CodeIgniter\CodeIgniter))
 7 FCPATH\index.php(56): CodeIgniter\Boot::bootWeb(Object(Config\Paths))
CRITICAL - 2025-03-06 10:56:14 --> ErrorException: Undefined array key "whatsappno"
[Method: GET, Route: Admin/Admission/filteryearwise/2025/01]
in APPPATH\Controllers\AdmissionMaster.php on line 994.
 1 APPPATH\Controllers\AdmissionMaster.php(994): CodeIgniter\Debug\Exceptions->errorHandler(2, 'Undefined array key "whatsappno"', 'C:\\xampp\\htdocs\\Wolfox\\app\\Controllers\\AdmissionMaster.php', 994)
 2 SYSTEMPATH\CodeIgniter.php(933): App\Controllers\AdmissionMaster->filteryearwise('2025', '01')
 3 SYSTEMPATH\CodeIgniter.php(509): CodeIgniter\CodeIgniter->runController(Object(App\Controllers\AdmissionMaster))
 4 SYSTEMPATH\CodeIgniter.php(355): CodeIgniter\CodeIgniter->handleRequest(null, Object(Config\Cache), false)
 5 SYSTEMPATH\Boot.php(325): CodeIgniter\CodeIgniter->run()
 6 SYSTEMPATH\Boot.php(67): CodeIgniter\Boot::runCodeIgniter(Object(CodeIgniter\CodeIgniter))
 7 FCPATH\index.php(56): CodeIgniter\Boot::bootWeb(Object(Config\Paths))
INFO - 2025-03-06 10:56:26 --> Session: Class initialized using 'CodeIgniter\Session\Handlers\FileHandler' driver.
INFO - 2025-03-06 10:56:49 --> Session: Class initialized using 'CodeIgniter\Session\Handlers\FileHandler' driver.
INFO - 2025-03-06 10:57:23 --> Session: Class initialized using 'CodeIgniter\Session\Handlers\FileHandler' driver.
INFO - 2025-03-06 10:58:49 --> Session: Class initialized using 'CodeIgniter\Session\Handlers\FileHandler' driver.
INFO - 2025-03-06 10:59:04 --> Session: Class initialized using 'CodeIgniter\Session\Handlers\FileHandler' driver.
INFO - 2025-03-06 10:59:59 --> Session: Class initialized using 'CodeIgniter\Session\Handlers\FileHandler' driver.
INFO - 2025-03-06 11:00:55 --> Session: Class initialized using 'CodeIgniter\Session\Handlers\FileHandler' driver.
INFO - 2025-03-06 11:01:29 --> Session: Class initialized using 'CodeIgniter\Session\Handlers\FileHandler' driver.
INFO - 2025-03-06 11:02:23 --> Session: Class initialized using 'CodeIgniter\Session\Handlers\FileHandler' driver.
INFO - 2025-03-06 11:03:10 --> Session: Class initialized using 'CodeIgniter\Session\Handlers\FileHandler' driver.
INFO - 2025-03-06 11:03:40 --> Session: Class initialized using 'CodeIgniter\Session\Handlers\FileHandler' driver.
INFO - 2025-03-06 11:04:28 --> Session: Class initialized using 'CodeIgniter\Session\Handlers\FileHandler' driver.
INFO - 2025-03-06 11:16:25 --> Session: Class initialized using 'CodeIgniter\Session\Handlers\FileHandler' driver.
INFO - 2025-03-06 11:21:07 --> Session: Class initialized using 'CodeIgniter\Session\Handlers\FileHandler' driver.
INFO - 2025-03-06 11:31:55 --> Session: Class initialized using 'CodeIgniter\Session\Handlers\FileHandler' driver.
CRITICAL - 2025-03-06 11:31:58 --> ErrorException: Undefined array key "studid"
[Method: GET, Route: Admin/Admission/filteryearwise/2025]
in APPPATH\Controllers\AdmissionMaster.php on line 994.
 1 APPPATH\Controllers\AdmissionMaster.php(994): CodeIgniter\Debug\Exceptions->errorHandler(2, 'Undefined array key "studid"', 'C:\\xampp\\htdocs\\Wolfox\\app\\Controllers\\AdmissionMaster.php', 994)
 2 SYSTEMPATH\CodeIgniter.php(933): App\Controllers\AdmissionMaster->filteryearwise('2025')
 3 SYSTEMPATH\CodeIgniter.php(509): CodeIgniter\CodeIgniter->runController(Object(App\Controllers\AdmissionMaster))
 4 SYSTEMPATH\CodeIgniter.php(355): CodeIgniter\CodeIgniter->handleRequest(null, Object(Config\Cache), false)
 5 SYSTEMPATH\Boot.php(325): CodeIgniter\CodeIgniter->run()
 6 SYSTEMPATH\Boot.php(67): CodeIgniter\Boot::runCodeIgniter(Object(CodeIgniter\CodeIgniter))
 7 FCPATH\index.php(56): CodeIgniter\Boot::bootWeb(Object(Config\Paths))
CRITICAL - 2025-03-06 11:32:06 --> ErrorException: Undefined array key "studid"
[Method: GET, Route: Admin/Admission/filteryearwise/2025/01]
in APPPATH\Controllers\AdmissionMaster.php on line 994.
 1 APPPATH\Controllers\AdmissionMaster.php(994): CodeIgniter\Debug\Exceptions->errorHandler(2, 'Undefined array key "studid"', 'C:\\xampp\\htdocs\\Wolfox\\app\\Controllers\\AdmissionMaster.php', 994)
 2 SYSTEMPATH\CodeIgniter.php(933): App\Controllers\AdmissionMaster->filteryearwise('2025', '01')
 3 SYSTEMPATH\CodeIgniter.php(509): CodeIgniter\CodeIgniter->runController(Object(App\Controllers\AdmissionMaster))
 4 SYSTEMPATH\CodeIgniter.php(355): CodeIgniter\CodeIgniter->handleRequest(null, Object(Config\Cache), false)
 5 SYSTEMPATH\Boot.php(325): CodeIgniter\CodeIgniter->run()
 6 SYSTEMPATH\Boot.php(67): CodeIgniter\Boot::runCodeIgniter(Object(CodeIgniter\CodeIgniter))
 7 FCPATH\index.php(56): CodeIgniter\Boot::bootWeb(Object(Config\Paths))
INFO - 2025-03-06 11:35:28 --> Session: Class initialized using 'CodeIgniter\Session\Handlers\FileHandler' driver.
INFO - 2025-03-06 11:35:57 --> Session: Class initialized using 'CodeIgniter\Session\Handlers\FileHandler' driver.
CRITICAL - 2025-03-06 11:36:01 --> ErrorException: Undefined array key "studid"
[Method: GET, Route: Admin/Admission/filteryearwise/2025]
in APPPATH\Controllers\AdmissionMaster.php on line 994.
 1 APPPATH\Controllers\AdmissionMaster.php(994): CodeIgniter\Debug\Exceptions->errorHandler(2, 'Undefined array key "studid"', 'C:\\xampp\\htdocs\\Wolfox\\app\\Controllers\\AdmissionMaster.php', 994)
 2 SYSTEMPATH\CodeIgniter.php(933): App\Controllers\AdmissionMaster->filteryearwise('2025')
 3 SYSTEMPATH\CodeIgniter.php(509): CodeIgniter\CodeIgniter->runController(Object(App\Controllers\AdmissionMaster))
 4 SYSTEMPATH\CodeIgniter.php(355): CodeIgniter\CodeIgniter->handleRequest(null, Object(Config\Cache), false)
 5 SYSTEMPATH\Boot.php(325): CodeIgniter\CodeIgniter->run()
 6 SYSTEMPATH\Boot.php(67): CodeIgniter\Boot::runCodeIgniter(Object(CodeIgniter\CodeIgniter))
 7 FCPATH\index.php(56): CodeIgniter\Boot::bootWeb(Object(Config\Paths))
INFO - 2025-03-06 11:36:39 --> Session: Class initialized using 'CodeIgniter\Session\Handlers\FileHandler' driver.
INFO - 2025-03-06 11:37:47 --> Session: Class initialized using 'CodeIgniter\Session\Handlers\FileHandler' driver.
INFO - 2025-03-06 11:38:39 --> Session: Class initialized using 'CodeIgniter\Session\Handlers\FileHandler' driver.
INFO - 2025-03-06 11:39:24 --> Session: Class initialized using 'CodeIgniter\Session\Handlers\FileHandler' driver.
INFO - 2025-03-06 11:40:34 --> Session: Class initialized using 'CodeIgniter\Session\Handlers\FileHandler' driver.
INFO - 2025-03-06 11:42:23 --> Session: Class initialized using 'CodeIgniter\Session\Handlers\FileHandler' driver.
INFO - 2025-03-06 11:43:30 --> Session: Class initialized using 'CodeIgniter\Session\Handlers\FileHandler' driver.
INFO - 2025-03-06 11:44:02 --> Session: Class initialized using 'CodeIgniter\Session\Handlers\FileHandler' driver.
INFO - 2025-03-06 11:44:26 --> Session: Class initialized using 'CodeIgniter\Session\Handlers\FileHandler' driver.
INFO - 2025-03-06 11:50:31 --> Session: Class initialized using 'CodeIgniter\Session\Handlers\FileHandler' driver.
INFO - 2025-03-06 11:52:28 --> Session: Class initialized using 'CodeIgniter\Session\Handlers\FileHandler' driver.
INFO - 2025-03-06 11:52:33 --> Session: Class initialized using 'CodeIgniter\Session\Handlers\FileHandler' driver.
INFO - 2025-03-06 11:52:50 --> Session: Class initialized using 'CodeIgniter\Session\Handlers\FileHandler' driver.
INFO - 2025-03-06 11:53:01 --> Session: Class initialized using 'CodeIgniter\Session\Handlers\FileHandler' driver.
INFO - 2025-03-06 11:54:22 --> Session: Class initialized using 'CodeIgniter\Session\Handlers\FileHandler' driver.
INFO - 2025-03-06 11:54:58 --> Session: Class initialized using 'CodeIgniter\Session\Handlers\FileHandler' driver.
INFO - 2025-03-06 11:55:21 --> Session: Class initialized using 'CodeIgniter\Session\Handlers\FileHandler' driver.
INFO - 2025-03-06 11:58:00 --> Session: Class initialized using 'CodeIgniter\Session\Handlers\FileHandler' driver.
INFO - 2025-03-06 11:58:40 --> Session: Class initialized using 'CodeIgniter\Session\Handlers\FileHandler' driver.
INFO - 2025-03-06 11:58:44 --> Session: Class initialized using 'CodeIgniter\Session\Handlers\FileHandler' driver.
INFO - 2025-03-06 11:58:49 --> Session: Class initialized using 'CodeIgniter\Session\Handlers\FileHandler' driver.
INFO - 2025-03-06 11:59:10 --> Session: Class initialized using 'CodeIgniter\Session\Handlers\FileHandler' driver.
INFO - 2025-03-06 12:05:35 --> Session: Class initialized using 'CodeIgniter\Session\Handlers\FileHandler' driver.
INFO - 2025-03-06 12:05:39 --> Session: Class initialized using 'CodeIgniter\Session\Handlers\FileHandler' driver.
INFO - 2025-03-06 12:05:42 --> Session: Class initialized using 'CodeIgniter\Session\Handlers\FileHandler' driver.
INFO - 2025-03-06 12:08:51 --> Session: Class initialized using 'CodeIgniter\Session\Handlers\FileHandler' driver.
CRITICAL - 2025-03-06 12:08:51 --> ParseError: Unmatched '}'
[Method: GET, Route: Admin/Admission/filteryearwise]
in APPPATH\Views\Admin\Admission\searchlist.php on line 263.
 1 SYSTEMPATH\View\View.php(237): CodeIgniter\View\View->CodeIgniter\View\{closure}()
 2 SYSTEMPATH\Common.php(1171): CodeIgniter\View\View->render('/Admin/Admission/searchlist', [], true)
 3 APPPATH\Controllers\AdmissionMaster.php(996): view('/Admin/Admission/searchlist', [...])
 4 SYSTEMPATH\CodeIgniter.php(933): App\Controllers\AdmissionMaster->filteryearwise()
 5 SYSTEMPATH\CodeIgniter.php(509): CodeIgniter\CodeIgniter->runController(Object(App\Controllers\AdmissionMaster))
 6 SYSTEMPATH\CodeIgniter.php(355): CodeIgniter\CodeIgniter->handleRequest(null, Object(Config\Cache), false)
 7 SYSTEMPATH\Boot.php(325): CodeIgniter\CodeIgniter->run()
 8 SYSTEMPATH\Boot.php(67): CodeIgniter\Boot::runCodeIgniter(Object(CodeIgniter\CodeIgniter))
 9 FCPATH\index.php(56): CodeIgniter\Boot::bootWeb(Object(Config\Paths))
INFO - 2025-03-06 12:09:22 --> Session: Class initialized using 'CodeIgniter\Session\Handlers\FileHandler' driver.
INFO - 2025-03-06 12:10:04 --> Session: Class initialized using 'CodeIgniter\Session\Handlers\FileHandler' driver.
INFO - 2025-03-06 12:10:09 --> Session: Class initialized using 'CodeIgniter\Session\Handlers\FileHandler' driver.
INFO - 2025-03-06 12:10:13 --> Session: Class initialized using 'CodeIgniter\Session\Handlers\FileHandler' driver.
INFO - 2025-03-06 12:10:34 --> Session: Class initialized using 'CodeIgniter\Session\Handlers\FileHandler' driver.
INFO - 2025-03-06 12:10:37 --> Session: Class initialized using 'CodeIgniter\Session\Handlers\FileHandler' driver.
INFO - 2025-03-06 12:10:40 --> Session: Class initialized using 'CodeIgniter\Session\Handlers\FileHandler' driver.
INFO - 2025-03-06 12:10:49 --> Session: Class initialized using 'CodeIgniter\Session\Handlers\FileHandler' driver.
INFO - 2025-03-06 12:10:50 --> Session: Class initialized using 'CodeIgniter\Session\Handlers\FileHandler' driver.
INFO - 2025-03-06 12:10:51 --> Session: Class initialized using 'CodeIgniter\Session\Handlers\FileHandler' driver.
INFO - 2025-03-06 12:10:56 --> Session: Class initialized using 'CodeIgniter\Session\Handlers\FileHandler' driver.
INFO - 2025-03-06 12:11:01 --> Session: Class initialized using 'CodeIgniter\Session\Handlers\FileHandler' driver.
INFO - 2025-03-06 12:11:06 --> Session: Class initialized using 'CodeIgniter\Session\Handlers\FileHandler' driver.
INFO - 2025-03-06 12:11:09 --> Session: Class initialized using 'CodeIgniter\Session\Handlers\FileHandler' driver.
INFO - 2025-03-06 12:11:19 --> Session: Class initialized using 'CodeIgniter\Session\Handlers\FileHandler' driver.
INFO - 2025-03-06 12:11:22 --> Session: Class initialized using 'CodeIgniter\Session\Handlers\FileHandler' driver.
INFO - 2025-03-06 12:11:27 --> Session: Class initialized using 'CodeIgniter\Session\Handlers\FileHandler' driver.
INFO - 2025-03-06 12:11:29 --> Session: Class initialized using 'CodeIgniter\Session\Handlers\FileHandler' driver.
INFO - 2025-03-06 12:11:36 --> Session: Class initialized using 'CodeIgniter\Session\Handlers\FileHandler' driver.
INFO - 2025-03-06 12:11:58 --> Session: Class initialized using 'CodeIgniter\Session\Handlers\FileHandler' driver.
INFO - 2025-03-06 12:12:02 --> Session: Class initialized using 'CodeIgniter\Session\Handlers\FileHandler' driver.
INFO - 2025-03-06 12:12:05 --> Session: Class initialized using 'CodeIgniter\Session\Handlers\FileHandler' driver.
INFO - 2025-03-06 12:12:08 --> Session: Class initialized using 'CodeIgniter\Session\Handlers\FileHandler' driver.
INFO - 2025-03-06 12:12:16 --> Session: Class initialized using 'CodeIgniter\Session\Handlers\FileHandler' driver.
INFO - 2025-03-06 12:12:20 --> Session: Class initialized using 'CodeIgniter\Session\Handlers\FileHandler' driver.
INFO - 2025-03-06 12:12:27 --> Session: Class initialized using 'CodeIgniter\Session\Handlers\FileHandler' driver.
INFO - 2025-03-06 12:12:32 --> Session: Class initialized using 'CodeIgniter\Session\Handlers\FileHandler' driver.
INFO - 2025-03-06 12:12:36 --> Session: Class initialized using 'CodeIgniter\Session\Handlers\FileHandler' driver.
INFO - 2025-03-06 12:12:44 --> Session: Class initialized using 'CodeIgniter\Session\Handlers\FileHandler' driver.
INFO - 2025-03-06 12:13:22 --> Session: Class initialized using 'CodeIgniter\Session\Handlers\FileHandler' driver.
INFO - 2025-03-06 12:13:25 --> Session: Class initialized using 'CodeIgniter\Session\Handlers\FileHandler' driver.
INFO - 2025-03-06 12:13:28 --> Session: Class initialized using 'CodeIgniter\Session\Handlers\FileHandler' driver.
INFO - 2025-03-06 12:13:32 --> Session: Class initialized using 'CodeIgniter\Session\Handlers\FileHandler' driver.
INFO - 2025-03-06 12:14:04 --> Session: Class initialized using 'CodeIgniter\Session\Handlers\FileHandler' driver.
INFO - 2025-03-06 12:14:07 --> Session: Class initialized using 'CodeIgniter\Session\Handlers\FileHandler' driver.
INFO - 2025-03-06 12:14:09 --> Session: Class initialized using 'CodeIgniter\Session\Handlers\FileHandler' driver.
INFO - 2025-03-06 12:14:10 --> Session: Class initialized using 'CodeIgniter\Session\Handlers\FileHandler' driver.
INFO - 2025-03-06 12:14:13 --> Session: Class initialized using 'CodeIgniter\Session\Handlers\FileHandler' driver.
INFO - 2025-03-06 12:14:17 --> Session: Class initialized using 'CodeIgniter\Session\Handlers\FileHandler' driver.
INFO - 2025-03-06 12:14:22 --> Session: Class initialized using 'CodeIgniter\Session\Handlers\FileHandler' driver.
INFO - 2025-03-06 12:14:25 --> Session: Class initialized using 'CodeIgniter\Session\Handlers\FileHandler' driver.
INFO - 2025-03-06 12:16:57 --> Session: Class initialized using 'CodeIgniter\Session\Handlers\FileHandler' driver.
INFO - 2025-03-06 12:17:09 --> Session: Class initialized using 'CodeIgniter\Session\Handlers\FileHandler' driver.
INFO - 2025-03-06 12:17:12 --> Session: Class initialized using 'CodeIgniter\Session\Handlers\FileHandler' driver.
INFO - 2025-03-06 12:17:15 --> Session: Class initialized using 'CodeIgniter\Session\Handlers\FileHandler' driver.
INFO - 2025-03-06 12:17:29 --> Session: Class initialized using 'CodeIgniter\Session\Handlers\FileHandler' driver.
INFO - 2025-03-06 15:26:43 --> Session: Class initialized using 'CodeIgniter\Session\Handlers\FileHandler' driver.
CRITICAL - 2025-03-06 15:26:44 --> ErrorException: Trying to access array offset on value of type null
[Method: GET, Route: Student/photo]
in APPPATH\Controllers\StudentPhotoMaster.php on line 22.
 1 APPPATH\Controllers\StudentPhotoMaster.php(22): CodeIgniter\Debug\Exceptions->errorHandler(2, 'Trying to access array offset on value of type null', 'C:\\xampp\\htdocs\\Wolfox\\app\\Controllers\\StudentPhotoMaster.php', 22)
 2 SYSTEMPATH\CodeIgniter.php(933): App\Controllers\StudentPhotoMaster->index()
 3 SYSTEMPATH\CodeIgniter.php(509): CodeIgniter\CodeIgniter->runController(Object(App\Controllers\StudentPhotoMaster))
 4 SYSTEMPATH\CodeIgniter.php(355): CodeIgniter\CodeIgniter->handleRequest(null, Object(Config\Cache), false)
 5 SYSTEMPATH\Boot.php(325): CodeIgniter\CodeIgniter->run()
 6 SYSTEMPATH\Boot.php(67): CodeIgniter\Boot::runCodeIgniter(Object(CodeIgniter\CodeIgniter))
 7 FCPATH\index.php(56): CodeIgniter\Boot::bootWeb(Object(Config\Paths))
INFO - 2025-03-06 15:26:48 --> Session: Class initialized using 'CodeIgniter\Session\Handlers\FileHandler' driver.
CRITICAL - 2025-03-06 15:26:48 --> ErrorException: Trying to access array offset on value of type null
[Method: GET, Route: Student/photo]
in APPPATH\Controllers\StudentPhotoMaster.php on line 22.
 1 APPPATH\Controllers\StudentPhotoMaster.php(22): CodeIgniter\Debug\Exceptions->errorHandler(2, 'Trying to access array offset on value of type null', 'C:\\xampp\\htdocs\\Wolfox\\app\\Controllers\\StudentPhotoMaster.php', 22)
 2 SYSTEMPATH\CodeIgniter.php(933): App\Controllers\StudentPhotoMaster->index()
 3 SYSTEMPATH\CodeIgniter.php(509): CodeIgniter\CodeIgniter->runController(Object(App\Controllers\StudentPhotoMaster))
 4 SYSTEMPATH\CodeIgniter.php(355): CodeIgniter\CodeIgniter->handleRequest(null, Object(Config\Cache), false)
 5 SYSTEMPATH\Boot.php(325): CodeIgniter\CodeIgniter->run()
 6 SYSTEMPATH\Boot.php(67): CodeIgniter\Boot::runCodeIgniter(Object(CodeIgniter\CodeIgniter))
 7 FCPATH\index.php(56): CodeIgniter\Boot::bootWeb(Object(Config\Paths))
INFO - 2025-03-06 15:26:55 --> Session: Class initialized using 'CodeIgniter\Session\Handlers\FileHandler' driver.
INFO - 2025-03-06 15:27:49 --> Session: Class initialized using 'CodeIgniter\Session\Handlers\FileHandler' driver.
INFO - 2025-03-06 15:27:49 --> Session: Class initialized using 'CodeIgniter\Session\Handlers\FileHandler' driver.
INFO - 2025-03-06 15:27:57 --> Session: Class initialized using 'CodeIgniter\Session\Handlers\FileHandler' driver.
INFO - 2025-03-06 15:27:59 --> Session: Class initialized using 'CodeIgniter\Session\Handlers\FileHandler' driver.
INFO - 2025-03-06 15:28:03 --> Session: Class initialized using 'CodeIgniter\Session\Handlers\FileHandler' driver.
INFO - 2025-03-06 15:28:12 --> Session: Class initialized using 'CodeIgniter\Session\Handlers\FileHandler' driver.
INFO - 2025-03-06 15:28:12 --> Session: Class initialized using 'CodeIgniter\Session\Handlers\FileHandler' driver.
INFO - 2025-03-06 15:28:44 --> Session: Class initialized using 'CodeIgniter\Session\Handlers\FileHandler' driver.
INFO - 2025-03-06 15:28:44 --> Session: Class initialized using 'CodeIgniter\Session\Handlers\FileHandler' driver.
INFO - 2025-03-06 15:28:54 --> Session: Class initialized using 'CodeIgniter\Session\Handlers\FileHandler' driver.
INFO - 2025-03-06 15:29:23 --> Session: Class initialized using 'CodeIgniter\Session\Handlers\FileHandler' driver.
INFO - 2025-03-06 15:31:51 --> Session: Class initialized using 'CodeIgniter\Session\Handlers\FileHandler' driver.
INFO - 2025-03-06 15:36:44 --> Session: Class initialized using 'CodeIgniter\Session\Handlers\FileHandler' driver.
INFO - 2025-03-06 15:37:24 --> Session: Class initialized using 'CodeIgniter\Session\Handlers\FileHandler' driver.
INFO - 2025-03-06 15:37:52 --> Session: Class initialized using 'CodeIgniter\Session\Handlers\FileHandler' driver.
INFO - 2025-03-06 15:37:53 --> Session: Class initialized using 'CodeIgniter\Session\Handlers\FileHandler' driver.
INFO - 2025-03-06 15:38:21 --> Session: Class initialized using 'CodeIgniter\Session\Handlers\FileHandler' driver.
WARNING - 2025-03-06 15:38:21 --> [DEPRECATED] strtotime(): Passing null to parameter #1 ($datetime) of type string is deprecated in APPPATH\Views\Admin\PhotoUpload\list.php on line 69.
 1 APPPATH\Views\Admin\PhotoUpload\list.php(69): strtotime(null)
 2 SYSTEMPATH\View\View.php(234): include('C:\\xampp\\htdocs\\Wolfox\\app\\Views\\Admin\\PhotoUpload\\list.php')
 3 SYSTEMPATH\View\View.php(237): CodeIgniter\View\View->CodeIgniter\View\{closure}()
 4 SYSTEMPATH\Common.php(1171): CodeIgniter\View\View->render('/Admin/photoupload/list', [], true)
 5 APPPATH\Controllers\PhotoUpload.php(102): view('/Admin/photoupload/list', [...])
 6 SYSTEMPATH\CodeIgniter.php(933): App\Controllers\Photoupload->list()
 7 SYSTEMPATH\CodeIgniter.php(509): CodeIgniter\CodeIgniter->runController(Object(App\Controllers\Photoupload))
 8 SYSTEMPATH\CodeIgniter.php(355): CodeIgniter\CodeIgniter->handleRequest(null, Object(Config\Cache), false)
 9 SYSTEMPATH\Boot.php(325): CodeIgniter\CodeIgniter->run()
10 SYSTEMPATH\Boot.php(67): CodeIgniter\Boot::runCodeIgniter(Object(CodeIgniter\CodeIgniter))
11 FCPATH\index.php(56): CodeIgniter\Boot::bootWeb(Object(Config\Paths))
WARNING - 2025-03-06 15:38:21 --> [DEPRECATED] strtotime(): Passing null to parameter #1 ($datetime) of type string is deprecated in APPPATH\Views\Admin\PhotoUpload\list.php on line 69.
 1 APPPATH\Views\Admin\PhotoUpload\list.php(69): strtotime(null)
 2 SYSTEMPATH\View\View.php(234): include('C:\\xampp\\htdocs\\Wolfox\\app\\Views\\Admin\\PhotoUpload\\list.php')
 3 SYSTEMPATH\View\View.php(237): CodeIgniter\View\View->CodeIgniter\View\{closure}()
 4 SYSTEMPATH\Common.php(1171): CodeIgniter\View\View->render('/Admin/photoupload/list', [], true)
 5 APPPATH\Controllers\PhotoUpload.php(102): view('/Admin/photoupload/list', [...])
 6 SYSTEMPATH\CodeIgniter.php(933): App\Controllers\Photoupload->list()
 7 SYSTEMPATH\CodeIgniter.php(509): CodeIgniter\CodeIgniter->runController(Object(App\Controllers\Photoupload))
 8 SYSTEMPATH\CodeIgniter.php(355): CodeIgniter\CodeIgniter->handleRequest(null, Object(Config\Cache), false)
 9 SYSTEMPATH\Boot.php(325): CodeIgniter\CodeIgniter->run()
10 SYSTEMPATH\Boot.php(67): CodeIgniter\Boot::runCodeIgniter(Object(CodeIgniter\CodeIgniter))
11 FCPATH\index.php(56): CodeIgniter\Boot::bootWeb(Object(Config\Paths))
WARNING - 2025-03-06 15:38:21 --> [DEPRECATED] strtotime(): Passing null to parameter #1 ($datetime) of type string is deprecated in APPPATH\Views\Admin\PhotoUpload\list.php on line 69.
 1 APPPATH\Views\Admin\PhotoUpload\list.php(69): strtotime(null)
 2 SYSTEMPATH\View\View.php(234): include('C:\\xampp\\htdocs\\Wolfox\\app\\Views\\Admin\\PhotoUpload\\list.php')
 3 SYSTEMPATH\View\View.php(237): CodeIgniter\View\View->CodeIgniter\View\{closure}()
 4 SYSTEMPATH\Common.php(1171): CodeIgniter\View\View->render('/Admin/photoupload/list', [], true)
 5 APPPATH\Controllers\PhotoUpload.php(102): view('/Admin/photoupload/list', [...])
 6 SYSTEMPATH\CodeIgniter.php(933): App\Controllers\Photoupload->list()
 7 SYSTEMPATH\CodeIgniter.php(509): CodeIgniter\CodeIgniter->runController(Object(App\Controllers\Photoupload))
 8 SYSTEMPATH\CodeIgniter.php(355): CodeIgniter\CodeIgniter->handleRequest(null, Object(Config\Cache), false)
 9 SYSTEMPATH\Boot.php(325): CodeIgniter\CodeIgniter->run()
10 SYSTEMPATH\Boot.php(67): CodeIgniter\Boot::runCodeIgniter(Object(CodeIgniter\CodeIgniter))
11 FCPATH\index.php(56): CodeIgniter\Boot::bootWeb(Object(Config\Paths))
WARNING - 2025-03-06 15:38:21 --> [DEPRECATED] strtotime(): Passing null to parameter #1 ($datetime) of type string is deprecated in APPPATH\Views\Admin\PhotoUpload\list.php on line 69.
 1 APPPATH\Views\Admin\PhotoUpload\list.php(69): strtotime(null)
 2 SYSTEMPATH\View\View.php(234): include('C:\\xampp\\htdocs\\Wolfox\\app\\Views\\Admin\\PhotoUpload\\list.php')
 3 SYSTEMPATH\View\View.php(237): CodeIgniter\View\View->CodeIgniter\View\{closure}()
 4 SYSTEMPATH\Common.php(1171): CodeIgniter\View\View->render('/Admin/photoupload/list', [], true)
 5 APPPATH\Controllers\PhotoUpload.php(102): view('/Admin/photoupload/list', [...])
 6 SYSTEMPATH\CodeIgniter.php(933): App\Controllers\Photoupload->list()
 7 SYSTEMPATH\CodeIgniter.php(509): CodeIgniter\CodeIgniter->runController(Object(App\Controllers\Photoupload))
 8 SYSTEMPATH\CodeIgniter.php(355): CodeIgniter\CodeIgniter->handleRequest(null, Object(Config\Cache), false)
 9 SYSTEMPATH\Boot.php(325): CodeIgniter\CodeIgniter->run()
10 SYSTEMPATH\Boot.php(67): CodeIgniter\Boot::runCodeIgniter(Object(CodeIgniter\CodeIgniter))
11 FCPATH\index.php(56): CodeIgniter\Boot::bootWeb(Object(Config\Paths))
WARNING - 2025-03-06 15:38:21 --> [DEPRECATED] strtotime(): Passing null to parameter #1 ($datetime) of type string is deprecated in APPPATH\Views\Admin\PhotoUpload\list.php on line 69.
 1 APPPATH\Views\Admin\PhotoUpload\list.php(69): strtotime(null)
 2 SYSTEMPATH\View\View.php(234): include('C:\\xampp\\htdocs\\Wolfox\\app\\Views\\Admin\\PhotoUpload\\list.php')
 3 SYSTEMPATH\View\View.php(237): CodeIgniter\View\View->CodeIgniter\View\{closure}()
 4 SYSTEMPATH\Common.php(1171): CodeIgniter\View\View->render('/Admin/photoupload/list', [], true)
 5 APPPATH\Controllers\PhotoUpload.php(102): view('/Admin/photoupload/list', [...])
 6 SYSTEMPATH\CodeIgniter.php(933): App\Controllers\Photoupload->list()
 7 SYSTEMPATH\CodeIgniter.php(509): CodeIgniter\CodeIgniter->runController(Object(App\Controllers\Photoupload))
 8 SYSTEMPATH\CodeIgniter.php(355): CodeIgniter\CodeIgniter->handleRequest(null, Object(Config\Cache), false)
 9 SYSTEMPATH\Boot.php(325): CodeIgniter\CodeIgniter->run()
10 SYSTEMPATH\Boot.php(67): CodeIgniter\Boot::runCodeIgniter(Object(CodeIgniter\CodeIgniter))
11 FCPATH\index.php(56): CodeIgniter\Boot::bootWeb(Object(Config\Paths))
WARNING - 2025-03-06 15:38:21 --> [DEPRECATED] strtotime(): Passing null to parameter #1 ($datetime) of type string is deprecated in APPPATH\Views\Admin\PhotoUpload\list.php on line 69.
 1 APPPATH\Views\Admin\PhotoUpload\list.php(69): strtotime(null)
 2 SYSTEMPATH\View\View.php(234): include('C:\\xampp\\htdocs\\Wolfox\\app\\Views\\Admin\\PhotoUpload\\list.php')
 3 SYSTEMPATH\View\View.php(237): CodeIgniter\View\View->CodeIgniter\View\{closure}()
 4 SYSTEMPATH\Common.php(1171): CodeIgniter\View\View->render('/Admin/photoupload/list', [], true)
 5 APPPATH\Controllers\PhotoUpload.php(102): view('/Admin/photoupload/list', [...])
 6 SYSTEMPATH\CodeIgniter.php(933): App\Controllers\Photoupload->list()
 7 SYSTEMPATH\CodeIgniter.php(509): CodeIgniter\CodeIgniter->runController(Object(App\Controllers\Photoupload))
 8 SYSTEMPATH\CodeIgniter.php(355): CodeIgniter\CodeIgniter->handleRequest(null, Object(Config\Cache), false)
 9 SYSTEMPATH\Boot.php(325): CodeIgniter\CodeIgniter->run()
10 SYSTEMPATH\Boot.php(67): CodeIgniter\Boot::runCodeIgniter(Object(CodeIgniter\CodeIgniter))
11 FCPATH\index.php(56): CodeIgniter\Boot::bootWeb(Object(Config\Paths))
WARNING - 2025-03-06 15:38:21 --> [DEPRECATED] strtotime(): Passing null to parameter #1 ($datetime) of type string is deprecated in APPPATH\Views\Admin\PhotoUpload\list.php on line 69.
 1 APPPATH\Views\Admin\PhotoUpload\list.php(69): strtotime(null)
 2 SYSTEMPATH\View\View.php(234): include('C:\\xampp\\htdocs\\Wolfox\\app\\Views\\Admin\\PhotoUpload\\list.php')
 3 SYSTEMPATH\View\View.php(237): CodeIgniter\View\View->CodeIgniter\View\{closure}()
 4 SYSTEMPATH\Common.php(1171): CodeIgniter\View\View->render('/Admin/photoupload/list', [], true)
 5 APPPATH\Controllers\PhotoUpload.php(102): view('/Admin/photoupload/list', [...])
 6 SYSTEMPATH\CodeIgniter.php(933): App\Controllers\Photoupload->list()
 7 SYSTEMPATH\CodeIgniter.php(509): CodeIgniter\CodeIgniter->runController(Object(App\Controllers\Photoupload))
 8 SYSTEMPATH\CodeIgniter.php(355): CodeIgniter\CodeIgniter->handleRequest(null, Object(Config\Cache), false)
 9 SYSTEMPATH\Boot.php(325): CodeIgniter\CodeIgniter->run()
10 SYSTEMPATH\Boot.php(67): CodeIgniter\Boot::runCodeIgniter(Object(CodeIgniter\CodeIgniter))
11 FCPATH\index.php(56): CodeIgniter\Boot::bootWeb(Object(Config\Paths))
WARNING - 2025-03-06 15:38:21 --> [DEPRECATED] strtotime(): Passing null to parameter #1 ($datetime) of type string is deprecated in APPPATH\Views\Admin\PhotoUpload\list.php on line 69.
 1 APPPATH\Views\Admin\PhotoUpload\list.php(69): strtotime(null)
 2 SYSTEMPATH\View\View.php(234): include('C:\\xampp\\htdocs\\Wolfox\\app\\Views\\Admin\\PhotoUpload\\list.php')
 3 SYSTEMPATH\View\View.php(237): CodeIgniter\View\View->CodeIgniter\View\{closure}()
 4 SYSTEMPATH\Common.php(1171): CodeIgniter\View\View->render('/Admin/photoupload/list', [], true)
 5 APPPATH\Controllers\PhotoUpload.php(102): view('/Admin/photoupload/list', [...])
 6 SYSTEMPATH\CodeIgniter.php(933): App\Controllers\Photoupload->list()
 7 SYSTEMPATH\CodeIgniter.php(509): CodeIgniter\CodeIgniter->runController(Object(App\Controllers\Photoupload))
 8 SYSTEMPATH\CodeIgniter.php(355): CodeIgniter\CodeIgniter->handleRequest(null, Object(Config\Cache), false)
 9 SYSTEMPATH\Boot.php(325): CodeIgniter\CodeIgniter->run()
10 SYSTEMPATH\Boot.php(67): CodeIgniter\Boot::runCodeIgniter(Object(CodeIgniter\CodeIgniter))
11 FCPATH\index.php(56): CodeIgniter\Boot::bootWeb(Object(Config\Paths))
INFO - 2025-03-06 15:38:31 --> Session: Class initialized using 'CodeIgniter\Session\Handlers\FileHandler' driver.
WARNING - 2025-03-06 15:38:31 --> [DEPRECATED] strtotime(): Passing null to parameter #1 ($datetime) of type string is deprecated in APPPATH\Views\Admin\PhotoUpload\photolist.php on line 81.
 1 APPPATH\Views\Admin\PhotoUpload\photolist.php(81): strtotime(null)
 2 SYSTEMPATH\View\View.php(234): include('C:\\xampp\\htdocs\\Wolfox\\app\\Views\\Admin\\PhotoUpload\\photolist.php')
 3 SYSTEMPATH\View\View.php(237): CodeIgniter\View\View->CodeIgniter\View\{closure}()
 4 SYSTEMPATH\Common.php(1171): CodeIgniter\View\View->render('/Admin/photoupload/photolist', [], true)
 5 APPPATH\Controllers\PhotoUpload.php(119): view('/Admin/photoupload/photolist', [...])
 6 SYSTEMPATH\CodeIgniter.php(933): App\Controllers\Photoupload->photolist()
 7 SYSTEMPATH\CodeIgniter.php(509): CodeIgniter\CodeIgniter->runController(Object(App\Controllers\Photoupload))
 8 SYSTEMPATH\CodeIgniter.php(355): CodeIgniter\CodeIgniter->handleRequest(null, Object(Config\Cache), false)
 9 SYSTEMPATH\Boot.php(325): CodeIgniter\CodeIgniter->run()
10 SYSTEMPATH\Boot.php(67): CodeIgniter\Boot::runCodeIgniter(Object(CodeIgniter\CodeIgniter))
11 FCPATH\index.php(56): CodeIgniter\Boot::bootWeb(Object(Config\Paths))
WARNING - 2025-03-06 15:38:31 --> [DEPRECATED] strtotime(): Passing null to parameter #1 ($datetime) of type string is deprecated in APPPATH\Views\Admin\PhotoUpload\photolist.php on line 81.
 1 APPPATH\Views\Admin\PhotoUpload\photolist.php(81): strtotime(null)
 2 SYSTEMPATH\View\View.php(234): include('C:\\xampp\\htdocs\\Wolfox\\app\\Views\\Admin\\PhotoUpload\\photolist.php')
 3 SYSTEMPATH\View\View.php(237): CodeIgniter\View\View->CodeIgniter\View\{closure}()
 4 SYSTEMPATH\Common.php(1171): CodeIgniter\View\View->render('/Admin/photoupload/photolist', [], true)
 5 APPPATH\Controllers\PhotoUpload.php(119): view('/Admin/photoupload/photolist', [...])
 6 SYSTEMPATH\CodeIgniter.php(933): App\Controllers\Photoupload->photolist()
 7 SYSTEMPATH\CodeIgniter.php(509): CodeIgniter\CodeIgniter->runController(Object(App\Controllers\Photoupload))
 8 SYSTEMPATH\CodeIgniter.php(355): CodeIgniter\CodeIgniter->handleRequest(null, Object(Config\Cache), false)
 9 SYSTEMPATH\Boot.php(325): CodeIgniter\CodeIgniter->run()
10 SYSTEMPATH\Boot.php(67): CodeIgniter\Boot::runCodeIgniter(Object(CodeIgniter\CodeIgniter))
11 FCPATH\index.php(56): CodeIgniter\Boot::bootWeb(Object(Config\Paths))
WARNING - 2025-03-06 15:38:31 --> [DEPRECATED] strtotime(): Passing null to parameter #1 ($datetime) of type string is deprecated in APPPATH\Views\Admin\PhotoUpload\photolist.php on line 81.
 1 APPPATH\Views\Admin\PhotoUpload\photolist.php(81): strtotime(null)
 2 SYSTEMPATH\View\View.php(234): include('C:\\xampp\\htdocs\\Wolfox\\app\\Views\\Admin\\PhotoUpload\\photolist.php')
 3 SYSTEMPATH\View\View.php(237): CodeIgniter\View\View->CodeIgniter\View\{closure}()
 4 SYSTEMPATH\Common.php(1171): CodeIgniter\View\View->render('/Admin/photoupload/photolist', [], true)
 5 APPPATH\Controllers\PhotoUpload.php(119): view('/Admin/photoupload/photolist', [...])
 6 SYSTEMPATH\CodeIgniter.php(933): App\Controllers\Photoupload->photolist()
 7 SYSTEMPATH\CodeIgniter.php(509): CodeIgniter\CodeIgniter->runController(Object(App\Controllers\Photoupload))
 8 SYSTEMPATH\CodeIgniter.php(355): CodeIgniter\CodeIgniter->handleRequest(null, Object(Config\Cache), false)
 9 SYSTEMPATH\Boot.php(325): CodeIgniter\CodeIgniter->run()
10 SYSTEMPATH\Boot.php(67): CodeIgniter\Boot::runCodeIgniter(Object(CodeIgniter\CodeIgniter))
11 FCPATH\index.php(56): CodeIgniter\Boot::bootWeb(Object(Config\Paths))
WARNING - 2025-03-06 15:38:31 --> [DEPRECATED] strtotime(): Passing null to parameter #1 ($datetime) of type string is deprecated in APPPATH\Views\Admin\PhotoUpload\photolist.php on line 81.
 1 APPPATH\Views\Admin\PhotoUpload\photolist.php(81): strtotime(null)
 2 SYSTEMPATH\View\View.php(234): include('C:\\xampp\\htdocs\\Wolfox\\app\\Views\\Admin\\PhotoUpload\\photolist.php')
 3 SYSTEMPATH\View\View.php(237): CodeIgniter\View\View->CodeIgniter\View\{closure}()
 4 SYSTEMPATH\Common.php(1171): CodeIgniter\View\View->render('/Admin/photoupload/photolist', [], true)
 5 APPPATH\Controllers\PhotoUpload.php(119): view('/Admin/photoupload/photolist', [...])
 6 SYSTEMPATH\CodeIgniter.php(933): App\Controllers\Photoupload->photolist()
 7 SYSTEMPATH\CodeIgniter.php(509): CodeIgniter\CodeIgniter->runController(Object(App\Controllers\Photoupload))
 8 SYSTEMPATH\CodeIgniter.php(355): CodeIgniter\CodeIgniter->handleRequest(null, Object(Config\Cache), false)
 9 SYSTEMPATH\Boot.php(325): CodeIgniter\CodeIgniter->run()
10 SYSTEMPATH\Boot.php(67): CodeIgniter\Boot::runCodeIgniter(Object(CodeIgniter\CodeIgniter))
11 FCPATH\index.php(56): CodeIgniter\Boot::bootWeb(Object(Config\Paths))
WARNING - 2025-03-06 15:38:31 --> [DEPRECATED] strtotime(): Passing null to parameter #1 ($datetime) of type string is deprecated in APPPATH\Views\Admin\PhotoUpload\photolist.php on line 81.
 1 APPPATH\Views\Admin\PhotoUpload\photolist.php(81): strtotime(null)
 2 SYSTEMPATH\View\View.php(234): include('C:\\xampp\\htdocs\\Wolfox\\app\\Views\\Admin\\PhotoUpload\\photolist.php')
 3 SYSTEMPATH\View\View.php(237): CodeIgniter\View\View->CodeIgniter\View\{closure}()
 4 SYSTEMPATH\Common.php(1171): CodeIgniter\View\View->render('/Admin/photoupload/photolist', [], true)
 5 APPPATH\Controllers\PhotoUpload.php(119): view('/Admin/photoupload/photolist', [...])
 6 SYSTEMPATH\CodeIgniter.php(933): App\Controllers\Photoupload->photolist()
 7 SYSTEMPATH\CodeIgniter.php(509): CodeIgniter\CodeIgniter->runController(Object(App\Controllers\Photoupload))
 8 SYSTEMPATH\CodeIgniter.php(355): CodeIgniter\CodeIgniter->handleRequest(null, Object(Config\Cache), false)
 9 SYSTEMPATH\Boot.php(325): CodeIgniter\CodeIgniter->run()
10 SYSTEMPATH\Boot.php(67): CodeIgniter\Boot::runCodeIgniter(Object(CodeIgniter\CodeIgniter))
11 FCPATH\index.php(56): CodeIgniter\Boot::bootWeb(Object(Config\Paths))
WARNING - 2025-03-06 15:38:31 --> [DEPRECATED] strtotime(): Passing null to parameter #1 ($datetime) of type string is deprecated in APPPATH\Views\Admin\PhotoUpload\photolist.php on line 81.
 1 APPPATH\Views\Admin\PhotoUpload\photolist.php(81): strtotime(null)
 2 SYSTEMPATH\View\View.php(234): include('C:\\xampp\\htdocs\\Wolfox\\app\\Views\\Admin\\PhotoUpload\\photolist.php')
 3 SYSTEMPATH\View\View.php(237): CodeIgniter\View\View->CodeIgniter\View\{closure}()
 4 SYSTEMPATH\Common.php(1171): CodeIgniter\View\View->render('/Admin/photoupload/photolist', [], true)
 5 APPPATH\Controllers\PhotoUpload.php(119): view('/Admin/photoupload/photolist', [...])
 6 SYSTEMPATH\CodeIgniter.php(933): App\Controllers\Photoupload->photolist()
 7 SYSTEMPATH\CodeIgniter.php(509): CodeIgniter\CodeIgniter->runController(Object(App\Controllers\Photoupload))
 8 SYSTEMPATH\CodeIgniter.php(355): CodeIgniter\CodeIgniter->handleRequest(null, Object(Config\Cache), false)
 9 SYSTEMPATH\Boot.php(325): CodeIgniter\CodeIgniter->run()
10 SYSTEMPATH\Boot.php(67): CodeIgniter\Boot::runCodeIgniter(Object(CodeIgniter\CodeIgniter))
11 FCPATH\index.php(56): CodeIgniter\Boot::bootWeb(Object(Config\Paths))
WARNING - 2025-03-06 15:38:31 --> [DEPRECATED] strtotime(): Passing null to parameter #1 ($datetime) of type string is deprecated in APPPATH\Views\Admin\PhotoUpload\photolist.php on line 81.
 1 APPPATH\Views\Admin\PhotoUpload\photolist.php(81): strtotime(null)
 2 SYSTEMPATH\View\View.php(234): include('C:\\xampp\\htdocs\\Wolfox\\app\\Views\\Admin\\PhotoUpload\\photolist.php')
 3 SYSTEMPATH\View\View.php(237): CodeIgniter\View\View->CodeIgniter\View\{closure}()
 4 SYSTEMPATH\Common.php(1171): CodeIgniter\View\View->render('/Admin/photoupload/photolist', [], true)
 5 APPPATH\Controllers\PhotoUpload.php(119): view('/Admin/photoupload/photolist', [...])
 6 SYSTEMPATH\CodeIgniter.php(933): App\Controllers\Photoupload->photolist()
 7 SYSTEMPATH\CodeIgniter.php(509): CodeIgniter\CodeIgniter->runController(Object(App\Controllers\Photoupload))
 8 SYSTEMPATH\CodeIgniter.php(355): CodeIgniter\CodeIgniter->handleRequest(null, Object(Config\Cache), false)
 9 SYSTEMPATH\Boot.php(325): CodeIgniter\CodeIgniter->run()
10 SYSTEMPATH\Boot.php(67): CodeIgniter\Boot::runCodeIgniter(Object(CodeIgniter\CodeIgniter))
11 FCPATH\index.php(56): CodeIgniter\Boot::bootWeb(Object(Config\Paths))
WARNING - 2025-03-06 15:38:31 --> [DEPRECATED] strtotime(): Passing null to parameter #1 ($datetime) of type string is deprecated in APPPATH\Views\Admin\PhotoUpload\photolist.php on line 81.
 1 APPPATH\Views\Admin\PhotoUpload\photolist.php(81): strtotime(null)
 2 SYSTEMPATH\View\View.php(234): include('C:\\xampp\\htdocs\\Wolfox\\app\\Views\\Admin\\PhotoUpload\\photolist.php')
 3 SYSTEMPATH\View\View.php(237): CodeIgniter\View\View->CodeIgniter\View\{closure}()
 4 SYSTEMPATH\Common.php(1171): CodeIgniter\View\View->render('/Admin/photoupload/photolist', [], true)
 5 APPPATH\Controllers\PhotoUpload.php(119): view('/Admin/photoupload/photolist', [...])
 6 SYSTEMPATH\CodeIgniter.php(933): App\Controllers\Photoupload->photolist()
 7 SYSTEMPATH\CodeIgniter.php(509): CodeIgniter\CodeIgniter->runController(Object(App\Controllers\Photoupload))
 8 SYSTEMPATH\CodeIgniter.php(355): CodeIgniter\CodeIgniter->handleRequest(null, Object(Config\Cache), false)
 9 SYSTEMPATH\Boot.php(325): CodeIgniter\CodeIgniter->run()
10 SYSTEMPATH\Boot.php(67): CodeIgniter\Boot::runCodeIgniter(Object(CodeIgniter\CodeIgniter))
11 FCPATH\index.php(56): CodeIgniter\Boot::bootWeb(Object(Config\Paths))
WARNING - 2025-03-06 15:38:31 --> [DEPRECATED] strtotime(): Passing null to parameter #1 ($datetime) of type string is deprecated in APPPATH\Views\Admin\PhotoUpload\photolist.php on line 81.
 1 APPPATH\Views\Admin\PhotoUpload\photolist.php(81): strtotime(null)
 2 SYSTEMPATH\View\View.php(234): include('C:\\xampp\\htdocs\\Wolfox\\app\\Views\\Admin\\PhotoUpload\\photolist.php')
 3 SYSTEMPATH\View\View.php(237): CodeIgniter\View\View->CodeIgniter\View\{closure}()
 4 SYSTEMPATH\Common.php(1171): CodeIgniter\View\View->render('/Admin/photoupload/photolist', [], true)
 5 APPPATH\Controllers\PhotoUpload.php(119): view('/Admin/photoupload/photolist', [...])
 6 SYSTEMPATH\CodeIgniter.php(933): App\Controllers\Photoupload->photolist()
 7 SYSTEMPATH\CodeIgniter.php(509): CodeIgniter\CodeIgniter->runController(Object(App\Controllers\Photoupload))
 8 SYSTEMPATH\CodeIgniter.php(355): CodeIgniter\CodeIgniter->handleRequest(null, Object(Config\Cache), false)
 9 SYSTEMPATH\Boot.php(325): CodeIgniter\CodeIgniter->run()
10 SYSTEMPATH\Boot.php(67): CodeIgniter\Boot::runCodeIgniter(Object(CodeIgniter\CodeIgniter))
11 FCPATH\index.php(56): CodeIgniter\Boot::bootWeb(Object(Config\Paths))
WARNING - 2025-03-06 15:38:31 --> [DEPRECATED] strtotime(): Passing null to parameter #1 ($datetime) of type string is deprecated in APPPATH\Views\Admin\PhotoUpload\photolist.php on line 81.
 1 APPPATH\Views\Admin\PhotoUpload\photolist.php(81): strtotime(null)
 2 SYSTEMPATH\View\View.php(234): include('C:\\xampp\\htdocs\\Wolfox\\app\\Views\\Admin\\PhotoUpload\\photolist.php')
 3 SYSTEMPATH\View\View.php(237): CodeIgniter\View\View->CodeIgniter\View\{closure}()
 4 SYSTEMPATH\Common.php(1171): CodeIgniter\View\View->render('/Admin/photoupload/photolist', [], true)
 5 APPPATH\Controllers\PhotoUpload.php(119): view('/Admin/photoupload/photolist', [...])
 6 SYSTEMPATH\CodeIgniter.php(933): App\Controllers\Photoupload->photolist()
 7 SYSTEMPATH\CodeIgniter.php(509): CodeIgniter\CodeIgniter->runController(Object(App\Controllers\Photoupload))
 8 SYSTEMPATH\CodeIgniter.php(355): CodeIgniter\CodeIgniter->handleRequest(null, Object(Config\Cache), false)
 9 SYSTEMPATH\Boot.php(325): CodeIgniter\CodeIgniter->run()
10 SYSTEMPATH\Boot.php(67): CodeIgniter\Boot::runCodeIgniter(Object(CodeIgniter\CodeIgniter))
11 FCPATH\index.php(56): CodeIgniter\Boot::bootWeb(Object(Config\Paths))
INFO - 2025-03-06 15:38:46 --> Session: Class initialized using 'CodeIgniter\Session\Handlers\FileHandler' driver.
INFO - 2025-03-06 15:38:46 --> Session: Class initialized using 'CodeIgniter\Session\Handlers\FileHandler' driver.
WARNING - 2025-03-06 15:38:46 --> [DEPRECATED] strtotime(): Passing null to parameter #1 ($datetime) of type string is deprecated in APPPATH\Views\Admin\PhotoUpload\photolist.php on line 81.
 1 APPPATH\Views\Admin\PhotoUpload\photolist.php(81): strtotime(null)
 2 SYSTEMPATH\View\View.php(234): include('C:\\xampp\\htdocs\\Wolfox\\app\\Views\\Admin\\PhotoUpload\\photolist.php')
 3 SYSTEMPATH\View\View.php(237): CodeIgniter\View\View->CodeIgniter\View\{closure}()
 4 SYSTEMPATH\Common.php(1171): CodeIgniter\View\View->render('/Admin/photoupload/photolist', [], true)
 5 APPPATH\Controllers\PhotoUpload.php(119): view('/Admin/photoupload/photolist', [...])
 6 SYSTEMPATH\CodeIgniter.php(933): App\Controllers\Photoupload->photolist()
 7 SYSTEMPATH\CodeIgniter.php(509): CodeIgniter\CodeIgniter->runController(Object(App\Controllers\Photoupload))
 8 SYSTEMPATH\CodeIgniter.php(355): CodeIgniter\CodeIgniter->handleRequest(null, Object(Config\Cache), false)
 9 SYSTEMPATH\Boot.php(325): CodeIgniter\CodeIgniter->run()
10 SYSTEMPATH\Boot.php(67): CodeIgniter\Boot::runCodeIgniter(Object(CodeIgniter\CodeIgniter))
11 FCPATH\index.php(56): CodeIgniter\Boot::bootWeb(Object(Config\Paths))
WARNING - 2025-03-06 15:38:46 --> [DEPRECATED] strtotime(): Passing null to parameter #1 ($datetime) of type string is deprecated in APPPATH\Views\Admin\PhotoUpload\photolist.php on line 81.
 1 APPPATH\Views\Admin\PhotoUpload\photolist.php(81): strtotime(null)
 2 SYSTEMPATH\View\View.php(234): include('C:\\xampp\\htdocs\\Wolfox\\app\\Views\\Admin\\PhotoUpload\\photolist.php')
 3 SYSTEMPATH\View\View.php(237): CodeIgniter\View\View->CodeIgniter\View\{closure}()
 4 SYSTEMPATH\Common.php(1171): CodeIgniter\View\View->render('/Admin/photoupload/photolist', [], true)
 5 APPPATH\Controllers\PhotoUpload.php(119): view('/Admin/photoupload/photolist', [...])
 6 SYSTEMPATH\CodeIgniter.php(933): App\Controllers\Photoupload->photolist()
 7 SYSTEMPATH\CodeIgniter.php(509): CodeIgniter\CodeIgniter->runController(Object(App\Controllers\Photoupload))
 8 SYSTEMPATH\CodeIgniter.php(355): CodeIgniter\CodeIgniter->handleRequest(null, Object(Config\Cache), false)
 9 SYSTEMPATH\Boot.php(325): CodeIgniter\CodeIgniter->run()
10 SYSTEMPATH\Boot.php(67): CodeIgniter\Boot::runCodeIgniter(Object(CodeIgniter\CodeIgniter))
11 FCPATH\index.php(56): CodeIgniter\Boot::bootWeb(Object(Config\Paths))
WARNING - 2025-03-06 15:38:46 --> [DEPRECATED] strtotime(): Passing null to parameter #1 ($datetime) of type string is deprecated in APPPATH\Views\Admin\PhotoUpload\photolist.php on line 81.
 1 APPPATH\Views\Admin\PhotoUpload\photolist.php(81): strtotime(null)
 2 SYSTEMPATH\View\View.php(234): include('C:\\xampp\\htdocs\\Wolfox\\app\\Views\\Admin\\PhotoUpload\\photolist.php')
 3 SYSTEMPATH\View\View.php(237): CodeIgniter\View\View->CodeIgniter\View\{closure}()
 4 SYSTEMPATH\Common.php(1171): CodeIgniter\View\View->render('/Admin/photoupload/photolist', [], true)
 5 APPPATH\Controllers\PhotoUpload.php(119): view('/Admin/photoupload/photolist', [...])
 6 SYSTEMPATH\CodeIgniter.php(933): App\Controllers\Photoupload->photolist()
 7 SYSTEMPATH\CodeIgniter.php(509): CodeIgniter\CodeIgniter->runController(Object(App\Controllers\Photoupload))
 8 SYSTEMPATH\CodeIgniter.php(355): CodeIgniter\CodeIgniter->handleRequest(null, Object(Config\Cache), false)
 9 SYSTEMPATH\Boot.php(325): CodeIgniter\CodeIgniter->run()
10 SYSTEMPATH\Boot.php(67): CodeIgniter\Boot::runCodeIgniter(Object(CodeIgniter\CodeIgniter))
11 FCPATH\index.php(56): CodeIgniter\Boot::bootWeb(Object(Config\Paths))
WARNING - 2025-03-06 15:38:46 --> [DEPRECATED] strtotime(): Passing null to parameter #1 ($datetime) of type string is deprecated in APPPATH\Views\Admin\PhotoUpload\photolist.php on line 81.
 1 APPPATH\Views\Admin\PhotoUpload\photolist.php(81): strtotime(null)
 2 SYSTEMPATH\View\View.php(234): include('C:\\xampp\\htdocs\\Wolfox\\app\\Views\\Admin\\PhotoUpload\\photolist.php')
 3 SYSTEMPATH\View\View.php(237): CodeIgniter\View\View->CodeIgniter\View\{closure}()
 4 SYSTEMPATH\Common.php(1171): CodeIgniter\View\View->render('/Admin/photoupload/photolist', [], true)
 5 APPPATH\Controllers\PhotoUpload.php(119): view('/Admin/photoupload/photolist', [...])
 6 SYSTEMPATH\CodeIgniter.php(933): App\Controllers\Photoupload->photolist()
 7 SYSTEMPATH\CodeIgniter.php(509): CodeIgniter\CodeIgniter->runController(Object(App\Controllers\Photoupload))
 8 SYSTEMPATH\CodeIgniter.php(355): CodeIgniter\CodeIgniter->handleRequest(null, Object(Config\Cache), false)
 9 SYSTEMPATH\Boot.php(325): CodeIgniter\CodeIgniter->run()
10 SYSTEMPATH\Boot.php(67): CodeIgniter\Boot::runCodeIgniter(Object(CodeIgniter\CodeIgniter))
11 FCPATH\index.php(56): CodeIgniter\Boot::bootWeb(Object(Config\Paths))
WARNING - 2025-03-06 15:38:46 --> [DEPRECATED] strtotime(): Passing null to parameter #1 ($datetime) of type string is deprecated in APPPATH\Views\Admin\PhotoUpload\photolist.php on line 81.
 1 APPPATH\Views\Admin\PhotoUpload\photolist.php(81): strtotime(null)
 2 SYSTEMPATH\View\View.php(234): include('C:\\xampp\\htdocs\\Wolfox\\app\\Views\\Admin\\PhotoUpload\\photolist.php')
 3 SYSTEMPATH\View\View.php(237): CodeIgniter\View\View->CodeIgniter\View\{closure}()
 4 SYSTEMPATH\Common.php(1171): CodeIgniter\View\View->render('/Admin/photoupload/photolist', [], true)
 5 APPPATH\Controllers\PhotoUpload.php(119): view('/Admin/photoupload/photolist', [...])
 6 SYSTEMPATH\CodeIgniter.php(933): App\Controllers\Photoupload->photolist()
 7 SYSTEMPATH\CodeIgniter.php(509): CodeIgniter\CodeIgniter->runController(Object(App\Controllers\Photoupload))
 8 SYSTEMPATH\CodeIgniter.php(355): CodeIgniter\CodeIgniter->handleRequest(null, Object(Config\Cache), false)
 9 SYSTEMPATH\Boot.php(325): CodeIgniter\CodeIgniter->run()
10 SYSTEMPATH\Boot.php(67): CodeIgniter\Boot::runCodeIgniter(Object(CodeIgniter\CodeIgniter))
11 FCPATH\index.php(56): CodeIgniter\Boot::bootWeb(Object(Config\Paths))
WARNING - 2025-03-06 15:38:46 --> [DEPRECATED] strtotime(): Passing null to parameter #1 ($datetime) of type string is deprecated in APPPATH\Views\Admin\PhotoUpload\photolist.php on line 81.
 1 APPPATH\Views\Admin\PhotoUpload\photolist.php(81): strtotime(null)
 2 SYSTEMPATH\View\View.php(234): include('C:\\xampp\\htdocs\\Wolfox\\app\\Views\\Admin\\PhotoUpload\\photolist.php')
 3 SYSTEMPATH\View\View.php(237): CodeIgniter\View\View->CodeIgniter\View\{closure}()
 4 SYSTEMPATH\Common.php(1171): CodeIgniter\View\View->render('/Admin/photoupload/photolist', [], true)
 5 APPPATH\Controllers\PhotoUpload.php(119): view('/Admin/photoupload/photolist', [...])
 6 SYSTEMPATH\CodeIgniter.php(933): App\Controllers\Photoupload->photolist()
 7 SYSTEMPATH\CodeIgniter.php(509): CodeIgniter\CodeIgniter->runController(Object(App\Controllers\Photoupload))
 8 SYSTEMPATH\CodeIgniter.php(355): CodeIgniter\CodeIgniter->handleRequest(null, Object(Config\Cache), false)
 9 SYSTEMPATH\Boot.php(325): CodeIgniter\CodeIgniter->run()
10 SYSTEMPATH\Boot.php(67): CodeIgniter\Boot::runCodeIgniter(Object(CodeIgniter\CodeIgniter))
11 FCPATH\index.php(56): CodeIgniter\Boot::bootWeb(Object(Config\Paths))
WARNING - 2025-03-06 15:38:46 --> [DEPRECATED] strtotime(): Passing null to parameter #1 ($datetime) of type string is deprecated in APPPATH\Views\Admin\PhotoUpload\photolist.php on line 81.
 1 APPPATH\Views\Admin\PhotoUpload\photolist.php(81): strtotime(null)
 2 SYSTEMPATH\View\View.php(234): include('C:\\xampp\\htdocs\\Wolfox\\app\\Views\\Admin\\PhotoUpload\\photolist.php')
 3 SYSTEMPATH\View\View.php(237): CodeIgniter\View\View->CodeIgniter\View\{closure}()
 4 SYSTEMPATH\Common.php(1171): CodeIgniter\View\View->render('/Admin/photoupload/photolist', [], true)
 5 APPPATH\Controllers\PhotoUpload.php(119): view('/Admin/photoupload/photolist', [...])
 6 SYSTEMPATH\CodeIgniter.php(933): App\Controllers\Photoupload->photolist()
 7 SYSTEMPATH\CodeIgniter.php(509): CodeIgniter\CodeIgniter->runController(Object(App\Controllers\Photoupload))
 8 SYSTEMPATH\CodeIgniter.php(355): CodeIgniter\CodeIgniter->handleRequest(null, Object(Config\Cache), false)
 9 SYSTEMPATH\Boot.php(325): CodeIgniter\CodeIgniter->run()
10 SYSTEMPATH\Boot.php(67): CodeIgniter\Boot::runCodeIgniter(Object(CodeIgniter\CodeIgniter))
11 FCPATH\index.php(56): CodeIgniter\Boot::bootWeb(Object(Config\Paths))
WARNING - 2025-03-06 15:38:46 --> [DEPRECATED] strtotime(): Passing null to parameter #1 ($datetime) of type string is deprecated in APPPATH\Views\Admin\PhotoUpload\photolist.php on line 81.
 1 APPPATH\Views\Admin\PhotoUpload\photolist.php(81): strtotime(null)
 2 SYSTEMPATH\View\View.php(234): include('C:\\xampp\\htdocs\\Wolfox\\app\\Views\\Admin\\PhotoUpload\\photolist.php')
 3 SYSTEMPATH\View\View.php(237): CodeIgniter\View\View->CodeIgniter\View\{closure}()
 4 SYSTEMPATH\Common.php(1171): CodeIgniter\View\View->render('/Admin/photoupload/photolist', [], true)
 5 APPPATH\Controllers\PhotoUpload.php(119): view('/Admin/photoupload/photolist', [...])
 6 SYSTEMPATH\CodeIgniter.php(933): App\Controllers\Photoupload->photolist()
 7 SYSTEMPATH\CodeIgniter.php(509): CodeIgniter\CodeIgniter->runController(Object(App\Controllers\Photoupload))
 8 SYSTEMPATH\CodeIgniter.php(355): CodeIgniter\CodeIgniter->handleRequest(null, Object(Config\Cache), false)
 9 SYSTEMPATH\Boot.php(325): CodeIgniter\CodeIgniter->run()
10 SYSTEMPATH\Boot.php(67): CodeIgniter\Boot::runCodeIgniter(Object(CodeIgniter\CodeIgniter))
11 FCPATH\index.php(56): CodeIgniter\Boot::bootWeb(Object(Config\Paths))
WARNING - 2025-03-06 15:38:46 --> [DEPRECATED] strtotime(): Passing null to parameter #1 ($datetime) of type string is deprecated in APPPATH\Views\Admin\PhotoUpload\photolist.php on line 81.
 1 APPPATH\Views\Admin\PhotoUpload\photolist.php(81): strtotime(null)
 2 SYSTEMPATH\View\View.php(234): include('C:\\xampp\\htdocs\\Wolfox\\app\\Views\\Admin\\PhotoUpload\\photolist.php')
 3 SYSTEMPATH\View\View.php(237): CodeIgniter\View\View->CodeIgniter\View\{closure}()
 4 SYSTEMPATH\Common.php(1171): CodeIgniter\View\View->render('/Admin/photoupload/photolist', [], true)
 5 APPPATH\Controllers\PhotoUpload.php(119): view('/Admin/photoupload/photolist', [...])
 6 SYSTEMPATH\CodeIgniter.php(933): App\Controllers\Photoupload->photolist()
 7 SYSTEMPATH\CodeIgniter.php(509): CodeIgniter\CodeIgniter->runController(Object(App\Controllers\Photoupload))
 8 SYSTEMPATH\CodeIgniter.php(355): CodeIgniter\CodeIgniter->handleRequest(null, Object(Config\Cache), false)
 9 SYSTEMPATH\Boot.php(325): CodeIgniter\CodeIgniter->run()
10 SYSTEMPATH\Boot.php(67): CodeIgniter\Boot::runCodeIgniter(Object(CodeIgniter\CodeIgniter))
11 FCPATH\index.php(56): CodeIgniter\Boot::bootWeb(Object(Config\Paths))
WARNING - 2025-03-06 15:38:46 --> [DEPRECATED] strtotime(): Passing null to parameter #1 ($datetime) of type string is deprecated in APPPATH\Views\Admin\PhotoUpload\photolist.php on line 81.
 1 APPPATH\Views\Admin\PhotoUpload\photolist.php(81): strtotime(null)
 2 SYSTEMPATH\View\View.php(234): include('C:\\xampp\\htdocs\\Wolfox\\app\\Views\\Admin\\PhotoUpload\\photolist.php')
 3 SYSTEMPATH\View\View.php(237): CodeIgniter\View\View->CodeIgniter\View\{closure}()
 4 SYSTEMPATH\Common.php(1171): CodeIgniter\View\View->render('/Admin/photoupload/photolist', [], true)
 5 APPPATH\Controllers\PhotoUpload.php(119): view('/Admin/photoupload/photolist', [...])
 6 SYSTEMPATH\CodeIgniter.php(933): App\Controllers\Photoupload->photolist()
 7 SYSTEMPATH\CodeIgniter.php(509): CodeIgniter\CodeIgniter->runController(Object(App\Controllers\Photoupload))
 8 SYSTEMPATH\CodeIgniter.php(355): CodeIgniter\CodeIgniter->handleRequest(null, Object(Config\Cache), false)
 9 SYSTEMPATH\Boot.php(325): CodeIgniter\CodeIgniter->run()
10 SYSTEMPATH\Boot.php(67): CodeIgniter\Boot::runCodeIgniter(Object(CodeIgniter\CodeIgniter))
11 FCPATH\index.php(56): CodeIgniter\Boot::bootWeb(Object(Config\Paths))
INFO - 2025-03-06 16:45:31 --> Session: Class initialized using 'CodeIgniter\Session\Handlers\FileHandler' driver.
INFO - 2025-03-06 16:45:35 --> Session: Class initialized using 'CodeIgniter\Session\Handlers\FileHandler' driver.
WARNING - 2025-03-06 16:45:35 --> [DEPRECATED] strtotime(): Passing null to parameter #1 ($datetime) of type string is deprecated in APPPATH\Views\Admin\PhotoUpload\photolist.php on line 81.
 1 APPPATH\Views\Admin\PhotoUpload\photolist.php(81): strtotime(null)
 2 SYSTEMPATH\View\View.php(234): include('C:\\xampp\\htdocs\\Wolfox\\app\\Views\\Admin\\PhotoUpload\\photolist.php')
 3 SYSTEMPATH\View\View.php(237): CodeIgniter\View\View->CodeIgniter\View\{closure}()
 4 SYSTEMPATH\Common.php(1171): CodeIgniter\View\View->render('/Admin/photoupload/photolist', [], true)
 5 APPPATH\Controllers\PhotoUpload.php(119): view('/Admin/photoupload/photolist', [...])
 6 SYSTEMPATH\CodeIgniter.php(933): App\Controllers\Photoupload->photolist()
 7 SYSTEMPATH\CodeIgniter.php(509): CodeIgniter\CodeIgniter->runController(Object(App\Controllers\Photoupload))
 8 SYSTEMPATH\CodeIgniter.php(355): CodeIgniter\CodeIgniter->handleRequest(null, Object(Config\Cache), false)
 9 SYSTEMPATH\Boot.php(325): CodeIgniter\CodeIgniter->run()
10 SYSTEMPATH\Boot.php(67): CodeIgniter\Boot::runCodeIgniter(Object(CodeIgniter\CodeIgniter))
11 FCPATH\index.php(56): CodeIgniter\Boot::bootWeb(Object(Config\Paths))
WARNING - 2025-03-06 16:45:35 --> [DEPRECATED] strtotime(): Passing null to parameter #1 ($datetime) of type string is deprecated in APPPATH\Views\Admin\PhotoUpload\photolist.php on line 81.
 1 APPPATH\Views\Admin\PhotoUpload\photolist.php(81): strtotime(null)
 2 SYSTEMPATH\View\View.php(234): include('C:\\xampp\\htdocs\\Wolfox\\app\\Views\\Admin\\PhotoUpload\\photolist.php')
 3 SYSTEMPATH\View\View.php(237): CodeIgniter\View\View->CodeIgniter\View\{closure}()
 4 SYSTEMPATH\Common.php(1171): CodeIgniter\View\View->render('/Admin/photoupload/photolist', [], true)
 5 APPPATH\Controllers\PhotoUpload.php(119): view('/Admin/photoupload/photolist', [...])
 6 SYSTEMPATH\CodeIgniter.php(933): App\Controllers\Photoupload->photolist()
 7 SYSTEMPATH\CodeIgniter.php(509): CodeIgniter\CodeIgniter->runController(Object(App\Controllers\Photoupload))
 8 SYSTEMPATH\CodeIgniter.php(355): CodeIgniter\CodeIgniter->handleRequest(null, Object(Config\Cache), false)
 9 SYSTEMPATH\Boot.php(325): CodeIgniter\CodeIgniter->run()
10 SYSTEMPATH\Boot.php(67): CodeIgniter\Boot::runCodeIgniter(Object(CodeIgniter\CodeIgniter))
11 FCPATH\index.php(56): CodeIgniter\Boot::bootWeb(Object(Config\Paths))
WARNING - 2025-03-06 16:45:35 --> [DEPRECATED] strtotime(): Passing null to parameter #1 ($datetime) of type string is deprecated in APPPATH\Views\Admin\PhotoUpload\photolist.php on line 81.
 1 APPPATH\Views\Admin\PhotoUpload\photolist.php(81): strtotime(null)
 2 SYSTEMPATH\View\View.php(234): include('C:\\xampp\\htdocs\\Wolfox\\app\\Views\\Admin\\PhotoUpload\\photolist.php')
 3 SYSTEMPATH\View\View.php(237): CodeIgniter\View\View->CodeIgniter\View\{closure}()
 4 SYSTEMPATH\Common.php(1171): CodeIgniter\View\View->render('/Admin/photoupload/photolist', [], true)
 5 APPPATH\Controllers\PhotoUpload.php(119): view('/Admin/photoupload/photolist', [...])
 6 SYSTEMPATH\CodeIgniter.php(933): App\Controllers\Photoupload->photolist()
 7 SYSTEMPATH\CodeIgniter.php(509): CodeIgniter\CodeIgniter->runController(Object(App\Controllers\Photoupload))
 8 SYSTEMPATH\CodeIgniter.php(355): CodeIgniter\CodeIgniter->handleRequest(null, Object(Config\Cache), false)
 9 SYSTEMPATH\Boot.php(325): CodeIgniter\CodeIgniter->run()
10 SYSTEMPATH\Boot.php(67): CodeIgniter\Boot::runCodeIgniter(Object(CodeIgniter\CodeIgniter))
11 FCPATH\index.php(56): CodeIgniter\Boot::bootWeb(Object(Config\Paths))
WARNING - 2025-03-06 16:45:35 --> [DEPRECATED] strtotime(): Passing null to parameter #1 ($datetime) of type string is deprecated in APPPATH\Views\Admin\PhotoUpload\photolist.php on line 81.
 1 APPPATH\Views\Admin\PhotoUpload\photolist.php(81): strtotime(null)
 2 SYSTEMPATH\View\View.php(234): include('C:\\xampp\\htdocs\\Wolfox\\app\\Views\\Admin\\PhotoUpload\\photolist.php')
 3 SYSTEMPATH\View\View.php(237): CodeIgniter\View\View->CodeIgniter\View\{closure}()
 4 SYSTEMPATH\Common.php(1171): CodeIgniter\View\View->render('/Admin/photoupload/photolist', [], true)
 5 APPPATH\Controllers\PhotoUpload.php(119): view('/Admin/photoupload/photolist', [...])
 6 SYSTEMPATH\CodeIgniter.php(933): App\Controllers\Photoupload->photolist()
 7 SYSTEMPATH\CodeIgniter.php(509): CodeIgniter\CodeIgniter->runController(Object(App\Controllers\Photoupload))
 8 SYSTEMPATH\CodeIgniter.php(355): CodeIgniter\CodeIgniter->handleRequest(null, Object(Config\Cache), false)
 9 SYSTEMPATH\Boot.php(325): CodeIgniter\CodeIgniter->run()
10 SYSTEMPATH\Boot.php(67): CodeIgniter\Boot::runCodeIgniter(Object(CodeIgniter\CodeIgniter))
11 FCPATH\index.php(56): CodeIgniter\Boot::bootWeb(Object(Config\Paths))
WARNING - 2025-03-06 16:45:35 --> [DEPRECATED] strtotime(): Passing null to parameter #1 ($datetime) of type string is deprecated in APPPATH\Views\Admin\PhotoUpload\photolist.php on line 81.
 1 APPPATH\Views\Admin\PhotoUpload\photolist.php(81): strtotime(null)
 2 SYSTEMPATH\View\View.php(234): include('C:\\xampp\\htdocs\\Wolfox\\app\\Views\\Admin\\PhotoUpload\\photolist.php')
 3 SYSTEMPATH\View\View.php(237): CodeIgniter\View\View->CodeIgniter\View\{closure}()
 4 SYSTEMPATH\Common.php(1171): CodeIgniter\View\View->render('/Admin/photoupload/photolist', [], true)
 5 APPPATH\Controllers\PhotoUpload.php(119): view('/Admin/photoupload/photolist', [...])
 6 SYSTEMPATH\CodeIgniter.php(933): App\Controllers\Photoupload->photolist()
 7 SYSTEMPATH\CodeIgniter.php(509): CodeIgniter\CodeIgniter->runController(Object(App\Controllers\Photoupload))
 8 SYSTEMPATH\CodeIgniter.php(355): CodeIgniter\CodeIgniter->handleRequest(null, Object(Config\Cache), false)
 9 SYSTEMPATH\Boot.php(325): CodeIgniter\CodeIgniter->run()
10 SYSTEMPATH\Boot.php(67): CodeIgniter\Boot::runCodeIgniter(Object(CodeIgniter\CodeIgniter))
11 FCPATH\index.php(56): CodeIgniter\Boot::bootWeb(Object(Config\Paths))
WARNING - 2025-03-06 16:45:35 --> [DEPRECATED] strtotime(): Passing null to parameter #1 ($datetime) of type string is deprecated in APPPATH\Views\Admin\PhotoUpload\photolist.php on line 81.
 1 APPPATH\Views\Admin\PhotoUpload\photolist.php(81): strtotime(null)
 2 SYSTEMPATH\View\View.php(234): include('C:\\xampp\\htdocs\\Wolfox\\app\\Views\\Admin\\PhotoUpload\\photolist.php')
 3 SYSTEMPATH\View\View.php(237): CodeIgniter\View\View->CodeIgniter\View\{closure}()
 4 SYSTEMPATH\Common.php(1171): CodeIgniter\View\View->render('/Admin/photoupload/photolist', [], true)
 5 APPPATH\Controllers\PhotoUpload.php(119): view('/Admin/photoupload/photolist', [...])
 6 SYSTEMPATH\CodeIgniter.php(933): App\Controllers\Photoupload->photolist()
 7 SYSTEMPATH\CodeIgniter.php(509): CodeIgniter\CodeIgniter->runController(Object(App\Controllers\Photoupload))
 8 SYSTEMPATH\CodeIgniter.php(355): CodeIgniter\CodeIgniter->handleRequest(null, Object(Config\Cache), false)
 9 SYSTEMPATH\Boot.php(325): CodeIgniter\CodeIgniter->run()
10 SYSTEMPATH\Boot.php(67): CodeIgniter\Boot::runCodeIgniter(Object(CodeIgniter\CodeIgniter))
11 FCPATH\index.php(56): CodeIgniter\Boot::bootWeb(Object(Config\Paths))
WARNING - 2025-03-06 16:45:35 --> [DEPRECATED] strtotime(): Passing null to parameter #1 ($datetime) of type string is deprecated in APPPATH\Views\Admin\PhotoUpload\photolist.php on line 81.
 1 APPPATH\Views\Admin\PhotoUpload\photolist.php(81): strtotime(null)
 2 SYSTEMPATH\View\View.php(234): include('C:\\xampp\\htdocs\\Wolfox\\app\\Views\\Admin\\PhotoUpload\\photolist.php')
 3 SYSTEMPATH\View\View.php(237): CodeIgniter\View\View->CodeIgniter\View\{closure}()
 4 SYSTEMPATH\Common.php(1171): CodeIgniter\View\View->render('/Admin/photoupload/photolist', [], true)
 5 APPPATH\Controllers\PhotoUpload.php(119): view('/Admin/photoupload/photolist', [...])
 6 SYSTEMPATH\CodeIgniter.php(933): App\Controllers\Photoupload->photolist()
 7 SYSTEMPATH\CodeIgniter.php(509): CodeIgniter\CodeIgniter->runController(Object(App\Controllers\Photoupload))
 8 SYSTEMPATH\CodeIgniter.php(355): CodeIgniter\CodeIgniter->handleRequest(null, Object(Config\Cache), false)
 9 SYSTEMPATH\Boot.php(325): CodeIgniter\CodeIgniter->run()
10 SYSTEMPATH\Boot.php(67): CodeIgniter\Boot::runCodeIgniter(Object(CodeIgniter\CodeIgniter))
11 FCPATH\index.php(56): CodeIgniter\Boot::bootWeb(Object(Config\Paths))
WARNING - 2025-03-06 16:45:35 --> [DEPRECATED] strtotime(): Passing null to parameter #1 ($datetime) of type string is deprecated in APPPATH\Views\Admin\PhotoUpload\photolist.php on line 81.
 1 APPPATH\Views\Admin\PhotoUpload\photolist.php(81): strtotime(null)
 2 SYSTEMPATH\View\View.php(234): include('C:\\xampp\\htdocs\\Wolfox\\app\\Views\\Admin\\PhotoUpload\\photolist.php')
 3 SYSTEMPATH\View\View.php(237): CodeIgniter\View\View->CodeIgniter\View\{closure}()
 4 SYSTEMPATH\Common.php(1171): CodeIgniter\View\View->render('/Admin/photoupload/photolist', [], true)
 5 APPPATH\Controllers\PhotoUpload.php(119): view('/Admin/photoupload/photolist', [...])
 6 SYSTEMPATH\CodeIgniter.php(933): App\Controllers\Photoupload->photolist()
 7 SYSTEMPATH\CodeIgniter.php(509): CodeIgniter\CodeIgniter->runController(Object(App\Controllers\Photoupload))
 8 SYSTEMPATH\CodeIgniter.php(355): CodeIgniter\CodeIgniter->handleRequest(null, Object(Config\Cache), false)
 9 SYSTEMPATH\Boot.php(325): CodeIgniter\CodeIgniter->run()
10 SYSTEMPATH\Boot.php(67): CodeIgniter\Boot::runCodeIgniter(Object(CodeIgniter\CodeIgniter))
11 FCPATH\index.php(56): CodeIgniter\Boot::bootWeb(Object(Config\Paths))
WARNING - 2025-03-06 16:45:35 --> [DEPRECATED] strtotime(): Passing null to parameter #1 ($datetime) of type string is deprecated in APPPATH\Views\Admin\PhotoUpload\photolist.php on line 81.
 1 APPPATH\Views\Admin\PhotoUpload\photolist.php(81): strtotime(null)
 2 SYSTEMPATH\View\View.php(234): include('C:\\xampp\\htdocs\\Wolfox\\app\\Views\\Admin\\PhotoUpload\\photolist.php')
 3 SYSTEMPATH\View\View.php(237): CodeIgniter\View\View->CodeIgniter\View\{closure}()
 4 SYSTEMPATH\Common.php(1171): CodeIgniter\View\View->render('/Admin/photoupload/photolist', [], true)
 5 APPPATH\Controllers\PhotoUpload.php(119): view('/Admin/photoupload/photolist', [...])
 6 SYSTEMPATH\CodeIgniter.php(933): App\Controllers\Photoupload->photolist()
 7 SYSTEMPATH\CodeIgniter.php(509): CodeIgniter\CodeIgniter->runController(Object(App\Controllers\Photoupload))
 8 SYSTEMPATH\CodeIgniter.php(355): CodeIgniter\CodeIgniter->handleRequest(null, Object(Config\Cache), false)
 9 SYSTEMPATH\Boot.php(325): CodeIgniter\CodeIgniter->run()
10 SYSTEMPATH\Boot.php(67): CodeIgniter\Boot::runCodeIgniter(Object(CodeIgniter\CodeIgniter))
11 FCPATH\index.php(56): CodeIgniter\Boot::bootWeb(Object(Config\Paths))
WARNING - 2025-03-06 16:45:35 --> [DEPRECATED] strtotime(): Passing null to parameter #1 ($datetime) of type string is deprecated in APPPATH\Views\Admin\PhotoUpload\photolist.php on line 81.
 1 APPPATH\Views\Admin\PhotoUpload\photolist.php(81): strtotime(null)
 2 SYSTEMPATH\View\View.php(234): include('C:\\xampp\\htdocs\\Wolfox\\app\\Views\\Admin\\PhotoUpload\\photolist.php')
 3 SYSTEMPATH\View\View.php(237): CodeIgniter\View\View->CodeIgniter\View\{closure}()
 4 SYSTEMPATH\Common.php(1171): CodeIgniter\View\View->render('/Admin/photoupload/photolist', [], true)
 5 APPPATH\Controllers\PhotoUpload.php(119): view('/Admin/photoupload/photolist', [...])
 6 SYSTEMPATH\CodeIgniter.php(933): App\Controllers\Photoupload->photolist()
 7 SYSTEMPATH\CodeIgniter.php(509): CodeIgniter\CodeIgniter->runController(Object(App\Controllers\Photoupload))
 8 SYSTEMPATH\CodeIgniter.php(355): CodeIgniter\CodeIgniter->handleRequest(null, Object(Config\Cache), false)
 9 SYSTEMPATH\Boot.php(325): CodeIgniter\CodeIgniter->run()
10 SYSTEMPATH\Boot.php(67): CodeIgniter\Boot::runCodeIgniter(Object(CodeIgniter\CodeIgniter))
11 FCPATH\index.php(56): CodeIgniter\Boot::bootWeb(Object(Config\Paths))
INFO - 2025-03-06 16:51:22 --> Session: Class initialized using 'CodeIgniter\Session\Handlers\FileHandler' driver.
WARNING - 2025-03-06 16:51:22 --> [DEPRECATED] strtotime(): Passing null to parameter #1 ($datetime) of type string is deprecated in APPPATH\Views\Admin\PhotoUpload\photolist.php on line 76.
 1 APPPATH\Views\Admin\PhotoUpload\photolist.php(76): strtotime(null)
 2 SYSTEMPATH\View\View.php(234): include('C:\\xampp\\htdocs\\Wolfox\\app\\Views\\Admin\\PhotoUpload\\photolist.php')
 3 SYSTEMPATH\View\View.php(237): CodeIgniter\View\View->CodeIgniter\View\{closure}()
 4 SYSTEMPATH\Common.php(1171): CodeIgniter\View\View->render('/Admin/photoupload/photolist', [], true)
 5 APPPATH\Controllers\PhotoUpload.php(119): view('/Admin/photoupload/photolist', [...])
 6 SYSTEMPATH\CodeIgniter.php(933): App\Controllers\Photoupload->photolist()
 7 SYSTEMPATH\CodeIgniter.php(509): CodeIgniter\CodeIgniter->runController(Object(App\Controllers\Photoupload))
 8 SYSTEMPATH\CodeIgniter.php(355): CodeIgniter\CodeIgniter->handleRequest(null, Object(Config\Cache), false)
 9 SYSTEMPATH\Boot.php(325): CodeIgniter\CodeIgniter->run()
10 SYSTEMPATH\Boot.php(67): CodeIgniter\Boot::runCodeIgniter(Object(CodeIgniter\CodeIgniter))
11 FCPATH\index.php(56): CodeIgniter\Boot::bootWeb(Object(Config\Paths))
WARNING - 2025-03-06 16:51:22 --> [DEPRECATED] strtotime(): Passing null to parameter #1 ($datetime) of type string is deprecated in APPPATH\Views\Admin\PhotoUpload\photolist.php on line 76.
 1 APPPATH\Views\Admin\PhotoUpload\photolist.php(76): strtotime(null)
 2 SYSTEMPATH\View\View.php(234): include('C:\\xampp\\htdocs\\Wolfox\\app\\Views\\Admin\\PhotoUpload\\photolist.php')
 3 SYSTEMPATH\View\View.php(237): CodeIgniter\View\View->CodeIgniter\View\{closure}()
 4 SYSTEMPATH\Common.php(1171): CodeIgniter\View\View->render('/Admin/photoupload/photolist', [], true)
 5 APPPATH\Controllers\PhotoUpload.php(119): view('/Admin/photoupload/photolist', [...])
 6 SYSTEMPATH\CodeIgniter.php(933): App\Controllers\Photoupload->photolist()
 7 SYSTEMPATH\CodeIgniter.php(509): CodeIgniter\CodeIgniter->runController(Object(App\Controllers\Photoupload))
 8 SYSTEMPATH\CodeIgniter.php(355): CodeIgniter\CodeIgniter->handleRequest(null, Object(Config\Cache), false)
 9 SYSTEMPATH\Boot.php(325): CodeIgniter\CodeIgniter->run()
10 SYSTEMPATH\Boot.php(67): CodeIgniter\Boot::runCodeIgniter(Object(CodeIgniter\CodeIgniter))
11 FCPATH\index.php(56): CodeIgniter\Boot::bootWeb(Object(Config\Paths))
WARNING - 2025-03-06 16:51:22 --> [DEPRECATED] strtotime(): Passing null to parameter #1 ($datetime) of type string is deprecated in APPPATH\Views\Admin\PhotoUpload\photolist.php on line 76.
 1 APPPATH\Views\Admin\PhotoUpload\photolist.php(76): strtotime(null)
 2 SYSTEMPATH\View\View.php(234): include('C:\\xampp\\htdocs\\Wolfox\\app\\Views\\Admin\\PhotoUpload\\photolist.php')
 3 SYSTEMPATH\View\View.php(237): CodeIgniter\View\View->CodeIgniter\View\{closure}()
 4 SYSTEMPATH\Common.php(1171): CodeIgniter\View\View->render('/Admin/photoupload/photolist', [], true)
 5 APPPATH\Controllers\PhotoUpload.php(119): view('/Admin/photoupload/photolist', [...])
 6 SYSTEMPATH\CodeIgniter.php(933): App\Controllers\Photoupload->photolist()
 7 SYSTEMPATH\CodeIgniter.php(509): CodeIgniter\CodeIgniter->runController(Object(App\Controllers\Photoupload))
 8 SYSTEMPATH\CodeIgniter.php(355): CodeIgniter\CodeIgniter->handleRequest(null, Object(Config\Cache), false)
 9 SYSTEMPATH\Boot.php(325): CodeIgniter\CodeIgniter->run()
10 SYSTEMPATH\Boot.php(67): CodeIgniter\Boot::runCodeIgniter(Object(CodeIgniter\CodeIgniter))
11 FCPATH\index.php(56): CodeIgniter\Boot::bootWeb(Object(Config\Paths))
WARNING - 2025-03-06 16:51:22 --> [DEPRECATED] strtotime(): Passing null to parameter #1 ($datetime) of type string is deprecated in APPPATH\Views\Admin\PhotoUpload\photolist.php on line 76.
 1 APPPATH\Views\Admin\PhotoUpload\photolist.php(76): strtotime(null)
 2 SYSTEMPATH\View\View.php(234): include('C:\\xampp\\htdocs\\Wolfox\\app\\Views\\Admin\\PhotoUpload\\photolist.php')
 3 SYSTEMPATH\View\View.php(237): CodeIgniter\View\View->CodeIgniter\View\{closure}()
 4 SYSTEMPATH\Common.php(1171): CodeIgniter\View\View->render('/Admin/photoupload/photolist', [], true)
 5 APPPATH\Controllers\PhotoUpload.php(119): view('/Admin/photoupload/photolist', [...])
 6 SYSTEMPATH\CodeIgniter.php(933): App\Controllers\Photoupload->photolist()
 7 SYSTEMPATH\CodeIgniter.php(509): CodeIgniter\CodeIgniter->runController(Object(App\Controllers\Photoupload))
 8 SYSTEMPATH\CodeIgniter.php(355): CodeIgniter\CodeIgniter->handleRequest(null, Object(Config\Cache), false)
 9 SYSTEMPATH\Boot.php(325): CodeIgniter\CodeIgniter->run()
10 SYSTEMPATH\Boot.php(67): CodeIgniter\Boot::runCodeIgniter(Object(CodeIgniter\CodeIgniter))
11 FCPATH\index.php(56): CodeIgniter\Boot::bootWeb(Object(Config\Paths))
WARNING - 2025-03-06 16:51:22 --> [DEPRECATED] strtotime(): Passing null to parameter #1 ($datetime) of type string is deprecated in APPPATH\Views\Admin\PhotoUpload\photolist.php on line 76.
 1 APPPATH\Views\Admin\PhotoUpload\photolist.php(76): strtotime(null)
 2 SYSTEMPATH\View\View.php(234): include('C:\\xampp\\htdocs\\Wolfox\\app\\Views\\Admin\\PhotoUpload\\photolist.php')
 3 SYSTEMPATH\View\View.php(237): CodeIgniter\View\View->CodeIgniter\View\{closure}()
 4 SYSTEMPATH\Common.php(1171): CodeIgniter\View\View->render('/Admin/photoupload/photolist', [], true)
 5 APPPATH\Controllers\PhotoUpload.php(119): view('/Admin/photoupload/photolist', [...])
 6 SYSTEMPATH\CodeIgniter.php(933): App\Controllers\Photoupload->photolist()
 7 SYSTEMPATH\CodeIgniter.php(509): CodeIgniter\CodeIgniter->runController(Object(App\Controllers\Photoupload))
 8 SYSTEMPATH\CodeIgniter.php(355): CodeIgniter\CodeIgniter->handleRequest(null, Object(Config\Cache), false)
 9 SYSTEMPATH\Boot.php(325): CodeIgniter\CodeIgniter->run()
10 SYSTEMPATH\Boot.php(67): CodeIgniter\Boot::runCodeIgniter(Object(CodeIgniter\CodeIgniter))
11 FCPATH\index.php(56): CodeIgniter\Boot::bootWeb(Object(Config\Paths))
WARNING - 2025-03-06 16:51:22 --> [DEPRECATED] strtotime(): Passing null to parameter #1 ($datetime) of type string is deprecated in APPPATH\Views\Admin\PhotoUpload\photolist.php on line 76.
 1 APPPATH\Views\Admin\PhotoUpload\photolist.php(76): strtotime(null)
 2 SYSTEMPATH\View\View.php(234): include('C:\\xampp\\htdocs\\Wolfox\\app\\Views\\Admin\\PhotoUpload\\photolist.php')
 3 SYSTEMPATH\View\View.php(237): CodeIgniter\View\View->CodeIgniter\View\{closure}()
 4 SYSTEMPATH\Common.php(1171): CodeIgniter\View\View->render('/Admin/photoupload/photolist', [], true)
 5 APPPATH\Controllers\PhotoUpload.php(119): view('/Admin/photoupload/photolist', [...])
 6 SYSTEMPATH\CodeIgniter.php(933): App\Controllers\Photoupload->photolist()
 7 SYSTEMPATH\CodeIgniter.php(509): CodeIgniter\CodeIgniter->runController(Object(App\Controllers\Photoupload))
 8 SYSTEMPATH\CodeIgniter.php(355): CodeIgniter\CodeIgniter->handleRequest(null, Object(Config\Cache), false)
 9 SYSTEMPATH\Boot.php(325): CodeIgniter\CodeIgniter->run()
10 SYSTEMPATH\Boot.php(67): CodeIgniter\Boot::runCodeIgniter(Object(CodeIgniter\CodeIgniter))
11 FCPATH\index.php(56): CodeIgniter\Boot::bootWeb(Object(Config\Paths))
WARNING - 2025-03-06 16:51:22 --> [DEPRECATED] strtotime(): Passing null to parameter #1 ($datetime) of type string is deprecated in APPPATH\Views\Admin\PhotoUpload\photolist.php on line 76.
 1 APPPATH\Views\Admin\PhotoUpload\photolist.php(76): strtotime(null)
 2 SYSTEMPATH\View\View.php(234): include('C:\\xampp\\htdocs\\Wolfox\\app\\Views\\Admin\\PhotoUpload\\photolist.php')
 3 SYSTEMPATH\View\View.php(237): CodeIgniter\View\View->CodeIgniter\View\{closure}()
 4 SYSTEMPATH\Common.php(1171): CodeIgniter\View\View->render('/Admin/photoupload/photolist', [], true)
 5 APPPATH\Controllers\PhotoUpload.php(119): view('/Admin/photoupload/photolist', [...])
 6 SYSTEMPATH\CodeIgniter.php(933): App\Controllers\Photoupload->photolist()
 7 SYSTEMPATH\CodeIgniter.php(509): CodeIgniter\CodeIgniter->runController(Object(App\Controllers\Photoupload))
 8 SYSTEMPATH\CodeIgniter.php(355): CodeIgniter\CodeIgniter->handleRequest(null, Object(Config\Cache), false)
 9 SYSTEMPATH\Boot.php(325): CodeIgniter\CodeIgniter->run()
10 SYSTEMPATH\Boot.php(67): CodeIgniter\Boot::runCodeIgniter(Object(CodeIgniter\CodeIgniter))
11 FCPATH\index.php(56): CodeIgniter\Boot::bootWeb(Object(Config\Paths))
WARNING - 2025-03-06 16:51:22 --> [DEPRECATED] strtotime(): Passing null to parameter #1 ($datetime) of type string is deprecated in APPPATH\Views\Admin\PhotoUpload\photolist.php on line 76.
 1 APPPATH\Views\Admin\PhotoUpload\photolist.php(76): strtotime(null)
 2 SYSTEMPATH\View\View.php(234): include('C:\\xampp\\htdocs\\Wolfox\\app\\Views\\Admin\\PhotoUpload\\photolist.php')
 3 SYSTEMPATH\View\View.php(237): CodeIgniter\View\View->CodeIgniter\View\{closure}()
 4 SYSTEMPATH\Common.php(1171): CodeIgniter\View\View->render('/Admin/photoupload/photolist', [], true)
 5 APPPATH\Controllers\PhotoUpload.php(119): view('/Admin/photoupload/photolist', [...])
 6 SYSTEMPATH\CodeIgniter.php(933): App\Controllers\Photoupload->photolist()
 7 SYSTEMPATH\CodeIgniter.php(509): CodeIgniter\CodeIgniter->runController(Object(App\Controllers\Photoupload))
 8 SYSTEMPATH\CodeIgniter.php(355): CodeIgniter\CodeIgniter->handleRequest(null, Object(Config\Cache), false)
 9 SYSTEMPATH\Boot.php(325): CodeIgniter\CodeIgniter->run()
10 SYSTEMPATH\Boot.php(67): CodeIgniter\Boot::runCodeIgniter(Object(CodeIgniter\CodeIgniter))
11 FCPATH\index.php(56): CodeIgniter\Boot::bootWeb(Object(Config\Paths))
WARNING - 2025-03-06 16:51:22 --> [DEPRECATED] strtotime(): Passing null to parameter #1 ($datetime) of type string is deprecated in APPPATH\Views\Admin\PhotoUpload\photolist.php on line 76.
 1 APPPATH\Views\Admin\PhotoUpload\photolist.php(76): strtotime(null)
 2 SYSTEMPATH\View\View.php(234): include('C:\\xampp\\htdocs\\Wolfox\\app\\Views\\Admin\\PhotoUpload\\photolist.php')
 3 SYSTEMPATH\View\View.php(237): CodeIgniter\View\View->CodeIgniter\View\{closure}()
 4 SYSTEMPATH\Common.php(1171): CodeIgniter\View\View->render('/Admin/photoupload/photolist', [], true)
 5 APPPATH\Controllers\PhotoUpload.php(119): view('/Admin/photoupload/photolist', [...])
 6 SYSTEMPATH\CodeIgniter.php(933): App\Controllers\Photoupload->photolist()
 7 SYSTEMPATH\CodeIgniter.php(509): CodeIgniter\CodeIgniter->runController(Object(App\Controllers\Photoupload))
 8 SYSTEMPATH\CodeIgniter.php(355): CodeIgniter\CodeIgniter->handleRequest(null, Object(Config\Cache), false)
 9 SYSTEMPATH\Boot.php(325): CodeIgniter\CodeIgniter->run()
10 SYSTEMPATH\Boot.php(67): CodeIgniter\Boot::runCodeIgniter(Object(CodeIgniter\CodeIgniter))
11 FCPATH\index.php(56): CodeIgniter\Boot::bootWeb(Object(Config\Paths))
WARNING - 2025-03-06 16:51:22 --> [DEPRECATED] strtotime(): Passing null to parameter #1 ($datetime) of type string is deprecated in APPPATH\Views\Admin\PhotoUpload\photolist.php on line 76.
 1 APPPATH\Views\Admin\PhotoUpload\photolist.php(76): strtotime(null)
 2 SYSTEMPATH\View\View.php(234): include('C:\\xampp\\htdocs\\Wolfox\\app\\Views\\Admin\\PhotoUpload\\photolist.php')
 3 SYSTEMPATH\View\View.php(237): CodeIgniter\View\View->CodeIgniter\View\{closure}()
 4 SYSTEMPATH\Common.php(1171): CodeIgniter\View\View->render('/Admin/photoupload/photolist', [], true)
 5 APPPATH\Controllers\PhotoUpload.php(119): view('/Admin/photoupload/photolist', [...])
 6 SYSTEMPATH\CodeIgniter.php(933): App\Controllers\Photoupload->photolist()
 7 SYSTEMPATH\CodeIgniter.php(509): CodeIgniter\CodeIgniter->runController(Object(App\Controllers\Photoupload))
 8 SYSTEMPATH\CodeIgniter.php(355): CodeIgniter\CodeIgniter->handleRequest(null, Object(Config\Cache), false)
 9 SYSTEMPATH\Boot.php(325): CodeIgniter\CodeIgniter->run()
10 SYSTEMPATH\Boot.php(67): CodeIgniter\Boot::runCodeIgniter(Object(CodeIgniter\CodeIgniter))
11 FCPATH\index.php(56): CodeIgniter\Boot::bootWeb(Object(Config\Paths))
INFO - 2025-03-06 16:51:32 --> Session: Class initialized using 'CodeIgniter\Session\Handlers\FileHandler' driver.
INFO - 2025-03-06 16:52:14 --> Session: Class initialized using 'CodeIgniter\Session\Handlers\FileHandler' driver.
INFO - 2025-03-06 16:52:22 --> Session: Class initialized using 'CodeIgniter\Session\Handlers\FileHandler' driver.
INFO - 2025-03-06 16:53:45 --> Session: Class initialized using 'CodeIgniter\Session\Handlers\FileHandler' driver.
INFO - 2025-03-06 16:53:49 --> Session: Class initialized using 'CodeIgniter\Session\Handlers\FileHandler' driver.
WARNING - 2025-03-06 16:53:49 --> [DEPRECATED] strtotime(): Passing null to parameter #1 ($datetime) of type string is deprecated in APPPATH\Views\Admin\PhotoUpload\photolist.php on line 76.
 1 APPPATH\Views\Admin\PhotoUpload\photolist.php(76): strtotime(null)
 2 SYSTEMPATH\View\View.php(234): include('C:\\xampp\\htdocs\\Wolfox\\app\\Views\\Admin\\PhotoUpload\\photolist.php')
 3 SYSTEMPATH\View\View.php(237): CodeIgniter\View\View->CodeIgniter\View\{closure}()
 4 SYSTEMPATH\Common.php(1171): CodeIgniter\View\View->render('/Admin/photoupload/photolist', [], true)
 5 APPPATH\Controllers\PhotoUpload.php(119): view('/Admin/photoupload/photolist', [...])
 6 SYSTEMPATH\CodeIgniter.php(933): App\Controllers\Photoupload->photolist()
 7 SYSTEMPATH\CodeIgniter.php(509): CodeIgniter\CodeIgniter->runController(Object(App\Controllers\Photoupload))
 8 SYSTEMPATH\CodeIgniter.php(355): CodeIgniter\CodeIgniter->handleRequest(null, Object(Config\Cache), false)
 9 SYSTEMPATH\Boot.php(325): CodeIgniter\CodeIgniter->run()
10 SYSTEMPATH\Boot.php(67): CodeIgniter\Boot::runCodeIgniter(Object(CodeIgniter\CodeIgniter))
11 FCPATH\index.php(56): CodeIgniter\Boot::bootWeb(Object(Config\Paths))
WARNING - 2025-03-06 16:53:49 --> [DEPRECATED] strtotime(): Passing null to parameter #1 ($datetime) of type string is deprecated in APPPATH\Views\Admin\PhotoUpload\photolist.php on line 76.
 1 APPPATH\Views\Admin\PhotoUpload\photolist.php(76): strtotime(null)
 2 SYSTEMPATH\View\View.php(234): include('C:\\xampp\\htdocs\\Wolfox\\app\\Views\\Admin\\PhotoUpload\\photolist.php')
 3 SYSTEMPATH\View\View.php(237): CodeIgniter\View\View->CodeIgniter\View\{closure}()
 4 SYSTEMPATH\Common.php(1171): CodeIgniter\View\View->render('/Admin/photoupload/photolist', [], true)
 5 APPPATH\Controllers\PhotoUpload.php(119): view('/Admin/photoupload/photolist', [...])
 6 SYSTEMPATH\CodeIgniter.php(933): App\Controllers\Photoupload->photolist()
 7 SYSTEMPATH\CodeIgniter.php(509): CodeIgniter\CodeIgniter->runController(Object(App\Controllers\Photoupload))
 8 SYSTEMPATH\CodeIgniter.php(355): CodeIgniter\CodeIgniter->handleRequest(null, Object(Config\Cache), false)
 9 SYSTEMPATH\Boot.php(325): CodeIgniter\CodeIgniter->run()
10 SYSTEMPATH\Boot.php(67): CodeIgniter\Boot::runCodeIgniter(Object(CodeIgniter\CodeIgniter))
11 FCPATH\index.php(56): CodeIgniter\Boot::bootWeb(Object(Config\Paths))
WARNING - 2025-03-06 16:53:49 --> [DEPRECATED] strtotime(): Passing null to parameter #1 ($datetime) of type string is deprecated in APPPATH\Views\Admin\PhotoUpload\photolist.php on line 76.
 1 APPPATH\Views\Admin\PhotoUpload\photolist.php(76): strtotime(null)
 2 SYSTEMPATH\View\View.php(234): include('C:\\xampp\\htdocs\\Wolfox\\app\\Views\\Admin\\PhotoUpload\\photolist.php')
 3 SYSTEMPATH\View\View.php(237): CodeIgniter\View\View->CodeIgniter\View\{closure}()
 4 SYSTEMPATH\Common.php(1171): CodeIgniter\View\View->render('/Admin/photoupload/photolist', [], true)
 5 APPPATH\Controllers\PhotoUpload.php(119): view('/Admin/photoupload/photolist', [...])
 6 SYSTEMPATH\CodeIgniter.php(933): App\Controllers\Photoupload->photolist()
 7 SYSTEMPATH\CodeIgniter.php(509): CodeIgniter\CodeIgniter->runController(Object(App\Controllers\Photoupload))
 8 SYSTEMPATH\CodeIgniter.php(355): CodeIgniter\CodeIgniter->handleRequest(null, Object(Config\Cache), false)
 9 SYSTEMPATH\Boot.php(325): CodeIgniter\CodeIgniter->run()
10 SYSTEMPATH\Boot.php(67): CodeIgniter\Boot::runCodeIgniter(Object(CodeIgniter\CodeIgniter))
11 FCPATH\index.php(56): CodeIgniter\Boot::bootWeb(Object(Config\Paths))
WARNING - 2025-03-06 16:53:49 --> [DEPRECATED] strtotime(): Passing null to parameter #1 ($datetime) of type string is deprecated in APPPATH\Views\Admin\PhotoUpload\photolist.php on line 76.
 1 APPPATH\Views\Admin\PhotoUpload\photolist.php(76): strtotime(null)
 2 SYSTEMPATH\View\View.php(234): include('C:\\xampp\\htdocs\\Wolfox\\app\\Views\\Admin\\PhotoUpload\\photolist.php')
 3 SYSTEMPATH\View\View.php(237): CodeIgniter\View\View->CodeIgniter\View\{closure}()
 4 SYSTEMPATH\Common.php(1171): CodeIgniter\View\View->render('/Admin/photoupload/photolist', [], true)
 5 APPPATH\Controllers\PhotoUpload.php(119): view('/Admin/photoupload/photolist', [...])
 6 SYSTEMPATH\CodeIgniter.php(933): App\Controllers\Photoupload->photolist()
 7 SYSTEMPATH\CodeIgniter.php(509): CodeIgniter\CodeIgniter->runController(Object(App\Controllers\Photoupload))
 8 SYSTEMPATH\CodeIgniter.php(355): CodeIgniter\CodeIgniter->handleRequest(null, Object(Config\Cache), false)
 9 SYSTEMPATH\Boot.php(325): CodeIgniter\CodeIgniter->run()
10 SYSTEMPATH\Boot.php(67): CodeIgniter\Boot::runCodeIgniter(Object(CodeIgniter\CodeIgniter))
11 FCPATH\index.php(56): CodeIgniter\Boot::bootWeb(Object(Config\Paths))
WARNING - 2025-03-06 16:53:49 --> [DEPRECATED] strtotime(): Passing null to parameter #1 ($datetime) of type string is deprecated in APPPATH\Views\Admin\PhotoUpload\photolist.php on line 76.
 1 APPPATH\Views\Admin\PhotoUpload\photolist.php(76): strtotime(null)
 2 SYSTEMPATH\View\View.php(234): include('C:\\xampp\\htdocs\\Wolfox\\app\\Views\\Admin\\PhotoUpload\\photolist.php')
 3 SYSTEMPATH\View\View.php(237): CodeIgniter\View\View->CodeIgniter\View\{closure}()
 4 SYSTEMPATH\Common.php(1171): CodeIgniter\View\View->render('/Admin/photoupload/photolist', [], true)
 5 APPPATH\Controllers\PhotoUpload.php(119): view('/Admin/photoupload/photolist', [...])
 6 SYSTEMPATH\CodeIgniter.php(933): App\Controllers\Photoupload->photolist()
 7 SYSTEMPATH\CodeIgniter.php(509): CodeIgniter\CodeIgniter->runController(Object(App\Controllers\Photoupload))
 8 SYSTEMPATH\CodeIgniter.php(355): CodeIgniter\CodeIgniter->handleRequest(null, Object(Config\Cache), false)
 9 SYSTEMPATH\Boot.php(325): CodeIgniter\CodeIgniter->run()
10 SYSTEMPATH\Boot.php(67): CodeIgniter\Boot::runCodeIgniter(Object(CodeIgniter\CodeIgniter))
11 FCPATH\index.php(56): CodeIgniter\Boot::bootWeb(Object(Config\Paths))
WARNING - 2025-03-06 16:53:49 --> [DEPRECATED] strtotime(): Passing null to parameter #1 ($datetime) of type string is deprecated in APPPATH\Views\Admin\PhotoUpload\photolist.php on line 76.
 1 APPPATH\Views\Admin\PhotoUpload\photolist.php(76): strtotime(null)
 2 SYSTEMPATH\View\View.php(234): include('C:\\xampp\\htdocs\\Wolfox\\app\\Views\\Admin\\PhotoUpload\\photolist.php')
 3 SYSTEMPATH\View\View.php(237): CodeIgniter\View\View->CodeIgniter\View\{closure}()
 4 SYSTEMPATH\Common.php(1171): CodeIgniter\View\View->render('/Admin/photoupload/photolist', [], true)
 5 APPPATH\Controllers\PhotoUpload.php(119): view('/Admin/photoupload/photolist', [...])
 6 SYSTEMPATH\CodeIgniter.php(933): App\Controllers\Photoupload->photolist()
 7 SYSTEMPATH\CodeIgniter.php(509): CodeIgniter\CodeIgniter->runController(Object(App\Controllers\Photoupload))
 8 SYSTEMPATH\CodeIgniter.php(355): CodeIgniter\CodeIgniter->handleRequest(null, Object(Config\Cache), false)
 9 SYSTEMPATH\Boot.php(325): CodeIgniter\CodeIgniter->run()
10 SYSTEMPATH\Boot.php(67): CodeIgniter\Boot::runCodeIgniter(Object(CodeIgniter\CodeIgniter))
11 FCPATH\index.php(56): CodeIgniter\Boot::bootWeb(Object(Config\Paths))
WARNING - 2025-03-06 16:53:49 --> [DEPRECATED] strtotime(): Passing null to parameter #1 ($datetime) of type string is deprecated in APPPATH\Views\Admin\PhotoUpload\photolist.php on line 76.
 1 APPPATH\Views\Admin\PhotoUpload\photolist.php(76): strtotime(null)
 2 SYSTEMPATH\View\View.php(234): include('C:\\xampp\\htdocs\\Wolfox\\app\\Views\\Admin\\PhotoUpload\\photolist.php')
 3 SYSTEMPATH\View\View.php(237): CodeIgniter\View\View->CodeIgniter\View\{closure}()
 4 SYSTEMPATH\Common.php(1171): CodeIgniter\View\View->render('/Admin/photoupload/photolist', [], true)
 5 APPPATH\Controllers\PhotoUpload.php(119): view('/Admin/photoupload/photolist', [...])
 6 SYSTEMPATH\CodeIgniter.php(933): App\Controllers\Photoupload->photolist()
 7 SYSTEMPATH\CodeIgniter.php(509): CodeIgniter\CodeIgniter->runController(Object(App\Controllers\Photoupload))
 8 SYSTEMPATH\CodeIgniter.php(355): CodeIgniter\CodeIgniter->handleRequest(null, Object(Config\Cache), false)
 9 SYSTEMPATH\Boot.php(325): CodeIgniter\CodeIgniter->run()
10 SYSTEMPATH\Boot.php(67): CodeIgniter\Boot::runCodeIgniter(Object(CodeIgniter\CodeIgniter))
11 FCPATH\index.php(56): CodeIgniter\Boot::bootWeb(Object(Config\Paths))
WARNING - 2025-03-06 16:53:49 --> [DEPRECATED] strtotime(): Passing null to parameter #1 ($datetime) of type string is deprecated in APPPATH\Views\Admin\PhotoUpload\photolist.php on line 76.
 1 APPPATH\Views\Admin\PhotoUpload\photolist.php(76): strtotime(null)
 2 SYSTEMPATH\View\View.php(234): include('C:\\xampp\\htdocs\\Wolfox\\app\\Views\\Admin\\PhotoUpload\\photolist.php')
 3 SYSTEMPATH\View\View.php(237): CodeIgniter\View\View->CodeIgniter\View\{closure}()
 4 SYSTEMPATH\Common.php(1171): CodeIgniter\View\View->render('/Admin/photoupload/photolist', [], true)
 5 APPPATH\Controllers\PhotoUpload.php(119): view('/Admin/photoupload/photolist', [...])
 6 SYSTEMPATH\CodeIgniter.php(933): App\Controllers\Photoupload->photolist()
 7 SYSTEMPATH\CodeIgniter.php(509): CodeIgniter\CodeIgniter->runController(Object(App\Controllers\Photoupload))
 8 SYSTEMPATH\CodeIgniter.php(355): CodeIgniter\CodeIgniter->handleRequest(null, Object(Config\Cache), false)
 9 SYSTEMPATH\Boot.php(325): CodeIgniter\CodeIgniter->run()
10 SYSTEMPATH\Boot.php(67): CodeIgniter\Boot::runCodeIgniter(Object(CodeIgniter\CodeIgniter))
11 FCPATH\index.php(56): CodeIgniter\Boot::bootWeb(Object(Config\Paths))
WARNING - 2025-03-06 16:53:49 --> [DEPRECATED] strtotime(): Passing null to parameter #1 ($datetime) of type string is deprecated in APPPATH\Views\Admin\PhotoUpload\photolist.php on line 76.
 1 APPPATH\Views\Admin\PhotoUpload\photolist.php(76): strtotime(null)
 2 SYSTEMPATH\View\View.php(234): include('C:\\xampp\\htdocs\\Wolfox\\app\\Views\\Admin\\PhotoUpload\\photolist.php')
 3 SYSTEMPATH\View\View.php(237): CodeIgniter\View\View->CodeIgniter\View\{closure}()
 4 SYSTEMPATH\Common.php(1171): CodeIgniter\View\View->render('/Admin/photoupload/photolist', [], true)
 5 APPPATH\Controllers\PhotoUpload.php(119): view('/Admin/photoupload/photolist', [...])
 6 SYSTEMPATH\CodeIgniter.php(933): App\Controllers\Photoupload->photolist()
 7 SYSTEMPATH\CodeIgniter.php(509): CodeIgniter\CodeIgniter->runController(Object(App\Controllers\Photoupload))
 8 SYSTEMPATH\CodeIgniter.php(355): CodeIgniter\CodeIgniter->handleRequest(null, Object(Config\Cache), false)
 9 SYSTEMPATH\Boot.php(325): CodeIgniter\CodeIgniter->run()
10 SYSTEMPATH\Boot.php(67): CodeIgniter\Boot::runCodeIgniter(Object(CodeIgniter\CodeIgniter))
11 FCPATH\index.php(56): CodeIgniter\Boot::bootWeb(Object(Config\Paths))
WARNING - 2025-03-06 16:53:49 --> [DEPRECATED] strtotime(): Passing null to parameter #1 ($datetime) of type string is deprecated in APPPATH\Views\Admin\PhotoUpload\photolist.php on line 76.
 1 APPPATH\Views\Admin\PhotoUpload\photolist.php(76): strtotime(null)
 2 SYSTEMPATH\View\View.php(234): include('C:\\xampp\\htdocs\\Wolfox\\app\\Views\\Admin\\PhotoUpload\\photolist.php')
 3 SYSTEMPATH\View\View.php(237): CodeIgniter\View\View->CodeIgniter\View\{closure}()
 4 SYSTEMPATH\Common.php(1171): CodeIgniter\View\View->render('/Admin/photoupload/photolist', [], true)
 5 APPPATH\Controllers\PhotoUpload.php(119): view('/Admin/photoupload/photolist', [...])
 6 SYSTEMPATH\CodeIgniter.php(933): App\Controllers\Photoupload->photolist()
 7 SYSTEMPATH\CodeIgniter.php(509): CodeIgniter\CodeIgniter->runController(Object(App\Controllers\Photoupload))
 8 SYSTEMPATH\CodeIgniter.php(355): CodeIgniter\CodeIgniter->handleRequest(null, Object(Config\Cache), false)
 9 SYSTEMPATH\Boot.php(325): CodeIgniter\CodeIgniter->run()
10 SYSTEMPATH\Boot.php(67): CodeIgniter\Boot::runCodeIgniter(Object(CodeIgniter\CodeIgniter))
11 FCPATH\index.php(56): CodeIgniter\Boot::bootWeb(Object(Config\Paths))
INFO - 2025-03-06 16:54:18 --> Session: Class initialized using 'CodeIgniter\Session\Handlers\FileHandler' driver.
INFO - 2025-03-06 16:54:46 --> Session: Class initialized using 'CodeIgniter\Session\Handlers\FileHandler' driver.
INFO - 2025-03-06 16:54:49 --> Session: Class initialized using 'CodeIgniter\Session\Handlers\FileHandler' driver.
INFO - 2025-03-06 16:54:53 --> Session: Class initialized using 'CodeIgniter\Session\Handlers\FileHandler' driver.
INFO - 2025-03-06 16:55:10 --> Session: Class initialized using 'CodeIgniter\Session\Handlers\FileHandler' driver.
WARNING - 2025-03-06 16:55:10 --> [DEPRECATED] strtotime(): Passing null to parameter #1 ($datetime) of type string is deprecated in APPPATH\Views\Admin\PhotoUpload\photolist.php on line 76.
 1 APPPATH\Views\Admin\PhotoUpload\photolist.php(76): strtotime(null)
 2 SYSTEMPATH\View\View.php(234): include('C:\\xampp\\htdocs\\Wolfox\\app\\Views\\Admin\\PhotoUpload\\photolist.php')
 3 SYSTEMPATH\View\View.php(237): CodeIgniter\View\View->CodeIgniter\View\{closure}()
 4 SYSTEMPATH\Common.php(1171): CodeIgniter\View\View->render('/Admin/photoupload/photolist', [], true)
 5 APPPATH\Controllers\PhotoUpload.php(119): view('/Admin/photoupload/photolist', [...])
 6 SYSTEMPATH\CodeIgniter.php(933): App\Controllers\Photoupload->photolist()
 7 SYSTEMPATH\CodeIgniter.php(509): CodeIgniter\CodeIgniter->runController(Object(App\Controllers\Photoupload))
 8 SYSTEMPATH\CodeIgniter.php(355): CodeIgniter\CodeIgniter->handleRequest(null, Object(Config\Cache), false)
 9 SYSTEMPATH\Boot.php(325): CodeIgniter\CodeIgniter->run()
10 SYSTEMPATH\Boot.php(67): CodeIgniter\Boot::runCodeIgniter(Object(CodeIgniter\CodeIgniter))
11 FCPATH\index.php(56): CodeIgniter\Boot::bootWeb(Object(Config\Paths))
WARNING - 2025-03-06 16:55:10 --> [DEPRECATED] strtotime(): Passing null to parameter #1 ($datetime) of type string is deprecated in APPPATH\Views\Admin\PhotoUpload\photolist.php on line 76.
 1 APPPATH\Views\Admin\PhotoUpload\photolist.php(76): strtotime(null)
 2 SYSTEMPATH\View\View.php(234): include('C:\\xampp\\htdocs\\Wolfox\\app\\Views\\Admin\\PhotoUpload\\photolist.php')
 3 SYSTEMPATH\View\View.php(237): CodeIgniter\View\View->CodeIgniter\View\{closure}()
 4 SYSTEMPATH\Common.php(1171): CodeIgniter\View\View->render('/Admin/photoupload/photolist', [], true)
 5 APPPATH\Controllers\PhotoUpload.php(119): view('/Admin/photoupload/photolist', [...])
 6 SYSTEMPATH\CodeIgniter.php(933): App\Controllers\Photoupload->photolist()
 7 SYSTEMPATH\CodeIgniter.php(509): CodeIgniter\CodeIgniter->runController(Object(App\Controllers\Photoupload))
 8 SYSTEMPATH\CodeIgniter.php(355): CodeIgniter\CodeIgniter->handleRequest(null, Object(Config\Cache), false)
 9 SYSTEMPATH\Boot.php(325): CodeIgniter\CodeIgniter->run()
10 SYSTEMPATH\Boot.php(67): CodeIgniter\Boot::runCodeIgniter(Object(CodeIgniter\CodeIgniter))
11 FCPATH\index.php(56): CodeIgniter\Boot::bootWeb(Object(Config\Paths))
WARNING - 2025-03-06 16:55:10 --> [DEPRECATED] strtotime(): Passing null to parameter #1 ($datetime) of type string is deprecated in APPPATH\Views\Admin\PhotoUpload\photolist.php on line 76.
 1 APPPATH\Views\Admin\PhotoUpload\photolist.php(76): strtotime(null)
 2 SYSTEMPATH\View\View.php(234): include('C:\\xampp\\htdocs\\Wolfox\\app\\Views\\Admin\\PhotoUpload\\photolist.php')
 3 SYSTEMPATH\View\View.php(237): CodeIgniter\View\View->CodeIgniter\View\{closure}()
 4 SYSTEMPATH\Common.php(1171): CodeIgniter\View\View->render('/Admin/photoupload/photolist', [], true)
 5 APPPATH\Controllers\PhotoUpload.php(119): view('/Admin/photoupload/photolist', [...])
 6 SYSTEMPATH\CodeIgniter.php(933): App\Controllers\Photoupload->photolist()
 7 SYSTEMPATH\CodeIgniter.php(509): CodeIgniter\CodeIgniter->runController(Object(App\Controllers\Photoupload))
 8 SYSTEMPATH\CodeIgniter.php(355): CodeIgniter\CodeIgniter->handleRequest(null, Object(Config\Cache), false)
 9 SYSTEMPATH\Boot.php(325): CodeIgniter\CodeIgniter->run()
10 SYSTEMPATH\Boot.php(67): CodeIgniter\Boot::runCodeIgniter(Object(CodeIgniter\CodeIgniter))
11 FCPATH\index.php(56): CodeIgniter\Boot::bootWeb(Object(Config\Paths))
WARNING - 2025-03-06 16:55:10 --> [DEPRECATED] strtotime(): Passing null to parameter #1 ($datetime) of type string is deprecated in APPPATH\Views\Admin\PhotoUpload\photolist.php on line 76.
 1 APPPATH\Views\Admin\PhotoUpload\photolist.php(76): strtotime(null)
 2 SYSTEMPATH\View\View.php(234): include('C:\\xampp\\htdocs\\Wolfox\\app\\Views\\Admin\\PhotoUpload\\photolist.php')
 3 SYSTEMPATH\View\View.php(237): CodeIgniter\View\View->CodeIgniter\View\{closure}()
 4 SYSTEMPATH\Common.php(1171): CodeIgniter\View\View->render('/Admin/photoupload/photolist', [], true)
 5 APPPATH\Controllers\PhotoUpload.php(119): view('/Admin/photoupload/photolist', [...])
 6 SYSTEMPATH\CodeIgniter.php(933): App\Controllers\Photoupload->photolist()
 7 SYSTEMPATH\CodeIgniter.php(509): CodeIgniter\CodeIgniter->runController(Object(App\Controllers\Photoupload))
 8 SYSTEMPATH\CodeIgniter.php(355): CodeIgniter\CodeIgniter->handleRequest(null, Object(Config\Cache), false)
 9 SYSTEMPATH\Boot.php(325): CodeIgniter\CodeIgniter->run()
10 SYSTEMPATH\Boot.php(67): CodeIgniter\Boot::runCodeIgniter(Object(CodeIgniter\CodeIgniter))
11 FCPATH\index.php(56): CodeIgniter\Boot::bootWeb(Object(Config\Paths))
WARNING - 2025-03-06 16:55:10 --> [DEPRECATED] strtotime(): Passing null to parameter #1 ($datetime) of type string is deprecated in APPPATH\Views\Admin\PhotoUpload\photolist.php on line 76.
 1 APPPATH\Views\Admin\PhotoUpload\photolist.php(76): strtotime(null)
 2 SYSTEMPATH\View\View.php(234): include('C:\\xampp\\htdocs\\Wolfox\\app\\Views\\Admin\\PhotoUpload\\photolist.php')
 3 SYSTEMPATH\View\View.php(237): CodeIgniter\View\View->CodeIgniter\View\{closure}()
 4 SYSTEMPATH\Common.php(1171): CodeIgniter\View\View->render('/Admin/photoupload/photolist', [], true)
 5 APPPATH\Controllers\PhotoUpload.php(119): view('/Admin/photoupload/photolist', [...])
 6 SYSTEMPATH\CodeIgniter.php(933): App\Controllers\Photoupload->photolist()
 7 SYSTEMPATH\CodeIgniter.php(509): CodeIgniter\CodeIgniter->runController(Object(App\Controllers\Photoupload))
 8 SYSTEMPATH\CodeIgniter.php(355): CodeIgniter\CodeIgniter->handleRequest(null, Object(Config\Cache), false)
 9 SYSTEMPATH\Boot.php(325): CodeIgniter\CodeIgniter->run()
10 SYSTEMPATH\Boot.php(67): CodeIgniter\Boot::runCodeIgniter(Object(CodeIgniter\CodeIgniter))
11 FCPATH\index.php(56): CodeIgniter\Boot::bootWeb(Object(Config\Paths))
WARNING - 2025-03-06 16:55:10 --> [DEPRECATED] strtotime(): Passing null to parameter #1 ($datetime) of type string is deprecated in APPPATH\Views\Admin\PhotoUpload\photolist.php on line 76.
 1 APPPATH\Views\Admin\PhotoUpload\photolist.php(76): strtotime(null)
 2 SYSTEMPATH\View\View.php(234): include('C:\\xampp\\htdocs\\Wolfox\\app\\Views\\Admin\\PhotoUpload\\photolist.php')
 3 SYSTEMPATH\View\View.php(237): CodeIgniter\View\View->CodeIgniter\View\{closure}()
 4 SYSTEMPATH\Common.php(1171): CodeIgniter\View\View->render('/Admin/photoupload/photolist', [], true)
 5 APPPATH\Controllers\PhotoUpload.php(119): view('/Admin/photoupload/photolist', [...])
 6 SYSTEMPATH\CodeIgniter.php(933): App\Controllers\Photoupload->photolist()
 7 SYSTEMPATH\CodeIgniter.php(509): CodeIgniter\CodeIgniter->runController(Object(App\Controllers\Photoupload))
 8 SYSTEMPATH\CodeIgniter.php(355): CodeIgniter\CodeIgniter->handleRequest(null, Object(Config\Cache), false)
 9 SYSTEMPATH\Boot.php(325): CodeIgniter\CodeIgniter->run()
10 SYSTEMPATH\Boot.php(67): CodeIgniter\Boot::runCodeIgniter(Object(CodeIgniter\CodeIgniter))
11 FCPATH\index.php(56): CodeIgniter\Boot::bootWeb(Object(Config\Paths))
WARNING - 2025-03-06 16:55:10 --> [DEPRECATED] strtotime(): Passing null to parameter #1 ($datetime) of type string is deprecated in APPPATH\Views\Admin\PhotoUpload\photolist.php on line 76.
 1 APPPATH\Views\Admin\PhotoUpload\photolist.php(76): strtotime(null)
 2 SYSTEMPATH\View\View.php(234): include('C:\\xampp\\htdocs\\Wolfox\\app\\Views\\Admin\\PhotoUpload\\photolist.php')
 3 SYSTEMPATH\View\View.php(237): CodeIgniter\View\View->CodeIgniter\View\{closure}()
 4 SYSTEMPATH\Common.php(1171): CodeIgniter\View\View->render('/Admin/photoupload/photolist', [], true)
 5 APPPATH\Controllers\PhotoUpload.php(119): view('/Admin/photoupload/photolist', [...])
 6 SYSTEMPATH\CodeIgniter.php(933): App\Controllers\Photoupload->photolist()
 7 SYSTEMPATH\CodeIgniter.php(509): CodeIgniter\CodeIgniter->runController(Object(App\Controllers\Photoupload))
 8 SYSTEMPATH\CodeIgniter.php(355): CodeIgniter\CodeIgniter->handleRequest(null, Object(Config\Cache), false)
 9 SYSTEMPATH\Boot.php(325): CodeIgniter\CodeIgniter->run()
10 SYSTEMPATH\Boot.php(67): CodeIgniter\Boot::runCodeIgniter(Object(CodeIgniter\CodeIgniter))
11 FCPATH\index.php(56): CodeIgniter\Boot::bootWeb(Object(Config\Paths))
WARNING - 2025-03-06 16:55:10 --> [DEPRECATED] strtotime(): Passing null to parameter #1 ($datetime) of type string is deprecated in APPPATH\Views\Admin\PhotoUpload\photolist.php on line 76.
 1 APPPATH\Views\Admin\PhotoUpload\photolist.php(76): strtotime(null)
 2 SYSTEMPATH\View\View.php(234): include('C:\\xampp\\htdocs\\Wolfox\\app\\Views\\Admin\\PhotoUpload\\photolist.php')
 3 SYSTEMPATH\View\View.php(237): CodeIgniter\View\View->CodeIgniter\View\{closure}()
 4 SYSTEMPATH\Common.php(1171): CodeIgniter\View\View->render('/Admin/photoupload/photolist', [], true)
 5 APPPATH\Controllers\PhotoUpload.php(119): view('/Admin/photoupload/photolist', [...])
 6 SYSTEMPATH\CodeIgniter.php(933): App\Controllers\Photoupload->photolist()
 7 SYSTEMPATH\CodeIgniter.php(509): CodeIgniter\CodeIgniter->runController(Object(App\Controllers\Photoupload))
 8 SYSTEMPATH\CodeIgniter.php(355): CodeIgniter\CodeIgniter->handleRequest(null, Object(Config\Cache), false)
 9 SYSTEMPATH\Boot.php(325): CodeIgniter\CodeIgniter->run()
10 SYSTEMPATH\Boot.php(67): CodeIgniter\Boot::runCodeIgniter(Object(CodeIgniter\CodeIgniter))
11 FCPATH\index.php(56): CodeIgniter\Boot::bootWeb(Object(Config\Paths))
WARNING - 2025-03-06 16:55:10 --> [DEPRECATED] strtotime(): Passing null to parameter #1 ($datetime) of type string is deprecated in APPPATH\Views\Admin\PhotoUpload\photolist.php on line 76.
 1 APPPATH\Views\Admin\PhotoUpload\photolist.php(76): strtotime(null)
 2 SYSTEMPATH\View\View.php(234): include('C:\\xampp\\htdocs\\Wolfox\\app\\Views\\Admin\\PhotoUpload\\photolist.php')
 3 SYSTEMPATH\View\View.php(237): CodeIgniter\View\View->CodeIgniter\View\{closure}()
 4 SYSTEMPATH\Common.php(1171): CodeIgniter\View\View->render('/Admin/photoupload/photolist', [], true)
 5 APPPATH\Controllers\PhotoUpload.php(119): view('/Admin/photoupload/photolist', [...])
 6 SYSTEMPATH\CodeIgniter.php(933): App\Controllers\Photoupload->photolist()
 7 SYSTEMPATH\CodeIgniter.php(509): CodeIgniter\CodeIgniter->runController(Object(App\Controllers\Photoupload))
 8 SYSTEMPATH\CodeIgniter.php(355): CodeIgniter\CodeIgniter->handleRequest(null, Object(Config\Cache), false)
 9 SYSTEMPATH\Boot.php(325): CodeIgniter\CodeIgniter->run()
10 SYSTEMPATH\Boot.php(67): CodeIgniter\Boot::runCodeIgniter(Object(CodeIgniter\CodeIgniter))
11 FCPATH\index.php(56): CodeIgniter\Boot::bootWeb(Object(Config\Paths))
WARNING - 2025-03-06 16:55:10 --> [DEPRECATED] strtotime(): Passing null to parameter #1 ($datetime) of type string is deprecated in APPPATH\Views\Admin\PhotoUpload\photolist.php on line 76.
 1 APPPATH\Views\Admin\PhotoUpload\photolist.php(76): strtotime(null)
 2 SYSTEMPATH\View\View.php(234): include('C:\\xampp\\htdocs\\Wolfox\\app\\Views\\Admin\\PhotoUpload\\photolist.php')
 3 SYSTEMPATH\View\View.php(237): CodeIgniter\View\View->CodeIgniter\View\{closure}()
 4 SYSTEMPATH\Common.php(1171): CodeIgniter\View\View->render('/Admin/photoupload/photolist', [], true)
 5 APPPATH\Controllers\PhotoUpload.php(119): view('/Admin/photoupload/photolist', [...])
 6 SYSTEMPATH\CodeIgniter.php(933): App\Controllers\Photoupload->photolist()
 7 SYSTEMPATH\CodeIgniter.php(509): CodeIgniter\CodeIgniter->runController(Object(App\Controllers\Photoupload))
 8 SYSTEMPATH\CodeIgniter.php(355): CodeIgniter\CodeIgniter->handleRequest(null, Object(Config\Cache), false)
 9 SYSTEMPATH\Boot.php(325): CodeIgniter\CodeIgniter->run()
10 SYSTEMPATH\Boot.php(67): CodeIgniter\Boot::runCodeIgniter(Object(CodeIgniter\CodeIgniter))
11 FCPATH\index.php(56): CodeIgniter\Boot::bootWeb(Object(Config\Paths))
INFO - 2025-03-06 16:55:38 --> Session: Class initialized using 'CodeIgniter\Session\Handlers\FileHandler' driver.
INFO - 2025-03-06 16:56:09 --> Session: Class initialized using 'CodeIgniter\Session\Handlers\FileHandler' driver.
INFO - 2025-03-06 16:56:10 --> Session: Class initialized using 'CodeIgniter\Session\Handlers\FileHandler' driver.
INFO - 2025-03-06 16:56:14 --> Session: Class initialized using 'CodeIgniter\Session\Handlers\FileHandler' driver.
WARNING - 2025-03-06 16:56:14 --> [DEPRECATED] strtotime(): Passing null to parameter #1 ($datetime) of type string is deprecated in APPPATH\Views\Admin\PhotoUpload\photolist.php on line 76.
 1 APPPATH\Views\Admin\PhotoUpload\photolist.php(76): strtotime(null)
 2 SYSTEMPATH\View\View.php(234): include('C:\\xampp\\htdocs\\Wolfox\\app\\Views\\Admin\\PhotoUpload\\photolist.php')
 3 SYSTEMPATH\View\View.php(237): CodeIgniter\View\View->CodeIgniter\View\{closure}()
 4 SYSTEMPATH\Common.php(1171): CodeIgniter\View\View->render('/Admin/photoupload/photolist', [], true)
 5 APPPATH\Controllers\PhotoUpload.php(119): view('/Admin/photoupload/photolist', [...])
 6 SYSTEMPATH\CodeIgniter.php(933): App\Controllers\Photoupload->photolist()
 7 SYSTEMPATH\CodeIgniter.php(509): CodeIgniter\CodeIgniter->runController(Object(App\Controllers\Photoupload))
 8 SYSTEMPATH\CodeIgniter.php(355): CodeIgniter\CodeIgniter->handleRequest(null, Object(Config\Cache), false)
 9 SYSTEMPATH\Boot.php(325): CodeIgniter\CodeIgniter->run()
10 SYSTEMPATH\Boot.php(67): CodeIgniter\Boot::runCodeIgniter(Object(CodeIgniter\CodeIgniter))
11 FCPATH\index.php(56): CodeIgniter\Boot::bootWeb(Object(Config\Paths))
WARNING - 2025-03-06 16:56:14 --> [DEPRECATED] strtotime(): Passing null to parameter #1 ($datetime) of type string is deprecated in APPPATH\Views\Admin\PhotoUpload\photolist.php on line 76.
 1 APPPATH\Views\Admin\PhotoUpload\photolist.php(76): strtotime(null)
 2 SYSTEMPATH\View\View.php(234): include('C:\\xampp\\htdocs\\Wolfox\\app\\Views\\Admin\\PhotoUpload\\photolist.php')
 3 SYSTEMPATH\View\View.php(237): CodeIgniter\View\View->CodeIgniter\View\{closure}()
 4 SYSTEMPATH\Common.php(1171): CodeIgniter\View\View->render('/Admin/photoupload/photolist', [], true)
 5 APPPATH\Controllers\PhotoUpload.php(119): view('/Admin/photoupload/photolist', [...])
 6 SYSTEMPATH\CodeIgniter.php(933): App\Controllers\Photoupload->photolist()
 7 SYSTEMPATH\CodeIgniter.php(509): CodeIgniter\CodeIgniter->runController(Object(App\Controllers\Photoupload))
 8 SYSTEMPATH\CodeIgniter.php(355): CodeIgniter\CodeIgniter->handleRequest(null, Object(Config\Cache), false)
 9 SYSTEMPATH\Boot.php(325): CodeIgniter\CodeIgniter->run()
10 SYSTEMPATH\Boot.php(67): CodeIgniter\Boot::runCodeIgniter(Object(CodeIgniter\CodeIgniter))
11 FCPATH\index.php(56): CodeIgniter\Boot::bootWeb(Object(Config\Paths))
WARNING - 2025-03-06 16:56:14 --> [DEPRECATED] strtotime(): Passing null to parameter #1 ($datetime) of type string is deprecated in APPPATH\Views\Admin\PhotoUpload\photolist.php on line 76.
 1 APPPATH\Views\Admin\PhotoUpload\photolist.php(76): strtotime(null)
 2 SYSTEMPATH\View\View.php(234): include('C:\\xampp\\htdocs\\Wolfox\\app\\Views\\Admin\\PhotoUpload\\photolist.php')
 3 SYSTEMPATH\View\View.php(237): CodeIgniter\View\View->CodeIgniter\View\{closure}()
 4 SYSTEMPATH\Common.php(1171): CodeIgniter\View\View->render('/Admin/photoupload/photolist', [], true)
 5 APPPATH\Controllers\PhotoUpload.php(119): view('/Admin/photoupload/photolist', [...])
 6 SYSTEMPATH\CodeIgniter.php(933): App\Controllers\Photoupload->photolist()
 7 SYSTEMPATH\CodeIgniter.php(509): CodeIgniter\CodeIgniter->runController(Object(App\Controllers\Photoupload))
 8 SYSTEMPATH\CodeIgniter.php(355): CodeIgniter\CodeIgniter->handleRequest(null, Object(Config\Cache), false)
 9 SYSTEMPATH\Boot.php(325): CodeIgniter\CodeIgniter->run()
10 SYSTEMPATH\Boot.php(67): CodeIgniter\Boot::runCodeIgniter(Object(CodeIgniter\CodeIgniter))
11 FCPATH\index.php(56): CodeIgniter\Boot::bootWeb(Object(Config\Paths))
WARNING - 2025-03-06 16:56:14 --> [DEPRECATED] strtotime(): Passing null to parameter #1 ($datetime) of type string is deprecated in APPPATH\Views\Admin\PhotoUpload\photolist.php on line 76.
 1 APPPATH\Views\Admin\PhotoUpload\photolist.php(76): strtotime(null)
 2 SYSTEMPATH\View\View.php(234): include('C:\\xampp\\htdocs\\Wolfox\\app\\Views\\Admin\\PhotoUpload\\photolist.php')
 3 SYSTEMPATH\View\View.php(237): CodeIgniter\View\View->CodeIgniter\View\{closure}()
 4 SYSTEMPATH\Common.php(1171): CodeIgniter\View\View->render('/Admin/photoupload/photolist', [], true)
 5 APPPATH\Controllers\PhotoUpload.php(119): view('/Admin/photoupload/photolist', [...])
 6 SYSTEMPATH\CodeIgniter.php(933): App\Controllers\Photoupload->photolist()
 7 SYSTEMPATH\CodeIgniter.php(509): CodeIgniter\CodeIgniter->runController(Object(App\Controllers\Photoupload))
 8 SYSTEMPATH\CodeIgniter.php(355): CodeIgniter\CodeIgniter->handleRequest(null, Object(Config\Cache), false)
 9 SYSTEMPATH\Boot.php(325): CodeIgniter\CodeIgniter->run()
10 SYSTEMPATH\Boot.php(67): CodeIgniter\Boot::runCodeIgniter(Object(CodeIgniter\CodeIgniter))
11 FCPATH\index.php(56): CodeIgniter\Boot::bootWeb(Object(Config\Paths))
WARNING - 2025-03-06 16:56:14 --> [DEPRECATED] strtotime(): Passing null to parameter #1 ($datetime) of type string is deprecated in APPPATH\Views\Admin\PhotoUpload\photolist.php on line 76.
 1 APPPATH\Views\Admin\PhotoUpload\photolist.php(76): strtotime(null)
 2 SYSTEMPATH\View\View.php(234): include('C:\\xampp\\htdocs\\Wolfox\\app\\Views\\Admin\\PhotoUpload\\photolist.php')
 3 SYSTEMPATH\View\View.php(237): CodeIgniter\View\View->CodeIgniter\View\{closure}()
 4 SYSTEMPATH\Common.php(1171): CodeIgniter\View\View->render('/Admin/photoupload/photolist', [], true)
 5 APPPATH\Controllers\PhotoUpload.php(119): view('/Admin/photoupload/photolist', [...])
 6 SYSTEMPATH\CodeIgniter.php(933): App\Controllers\Photoupload->photolist()
 7 SYSTEMPATH\CodeIgniter.php(509): CodeIgniter\CodeIgniter->runController(Object(App\Controllers\Photoupload))
 8 SYSTEMPATH\CodeIgniter.php(355): CodeIgniter\CodeIgniter->handleRequest(null, Object(Config\Cache), false)
 9 SYSTEMPATH\Boot.php(325): CodeIgniter\CodeIgniter->run()
10 SYSTEMPATH\Boot.php(67): CodeIgniter\Boot::runCodeIgniter(Object(CodeIgniter\CodeIgniter))
11 FCPATH\index.php(56): CodeIgniter\Boot::bootWeb(Object(Config\Paths))
WARNING - 2025-03-06 16:56:14 --> [DEPRECATED] strtotime(): Passing null to parameter #1 ($datetime) of type string is deprecated in APPPATH\Views\Admin\PhotoUpload\photolist.php on line 76.
 1 APPPATH\Views\Admin\PhotoUpload\photolist.php(76): strtotime(null)
 2 SYSTEMPATH\View\View.php(234): include('C:\\xampp\\htdocs\\Wolfox\\app\\Views\\Admin\\PhotoUpload\\photolist.php')
 3 SYSTEMPATH\View\View.php(237): CodeIgniter\View\View->CodeIgniter\View\{closure}()
 4 SYSTEMPATH\Common.php(1171): CodeIgniter\View\View->render('/Admin/photoupload/photolist', [], true)
 5 APPPATH\Controllers\PhotoUpload.php(119): view('/Admin/photoupload/photolist', [...])
 6 SYSTEMPATH\CodeIgniter.php(933): App\Controllers\Photoupload->photolist()
 7 SYSTEMPATH\CodeIgniter.php(509): CodeIgniter\CodeIgniter->runController(Object(App\Controllers\Photoupload))
 8 SYSTEMPATH\CodeIgniter.php(355): CodeIgniter\CodeIgniter->handleRequest(null, Object(Config\Cache), false)
 9 SYSTEMPATH\Boot.php(325): CodeIgniter\CodeIgniter->run()
10 SYSTEMPATH\Boot.php(67): CodeIgniter\Boot::runCodeIgniter(Object(CodeIgniter\CodeIgniter))
11 FCPATH\index.php(56): CodeIgniter\Boot::bootWeb(Object(Config\Paths))
WARNING - 2025-03-06 16:56:14 --> [DEPRECATED] strtotime(): Passing null to parameter #1 ($datetime) of type string is deprecated in APPPATH\Views\Admin\PhotoUpload\photolist.php on line 76.
 1 APPPATH\Views\Admin\PhotoUpload\photolist.php(76): strtotime(null)
 2 SYSTEMPATH\View\View.php(234): include('C:\\xampp\\htdocs\\Wolfox\\app\\Views\\Admin\\PhotoUpload\\photolist.php')
 3 SYSTEMPATH\View\View.php(237): CodeIgniter\View\View->CodeIgniter\View\{closure}()
 4 SYSTEMPATH\Common.php(1171): CodeIgniter\View\View->render('/Admin/photoupload/photolist', [], true)
 5 APPPATH\Controllers\PhotoUpload.php(119): view('/Admin/photoupload/photolist', [...])
 6 SYSTEMPATH\CodeIgniter.php(933): App\Controllers\Photoupload->photolist()
 7 SYSTEMPATH\CodeIgniter.php(509): CodeIgniter\CodeIgniter->runController(Object(App\Controllers\Photoupload))
 8 SYSTEMPATH\CodeIgniter.php(355): CodeIgniter\CodeIgniter->handleRequest(null, Object(Config\Cache), false)
 9 SYSTEMPATH\Boot.php(325): CodeIgniter\CodeIgniter->run()
10 SYSTEMPATH\Boot.php(67): CodeIgniter\Boot::runCodeIgniter(Object(CodeIgniter\CodeIgniter))
11 FCPATH\index.php(56): CodeIgniter\Boot::bootWeb(Object(Config\Paths))
WARNING - 2025-03-06 16:56:14 --> [DEPRECATED] strtotime(): Passing null to parameter #1 ($datetime) of type string is deprecated in APPPATH\Views\Admin\PhotoUpload\photolist.php on line 76.
 1 APPPATH\Views\Admin\PhotoUpload\photolist.php(76): strtotime(null)
 2 SYSTEMPATH\View\View.php(234): include('C:\\xampp\\htdocs\\Wolfox\\app\\Views\\Admin\\PhotoUpload\\photolist.php')
 3 SYSTEMPATH\View\View.php(237): CodeIgniter\View\View->CodeIgniter\View\{closure}()
 4 SYSTEMPATH\Common.php(1171): CodeIgniter\View\View->render('/Admin/photoupload/photolist', [], true)
 5 APPPATH\Controllers\PhotoUpload.php(119): view('/Admin/photoupload/photolist', [...])
 6 SYSTEMPATH\CodeIgniter.php(933): App\Controllers\Photoupload->photolist()
 7 SYSTEMPATH\CodeIgniter.php(509): CodeIgniter\CodeIgniter->runController(Object(App\Controllers\Photoupload))
 8 SYSTEMPATH\CodeIgniter.php(355): CodeIgniter\CodeIgniter->handleRequest(null, Object(Config\Cache), false)
 9 SYSTEMPATH\Boot.php(325): CodeIgniter\CodeIgniter->run()
10 SYSTEMPATH\Boot.php(67): CodeIgniter\Boot::runCodeIgniter(Object(CodeIgniter\CodeIgniter))
11 FCPATH\index.php(56): CodeIgniter\Boot::bootWeb(Object(Config\Paths))
WARNING - 2025-03-06 16:56:14 --> [DEPRECATED] strtotime(): Passing null to parameter #1 ($datetime) of type string is deprecated in APPPATH\Views\Admin\PhotoUpload\photolist.php on line 76.
 1 APPPATH\Views\Admin\PhotoUpload\photolist.php(76): strtotime(null)
 2 SYSTEMPATH\View\View.php(234): include('C:\\xampp\\htdocs\\Wolfox\\app\\Views\\Admin\\PhotoUpload\\photolist.php')
 3 SYSTEMPATH\View\View.php(237): CodeIgniter\View\View->CodeIgniter\View\{closure}()
 4 SYSTEMPATH\Common.php(1171): CodeIgniter\View\View->render('/Admin/photoupload/photolist', [], true)
 5 APPPATH\Controllers\PhotoUpload.php(119): view('/Admin/photoupload/photolist', [...])
 6 SYSTEMPATH\CodeIgniter.php(933): App\Controllers\Photoupload->photolist()
 7 SYSTEMPATH\CodeIgniter.php(509): CodeIgniter\CodeIgniter->runController(Object(App\Controllers\Photoupload))
 8 SYSTEMPATH\CodeIgniter.php(355): CodeIgniter\CodeIgniter->handleRequest(null, Object(Config\Cache), false)
 9 SYSTEMPATH\Boot.php(325): CodeIgniter\CodeIgniter->run()
10 SYSTEMPATH\Boot.php(67): CodeIgniter\Boot::runCodeIgniter(Object(CodeIgniter\CodeIgniter))
11 FCPATH\index.php(56): CodeIgniter\Boot::bootWeb(Object(Config\Paths))
WARNING - 2025-03-06 16:56:14 --> [DEPRECATED] strtotime(): Passing null to parameter #1 ($datetime) of type string is deprecated in APPPATH\Views\Admin\PhotoUpload\photolist.php on line 76.
 1 APPPATH\Views\Admin\PhotoUpload\photolist.php(76): strtotime(null)
 2 SYSTEMPATH\View\View.php(234): include('C:\\xampp\\htdocs\\Wolfox\\app\\Views\\Admin\\PhotoUpload\\photolist.php')
 3 SYSTEMPATH\View\View.php(237): CodeIgniter\View\View->CodeIgniter\View\{closure}()
 4 SYSTEMPATH\Common.php(1171): CodeIgniter\View\View->render('/Admin/photoupload/photolist', [], true)
 5 APPPATH\Controllers\PhotoUpload.php(119): view('/Admin/photoupload/photolist', [...])
 6 SYSTEMPATH\CodeIgniter.php(933): App\Controllers\Photoupload->photolist()
 7 SYSTEMPATH\CodeIgniter.php(509): CodeIgniter\CodeIgniter->runController(Object(App\Controllers\Photoupload))
 8 SYSTEMPATH\CodeIgniter.php(355): CodeIgniter\CodeIgniter->handleRequest(null, Object(Config\Cache), false)
 9 SYSTEMPATH\Boot.php(325): CodeIgniter\CodeIgniter->run()
10 SYSTEMPATH\Boot.php(67): CodeIgniter\Boot::runCodeIgniter(Object(CodeIgniter\CodeIgniter))
11 FCPATH\index.php(56): CodeIgniter\Boot::bootWeb(Object(Config\Paths))
INFO - 2025-03-06 16:56:50 --> Session: Class initialized using 'CodeIgniter\Session\Handlers\FileHandler' driver.
INFO - 2025-03-06 16:56:50 --> Session: Class initialized using 'CodeIgniter\Session\Handlers\FileHandler' driver.
WARNING - 2025-03-06 16:56:50 --> [DEPRECATED] strtotime(): Passing null to parameter #1 ($datetime) of type string is deprecated in APPPATH\Views\Admin\PhotoUpload\photolist.php on line 76.
 1 APPPATH\Views\Admin\PhotoUpload\photolist.php(76): strtotime(null)
 2 SYSTEMPATH\View\View.php(234): include('C:\\xampp\\htdocs\\Wolfox\\app\\Views\\Admin\\PhotoUpload\\photolist.php')
 3 SYSTEMPATH\View\View.php(237): CodeIgniter\View\View->CodeIgniter\View\{closure}()
 4 SYSTEMPATH\Common.php(1171): CodeIgniter\View\View->render('/Admin/photoupload/photolist', [], true)
 5 APPPATH\Controllers\PhotoUpload.php(119): view('/Admin/photoupload/photolist', [...])
 6 SYSTEMPATH\CodeIgniter.php(933): App\Controllers\Photoupload->photolist()
 7 SYSTEMPATH\CodeIgniter.php(509): CodeIgniter\CodeIgniter->runController(Object(App\Controllers\Photoupload))
 8 SYSTEMPATH\CodeIgniter.php(355): CodeIgniter\CodeIgniter->handleRequest(null, Object(Config\Cache), false)
 9 SYSTEMPATH\Boot.php(325): CodeIgniter\CodeIgniter->run()
10 SYSTEMPATH\Boot.php(67): CodeIgniter\Boot::runCodeIgniter(Object(CodeIgniter\CodeIgniter))
11 FCPATH\index.php(56): CodeIgniter\Boot::bootWeb(Object(Config\Paths))
WARNING - 2025-03-06 16:56:50 --> [DEPRECATED] strtotime(): Passing null to parameter #1 ($datetime) of type string is deprecated in APPPATH\Views\Admin\PhotoUpload\photolist.php on line 76.
 1 APPPATH\Views\Admin\PhotoUpload\photolist.php(76): strtotime(null)
 2 SYSTEMPATH\View\View.php(234): include('C:\\xampp\\htdocs\\Wolfox\\app\\Views\\Admin\\PhotoUpload\\photolist.php')
 3 SYSTEMPATH\View\View.php(237): CodeIgniter\View\View->CodeIgniter\View\{closure}()
 4 SYSTEMPATH\Common.php(1171): CodeIgniter\View\View->render('/Admin/photoupload/photolist', [], true)
 5 APPPATH\Controllers\PhotoUpload.php(119): view('/Admin/photoupload/photolist', [...])
 6 SYSTEMPATH\CodeIgniter.php(933): App\Controllers\Photoupload->photolist()
 7 SYSTEMPATH\CodeIgniter.php(509): CodeIgniter\CodeIgniter->runController(Object(App\Controllers\Photoupload))
 8 SYSTEMPATH\CodeIgniter.php(355): CodeIgniter\CodeIgniter->handleRequest(null, Object(Config\Cache), false)
 9 SYSTEMPATH\Boot.php(325): CodeIgniter\CodeIgniter->run()
10 SYSTEMPATH\Boot.php(67): CodeIgniter\Boot::runCodeIgniter(Object(CodeIgniter\CodeIgniter))
11 FCPATH\index.php(56): CodeIgniter\Boot::bootWeb(Object(Config\Paths))
WARNING - 2025-03-06 16:56:50 --> [DEPRECATED] strtotime(): Passing null to parameter #1 ($datetime) of type string is deprecated in APPPATH\Views\Admin\PhotoUpload\photolist.php on line 76.
 1 APPPATH\Views\Admin\PhotoUpload\photolist.php(76): strtotime(null)
 2 SYSTEMPATH\View\View.php(234): include('C:\\xampp\\htdocs\\Wolfox\\app\\Views\\Admin\\PhotoUpload\\photolist.php')
 3 SYSTEMPATH\View\View.php(237): CodeIgniter\View\View->CodeIgniter\View\{closure}()
 4 SYSTEMPATH\Common.php(1171): CodeIgniter\View\View->render('/Admin/photoupload/photolist', [], true)
 5 APPPATH\Controllers\PhotoUpload.php(119): view('/Admin/photoupload/photolist', [...])
 6 SYSTEMPATH\CodeIgniter.php(933): App\Controllers\Photoupload->photolist()
 7 SYSTEMPATH\CodeIgniter.php(509): CodeIgniter\CodeIgniter->runController(Object(App\Controllers\Photoupload))
 8 SYSTEMPATH\CodeIgniter.php(355): CodeIgniter\CodeIgniter->handleRequest(null, Object(Config\Cache), false)
 9 SYSTEMPATH\Boot.php(325): CodeIgniter\CodeIgniter->run()
10 SYSTEMPATH\Boot.php(67): CodeIgniter\Boot::runCodeIgniter(Object(CodeIgniter\CodeIgniter))
11 FCPATH\index.php(56): CodeIgniter\Boot::bootWeb(Object(Config\Paths))
WARNING - 2025-03-06 16:56:50 --> [DEPRECATED] strtotime(): Passing null to parameter #1 ($datetime) of type string is deprecated in APPPATH\Views\Admin\PhotoUpload\photolist.php on line 76.
 1 APPPATH\Views\Admin\PhotoUpload\photolist.php(76): strtotime(null)
 2 SYSTEMPATH\View\View.php(234): include('C:\\xampp\\htdocs\\Wolfox\\app\\Views\\Admin\\PhotoUpload\\photolist.php')
 3 SYSTEMPATH\View\View.php(237): CodeIgniter\View\View->CodeIgniter\View\{closure}()
 4 SYSTEMPATH\Common.php(1171): CodeIgniter\View\View->render('/Admin/photoupload/photolist', [], true)
 5 APPPATH\Controllers\PhotoUpload.php(119): view('/Admin/photoupload/photolist', [...])
 6 SYSTEMPATH\CodeIgniter.php(933): App\Controllers\Photoupload->photolist()
 7 SYSTEMPATH\CodeIgniter.php(509): CodeIgniter\CodeIgniter->runController(Object(App\Controllers\Photoupload))
 8 SYSTEMPATH\CodeIgniter.php(355): CodeIgniter\CodeIgniter->handleRequest(null, Object(Config\Cache), false)
 9 SYSTEMPATH\Boot.php(325): CodeIgniter\CodeIgniter->run()
10 SYSTEMPATH\Boot.php(67): CodeIgniter\Boot::runCodeIgniter(Object(CodeIgniter\CodeIgniter))
11 FCPATH\index.php(56): CodeIgniter\Boot::bootWeb(Object(Config\Paths))
WARNING - 2025-03-06 16:56:50 --> [DEPRECATED] strtotime(): Passing null to parameter #1 ($datetime) of type string is deprecated in APPPATH\Views\Admin\PhotoUpload\photolist.php on line 76.
 1 APPPATH\Views\Admin\PhotoUpload\photolist.php(76): strtotime(null)
 2 SYSTEMPATH\View\View.php(234): include('C:\\xampp\\htdocs\\Wolfox\\app\\Views\\Admin\\PhotoUpload\\photolist.php')
 3 SYSTEMPATH\View\View.php(237): CodeIgniter\View\View->CodeIgniter\View\{closure}()
 4 SYSTEMPATH\Common.php(1171): CodeIgniter\View\View->render('/Admin/photoupload/photolist', [], true)
 5 APPPATH\Controllers\PhotoUpload.php(119): view('/Admin/photoupload/photolist', [...])
 6 SYSTEMPATH\CodeIgniter.php(933): App\Controllers\Photoupload->photolist()
 7 SYSTEMPATH\CodeIgniter.php(509): CodeIgniter\CodeIgniter->runController(Object(App\Controllers\Photoupload))
 8 SYSTEMPATH\CodeIgniter.php(355): CodeIgniter\CodeIgniter->handleRequest(null, Object(Config\Cache), false)
 9 SYSTEMPATH\Boot.php(325): CodeIgniter\CodeIgniter->run()
10 SYSTEMPATH\Boot.php(67): CodeIgniter\Boot::runCodeIgniter(Object(CodeIgniter\CodeIgniter))
11 FCPATH\index.php(56): CodeIgniter\Boot::bootWeb(Object(Config\Paths))
WARNING - 2025-03-06 16:56:50 --> [DEPRECATED] strtotime(): Passing null to parameter #1 ($datetime) of type string is deprecated in APPPATH\Views\Admin\PhotoUpload\photolist.php on line 76.
 1 APPPATH\Views\Admin\PhotoUpload\photolist.php(76): strtotime(null)
 2 SYSTEMPATH\View\View.php(234): include('C:\\xampp\\htdocs\\Wolfox\\app\\Views\\Admin\\PhotoUpload\\photolist.php')
 3 SYSTEMPATH\View\View.php(237): CodeIgniter\View\View->CodeIgniter\View\{closure}()
 4 SYSTEMPATH\Common.php(1171): CodeIgniter\View\View->render('/Admin/photoupload/photolist', [], true)
 5 APPPATH\Controllers\PhotoUpload.php(119): view('/Admin/photoupload/photolist', [...])
 6 SYSTEMPATH\CodeIgniter.php(933): App\Controllers\Photoupload->photolist()
 7 SYSTEMPATH\CodeIgniter.php(509): CodeIgniter\CodeIgniter->runController(Object(App\Controllers\Photoupload))
 8 SYSTEMPATH\CodeIgniter.php(355): CodeIgniter\CodeIgniter->handleRequest(null, Object(Config\Cache), false)
 9 SYSTEMPATH\Boot.php(325): CodeIgniter\CodeIgniter->run()
10 SYSTEMPATH\Boot.php(67): CodeIgniter\Boot::runCodeIgniter(Object(CodeIgniter\CodeIgniter))
11 FCPATH\index.php(56): CodeIgniter\Boot::bootWeb(Object(Config\Paths))
WARNING - 2025-03-06 16:56:50 --> [DEPRECATED] strtotime(): Passing null to parameter #1 ($datetime) of type string is deprecated in APPPATH\Views\Admin\PhotoUpload\photolist.php on line 76.
 1 APPPATH\Views\Admin\PhotoUpload\photolist.php(76): strtotime(null)
 2 SYSTEMPATH\View\View.php(234): include('C:\\xampp\\htdocs\\Wolfox\\app\\Views\\Admin\\PhotoUpload\\photolist.php')
 3 SYSTEMPATH\View\View.php(237): CodeIgniter\View\View->CodeIgniter\View\{closure}()
 4 SYSTEMPATH\Common.php(1171): CodeIgniter\View\View->render('/Admin/photoupload/photolist', [], true)
 5 APPPATH\Controllers\PhotoUpload.php(119): view('/Admin/photoupload/photolist', [...])
 6 SYSTEMPATH\CodeIgniter.php(933): App\Controllers\Photoupload->photolist()
 7 SYSTEMPATH\CodeIgniter.php(509): CodeIgniter\CodeIgniter->runController(Object(App\Controllers\Photoupload))
 8 SYSTEMPATH\CodeIgniter.php(355): CodeIgniter\CodeIgniter->handleRequest(null, Object(Config\Cache), false)
 9 SYSTEMPATH\Boot.php(325): CodeIgniter\CodeIgniter->run()
10 SYSTEMPATH\Boot.php(67): CodeIgniter\Boot::runCodeIgniter(Object(CodeIgniter\CodeIgniter))
11 FCPATH\index.php(56): CodeIgniter\Boot::bootWeb(Object(Config\Paths))
WARNING - 2025-03-06 16:56:50 --> [DEPRECATED] strtotime(): Passing null to parameter #1 ($datetime) of type string is deprecated in APPPATH\Views\Admin\PhotoUpload\photolist.php on line 76.
 1 APPPATH\Views\Admin\PhotoUpload\photolist.php(76): strtotime(null)
 2 SYSTEMPATH\View\View.php(234): include('C:\\xampp\\htdocs\\Wolfox\\app\\Views\\Admin\\PhotoUpload\\photolist.php')
 3 SYSTEMPATH\View\View.php(237): CodeIgniter\View\View->CodeIgniter\View\{closure}()
 4 SYSTEMPATH\Common.php(1171): CodeIgniter\View\View->render('/Admin/photoupload/photolist', [], true)
 5 APPPATH\Controllers\PhotoUpload.php(119): view('/Admin/photoupload/photolist', [...])
 6 SYSTEMPATH\CodeIgniter.php(933): App\Controllers\Photoupload->photolist()
 7 SYSTEMPATH\CodeIgniter.php(509): CodeIgniter\CodeIgniter->runController(Object(App\Controllers\Photoupload))
 8 SYSTEMPATH\CodeIgniter.php(355): CodeIgniter\CodeIgniter->handleRequest(null, Object(Config\Cache), false)
 9 SYSTEMPATH\Boot.php(325): CodeIgniter\CodeIgniter->run()
10 SYSTEMPATH\Boot.php(67): CodeIgniter\Boot::runCodeIgniter(Object(CodeIgniter\CodeIgniter))
11 FCPATH\index.php(56): CodeIgniter\Boot::bootWeb(Object(Config\Paths))
WARNING - 2025-03-06 16:56:50 --> [DEPRECATED] strtotime(): Passing null to parameter #1 ($datetime) of type string is deprecated in APPPATH\Views\Admin\PhotoUpload\photolist.php on line 76.
 1 APPPATH\Views\Admin\PhotoUpload\photolist.php(76): strtotime(null)
 2 SYSTEMPATH\View\View.php(234): include('C:\\xampp\\htdocs\\Wolfox\\app\\Views\\Admin\\PhotoUpload\\photolist.php')
 3 SYSTEMPATH\View\View.php(237): CodeIgniter\View\View->CodeIgniter\View\{closure}()
 4 SYSTEMPATH\Common.php(1171): CodeIgniter\View\View->render('/Admin/photoupload/photolist', [], true)
 5 APPPATH\Controllers\PhotoUpload.php(119): view('/Admin/photoupload/photolist', [...])
 6 SYSTEMPATH\CodeIgniter.php(933): App\Controllers\Photoupload->photolist()
 7 SYSTEMPATH\CodeIgniter.php(509): CodeIgniter\CodeIgniter->runController(Object(App\Controllers\Photoupload))
 8 SYSTEMPATH\CodeIgniter.php(355): CodeIgniter\CodeIgniter->handleRequest(null, Object(Config\Cache), false)
 9 SYSTEMPATH\Boot.php(325): CodeIgniter\CodeIgniter->run()
10 SYSTEMPATH\Boot.php(67): CodeIgniter\Boot::runCodeIgniter(Object(CodeIgniter\CodeIgniter))
11 FCPATH\index.php(56): CodeIgniter\Boot::bootWeb(Object(Config\Paths))
WARNING - 2025-03-06 16:56:50 --> [DEPRECATED] strtotime(): Passing null to parameter #1 ($datetime) of type string is deprecated in APPPATH\Views\Admin\PhotoUpload\photolist.php on line 76.
 1 APPPATH\Views\Admin\PhotoUpload\photolist.php(76): strtotime(null)
 2 SYSTEMPATH\View\View.php(234): include('C:\\xampp\\htdocs\\Wolfox\\app\\Views\\Admin\\PhotoUpload\\photolist.php')
 3 SYSTEMPATH\View\View.php(237): CodeIgniter\View\View->CodeIgniter\View\{closure}()
 4 SYSTEMPATH\Common.php(1171): CodeIgniter\View\View->render('/Admin/photoupload/photolist', [], true)
 5 APPPATH\Controllers\PhotoUpload.php(119): view('/Admin/photoupload/photolist', [...])
 6 SYSTEMPATH\CodeIgniter.php(933): App\Controllers\Photoupload->photolist()
 7 SYSTEMPATH\CodeIgniter.php(509): CodeIgniter\CodeIgniter->runController(Object(App\Controllers\Photoupload))
 8 SYSTEMPATH\CodeIgniter.php(355): CodeIgniter\CodeIgniter->handleRequest(null, Object(Config\Cache), false)
 9 SYSTEMPATH\Boot.php(325): CodeIgniter\CodeIgniter->run()
10 SYSTEMPATH\Boot.php(67): CodeIgniter\Boot::runCodeIgniter(Object(CodeIgniter\CodeIgniter))
11 FCPATH\index.php(56): CodeIgniter\Boot::bootWeb(Object(Config\Paths))
INFO - 2025-03-06 16:56:58 --> Session: Class initialized using 'CodeIgniter\Session\Handlers\FileHandler' driver.
INFO - 2025-03-06 17:00:16 --> Session: Class initialized using 'CodeIgniter\Session\Handlers\FileHandler' driver.
INFO - 2025-03-06 17:00:47 --> Session: Class initialized using 'CodeIgniter\Session\Handlers\FileHandler' driver.
INFO - 2025-03-06 17:00:49 --> Session: Class initialized using 'CodeIgniter\Session\Handlers\FileHandler' driver.
INFO - 2025-03-06 17:00:53 --> Session: Class initialized using 'CodeIgniter\Session\Handlers\FileHandler' driver.
WARNING - 2025-03-06 17:00:53 --> [DEPRECATED] strtotime(): Passing null to parameter #1 ($datetime) of type string is deprecated in APPPATH\Views\Admin\PhotoUpload\photolist.php on line 76.
 1 APPPATH\Views\Admin\PhotoUpload\photolist.php(76): strtotime(null)
 2 SYSTEMPATH\View\View.php(234): include('C:\\xampp\\htdocs\\Wolfox\\app\\Views\\Admin\\PhotoUpload\\photolist.php')
 3 SYSTEMPATH\View\View.php(237): CodeIgniter\View\View->CodeIgniter\View\{closure}()
 4 SYSTEMPATH\Common.php(1171): CodeIgniter\View\View->render('/Admin/photoupload/photolist', [], true)
 5 APPPATH\Controllers\PhotoUpload.php(119): view('/Admin/photoupload/photolist', [...])
 6 SYSTEMPATH\CodeIgniter.php(933): App\Controllers\Photoupload->photolist()
 7 SYSTEMPATH\CodeIgniter.php(509): CodeIgniter\CodeIgniter->runController(Object(App\Controllers\Photoupload))
 8 SYSTEMPATH\CodeIgniter.php(355): CodeIgniter\CodeIgniter->handleRequest(null, Object(Config\Cache), false)
 9 SYSTEMPATH\Boot.php(325): CodeIgniter\CodeIgniter->run()
10 SYSTEMPATH\Boot.php(67): CodeIgniter\Boot::runCodeIgniter(Object(CodeIgniter\CodeIgniter))
11 FCPATH\index.php(56): CodeIgniter\Boot::bootWeb(Object(Config\Paths))
WARNING - 2025-03-06 17:00:53 --> [DEPRECATED] strtotime(): Passing null to parameter #1 ($datetime) of type string is deprecated in APPPATH\Views\Admin\PhotoUpload\photolist.php on line 76.
 1 APPPATH\Views\Admin\PhotoUpload\photolist.php(76): strtotime(null)
 2 SYSTEMPATH\View\View.php(234): include('C:\\xampp\\htdocs\\Wolfox\\app\\Views\\Admin\\PhotoUpload\\photolist.php')
 3 SYSTEMPATH\View\View.php(237): CodeIgniter\View\View->CodeIgniter\View\{closure}()
 4 SYSTEMPATH\Common.php(1171): CodeIgniter\View\View->render('/Admin/photoupload/photolist', [], true)
 5 APPPATH\Controllers\PhotoUpload.php(119): view('/Admin/photoupload/photolist', [...])
 6 SYSTEMPATH\CodeIgniter.php(933): App\Controllers\Photoupload->photolist()
 7 SYSTEMPATH\CodeIgniter.php(509): CodeIgniter\CodeIgniter->runController(Object(App\Controllers\Photoupload))
 8 SYSTEMPATH\CodeIgniter.php(355): CodeIgniter\CodeIgniter->handleRequest(null, Object(Config\Cache), false)
 9 SYSTEMPATH\Boot.php(325): CodeIgniter\CodeIgniter->run()
10 SYSTEMPATH\Boot.php(67): CodeIgniter\Boot::runCodeIgniter(Object(CodeIgniter\CodeIgniter))
11 FCPATH\index.php(56): CodeIgniter\Boot::bootWeb(Object(Config\Paths))
WARNING - 2025-03-06 17:00:53 --> [DEPRECATED] strtotime(): Passing null to parameter #1 ($datetime) of type string is deprecated in APPPATH\Views\Admin\PhotoUpload\photolist.php on line 76.
 1 APPPATH\Views\Admin\PhotoUpload\photolist.php(76): strtotime(null)
 2 SYSTEMPATH\View\View.php(234): include('C:\\xampp\\htdocs\\Wolfox\\app\\Views\\Admin\\PhotoUpload\\photolist.php')
 3 SYSTEMPATH\View\View.php(237): CodeIgniter\View\View->CodeIgniter\View\{closure}()
 4 SYSTEMPATH\Common.php(1171): CodeIgniter\View\View->render('/Admin/photoupload/photolist', [], true)
 5 APPPATH\Controllers\PhotoUpload.php(119): view('/Admin/photoupload/photolist', [...])
 6 SYSTEMPATH\CodeIgniter.php(933): App\Controllers\Photoupload->photolist()
 7 SYSTEMPATH\CodeIgniter.php(509): CodeIgniter\CodeIgniter->runController(Object(App\Controllers\Photoupload))
 8 SYSTEMPATH\CodeIgniter.php(355): CodeIgniter\CodeIgniter->handleRequest(null, Object(Config\Cache), false)
 9 SYSTEMPATH\Boot.php(325): CodeIgniter\CodeIgniter->run()
10 SYSTEMPATH\Boot.php(67): CodeIgniter\Boot::runCodeIgniter(Object(CodeIgniter\CodeIgniter))
11 FCPATH\index.php(56): CodeIgniter\Boot::bootWeb(Object(Config\Paths))
WARNING - 2025-03-06 17:00:53 --> [DEPRECATED] strtotime(): Passing null to parameter #1 ($datetime) of type string is deprecated in APPPATH\Views\Admin\PhotoUpload\photolist.php on line 76.
 1 APPPATH\Views\Admin\PhotoUpload\photolist.php(76): strtotime(null)
 2 SYSTEMPATH\View\View.php(234): include('C:\\xampp\\htdocs\\Wolfox\\app\\Views\\Admin\\PhotoUpload\\photolist.php')
 3 SYSTEMPATH\View\View.php(237): CodeIgniter\View\View->CodeIgniter\View\{closure}()
 4 SYSTEMPATH\Common.php(1171): CodeIgniter\View\View->render('/Admin/photoupload/photolist', [], true)
 5 APPPATH\Controllers\PhotoUpload.php(119): view('/Admin/photoupload/photolist', [...])
 6 SYSTEMPATH\CodeIgniter.php(933): App\Controllers\Photoupload->photolist()
 7 SYSTEMPATH\CodeIgniter.php(509): CodeIgniter\CodeIgniter->runController(Object(App\Controllers\Photoupload))
 8 SYSTEMPATH\CodeIgniter.php(355): CodeIgniter\CodeIgniter->handleRequest(null, Object(Config\Cache), false)
 9 SYSTEMPATH\Boot.php(325): CodeIgniter\CodeIgniter->run()
10 SYSTEMPATH\Boot.php(67): CodeIgniter\Boot::runCodeIgniter(Object(CodeIgniter\CodeIgniter))
11 FCPATH\index.php(56): CodeIgniter\Boot::bootWeb(Object(Config\Paths))
WARNING - 2025-03-06 17:00:53 --> [DEPRECATED] strtotime(): Passing null to parameter #1 ($datetime) of type string is deprecated in APPPATH\Views\Admin\PhotoUpload\photolist.php on line 76.
 1 APPPATH\Views\Admin\PhotoUpload\photolist.php(76): strtotime(null)
 2 SYSTEMPATH\View\View.php(234): include('C:\\xampp\\htdocs\\Wolfox\\app\\Views\\Admin\\PhotoUpload\\photolist.php')
 3 SYSTEMPATH\View\View.php(237): CodeIgniter\View\View->CodeIgniter\View\{closure}()
 4 SYSTEMPATH\Common.php(1171): CodeIgniter\View\View->render('/Admin/photoupload/photolist', [], true)
 5 APPPATH\Controllers\PhotoUpload.php(119): view('/Admin/photoupload/photolist', [...])
 6 SYSTEMPATH\CodeIgniter.php(933): App\Controllers\Photoupload->photolist()
 7 SYSTEMPATH\CodeIgniter.php(509): CodeIgniter\CodeIgniter->runController(Object(App\Controllers\Photoupload))
 8 SYSTEMPATH\CodeIgniter.php(355): CodeIgniter\CodeIgniter->handleRequest(null, Object(Config\Cache), false)
 9 SYSTEMPATH\Boot.php(325): CodeIgniter\CodeIgniter->run()
10 SYSTEMPATH\Boot.php(67): CodeIgniter\Boot::runCodeIgniter(Object(CodeIgniter\CodeIgniter))
11 FCPATH\index.php(56): CodeIgniter\Boot::bootWeb(Object(Config\Paths))
WARNING - 2025-03-06 17:00:53 --> [DEPRECATED] strtotime(): Passing null to parameter #1 ($datetime) of type string is deprecated in APPPATH\Views\Admin\PhotoUpload\photolist.php on line 76.
 1 APPPATH\Views\Admin\PhotoUpload\photolist.php(76): strtotime(null)
 2 SYSTEMPATH\View\View.php(234): include('C:\\xampp\\htdocs\\Wolfox\\app\\Views\\Admin\\PhotoUpload\\photolist.php')
 3 SYSTEMPATH\View\View.php(237): CodeIgniter\View\View->CodeIgniter\View\{closure}()
 4 SYSTEMPATH\Common.php(1171): CodeIgniter\View\View->render('/Admin/photoupload/photolist', [], true)
 5 APPPATH\Controllers\PhotoUpload.php(119): view('/Admin/photoupload/photolist', [...])
 6 SYSTEMPATH\CodeIgniter.php(933): App\Controllers\Photoupload->photolist()
 7 SYSTEMPATH\CodeIgniter.php(509): CodeIgniter\CodeIgniter->runController(Object(App\Controllers\Photoupload))
 8 SYSTEMPATH\CodeIgniter.php(355): CodeIgniter\CodeIgniter->handleRequest(null, Object(Config\Cache), false)
 9 SYSTEMPATH\Boot.php(325): CodeIgniter\CodeIgniter->run()
10 SYSTEMPATH\Boot.php(67): CodeIgniter\Boot::runCodeIgniter(Object(CodeIgniter\CodeIgniter))
11 FCPATH\index.php(56): CodeIgniter\Boot::bootWeb(Object(Config\Paths))
WARNING - 2025-03-06 17:00:53 --> [DEPRECATED] strtotime(): Passing null to parameter #1 ($datetime) of type string is deprecated in APPPATH\Views\Admin\PhotoUpload\photolist.php on line 76.
 1 APPPATH\Views\Admin\PhotoUpload\photolist.php(76): strtotime(null)
 2 SYSTEMPATH\View\View.php(234): include('C:\\xampp\\htdocs\\Wolfox\\app\\Views\\Admin\\PhotoUpload\\photolist.php')
 3 SYSTEMPATH\View\View.php(237): CodeIgniter\View\View->CodeIgniter\View\{closure}()
 4 SYSTEMPATH\Common.php(1171): CodeIgniter\View\View->render('/Admin/photoupload/photolist', [], true)
 5 APPPATH\Controllers\PhotoUpload.php(119): view('/Admin/photoupload/photolist', [...])
 6 SYSTEMPATH\CodeIgniter.php(933): App\Controllers\Photoupload->photolist()
 7 SYSTEMPATH\CodeIgniter.php(509): CodeIgniter\CodeIgniter->runController(Object(App\Controllers\Photoupload))
 8 SYSTEMPATH\CodeIgniter.php(355): CodeIgniter\CodeIgniter->handleRequest(null, Object(Config\Cache), false)
 9 SYSTEMPATH\Boot.php(325): CodeIgniter\CodeIgniter->run()
10 SYSTEMPATH\Boot.php(67): CodeIgniter\Boot::runCodeIgniter(Object(CodeIgniter\CodeIgniter))
11 FCPATH\index.php(56): CodeIgniter\Boot::bootWeb(Object(Config\Paths))
WARNING - 2025-03-06 17:00:53 --> [DEPRECATED] strtotime(): Passing null to parameter #1 ($datetime) of type string is deprecated in APPPATH\Views\Admin\PhotoUpload\photolist.php on line 76.
 1 APPPATH\Views\Admin\PhotoUpload\photolist.php(76): strtotime(null)
 2 SYSTEMPATH\View\View.php(234): include('C:\\xampp\\htdocs\\Wolfox\\app\\Views\\Admin\\PhotoUpload\\photolist.php')
 3 SYSTEMPATH\View\View.php(237): CodeIgniter\View\View->CodeIgniter\View\{closure}()
 4 SYSTEMPATH\Common.php(1171): CodeIgniter\View\View->render('/Admin/photoupload/photolist', [], true)
 5 APPPATH\Controllers\PhotoUpload.php(119): view('/Admin/photoupload/photolist', [...])
 6 SYSTEMPATH\CodeIgniter.php(933): App\Controllers\Photoupload->photolist()
 7 SYSTEMPATH\CodeIgniter.php(509): CodeIgniter\CodeIgniter->runController(Object(App\Controllers\Photoupload))
 8 SYSTEMPATH\CodeIgniter.php(355): CodeIgniter\CodeIgniter->handleRequest(null, Object(Config\Cache), false)
 9 SYSTEMPATH\Boot.php(325): CodeIgniter\CodeIgniter->run()
10 SYSTEMPATH\Boot.php(67): CodeIgniter\Boot::runCodeIgniter(Object(CodeIgniter\CodeIgniter))
11 FCPATH\index.php(56): CodeIgniter\Boot::bootWeb(Object(Config\Paths))
WARNING - 2025-03-06 17:00:53 --> [DEPRECATED] strtotime(): Passing null to parameter #1 ($datetime) of type string is deprecated in APPPATH\Views\Admin\PhotoUpload\photolist.php on line 76.
 1 APPPATH\Views\Admin\PhotoUpload\photolist.php(76): strtotime(null)
 2 SYSTEMPATH\View\View.php(234): include('C:\\xampp\\htdocs\\Wolfox\\app\\Views\\Admin\\PhotoUpload\\photolist.php')
 3 SYSTEMPATH\View\View.php(237): CodeIgniter\View\View->CodeIgniter\View\{closure}()
 4 SYSTEMPATH\Common.php(1171): CodeIgniter\View\View->render('/Admin/photoupload/photolist', [], true)
 5 APPPATH\Controllers\PhotoUpload.php(119): view('/Admin/photoupload/photolist', [...])
 6 SYSTEMPATH\CodeIgniter.php(933): App\Controllers\Photoupload->photolist()
 7 SYSTEMPATH\CodeIgniter.php(509): CodeIgniter\CodeIgniter->runController(Object(App\Controllers\Photoupload))
 8 SYSTEMPATH\CodeIgniter.php(355): CodeIgniter\CodeIgniter->handleRequest(null, Object(Config\Cache), false)
 9 SYSTEMPATH\Boot.php(325): CodeIgniter\CodeIgniter->run()
10 SYSTEMPATH\Boot.php(67): CodeIgniter\Boot::runCodeIgniter(Object(CodeIgniter\CodeIgniter))
11 FCPATH\index.php(56): CodeIgniter\Boot::bootWeb(Object(Config\Paths))
WARNING - 2025-03-06 17:00:53 --> [DEPRECATED] strtotime(): Passing null to parameter #1 ($datetime) of type string is deprecated in APPPATH\Views\Admin\PhotoUpload\photolist.php on line 76.
 1 APPPATH\Views\Admin\PhotoUpload\photolist.php(76): strtotime(null)
 2 SYSTEMPATH\View\View.php(234): include('C:\\xampp\\htdocs\\Wolfox\\app\\Views\\Admin\\PhotoUpload\\photolist.php')
 3 SYSTEMPATH\View\View.php(237): CodeIgniter\View\View->CodeIgniter\View\{closure}()
 4 SYSTEMPATH\Common.php(1171): CodeIgniter\View\View->render('/Admin/photoupload/photolist', [], true)
 5 APPPATH\Controllers\PhotoUpload.php(119): view('/Admin/photoupload/photolist', [...])
 6 SYSTEMPATH\CodeIgniter.php(933): App\Controllers\Photoupload->photolist()
 7 SYSTEMPATH\CodeIgniter.php(509): CodeIgniter\CodeIgniter->runController(Object(App\Controllers\Photoupload))
 8 SYSTEMPATH\CodeIgniter.php(355): CodeIgniter\CodeIgniter->handleRequest(null, Object(Config\Cache), false)
 9 SYSTEMPATH\Boot.php(325): CodeIgniter\CodeIgniter->run()
10 SYSTEMPATH\Boot.php(67): CodeIgniter\Boot::runCodeIgniter(Object(CodeIgniter\CodeIgniter))
11 FCPATH\index.php(56): CodeIgniter\Boot::bootWeb(Object(Config\Paths))
INFO - 2025-03-06 17:01:32 --> Session: Class initialized using 'CodeIgniter\Session\Handlers\FileHandler' driver.
INFO - 2025-03-06 17:01:32 --> Session: Class initialized using 'CodeIgniter\Session\Handlers\FileHandler' driver.
WARNING - 2025-03-06 17:01:32 --> [DEPRECATED] strtotime(): Passing null to parameter #1 ($datetime) of type string is deprecated in APPPATH\Views\Admin\PhotoUpload\photolist.php on line 76.
 1 APPPATH\Views\Admin\PhotoUpload\photolist.php(76): strtotime(null)
 2 SYSTEMPATH\View\View.php(234): include('C:\\xampp\\htdocs\\Wolfox\\app\\Views\\Admin\\PhotoUpload\\photolist.php')
 3 SYSTEMPATH\View\View.php(237): CodeIgniter\View\View->CodeIgniter\View\{closure}()
 4 SYSTEMPATH\Common.php(1171): CodeIgniter\View\View->render('/Admin/photoupload/photolist', [], true)
 5 APPPATH\Controllers\PhotoUpload.php(119): view('/Admin/photoupload/photolist', [...])
 6 SYSTEMPATH\CodeIgniter.php(933): App\Controllers\Photoupload->photolist()
 7 SYSTEMPATH\CodeIgniter.php(509): CodeIgniter\CodeIgniter->runController(Object(App\Controllers\Photoupload))
 8 SYSTEMPATH\CodeIgniter.php(355): CodeIgniter\CodeIgniter->handleRequest(null, Object(Config\Cache), false)
 9 SYSTEMPATH\Boot.php(325): CodeIgniter\CodeIgniter->run()
10 SYSTEMPATH\Boot.php(67): CodeIgniter\Boot::runCodeIgniter(Object(CodeIgniter\CodeIgniter))
11 FCPATH\index.php(56): CodeIgniter\Boot::bootWeb(Object(Config\Paths))
WARNING - 2025-03-06 17:01:32 --> [DEPRECATED] strtotime(): Passing null to parameter #1 ($datetime) of type string is deprecated in APPPATH\Views\Admin\PhotoUpload\photolist.php on line 76.
 1 APPPATH\Views\Admin\PhotoUpload\photolist.php(76): strtotime(null)
 2 SYSTEMPATH\View\View.php(234): include('C:\\xampp\\htdocs\\Wolfox\\app\\Views\\Admin\\PhotoUpload\\photolist.php')
 3 SYSTEMPATH\View\View.php(237): CodeIgniter\View\View->CodeIgniter\View\{closure}()
 4 SYSTEMPATH\Common.php(1171): CodeIgniter\View\View->render('/Admin/photoupload/photolist', [], true)
 5 APPPATH\Controllers\PhotoUpload.php(119): view('/Admin/photoupload/photolist', [...])
 6 SYSTEMPATH\CodeIgniter.php(933): App\Controllers\Photoupload->photolist()
 7 SYSTEMPATH\CodeIgniter.php(509): CodeIgniter\CodeIgniter->runController(Object(App\Controllers\Photoupload))
 8 SYSTEMPATH\CodeIgniter.php(355): CodeIgniter\CodeIgniter->handleRequest(null, Object(Config\Cache), false)
 9 SYSTEMPATH\Boot.php(325): CodeIgniter\CodeIgniter->run()
10 SYSTEMPATH\Boot.php(67): CodeIgniter\Boot::runCodeIgniter(Object(CodeIgniter\CodeIgniter))
11 FCPATH\index.php(56): CodeIgniter\Boot::bootWeb(Object(Config\Paths))
WARNING - 2025-03-06 17:01:32 --> [DEPRECATED] strtotime(): Passing null to parameter #1 ($datetime) of type string is deprecated in APPPATH\Views\Admin\PhotoUpload\photolist.php on line 76.
 1 APPPATH\Views\Admin\PhotoUpload\photolist.php(76): strtotime(null)
 2 SYSTEMPATH\View\View.php(234): include('C:\\xampp\\htdocs\\Wolfox\\app\\Views\\Admin\\PhotoUpload\\photolist.php')
 3 SYSTEMPATH\View\View.php(237): CodeIgniter\View\View->CodeIgniter\View\{closure}()
 4 SYSTEMPATH\Common.php(1171): CodeIgniter\View\View->render('/Admin/photoupload/photolist', [], true)
 5 APPPATH\Controllers\PhotoUpload.php(119): view('/Admin/photoupload/photolist', [...])
 6 SYSTEMPATH\CodeIgniter.php(933): App\Controllers\Photoupload->photolist()
 7 SYSTEMPATH\CodeIgniter.php(509): CodeIgniter\CodeIgniter->runController(Object(App\Controllers\Photoupload))
 8 SYSTEMPATH\CodeIgniter.php(355): CodeIgniter\CodeIgniter->handleRequest(null, Object(Config\Cache), false)
 9 SYSTEMPATH\Boot.php(325): CodeIgniter\CodeIgniter->run()
10 SYSTEMPATH\Boot.php(67): CodeIgniter\Boot::runCodeIgniter(Object(CodeIgniter\CodeIgniter))
11 FCPATH\index.php(56): CodeIgniter\Boot::bootWeb(Object(Config\Paths))
WARNING - 2025-03-06 17:01:32 --> [DEPRECATED] strtotime(): Passing null to parameter #1 ($datetime) of type string is deprecated in APPPATH\Views\Admin\PhotoUpload\photolist.php on line 76.
 1 APPPATH\Views\Admin\PhotoUpload\photolist.php(76): strtotime(null)
 2 SYSTEMPATH\View\View.php(234): include('C:\\xampp\\htdocs\\Wolfox\\app\\Views\\Admin\\PhotoUpload\\photolist.php')
 3 SYSTEMPATH\View\View.php(237): CodeIgniter\View\View->CodeIgniter\View\{closure}()
 4 SYSTEMPATH\Common.php(1171): CodeIgniter\View\View->render('/Admin/photoupload/photolist', [], true)
 5 APPPATH\Controllers\PhotoUpload.php(119): view('/Admin/photoupload/photolist', [...])
 6 SYSTEMPATH\CodeIgniter.php(933): App\Controllers\Photoupload->photolist()
 7 SYSTEMPATH\CodeIgniter.php(509): CodeIgniter\CodeIgniter->runController(Object(App\Controllers\Photoupload))
 8 SYSTEMPATH\CodeIgniter.php(355): CodeIgniter\CodeIgniter->handleRequest(null, Object(Config\Cache), false)
 9 SYSTEMPATH\Boot.php(325): CodeIgniter\CodeIgniter->run()
10 SYSTEMPATH\Boot.php(67): CodeIgniter\Boot::runCodeIgniter(Object(CodeIgniter\CodeIgniter))
11 FCPATH\index.php(56): CodeIgniter\Boot::bootWeb(Object(Config\Paths))
WARNING - 2025-03-06 17:01:32 --> [DEPRECATED] strtotime(): Passing null to parameter #1 ($datetime) of type string is deprecated in APPPATH\Views\Admin\PhotoUpload\photolist.php on line 76.
 1 APPPATH\Views\Admin\PhotoUpload\photolist.php(76): strtotime(null)
 2 SYSTEMPATH\View\View.php(234): include('C:\\xampp\\htdocs\\Wolfox\\app\\Views\\Admin\\PhotoUpload\\photolist.php')
 3 SYSTEMPATH\View\View.php(237): CodeIgniter\View\View->CodeIgniter\View\{closure}()
 4 SYSTEMPATH\Common.php(1171): CodeIgniter\View\View->render('/Admin/photoupload/photolist', [], true)
 5 APPPATH\Controllers\PhotoUpload.php(119): view('/Admin/photoupload/photolist', [...])
 6 SYSTEMPATH\CodeIgniter.php(933): App\Controllers\Photoupload->photolist()
 7 SYSTEMPATH\CodeIgniter.php(509): CodeIgniter\CodeIgniter->runController(Object(App\Controllers\Photoupload))
 8 SYSTEMPATH\CodeIgniter.php(355): CodeIgniter\CodeIgniter->handleRequest(null, Object(Config\Cache), false)
 9 SYSTEMPATH\Boot.php(325): CodeIgniter\CodeIgniter->run()
10 SYSTEMPATH\Boot.php(67): CodeIgniter\Boot::runCodeIgniter(Object(CodeIgniter\CodeIgniter))
11 FCPATH\index.php(56): CodeIgniter\Boot::bootWeb(Object(Config\Paths))
WARNING - 2025-03-06 17:01:32 --> [DEPRECATED] strtotime(): Passing null to parameter #1 ($datetime) of type string is deprecated in APPPATH\Views\Admin\PhotoUpload\photolist.php on line 76.
 1 APPPATH\Views\Admin\PhotoUpload\photolist.php(76): strtotime(null)
 2 SYSTEMPATH\View\View.php(234): include('C:\\xampp\\htdocs\\Wolfox\\app\\Views\\Admin\\PhotoUpload\\photolist.php')
 3 SYSTEMPATH\View\View.php(237): CodeIgniter\View\View->CodeIgniter\View\{closure}()
 4 SYSTEMPATH\Common.php(1171): CodeIgniter\View\View->render('/Admin/photoupload/photolist', [], true)
 5 APPPATH\Controllers\PhotoUpload.php(119): view('/Admin/photoupload/photolist', [...])
 6 SYSTEMPATH\CodeIgniter.php(933): App\Controllers\Photoupload->photolist()
 7 SYSTEMPATH\CodeIgniter.php(509): CodeIgniter\CodeIgniter->runController(Object(App\Controllers\Photoupload))
 8 SYSTEMPATH\CodeIgniter.php(355): CodeIgniter\CodeIgniter->handleRequest(null, Object(Config\Cache), false)
 9 SYSTEMPATH\Boot.php(325): CodeIgniter\CodeIgniter->run()
10 SYSTEMPATH\Boot.php(67): CodeIgniter\Boot::runCodeIgniter(Object(CodeIgniter\CodeIgniter))
11 FCPATH\index.php(56): CodeIgniter\Boot::bootWeb(Object(Config\Paths))
WARNING - 2025-03-06 17:01:32 --> [DEPRECATED] strtotime(): Passing null to parameter #1 ($datetime) of type string is deprecated in APPPATH\Views\Admin\PhotoUpload\photolist.php on line 76.
 1 APPPATH\Views\Admin\PhotoUpload\photolist.php(76): strtotime(null)
 2 SYSTEMPATH\View\View.php(234): include('C:\\xampp\\htdocs\\Wolfox\\app\\Views\\Admin\\PhotoUpload\\photolist.php')
 3 SYSTEMPATH\View\View.php(237): CodeIgniter\View\View->CodeIgniter\View\{closure}()
 4 SYSTEMPATH\Common.php(1171): CodeIgniter\View\View->render('/Admin/photoupload/photolist', [], true)
 5 APPPATH\Controllers\PhotoUpload.php(119): view('/Admin/photoupload/photolist', [...])
 6 SYSTEMPATH\CodeIgniter.php(933): App\Controllers\Photoupload->photolist()
 7 SYSTEMPATH\CodeIgniter.php(509): CodeIgniter\CodeIgniter->runController(Object(App\Controllers\Photoupload))
 8 SYSTEMPATH\CodeIgniter.php(355): CodeIgniter\CodeIgniter->handleRequest(null, Object(Config\Cache), false)
 9 SYSTEMPATH\Boot.php(325): CodeIgniter\CodeIgniter->run()
10 SYSTEMPATH\Boot.php(67): CodeIgniter\Boot::runCodeIgniter(Object(CodeIgniter\CodeIgniter))
11 FCPATH\index.php(56): CodeIgniter\Boot::bootWeb(Object(Config\Paths))
WARNING - 2025-03-06 17:01:32 --> [DEPRECATED] strtotime(): Passing null to parameter #1 ($datetime) of type string is deprecated in APPPATH\Views\Admin\PhotoUpload\photolist.php on line 76.
 1 APPPATH\Views\Admin\PhotoUpload\photolist.php(76): strtotime(null)
 2 SYSTEMPATH\View\View.php(234): include('C:\\xampp\\htdocs\\Wolfox\\app\\Views\\Admin\\PhotoUpload\\photolist.php')
 3 SYSTEMPATH\View\View.php(237): CodeIgniter\View\View->CodeIgniter\View\{closure}()
 4 SYSTEMPATH\Common.php(1171): CodeIgniter\View\View->render('/Admin/photoupload/photolist', [], true)
 5 APPPATH\Controllers\PhotoUpload.php(119): view('/Admin/photoupload/photolist', [...])
 6 SYSTEMPATH\CodeIgniter.php(933): App\Controllers\Photoupload->photolist()
 7 SYSTEMPATH\CodeIgniter.php(509): CodeIgniter\CodeIgniter->runController(Object(App\Controllers\Photoupload))
 8 SYSTEMPATH\CodeIgniter.php(355): CodeIgniter\CodeIgniter->handleRequest(null, Object(Config\Cache), false)
 9 SYSTEMPATH\Boot.php(325): CodeIgniter\CodeIgniter->run()
10 SYSTEMPATH\Boot.php(67): CodeIgniter\Boot::runCodeIgniter(Object(CodeIgniter\CodeIgniter))
11 FCPATH\index.php(56): CodeIgniter\Boot::bootWeb(Object(Config\Paths))
WARNING - 2025-03-06 17:01:32 --> [DEPRECATED] strtotime(): Passing null to parameter #1 ($datetime) of type string is deprecated in APPPATH\Views\Admin\PhotoUpload\photolist.php on line 76.
 1 APPPATH\Views\Admin\PhotoUpload\photolist.php(76): strtotime(null)
 2 SYSTEMPATH\View\View.php(234): include('C:\\xampp\\htdocs\\Wolfox\\app\\Views\\Admin\\PhotoUpload\\photolist.php')
 3 SYSTEMPATH\View\View.php(237): CodeIgniter\View\View->CodeIgniter\View\{closure}()
 4 SYSTEMPATH\Common.php(1171): CodeIgniter\View\View->render('/Admin/photoupload/photolist', [], true)
 5 APPPATH\Controllers\PhotoUpload.php(119): view('/Admin/photoupload/photolist', [...])
 6 SYSTEMPATH\CodeIgniter.php(933): App\Controllers\Photoupload->photolist()
 7 SYSTEMPATH\CodeIgniter.php(509): CodeIgniter\CodeIgniter->runController(Object(App\Controllers\Photoupload))
 8 SYSTEMPATH\CodeIgniter.php(355): CodeIgniter\CodeIgniter->handleRequest(null, Object(Config\Cache), false)
 9 SYSTEMPATH\Boot.php(325): CodeIgniter\CodeIgniter->run()
10 SYSTEMPATH\Boot.php(67): CodeIgniter\Boot::runCodeIgniter(Object(CodeIgniter\CodeIgniter))
11 FCPATH\index.php(56): CodeIgniter\Boot::bootWeb(Object(Config\Paths))
WARNING - 2025-03-06 17:01:32 --> [DEPRECATED] strtotime(): Passing null to parameter #1 ($datetime) of type string is deprecated in APPPATH\Views\Admin\PhotoUpload\photolist.php on line 76.
 1 APPPATH\Views\Admin\PhotoUpload\photolist.php(76): strtotime(null)
 2 SYSTEMPATH\View\View.php(234): include('C:\\xampp\\htdocs\\Wolfox\\app\\Views\\Admin\\PhotoUpload\\photolist.php')
 3 SYSTEMPATH\View\View.php(237): CodeIgniter\View\View->CodeIgniter\View\{closure}()
 4 SYSTEMPATH\Common.php(1171): CodeIgniter\View\View->render('/Admin/photoupload/photolist', [], true)
 5 APPPATH\Controllers\PhotoUpload.php(119): view('/Admin/photoupload/photolist', [...])
 6 SYSTEMPATH\CodeIgniter.php(933): App\Controllers\Photoupload->photolist()
 7 SYSTEMPATH\CodeIgniter.php(509): CodeIgniter\CodeIgniter->runController(Object(App\Controllers\Photoupload))
 8 SYSTEMPATH\CodeIgniter.php(355): CodeIgniter\CodeIgniter->handleRequest(null, Object(Config\Cache), false)
 9 SYSTEMPATH\Boot.php(325): CodeIgniter\CodeIgniter->run()
10 SYSTEMPATH\Boot.php(67): CodeIgniter\Boot::runCodeIgniter(Object(CodeIgniter\CodeIgniter))
11 FCPATH\index.php(56): CodeIgniter\Boot::bootWeb(Object(Config\Paths))
INFO - 2025-03-06 17:01:40 --> Session: Class initialized using 'CodeIgniter\Session\Handlers\FileHandler' driver.
INFO - 2025-03-06 17:02:37 --> Session: Class initialized using 'CodeIgniter\Session\Handlers\FileHandler' driver.
INFO - 2025-03-06 17:04:51 --> Session: Class initialized using 'CodeIgniter\Session\Handlers\FileHandler' driver.
WARNING - 2025-03-06 17:04:51 --> [DEPRECATED] strtotime(): Passing null to parameter #1 ($datetime) of type string is deprecated in APPPATH\Views\Admin\PhotoUpload\photolist.php on line 78.
 1 APPPATH\Views\Admin\PhotoUpload\photolist.php(78): strtotime(null)
 2 SYSTEMPATH\View\View.php(234): include('C:\\xampp\\htdocs\\Wolfox\\app\\Views\\Admin\\PhotoUpload\\photolist.php')
 3 SYSTEMPATH\View\View.php(237): CodeIgniter\View\View->CodeIgniter\View\{closure}()
 4 SYSTEMPATH\Common.php(1171): CodeIgniter\View\View->render('/Admin/photoupload/photolist', [], true)
 5 APPPATH\Controllers\PhotoUpload.php(119): view('/Admin/photoupload/photolist', [...])
 6 SYSTEMPATH\CodeIgniter.php(933): App\Controllers\Photoupload->photolist()
 7 SYSTEMPATH\CodeIgniter.php(509): CodeIgniter\CodeIgniter->runController(Object(App\Controllers\Photoupload))
 8 SYSTEMPATH\CodeIgniter.php(355): CodeIgniter\CodeIgniter->handleRequest(null, Object(Config\Cache), false)
 9 SYSTEMPATH\Boot.php(325): CodeIgniter\CodeIgniter->run()
10 SYSTEMPATH\Boot.php(67): CodeIgniter\Boot::runCodeIgniter(Object(CodeIgniter\CodeIgniter))
11 FCPATH\index.php(56): CodeIgniter\Boot::bootWeb(Object(Config\Paths))
WARNING - 2025-03-06 17:04:51 --> [DEPRECATED] strtotime(): Passing null to parameter #1 ($datetime) of type string is deprecated in APPPATH\Views\Admin\PhotoUpload\photolist.php on line 78.
 1 APPPATH\Views\Admin\PhotoUpload\photolist.php(78): strtotime(null)
 2 SYSTEMPATH\View\View.php(234): include('C:\\xampp\\htdocs\\Wolfox\\app\\Views\\Admin\\PhotoUpload\\photolist.php')
 3 SYSTEMPATH\View\View.php(237): CodeIgniter\View\View->CodeIgniter\View\{closure}()
 4 SYSTEMPATH\Common.php(1171): CodeIgniter\View\View->render('/Admin/photoupload/photolist', [], true)
 5 APPPATH\Controllers\PhotoUpload.php(119): view('/Admin/photoupload/photolist', [...])
 6 SYSTEMPATH\CodeIgniter.php(933): App\Controllers\Photoupload->photolist()
 7 SYSTEMPATH\CodeIgniter.php(509): CodeIgniter\CodeIgniter->runController(Object(App\Controllers\Photoupload))
 8 SYSTEMPATH\CodeIgniter.php(355): CodeIgniter\CodeIgniter->handleRequest(null, Object(Config\Cache), false)
 9 SYSTEMPATH\Boot.php(325): CodeIgniter\CodeIgniter->run()
10 SYSTEMPATH\Boot.php(67): CodeIgniter\Boot::runCodeIgniter(Object(CodeIgniter\CodeIgniter))
11 FCPATH\index.php(56): CodeIgniter\Boot::bootWeb(Object(Config\Paths))
WARNING - 2025-03-06 17:04:51 --> [DEPRECATED] strtotime(): Passing null to parameter #1 ($datetime) of type string is deprecated in APPPATH\Views\Admin\PhotoUpload\photolist.php on line 78.
 1 APPPATH\Views\Admin\PhotoUpload\photolist.php(78): strtotime(null)
 2 SYSTEMPATH\View\View.php(234): include('C:\\xampp\\htdocs\\Wolfox\\app\\Views\\Admin\\PhotoUpload\\photolist.php')
 3 SYSTEMPATH\View\View.php(237): CodeIgniter\View\View->CodeIgniter\View\{closure}()
 4 SYSTEMPATH\Common.php(1171): CodeIgniter\View\View->render('/Admin/photoupload/photolist', [], true)
 5 APPPATH\Controllers\PhotoUpload.php(119): view('/Admin/photoupload/photolist', [...])
 6 SYSTEMPATH\CodeIgniter.php(933): App\Controllers\Photoupload->photolist()
 7 SYSTEMPATH\CodeIgniter.php(509): CodeIgniter\CodeIgniter->runController(Object(App\Controllers\Photoupload))
 8 SYSTEMPATH\CodeIgniter.php(355): CodeIgniter\CodeIgniter->handleRequest(null, Object(Config\Cache), false)
 9 SYSTEMPATH\Boot.php(325): CodeIgniter\CodeIgniter->run()
10 SYSTEMPATH\Boot.php(67): CodeIgniter\Boot::runCodeIgniter(Object(CodeIgniter\CodeIgniter))
11 FCPATH\index.php(56): CodeIgniter\Boot::bootWeb(Object(Config\Paths))
WARNING - 2025-03-06 17:04:51 --> [DEPRECATED] strtotime(): Passing null to parameter #1 ($datetime) of type string is deprecated in APPPATH\Views\Admin\PhotoUpload\photolist.php on line 78.
 1 APPPATH\Views\Admin\PhotoUpload\photolist.php(78): strtotime(null)
 2 SYSTEMPATH\View\View.php(234): include('C:\\xampp\\htdocs\\Wolfox\\app\\Views\\Admin\\PhotoUpload\\photolist.php')
 3 SYSTEMPATH\View\View.php(237): CodeIgniter\View\View->CodeIgniter\View\{closure}()
 4 SYSTEMPATH\Common.php(1171): CodeIgniter\View\View->render('/Admin/photoupload/photolist', [], true)
 5 APPPATH\Controllers\PhotoUpload.php(119): view('/Admin/photoupload/photolist', [...])
 6 SYSTEMPATH\CodeIgniter.php(933): App\Controllers\Photoupload->photolist()
 7 SYSTEMPATH\CodeIgniter.php(509): CodeIgniter\CodeIgniter->runController(Object(App\Controllers\Photoupload))
 8 SYSTEMPATH\CodeIgniter.php(355): CodeIgniter\CodeIgniter->handleRequest(null, Object(Config\Cache), false)
 9 SYSTEMPATH\Boot.php(325): CodeIgniter\CodeIgniter->run()
10 SYSTEMPATH\Boot.php(67): CodeIgniter\Boot::runCodeIgniter(Object(CodeIgniter\CodeIgniter))
11 FCPATH\index.php(56): CodeIgniter\Boot::bootWeb(Object(Config\Paths))
WARNING - 2025-03-06 17:04:51 --> [DEPRECATED] strtotime(): Passing null to parameter #1 ($datetime) of type string is deprecated in APPPATH\Views\Admin\PhotoUpload\photolist.php on line 78.
 1 APPPATH\Views\Admin\PhotoUpload\photolist.php(78): strtotime(null)
 2 SYSTEMPATH\View\View.php(234): include('C:\\xampp\\htdocs\\Wolfox\\app\\Views\\Admin\\PhotoUpload\\photolist.php')
 3 SYSTEMPATH\View\View.php(237): CodeIgniter\View\View->CodeIgniter\View\{closure}()
 4 SYSTEMPATH\Common.php(1171): CodeIgniter\View\View->render('/Admin/photoupload/photolist', [], true)
 5 APPPATH\Controllers\PhotoUpload.php(119): view('/Admin/photoupload/photolist', [...])
 6 SYSTEMPATH\CodeIgniter.php(933): App\Controllers\Photoupload->photolist()
 7 SYSTEMPATH\CodeIgniter.php(509): CodeIgniter\CodeIgniter->runController(Object(App\Controllers\Photoupload))
 8 SYSTEMPATH\CodeIgniter.php(355): CodeIgniter\CodeIgniter->handleRequest(null, Object(Config\Cache), false)
 9 SYSTEMPATH\Boot.php(325): CodeIgniter\CodeIgniter->run()
10 SYSTEMPATH\Boot.php(67): CodeIgniter\Boot::runCodeIgniter(Object(CodeIgniter\CodeIgniter))
11 FCPATH\index.php(56): CodeIgniter\Boot::bootWeb(Object(Config\Paths))
WARNING - 2025-03-06 17:04:51 --> [DEPRECATED] strtotime(): Passing null to parameter #1 ($datetime) of type string is deprecated in APPPATH\Views\Admin\PhotoUpload\photolist.php on line 78.
 1 APPPATH\Views\Admin\PhotoUpload\photolist.php(78): strtotime(null)
 2 SYSTEMPATH\View\View.php(234): include('C:\\xampp\\htdocs\\Wolfox\\app\\Views\\Admin\\PhotoUpload\\photolist.php')
 3 SYSTEMPATH\View\View.php(237): CodeIgniter\View\View->CodeIgniter\View\{closure}()
 4 SYSTEMPATH\Common.php(1171): CodeIgniter\View\View->render('/Admin/photoupload/photolist', [], true)
 5 APPPATH\Controllers\PhotoUpload.php(119): view('/Admin/photoupload/photolist', [...])
 6 SYSTEMPATH\CodeIgniter.php(933): App\Controllers\Photoupload->photolist()
 7 SYSTEMPATH\CodeIgniter.php(509): CodeIgniter\CodeIgniter->runController(Object(App\Controllers\Photoupload))
 8 SYSTEMPATH\CodeIgniter.php(355): CodeIgniter\CodeIgniter->handleRequest(null, Object(Config\Cache), false)
 9 SYSTEMPATH\Boot.php(325): CodeIgniter\CodeIgniter->run()
10 SYSTEMPATH\Boot.php(67): CodeIgniter\Boot::runCodeIgniter(Object(CodeIgniter\CodeIgniter))
11 FCPATH\index.php(56): CodeIgniter\Boot::bootWeb(Object(Config\Paths))
WARNING - 2025-03-06 17:04:51 --> [DEPRECATED] strtotime(): Passing null to parameter #1 ($datetime) of type string is deprecated in APPPATH\Views\Admin\PhotoUpload\photolist.php on line 78.
 1 APPPATH\Views\Admin\PhotoUpload\photolist.php(78): strtotime(null)
 2 SYSTEMPATH\View\View.php(234): include('C:\\xampp\\htdocs\\Wolfox\\app\\Views\\Admin\\PhotoUpload\\photolist.php')
 3 SYSTEMPATH\View\View.php(237): CodeIgniter\View\View->CodeIgniter\View\{closure}()
 4 SYSTEMPATH\Common.php(1171): CodeIgniter\View\View->render('/Admin/photoupload/photolist', [], true)
 5 APPPATH\Controllers\PhotoUpload.php(119): view('/Admin/photoupload/photolist', [...])
 6 SYSTEMPATH\CodeIgniter.php(933): App\Controllers\Photoupload->photolist()
 7 SYSTEMPATH\CodeIgniter.php(509): CodeIgniter\CodeIgniter->runController(Object(App\Controllers\Photoupload))
 8 SYSTEMPATH\CodeIgniter.php(355): CodeIgniter\CodeIgniter->handleRequest(null, Object(Config\Cache), false)
 9 SYSTEMPATH\Boot.php(325): CodeIgniter\CodeIgniter->run()
10 SYSTEMPATH\Boot.php(67): CodeIgniter\Boot::runCodeIgniter(Object(CodeIgniter\CodeIgniter))
11 FCPATH\index.php(56): CodeIgniter\Boot::bootWeb(Object(Config\Paths))
WARNING - 2025-03-06 17:04:51 --> [DEPRECATED] strtotime(): Passing null to parameter #1 ($datetime) of type string is deprecated in APPPATH\Views\Admin\PhotoUpload\photolist.php on line 78.
 1 APPPATH\Views\Admin\PhotoUpload\photolist.php(78): strtotime(null)
 2 SYSTEMPATH\View\View.php(234): include('C:\\xampp\\htdocs\\Wolfox\\app\\Views\\Admin\\PhotoUpload\\photolist.php')
 3 SYSTEMPATH\View\View.php(237): CodeIgniter\View\View->CodeIgniter\View\{closure}()
 4 SYSTEMPATH\Common.php(1171): CodeIgniter\View\View->render('/Admin/photoupload/photolist', [], true)
 5 APPPATH\Controllers\PhotoUpload.php(119): view('/Admin/photoupload/photolist', [...])
 6 SYSTEMPATH\CodeIgniter.php(933): App\Controllers\Photoupload->photolist()
 7 SYSTEMPATH\CodeIgniter.php(509): CodeIgniter\CodeIgniter->runController(Object(App\Controllers\Photoupload))
 8 SYSTEMPATH\CodeIgniter.php(355): CodeIgniter\CodeIgniter->handleRequest(null, Object(Config\Cache), false)
 9 SYSTEMPATH\Boot.php(325): CodeIgniter\CodeIgniter->run()
10 SYSTEMPATH\Boot.php(67): CodeIgniter\Boot::runCodeIgniter(Object(CodeIgniter\CodeIgniter))
11 FCPATH\index.php(56): CodeIgniter\Boot::bootWeb(Object(Config\Paths))
WARNING - 2025-03-06 17:04:51 --> [DEPRECATED] strtotime(): Passing null to parameter #1 ($datetime) of type string is deprecated in APPPATH\Views\Admin\PhotoUpload\photolist.php on line 78.
 1 APPPATH\Views\Admin\PhotoUpload\photolist.php(78): strtotime(null)
 2 SYSTEMPATH\View\View.php(234): include('C:\\xampp\\htdocs\\Wolfox\\app\\Views\\Admin\\PhotoUpload\\photolist.php')
 3 SYSTEMPATH\View\View.php(237): CodeIgniter\View\View->CodeIgniter\View\{closure}()
 4 SYSTEMPATH\Common.php(1171): CodeIgniter\View\View->render('/Admin/photoupload/photolist', [], true)
 5 APPPATH\Controllers\PhotoUpload.php(119): view('/Admin/photoupload/photolist', [...])
 6 SYSTEMPATH\CodeIgniter.php(933): App\Controllers\Photoupload->photolist()
 7 SYSTEMPATH\CodeIgniter.php(509): CodeIgniter\CodeIgniter->runController(Object(App\Controllers\Photoupload))
 8 SYSTEMPATH\CodeIgniter.php(355): CodeIgniter\CodeIgniter->handleRequest(null, Object(Config\Cache), false)
 9 SYSTEMPATH\Boot.php(325): CodeIgniter\CodeIgniter->run()
10 SYSTEMPATH\Boot.php(67): CodeIgniter\Boot::runCodeIgniter(Object(CodeIgniter\CodeIgniter))
11 FCPATH\index.php(56): CodeIgniter\Boot::bootWeb(Object(Config\Paths))
WARNING - 2025-03-06 17:04:51 --> [DEPRECATED] strtotime(): Passing null to parameter #1 ($datetime) of type string is deprecated in APPPATH\Views\Admin\PhotoUpload\photolist.php on line 78.
 1 APPPATH\Views\Admin\PhotoUpload\photolist.php(78): strtotime(null)
 2 SYSTEMPATH\View\View.php(234): include('C:\\xampp\\htdocs\\Wolfox\\app\\Views\\Admin\\PhotoUpload\\photolist.php')
 3 SYSTEMPATH\View\View.php(237): CodeIgniter\View\View->CodeIgniter\View\{closure}()
 4 SYSTEMPATH\Common.php(1171): CodeIgniter\View\View->render('/Admin/photoupload/photolist', [], true)
 5 APPPATH\Controllers\PhotoUpload.php(119): view('/Admin/photoupload/photolist', [...])
 6 SYSTEMPATH\CodeIgniter.php(933): App\Controllers\Photoupload->photolist()
 7 SYSTEMPATH\CodeIgniter.php(509): CodeIgniter\CodeIgniter->runController(Object(App\Controllers\Photoupload))
 8 SYSTEMPATH\CodeIgniter.php(355): CodeIgniter\CodeIgniter->handleRequest(null, Object(Config\Cache), false)
 9 SYSTEMPATH\Boot.php(325): CodeIgniter\CodeIgniter->run()
10 SYSTEMPATH\Boot.php(67): CodeIgniter\Boot::runCodeIgniter(Object(CodeIgniter\CodeIgniter))
11 FCPATH\index.php(56): CodeIgniter\Boot::bootWeb(Object(Config\Paths))
INFO - 2025-03-06 17:05:01 --> Session: Class initialized using 'CodeIgniter\Session\Handlers\FileHandler' driver.
INFO - 2025-03-06 17:05:01 --> Session: Class initialized using 'CodeIgniter\Session\Handlers\FileHandler' driver.
WARNING - 2025-03-06 17:05:01 --> [DEPRECATED] strtotime(): Passing null to parameter #1 ($datetime) of type string is deprecated in APPPATH\Views\Admin\PhotoUpload\photolist.php on line 78.
 1 APPPATH\Views\Admin\PhotoUpload\photolist.php(78): strtotime(null)
 2 SYSTEMPATH\View\View.php(234): include('C:\\xampp\\htdocs\\Wolfox\\app\\Views\\Admin\\PhotoUpload\\photolist.php')
 3 SYSTEMPATH\View\View.php(237): CodeIgniter\View\View->CodeIgniter\View\{closure}()
 4 SYSTEMPATH\Common.php(1171): CodeIgniter\View\View->render('/Admin/photoupload/photolist', [], true)
 5 APPPATH\Controllers\PhotoUpload.php(119): view('/Admin/photoupload/photolist', [...])
 6 SYSTEMPATH\CodeIgniter.php(933): App\Controllers\Photoupload->photolist()
 7 SYSTEMPATH\CodeIgniter.php(509): CodeIgniter\CodeIgniter->runController(Object(App\Controllers\Photoupload))
 8 SYSTEMPATH\CodeIgniter.php(355): CodeIgniter\CodeIgniter->handleRequest(null, Object(Config\Cache), false)
 9 SYSTEMPATH\Boot.php(325): CodeIgniter\CodeIgniter->run()
10 SYSTEMPATH\Boot.php(67): CodeIgniter\Boot::runCodeIgniter(Object(CodeIgniter\CodeIgniter))
11 FCPATH\index.php(56): CodeIgniter\Boot::bootWeb(Object(Config\Paths))
WARNING - 2025-03-06 17:05:01 --> [DEPRECATED] strtotime(): Passing null to parameter #1 ($datetime) of type string is deprecated in APPPATH\Views\Admin\PhotoUpload\photolist.php on line 78.
 1 APPPATH\Views\Admin\PhotoUpload\photolist.php(78): strtotime(null)
 2 SYSTEMPATH\View\View.php(234): include('C:\\xampp\\htdocs\\Wolfox\\app\\Views\\Admin\\PhotoUpload\\photolist.php')
 3 SYSTEMPATH\View\View.php(237): CodeIgniter\View\View->CodeIgniter\View\{closure}()
 4 SYSTEMPATH\Common.php(1171): CodeIgniter\View\View->render('/Admin/photoupload/photolist', [], true)
 5 APPPATH\Controllers\PhotoUpload.php(119): view('/Admin/photoupload/photolist', [...])
 6 SYSTEMPATH\CodeIgniter.php(933): App\Controllers\Photoupload->photolist()
 7 SYSTEMPATH\CodeIgniter.php(509): CodeIgniter\CodeIgniter->runController(Object(App\Controllers\Photoupload))
 8 SYSTEMPATH\CodeIgniter.php(355): CodeIgniter\CodeIgniter->handleRequest(null, Object(Config\Cache), false)
 9 SYSTEMPATH\Boot.php(325): CodeIgniter\CodeIgniter->run()
10 SYSTEMPATH\Boot.php(67): CodeIgniter\Boot::runCodeIgniter(Object(CodeIgniter\CodeIgniter))
11 FCPATH\index.php(56): CodeIgniter\Boot::bootWeb(Object(Config\Paths))
WARNING - 2025-03-06 17:05:01 --> [DEPRECATED] strtotime(): Passing null to parameter #1 ($datetime) of type string is deprecated in APPPATH\Views\Admin\PhotoUpload\photolist.php on line 78.
 1 APPPATH\Views\Admin\PhotoUpload\photolist.php(78): strtotime(null)
 2 SYSTEMPATH\View\View.php(234): include('C:\\xampp\\htdocs\\Wolfox\\app\\Views\\Admin\\PhotoUpload\\photolist.php')
 3 SYSTEMPATH\View\View.php(237): CodeIgniter\View\View->CodeIgniter\View\{closure}()
 4 SYSTEMPATH\Common.php(1171): CodeIgniter\View\View->render('/Admin/photoupload/photolist', [], true)
 5 APPPATH\Controllers\PhotoUpload.php(119): view('/Admin/photoupload/photolist', [...])
 6 SYSTEMPATH\CodeIgniter.php(933): App\Controllers\Photoupload->photolist()
 7 SYSTEMPATH\CodeIgniter.php(509): CodeIgniter\CodeIgniter->runController(Object(App\Controllers\Photoupload))
 8 SYSTEMPATH\CodeIgniter.php(355): CodeIgniter\CodeIgniter->handleRequest(null, Object(Config\Cache), false)
 9 SYSTEMPATH\Boot.php(325): CodeIgniter\CodeIgniter->run()
10 SYSTEMPATH\Boot.php(67): CodeIgniter\Boot::runCodeIgniter(Object(CodeIgniter\CodeIgniter))
11 FCPATH\index.php(56): CodeIgniter\Boot::bootWeb(Object(Config\Paths))
WARNING - 2025-03-06 17:05:01 --> [DEPRECATED] strtotime(): Passing null to parameter #1 ($datetime) of type string is deprecated in APPPATH\Views\Admin\PhotoUpload\photolist.php on line 78.
 1 APPPATH\Views\Admin\PhotoUpload\photolist.php(78): strtotime(null)
 2 SYSTEMPATH\View\View.php(234): include('C:\\xampp\\htdocs\\Wolfox\\app\\Views\\Admin\\PhotoUpload\\photolist.php')
 3 SYSTEMPATH\View\View.php(237): CodeIgniter\View\View->CodeIgniter\View\{closure}()
 4 SYSTEMPATH\Common.php(1171): CodeIgniter\View\View->render('/Admin/photoupload/photolist', [], true)
 5 APPPATH\Controllers\PhotoUpload.php(119): view('/Admin/photoupload/photolist', [...])
 6 SYSTEMPATH\CodeIgniter.php(933): App\Controllers\Photoupload->photolist()
 7 SYSTEMPATH\CodeIgniter.php(509): CodeIgniter\CodeIgniter->runController(Object(App\Controllers\Photoupload))
 8 SYSTEMPATH\CodeIgniter.php(355): CodeIgniter\CodeIgniter->handleRequest(null, Object(Config\Cache), false)
 9 SYSTEMPATH\Boot.php(325): CodeIgniter\CodeIgniter->run()
10 SYSTEMPATH\Boot.php(67): CodeIgniter\Boot::runCodeIgniter(Object(CodeIgniter\CodeIgniter))
11 FCPATH\index.php(56): CodeIgniter\Boot::bootWeb(Object(Config\Paths))
WARNING - 2025-03-06 17:05:01 --> [DEPRECATED] strtotime(): Passing null to parameter #1 ($datetime) of type string is deprecated in APPPATH\Views\Admin\PhotoUpload\photolist.php on line 78.
 1 APPPATH\Views\Admin\PhotoUpload\photolist.php(78): strtotime(null)
 2 SYSTEMPATH\View\View.php(234): include('C:\\xampp\\htdocs\\Wolfox\\app\\Views\\Admin\\PhotoUpload\\photolist.php')
 3 SYSTEMPATH\View\View.php(237): CodeIgniter\View\View->CodeIgniter\View\{closure}()
 4 SYSTEMPATH\Common.php(1171): CodeIgniter\View\View->render('/Admin/photoupload/photolist', [], true)
 5 APPPATH\Controllers\PhotoUpload.php(119): view('/Admin/photoupload/photolist', [...])
 6 SYSTEMPATH\CodeIgniter.php(933): App\Controllers\Photoupload->photolist()
 7 SYSTEMPATH\CodeIgniter.php(509): CodeIgniter\CodeIgniter->runController(Object(App\Controllers\Photoupload))
 8 SYSTEMPATH\CodeIgniter.php(355): CodeIgniter\CodeIgniter->handleRequest(null, Object(Config\Cache), false)
 9 SYSTEMPATH\Boot.php(325): CodeIgniter\CodeIgniter->run()
10 SYSTEMPATH\Boot.php(67): CodeIgniter\Boot::runCodeIgniter(Object(CodeIgniter\CodeIgniter))
11 FCPATH\index.php(56): CodeIgniter\Boot::bootWeb(Object(Config\Paths))
WARNING - 2025-03-06 17:05:01 --> [DEPRECATED] strtotime(): Passing null to parameter #1 ($datetime) of type string is deprecated in APPPATH\Views\Admin\PhotoUpload\photolist.php on line 78.
 1 APPPATH\Views\Admin\PhotoUpload\photolist.php(78): strtotime(null)
 2 SYSTEMPATH\View\View.php(234): include('C:\\xampp\\htdocs\\Wolfox\\app\\Views\\Admin\\PhotoUpload\\photolist.php')
 3 SYSTEMPATH\View\View.php(237): CodeIgniter\View\View->CodeIgniter\View\{closure}()
 4 SYSTEMPATH\Common.php(1171): CodeIgniter\View\View->render('/Admin/photoupload/photolist', [], true)
 5 APPPATH\Controllers\PhotoUpload.php(119): view('/Admin/photoupload/photolist', [...])
 6 SYSTEMPATH\CodeIgniter.php(933): App\Controllers\Photoupload->photolist()
 7 SYSTEMPATH\CodeIgniter.php(509): CodeIgniter\CodeIgniter->runController(Object(App\Controllers\Photoupload))
 8 SYSTEMPATH\CodeIgniter.php(355): CodeIgniter\CodeIgniter->handleRequest(null, Object(Config\Cache), false)
 9 SYSTEMPATH\Boot.php(325): CodeIgniter\CodeIgniter->run()
10 SYSTEMPATH\Boot.php(67): CodeIgniter\Boot::runCodeIgniter(Object(CodeIgniter\CodeIgniter))
11 FCPATH\index.php(56): CodeIgniter\Boot::bootWeb(Object(Config\Paths))
WARNING - 2025-03-06 17:05:01 --> [DEPRECATED] strtotime(): Passing null to parameter #1 ($datetime) of type string is deprecated in APPPATH\Views\Admin\PhotoUpload\photolist.php on line 78.
 1 APPPATH\Views\Admin\PhotoUpload\photolist.php(78): strtotime(null)
 2 SYSTEMPATH\View\View.php(234): include('C:\\xampp\\htdocs\\Wolfox\\app\\Views\\Admin\\PhotoUpload\\photolist.php')
 3 SYSTEMPATH\View\View.php(237): CodeIgniter\View\View->CodeIgniter\View\{closure}()
 4 SYSTEMPATH\Common.php(1171): CodeIgniter\View\View->render('/Admin/photoupload/photolist', [], true)
 5 APPPATH\Controllers\PhotoUpload.php(119): view('/Admin/photoupload/photolist', [...])
 6 SYSTEMPATH\CodeIgniter.php(933): App\Controllers\Photoupload->photolist()
 7 SYSTEMPATH\CodeIgniter.php(509): CodeIgniter\CodeIgniter->runController(Object(App\Controllers\Photoupload))
 8 SYSTEMPATH\CodeIgniter.php(355): CodeIgniter\CodeIgniter->handleRequest(null, Object(Config\Cache), false)
 9 SYSTEMPATH\Boot.php(325): CodeIgniter\CodeIgniter->run()
10 SYSTEMPATH\Boot.php(67): CodeIgniter\Boot::runCodeIgniter(Object(CodeIgniter\CodeIgniter))
11 FCPATH\index.php(56): CodeIgniter\Boot::bootWeb(Object(Config\Paths))
WARNING - 2025-03-06 17:05:01 --> [DEPRECATED] strtotime(): Passing null to parameter #1 ($datetime) of type string is deprecated in APPPATH\Views\Admin\PhotoUpload\photolist.php on line 78.
 1 APPPATH\Views\Admin\PhotoUpload\photolist.php(78): strtotime(null)
 2 SYSTEMPATH\View\View.php(234): include('C:\\xampp\\htdocs\\Wolfox\\app\\Views\\Admin\\PhotoUpload\\photolist.php')
 3 SYSTEMPATH\View\View.php(237): CodeIgniter\View\View->CodeIgniter\View\{closure}()
 4 SYSTEMPATH\Common.php(1171): CodeIgniter\View\View->render('/Admin/photoupload/photolist', [], true)
 5 APPPATH\Controllers\PhotoUpload.php(119): view('/Admin/photoupload/photolist', [...])
 6 SYSTEMPATH\CodeIgniter.php(933): App\Controllers\Photoupload->photolist()
 7 SYSTEMPATH\CodeIgniter.php(509): CodeIgniter\CodeIgniter->runController(Object(App\Controllers\Photoupload))
 8 SYSTEMPATH\CodeIgniter.php(355): CodeIgniter\CodeIgniter->handleRequest(null, Object(Config\Cache), false)
 9 SYSTEMPATH\Boot.php(325): CodeIgniter\CodeIgniter->run()
10 SYSTEMPATH\Boot.php(67): CodeIgniter\Boot::runCodeIgniter(Object(CodeIgniter\CodeIgniter))
11 FCPATH\index.php(56): CodeIgniter\Boot::bootWeb(Object(Config\Paths))
WARNING - 2025-03-06 17:05:01 --> [DEPRECATED] strtotime(): Passing null to parameter #1 ($datetime) of type string is deprecated in APPPATH\Views\Admin\PhotoUpload\photolist.php on line 78.
 1 APPPATH\Views\Admin\PhotoUpload\photolist.php(78): strtotime(null)
 2 SYSTEMPATH\View\View.php(234): include('C:\\xampp\\htdocs\\Wolfox\\app\\Views\\Admin\\PhotoUpload\\photolist.php')
 3 SYSTEMPATH\View\View.php(237): CodeIgniter\View\View->CodeIgniter\View\{closure}()
 4 SYSTEMPATH\Common.php(1171): CodeIgniter\View\View->render('/Admin/photoupload/photolist', [], true)
 5 APPPATH\Controllers\PhotoUpload.php(119): view('/Admin/photoupload/photolist', [...])
 6 SYSTEMPATH\CodeIgniter.php(933): App\Controllers\Photoupload->photolist()
 7 SYSTEMPATH\CodeIgniter.php(509): CodeIgniter\CodeIgniter->runController(Object(App\Controllers\Photoupload))
 8 SYSTEMPATH\CodeIgniter.php(355): CodeIgniter\CodeIgniter->handleRequest(null, Object(Config\Cache), false)
 9 SYSTEMPATH\Boot.php(325): CodeIgniter\CodeIgniter->run()
10 SYSTEMPATH\Boot.php(67): CodeIgniter\Boot::runCodeIgniter(Object(CodeIgniter\CodeIgniter))
11 FCPATH\index.php(56): CodeIgniter\Boot::bootWeb(Object(Config\Paths))
WARNING - 2025-03-06 17:05:01 --> [DEPRECATED] strtotime(): Passing null to parameter #1 ($datetime) of type string is deprecated in APPPATH\Views\Admin\PhotoUpload\photolist.php on line 78.
 1 APPPATH\Views\Admin\PhotoUpload\photolist.php(78): strtotime(null)
 2 SYSTEMPATH\View\View.php(234): include('C:\\xampp\\htdocs\\Wolfox\\app\\Views\\Admin\\PhotoUpload\\photolist.php')
 3 SYSTEMPATH\View\View.php(237): CodeIgniter\View\View->CodeIgniter\View\{closure}()
 4 SYSTEMPATH\Common.php(1171): CodeIgniter\View\View->render('/Admin/photoupload/photolist', [], true)
 5 APPPATH\Controllers\PhotoUpload.php(119): view('/Admin/photoupload/photolist', [...])
 6 SYSTEMPATH\CodeIgniter.php(933): App\Controllers\Photoupload->photolist()
 7 SYSTEMPATH\CodeIgniter.php(509): CodeIgniter\CodeIgniter->runController(Object(App\Controllers\Photoupload))
 8 SYSTEMPATH\CodeIgniter.php(355): CodeIgniter\CodeIgniter->handleRequest(null, Object(Config\Cache), false)
 9 SYSTEMPATH\Boot.php(325): CodeIgniter\CodeIgniter->run()
10 SYSTEMPATH\Boot.php(67): CodeIgniter\Boot::runCodeIgniter(Object(CodeIgniter\CodeIgniter))
11 FCPATH\index.php(56): CodeIgniter\Boot::bootWeb(Object(Config\Paths))
INFO - 2025-03-06 17:05:07 --> Session: Class initialized using 'CodeIgniter\Session\Handlers\FileHandler' driver.
INFO - 2025-03-06 17:09:22 --> Session: Class initialized using 'CodeIgniter\Session\Handlers\FileHandler' driver.
INFO - 2025-03-06 17:09:42 --> Session: Class initialized using 'CodeIgniter\Session\Handlers\FileHandler' driver.
INFO - 2025-03-06 17:09:43 --> Session: Class initialized using 'CodeIgniter\Session\Handlers\FileHandler' driver.
INFO - 2025-03-06 17:09:47 --> Session: Class initialized using 'CodeIgniter\Session\Handlers\FileHandler' driver.
WARNING - 2025-03-06 17:09:47 --> [DEPRECATED] strtotime(): Passing null to parameter #1 ($datetime) of type string is deprecated in APPPATH\Views\Admin\PhotoUpload\photolist.php on line 78.
 1 APPPATH\Views\Admin\PhotoUpload\photolist.php(78): strtotime(null)
 2 SYSTEMPATH\View\View.php(234): include('C:\\xampp\\htdocs\\Wolfox\\app\\Views\\Admin\\PhotoUpload\\photolist.php')
 3 SYSTEMPATH\View\View.php(237): CodeIgniter\View\View->CodeIgniter\View\{closure}()
 4 SYSTEMPATH\Common.php(1171): CodeIgniter\View\View->render('/Admin/photoupload/photolist', [], true)
 5 APPPATH\Controllers\PhotoUpload.php(119): view('/Admin/photoupload/photolist', [...])
 6 SYSTEMPATH\CodeIgniter.php(933): App\Controllers\Photoupload->photolist()
 7 SYSTEMPATH\CodeIgniter.php(509): CodeIgniter\CodeIgniter->runController(Object(App\Controllers\Photoupload))
 8 SYSTEMPATH\CodeIgniter.php(355): CodeIgniter\CodeIgniter->handleRequest(null, Object(Config\Cache), false)
 9 SYSTEMPATH\Boot.php(325): CodeIgniter\CodeIgniter->run()
10 SYSTEMPATH\Boot.php(67): CodeIgniter\Boot::runCodeIgniter(Object(CodeIgniter\CodeIgniter))
11 FCPATH\index.php(56): CodeIgniter\Boot::bootWeb(Object(Config\Paths))
WARNING - 2025-03-06 17:09:47 --> [DEPRECATED] strtotime(): Passing null to parameter #1 ($datetime) of type string is deprecated in APPPATH\Views\Admin\PhotoUpload\photolist.php on line 78.
 1 APPPATH\Views\Admin\PhotoUpload\photolist.php(78): strtotime(null)
 2 SYSTEMPATH\View\View.php(234): include('C:\\xampp\\htdocs\\Wolfox\\app\\Views\\Admin\\PhotoUpload\\photolist.php')
 3 SYSTEMPATH\View\View.php(237): CodeIgniter\View\View->CodeIgniter\View\{closure}()
 4 SYSTEMPATH\Common.php(1171): CodeIgniter\View\View->render('/Admin/photoupload/photolist', [], true)
 5 APPPATH\Controllers\PhotoUpload.php(119): view('/Admin/photoupload/photolist', [...])
 6 SYSTEMPATH\CodeIgniter.php(933): App\Controllers\Photoupload->photolist()
 7 SYSTEMPATH\CodeIgniter.php(509): CodeIgniter\CodeIgniter->runController(Object(App\Controllers\Photoupload))
 8 SYSTEMPATH\CodeIgniter.php(355): CodeIgniter\CodeIgniter->handleRequest(null, Object(Config\Cache), false)
 9 SYSTEMPATH\Boot.php(325): CodeIgniter\CodeIgniter->run()
10 SYSTEMPATH\Boot.php(67): CodeIgniter\Boot::runCodeIgniter(Object(CodeIgniter\CodeIgniter))
11 FCPATH\index.php(56): CodeIgniter\Boot::bootWeb(Object(Config\Paths))
WARNING - 2025-03-06 17:09:47 --> [DEPRECATED] strtotime(): Passing null to parameter #1 ($datetime) of type string is deprecated in APPPATH\Views\Admin\PhotoUpload\photolist.php on line 78.
 1 APPPATH\Views\Admin\PhotoUpload\photolist.php(78): strtotime(null)
 2 SYSTEMPATH\View\View.php(234): include('C:\\xampp\\htdocs\\Wolfox\\app\\Views\\Admin\\PhotoUpload\\photolist.php')
 3 SYSTEMPATH\View\View.php(237): CodeIgniter\View\View->CodeIgniter\View\{closure}()
 4 SYSTEMPATH\Common.php(1171): CodeIgniter\View\View->render('/Admin/photoupload/photolist', [], true)
 5 APPPATH\Controllers\PhotoUpload.php(119): view('/Admin/photoupload/photolist', [...])
 6 SYSTEMPATH\CodeIgniter.php(933): App\Controllers\Photoupload->photolist()
 7 SYSTEMPATH\CodeIgniter.php(509): CodeIgniter\CodeIgniter->runController(Object(App\Controllers\Photoupload))
 8 SYSTEMPATH\CodeIgniter.php(355): CodeIgniter\CodeIgniter->handleRequest(null, Object(Config\Cache), false)
 9 SYSTEMPATH\Boot.php(325): CodeIgniter\CodeIgniter->run()
10 SYSTEMPATH\Boot.php(67): CodeIgniter\Boot::runCodeIgniter(Object(CodeIgniter\CodeIgniter))
11 FCPATH\index.php(56): CodeIgniter\Boot::bootWeb(Object(Config\Paths))
WARNING - 2025-03-06 17:09:47 --> [DEPRECATED] strtotime(): Passing null to parameter #1 ($datetime) of type string is deprecated in APPPATH\Views\Admin\PhotoUpload\photolist.php on line 78.
 1 APPPATH\Views\Admin\PhotoUpload\photolist.php(78): strtotime(null)
 2 SYSTEMPATH\View\View.php(234): include('C:\\xampp\\htdocs\\Wolfox\\app\\Views\\Admin\\PhotoUpload\\photolist.php')
 3 SYSTEMPATH\View\View.php(237): CodeIgniter\View\View->CodeIgniter\View\{closure}()
 4 SYSTEMPATH\Common.php(1171): CodeIgniter\View\View->render('/Admin/photoupload/photolist', [], true)
 5 APPPATH\Controllers\PhotoUpload.php(119): view('/Admin/photoupload/photolist', [...])
 6 SYSTEMPATH\CodeIgniter.php(933): App\Controllers\Photoupload->photolist()
 7 SYSTEMPATH\CodeIgniter.php(509): CodeIgniter\CodeIgniter->runController(Object(App\Controllers\Photoupload))
 8 SYSTEMPATH\CodeIgniter.php(355): CodeIgniter\CodeIgniter->handleRequest(null, Object(Config\Cache), false)
 9 SYSTEMPATH\Boot.php(325): CodeIgniter\CodeIgniter->run()
10 SYSTEMPATH\Boot.php(67): CodeIgniter\Boot::runCodeIgniter(Object(CodeIgniter\CodeIgniter))
11 FCPATH\index.php(56): CodeIgniter\Boot::bootWeb(Object(Config\Paths))
WARNING - 2025-03-06 17:09:47 --> [DEPRECATED] strtotime(): Passing null to parameter #1 ($datetime) of type string is deprecated in APPPATH\Views\Admin\PhotoUpload\photolist.php on line 78.
 1 APPPATH\Views\Admin\PhotoUpload\photolist.php(78): strtotime(null)
 2 SYSTEMPATH\View\View.php(234): include('C:\\xampp\\htdocs\\Wolfox\\app\\Views\\Admin\\PhotoUpload\\photolist.php')
 3 SYSTEMPATH\View\View.php(237): CodeIgniter\View\View->CodeIgniter\View\{closure}()
 4 SYSTEMPATH\Common.php(1171): CodeIgniter\View\View->render('/Admin/photoupload/photolist', [], true)
 5 APPPATH\Controllers\PhotoUpload.php(119): view('/Admin/photoupload/photolist', [...])
 6 SYSTEMPATH\CodeIgniter.php(933): App\Controllers\Photoupload->photolist()
 7 SYSTEMPATH\CodeIgniter.php(509): CodeIgniter\CodeIgniter->runController(Object(App\Controllers\Photoupload))
 8 SYSTEMPATH\CodeIgniter.php(355): CodeIgniter\CodeIgniter->handleRequest(null, Object(Config\Cache), false)
 9 SYSTEMPATH\Boot.php(325): CodeIgniter\CodeIgniter->run()
10 SYSTEMPATH\Boot.php(67): CodeIgniter\Boot::runCodeIgniter(Object(CodeIgniter\CodeIgniter))
11 FCPATH\index.php(56): CodeIgniter\Boot::bootWeb(Object(Config\Paths))
WARNING - 2025-03-06 17:09:47 --> [DEPRECATED] strtotime(): Passing null to parameter #1 ($datetime) of type string is deprecated in APPPATH\Views\Admin\PhotoUpload\photolist.php on line 78.
 1 APPPATH\Views\Admin\PhotoUpload\photolist.php(78): strtotime(null)
 2 SYSTEMPATH\View\View.php(234): include('C:\\xampp\\htdocs\\Wolfox\\app\\Views\\Admin\\PhotoUpload\\photolist.php')
 3 SYSTEMPATH\View\View.php(237): CodeIgniter\View\View->CodeIgniter\View\{closure}()
 4 SYSTEMPATH\Common.php(1171): CodeIgniter\View\View->render('/Admin/photoupload/photolist', [], true)
 5 APPPATH\Controllers\PhotoUpload.php(119): view('/Admin/photoupload/photolist', [...])
 6 SYSTEMPATH\CodeIgniter.php(933): App\Controllers\Photoupload->photolist()
 7 SYSTEMPATH\CodeIgniter.php(509): CodeIgniter\CodeIgniter->runController(Object(App\Controllers\Photoupload))
 8 SYSTEMPATH\CodeIgniter.php(355): CodeIgniter\CodeIgniter->handleRequest(null, Object(Config\Cache), false)
 9 SYSTEMPATH\Boot.php(325): CodeIgniter\CodeIgniter->run()
10 SYSTEMPATH\Boot.php(67): CodeIgniter\Boot::runCodeIgniter(Object(CodeIgniter\CodeIgniter))
11 FCPATH\index.php(56): CodeIgniter\Boot::bootWeb(Object(Config\Paths))
WARNING - 2025-03-06 17:09:47 --> [DEPRECATED] strtotime(): Passing null to parameter #1 ($datetime) of type string is deprecated in APPPATH\Views\Admin\PhotoUpload\photolist.php on line 78.
 1 APPPATH\Views\Admin\PhotoUpload\photolist.php(78): strtotime(null)
 2 SYSTEMPATH\View\View.php(234): include('C:\\xampp\\htdocs\\Wolfox\\app\\Views\\Admin\\PhotoUpload\\photolist.php')
 3 SYSTEMPATH\View\View.php(237): CodeIgniter\View\View->CodeIgniter\View\{closure}()
 4 SYSTEMPATH\Common.php(1171): CodeIgniter\View\View->render('/Admin/photoupload/photolist', [], true)
 5 APPPATH\Controllers\PhotoUpload.php(119): view('/Admin/photoupload/photolist', [...])
 6 SYSTEMPATH\CodeIgniter.php(933): App\Controllers\Photoupload->photolist()
 7 SYSTEMPATH\CodeIgniter.php(509): CodeIgniter\CodeIgniter->runController(Object(App\Controllers\Photoupload))
 8 SYSTEMPATH\CodeIgniter.php(355): CodeIgniter\CodeIgniter->handleRequest(null, Object(Config\Cache), false)
 9 SYSTEMPATH\Boot.php(325): CodeIgniter\CodeIgniter->run()
10 SYSTEMPATH\Boot.php(67): CodeIgniter\Boot::runCodeIgniter(Object(CodeIgniter\CodeIgniter))
11 FCPATH\index.php(56): CodeIgniter\Boot::bootWeb(Object(Config\Paths))
WARNING - 2025-03-06 17:09:47 --> [DEPRECATED] strtotime(): Passing null to parameter #1 ($datetime) of type string is deprecated in APPPATH\Views\Admin\PhotoUpload\photolist.php on line 78.
 1 APPPATH\Views\Admin\PhotoUpload\photolist.php(78): strtotime(null)
 2 SYSTEMPATH\View\View.php(234): include('C:\\xampp\\htdocs\\Wolfox\\app\\Views\\Admin\\PhotoUpload\\photolist.php')
 3 SYSTEMPATH\View\View.php(237): CodeIgniter\View\View->CodeIgniter\View\{closure}()
 4 SYSTEMPATH\Common.php(1171): CodeIgniter\View\View->render('/Admin/photoupload/photolist', [], true)
 5 APPPATH\Controllers\PhotoUpload.php(119): view('/Admin/photoupload/photolist', [...])
 6 SYSTEMPATH\CodeIgniter.php(933): App\Controllers\Photoupload->photolist()
 7 SYSTEMPATH\CodeIgniter.php(509): CodeIgniter\CodeIgniter->runController(Object(App\Controllers\Photoupload))
 8 SYSTEMPATH\CodeIgniter.php(355): CodeIgniter\CodeIgniter->handleRequest(null, Object(Config\Cache), false)
 9 SYSTEMPATH\Boot.php(325): CodeIgniter\CodeIgniter->run()
10 SYSTEMPATH\Boot.php(67): CodeIgniter\Boot::runCodeIgniter(Object(CodeIgniter\CodeIgniter))
11 FCPATH\index.php(56): CodeIgniter\Boot::bootWeb(Object(Config\Paths))
WARNING - 2025-03-06 17:09:47 --> [DEPRECATED] strtotime(): Passing null to parameter #1 ($datetime) of type string is deprecated in APPPATH\Views\Admin\PhotoUpload\photolist.php on line 78.
 1 APPPATH\Views\Admin\PhotoUpload\photolist.php(78): strtotime(null)
 2 SYSTEMPATH\View\View.php(234): include('C:\\xampp\\htdocs\\Wolfox\\app\\Views\\Admin\\PhotoUpload\\photolist.php')
 3 SYSTEMPATH\View\View.php(237): CodeIgniter\View\View->CodeIgniter\View\{closure}()
 4 SYSTEMPATH\Common.php(1171): CodeIgniter\View\View->render('/Admin/photoupload/photolist', [], true)
 5 APPPATH\Controllers\PhotoUpload.php(119): view('/Admin/photoupload/photolist', [...])
 6 SYSTEMPATH\CodeIgniter.php(933): App\Controllers\Photoupload->photolist()
 7 SYSTEMPATH\CodeIgniter.php(509): CodeIgniter\CodeIgniter->runController(Object(App\Controllers\Photoupload))
 8 SYSTEMPATH\CodeIgniter.php(355): CodeIgniter\CodeIgniter->handleRequest(null, Object(Config\Cache), false)
 9 SYSTEMPATH\Boot.php(325): CodeIgniter\CodeIgniter->run()
10 SYSTEMPATH\Boot.php(67): CodeIgniter\Boot::runCodeIgniter(Object(CodeIgniter\CodeIgniter))
11 FCPATH\index.php(56): CodeIgniter\Boot::bootWeb(Object(Config\Paths))
WARNING - 2025-03-06 17:09:47 --> [DEPRECATED] strtotime(): Passing null to parameter #1 ($datetime) of type string is deprecated in APPPATH\Views\Admin\PhotoUpload\photolist.php on line 78.
 1 APPPATH\Views\Admin\PhotoUpload\photolist.php(78): strtotime(null)
 2 SYSTEMPATH\View\View.php(234): include('C:\\xampp\\htdocs\\Wolfox\\app\\Views\\Admin\\PhotoUpload\\photolist.php')
 3 SYSTEMPATH\View\View.php(237): CodeIgniter\View\View->CodeIgniter\View\{closure}()
 4 SYSTEMPATH\Common.php(1171): CodeIgniter\View\View->render('/Admin/photoupload/photolist', [], true)
 5 APPPATH\Controllers\PhotoUpload.php(119): view('/Admin/photoupload/photolist', [...])
 6 SYSTEMPATH\CodeIgniter.php(933): App\Controllers\Photoupload->photolist()
 7 SYSTEMPATH\CodeIgniter.php(509): CodeIgniter\CodeIgniter->runController(Object(App\Controllers\Photoupload))
 8 SYSTEMPATH\CodeIgniter.php(355): CodeIgniter\CodeIgniter->handleRequest(null, Object(Config\Cache), false)
 9 SYSTEMPATH\Boot.php(325): CodeIgniter\CodeIgniter->run()
10 SYSTEMPATH\Boot.php(67): CodeIgniter\Boot::runCodeIgniter(Object(CodeIgniter\CodeIgniter))
11 FCPATH\index.php(56): CodeIgniter\Boot::bootWeb(Object(Config\Paths))
INFO - 2025-03-06 17:09:52 --> Session: Class initialized using 'CodeIgniter\Session\Handlers\FileHandler' driver.
INFO - 2025-03-06 17:09:52 --> Session: Class initialized using 'CodeIgniter\Session\Handlers\FileHandler' driver.
WARNING - 2025-03-06 17:09:52 --> [DEPRECATED] strtotime(): Passing null to parameter #1 ($datetime) of type string is deprecated in APPPATH\Views\Admin\PhotoUpload\photolist.php on line 78.
 1 APPPATH\Views\Admin\PhotoUpload\photolist.php(78): strtotime(null)
 2 SYSTEMPATH\View\View.php(234): include('C:\\xampp\\htdocs\\Wolfox\\app\\Views\\Admin\\PhotoUpload\\photolist.php')
 3 SYSTEMPATH\View\View.php(237): CodeIgniter\View\View->CodeIgniter\View\{closure}()
 4 SYSTEMPATH\Common.php(1171): CodeIgniter\View\View->render('/Admin/photoupload/photolist', [], true)
 5 APPPATH\Controllers\PhotoUpload.php(119): view('/Admin/photoupload/photolist', [...])
 6 SYSTEMPATH\CodeIgniter.php(933): App\Controllers\Photoupload->photolist()
 7 SYSTEMPATH\CodeIgniter.php(509): CodeIgniter\CodeIgniter->runController(Object(App\Controllers\Photoupload))
 8 SYSTEMPATH\CodeIgniter.php(355): CodeIgniter\CodeIgniter->handleRequest(null, Object(Config\Cache), false)
 9 SYSTEMPATH\Boot.php(325): CodeIgniter\CodeIgniter->run()
10 SYSTEMPATH\Boot.php(67): CodeIgniter\Boot::runCodeIgniter(Object(CodeIgniter\CodeIgniter))
11 FCPATH\index.php(56): CodeIgniter\Boot::bootWeb(Object(Config\Paths))
WARNING - 2025-03-06 17:09:52 --> [DEPRECATED] strtotime(): Passing null to parameter #1 ($datetime) of type string is deprecated in APPPATH\Views\Admin\PhotoUpload\photolist.php on line 78.
 1 APPPATH\Views\Admin\PhotoUpload\photolist.php(78): strtotime(null)
 2 SYSTEMPATH\View\View.php(234): include('C:\\xampp\\htdocs\\Wolfox\\app\\Views\\Admin\\PhotoUpload\\photolist.php')
 3 SYSTEMPATH\View\View.php(237): CodeIgniter\View\View->CodeIgniter\View\{closure}()
 4 SYSTEMPATH\Common.php(1171): CodeIgniter\View\View->render('/Admin/photoupload/photolist', [], true)
 5 APPPATH\Controllers\PhotoUpload.php(119): view('/Admin/photoupload/photolist', [...])
 6 SYSTEMPATH\CodeIgniter.php(933): App\Controllers\Photoupload->photolist()
 7 SYSTEMPATH\CodeIgniter.php(509): CodeIgniter\CodeIgniter->runController(Object(App\Controllers\Photoupload))
 8 SYSTEMPATH\CodeIgniter.php(355): CodeIgniter\CodeIgniter->handleRequest(null, Object(Config\Cache), false)
 9 SYSTEMPATH\Boot.php(325): CodeIgniter\CodeIgniter->run()
10 SYSTEMPATH\Boot.php(67): CodeIgniter\Boot::runCodeIgniter(Object(CodeIgniter\CodeIgniter))
11 FCPATH\index.php(56): CodeIgniter\Boot::bootWeb(Object(Config\Paths))
WARNING - 2025-03-06 17:09:52 --> [DEPRECATED] strtotime(): Passing null to parameter #1 ($datetime) of type string is deprecated in APPPATH\Views\Admin\PhotoUpload\photolist.php on line 78.
 1 APPPATH\Views\Admin\PhotoUpload\photolist.php(78): strtotime(null)
 2 SYSTEMPATH\View\View.php(234): include('C:\\xampp\\htdocs\\Wolfox\\app\\Views\\Admin\\PhotoUpload\\photolist.php')
 3 SYSTEMPATH\View\View.php(237): CodeIgniter\View\View->CodeIgniter\View\{closure}()
 4 SYSTEMPATH\Common.php(1171): CodeIgniter\View\View->render('/Admin/photoupload/photolist', [], true)
 5 APPPATH\Controllers\PhotoUpload.php(119): view('/Admin/photoupload/photolist', [...])
 6 SYSTEMPATH\CodeIgniter.php(933): App\Controllers\Photoupload->photolist()
 7 SYSTEMPATH\CodeIgniter.php(509): CodeIgniter\CodeIgniter->runController(Object(App\Controllers\Photoupload))
 8 SYSTEMPATH\CodeIgniter.php(355): CodeIgniter\CodeIgniter->handleRequest(null, Object(Config\Cache), false)
 9 SYSTEMPATH\Boot.php(325): CodeIgniter\CodeIgniter->run()
10 SYSTEMPATH\Boot.php(67): CodeIgniter\Boot::runCodeIgniter(Object(CodeIgniter\CodeIgniter))
11 FCPATH\index.php(56): CodeIgniter\Boot::bootWeb(Object(Config\Paths))
WARNING - 2025-03-06 17:09:52 --> [DEPRECATED] strtotime(): Passing null to parameter #1 ($datetime) of type string is deprecated in APPPATH\Views\Admin\PhotoUpload\photolist.php on line 78.
 1 APPPATH\Views\Admin\PhotoUpload\photolist.php(78): strtotime(null)
 2 SYSTEMPATH\View\View.php(234): include('C:\\xampp\\htdocs\\Wolfox\\app\\Views\\Admin\\PhotoUpload\\photolist.php')
 3 SYSTEMPATH\View\View.php(237): CodeIgniter\View\View->CodeIgniter\View\{closure}()
 4 SYSTEMPATH\Common.php(1171): CodeIgniter\View\View->render('/Admin/photoupload/photolist', [], true)
 5 APPPATH\Controllers\PhotoUpload.php(119): view('/Admin/photoupload/photolist', [...])
 6 SYSTEMPATH\CodeIgniter.php(933): App\Controllers\Photoupload->photolist()
 7 SYSTEMPATH\CodeIgniter.php(509): CodeIgniter\CodeIgniter->runController(Object(App\Controllers\Photoupload))
 8 SYSTEMPATH\CodeIgniter.php(355): CodeIgniter\CodeIgniter->handleRequest(null, Object(Config\Cache), false)
 9 SYSTEMPATH\Boot.php(325): CodeIgniter\CodeIgniter->run()
10 SYSTEMPATH\Boot.php(67): CodeIgniter\Boot::runCodeIgniter(Object(CodeIgniter\CodeIgniter))
11 FCPATH\index.php(56): CodeIgniter\Boot::bootWeb(Object(Config\Paths))
WARNING - 2025-03-06 17:09:52 --> [DEPRECATED] strtotime(): Passing null to parameter #1 ($datetime) of type string is deprecated in APPPATH\Views\Admin\PhotoUpload\photolist.php on line 78.
 1 APPPATH\Views\Admin\PhotoUpload\photolist.php(78): strtotime(null)
 2 SYSTEMPATH\View\View.php(234): include('C:\\xampp\\htdocs\\Wolfox\\app\\Views\\Admin\\PhotoUpload\\photolist.php')
 3 SYSTEMPATH\View\View.php(237): CodeIgniter\View\View->CodeIgniter\View\{closure}()
 4 SYSTEMPATH\Common.php(1171): CodeIgniter\View\View->render('/Admin/photoupload/photolist', [], true)
 5 APPPATH\Controllers\PhotoUpload.php(119): view('/Admin/photoupload/photolist', [...])
 6 SYSTEMPATH\CodeIgniter.php(933): App\Controllers\Photoupload->photolist()
 7 SYSTEMPATH\CodeIgniter.php(509): CodeIgniter\CodeIgniter->runController(Object(App\Controllers\Photoupload))
 8 SYSTEMPATH\CodeIgniter.php(355): CodeIgniter\CodeIgniter->handleRequest(null, Object(Config\Cache), false)
 9 SYSTEMPATH\Boot.php(325): CodeIgniter\CodeIgniter->run()
10 SYSTEMPATH\Boot.php(67): CodeIgniter\Boot::runCodeIgniter(Object(CodeIgniter\CodeIgniter))
11 FCPATH\index.php(56): CodeIgniter\Boot::bootWeb(Object(Config\Paths))
WARNING - 2025-03-06 17:09:52 --> [DEPRECATED] strtotime(): Passing null to parameter #1 ($datetime) of type string is deprecated in APPPATH\Views\Admin\PhotoUpload\photolist.php on line 78.
 1 APPPATH\Views\Admin\PhotoUpload\photolist.php(78): strtotime(null)
 2 SYSTEMPATH\View\View.php(234): include('C:\\xampp\\htdocs\\Wolfox\\app\\Views\\Admin\\PhotoUpload\\photolist.php')
 3 SYSTEMPATH\View\View.php(237): CodeIgniter\View\View->CodeIgniter\View\{closure}()
 4 SYSTEMPATH\Common.php(1171): CodeIgniter\View\View->render('/Admin/photoupload/photolist', [], true)
 5 APPPATH\Controllers\PhotoUpload.php(119): view('/Admin/photoupload/photolist', [...])
 6 SYSTEMPATH\CodeIgniter.php(933): App\Controllers\Photoupload->photolist()
 7 SYSTEMPATH\CodeIgniter.php(509): CodeIgniter\CodeIgniter->runController(Object(App\Controllers\Photoupload))
 8 SYSTEMPATH\CodeIgniter.php(355): CodeIgniter\CodeIgniter->handleRequest(null, Object(Config\Cache), false)
 9 SYSTEMPATH\Boot.php(325): CodeIgniter\CodeIgniter->run()
10 SYSTEMPATH\Boot.php(67): CodeIgniter\Boot::runCodeIgniter(Object(CodeIgniter\CodeIgniter))
11 FCPATH\index.php(56): CodeIgniter\Boot::bootWeb(Object(Config\Paths))
WARNING - 2025-03-06 17:09:52 --> [DEPRECATED] strtotime(): Passing null to parameter #1 ($datetime) of type string is deprecated in APPPATH\Views\Admin\PhotoUpload\photolist.php on line 78.
 1 APPPATH\Views\Admin\PhotoUpload\photolist.php(78): strtotime(null)
 2 SYSTEMPATH\View\View.php(234): include('C:\\xampp\\htdocs\\Wolfox\\app\\Views\\Admin\\PhotoUpload\\photolist.php')
 3 SYSTEMPATH\View\View.php(237): CodeIgniter\View\View->CodeIgniter\View\{closure}()
 4 SYSTEMPATH\Common.php(1171): CodeIgniter\View\View->render('/Admin/photoupload/photolist', [], true)
 5 APPPATH\Controllers\PhotoUpload.php(119): view('/Admin/photoupload/photolist', [...])
 6 SYSTEMPATH\CodeIgniter.php(933): App\Controllers\Photoupload->photolist()
 7 SYSTEMPATH\CodeIgniter.php(509): CodeIgniter\CodeIgniter->runController(Object(App\Controllers\Photoupload))
 8 SYSTEMPATH\CodeIgniter.php(355): CodeIgniter\CodeIgniter->handleRequest(null, Object(Config\Cache), false)
 9 SYSTEMPATH\Boot.php(325): CodeIgniter\CodeIgniter->run()
10 SYSTEMPATH\Boot.php(67): CodeIgniter\Boot::runCodeIgniter(Object(CodeIgniter\CodeIgniter))
11 FCPATH\index.php(56): CodeIgniter\Boot::bootWeb(Object(Config\Paths))
WARNING - 2025-03-06 17:09:52 --> [DEPRECATED] strtotime(): Passing null to parameter #1 ($datetime) of type string is deprecated in APPPATH\Views\Admin\PhotoUpload\photolist.php on line 78.
 1 APPPATH\Views\Admin\PhotoUpload\photolist.php(78): strtotime(null)
 2 SYSTEMPATH\View\View.php(234): include('C:\\xampp\\htdocs\\Wolfox\\app\\Views\\Admin\\PhotoUpload\\photolist.php')
 3 SYSTEMPATH\View\View.php(237): CodeIgniter\View\View->CodeIgniter\View\{closure}()
 4 SYSTEMPATH\Common.php(1171): CodeIgniter\View\View->render('/Admin/photoupload/photolist', [], true)
 5 APPPATH\Controllers\PhotoUpload.php(119): view('/Admin/photoupload/photolist', [...])
 6 SYSTEMPATH\CodeIgniter.php(933): App\Controllers\Photoupload->photolist()
 7 SYSTEMPATH\CodeIgniter.php(509): CodeIgniter\CodeIgniter->runController(Object(App\Controllers\Photoupload))
 8 SYSTEMPATH\CodeIgniter.php(355): CodeIgniter\CodeIgniter->handleRequest(null, Object(Config\Cache), false)
 9 SYSTEMPATH\Boot.php(325): CodeIgniter\CodeIgniter->run()
10 SYSTEMPATH\Boot.php(67): CodeIgniter\Boot::runCodeIgniter(Object(CodeIgniter\CodeIgniter))
11 FCPATH\index.php(56): CodeIgniter\Boot::bootWeb(Object(Config\Paths))
WARNING - 2025-03-06 17:09:52 --> [DEPRECATED] strtotime(): Passing null to parameter #1 ($datetime) of type string is deprecated in APPPATH\Views\Admin\PhotoUpload\photolist.php on line 78.
 1 APPPATH\Views\Admin\PhotoUpload\photolist.php(78): strtotime(null)
 2 SYSTEMPATH\View\View.php(234): include('C:\\xampp\\htdocs\\Wolfox\\app\\Views\\Admin\\PhotoUpload\\photolist.php')
 3 SYSTEMPATH\View\View.php(237): CodeIgniter\View\View->CodeIgniter\View\{closure}()
 4 SYSTEMPATH\Common.php(1171): CodeIgniter\View\View->render('/Admin/photoupload/photolist', [], true)
 5 APPPATH\Controllers\PhotoUpload.php(119): view('/Admin/photoupload/photolist', [...])
 6 SYSTEMPATH\CodeIgniter.php(933): App\Controllers\Photoupload->photolist()
 7 SYSTEMPATH\CodeIgniter.php(509): CodeIgniter\CodeIgniter->runController(Object(App\Controllers\Photoupload))
 8 SYSTEMPATH\CodeIgniter.php(355): CodeIgniter\CodeIgniter->handleRequest(null, Object(Config\Cache), false)
 9 SYSTEMPATH\Boot.php(325): CodeIgniter\CodeIgniter->run()
10 SYSTEMPATH\Boot.php(67): CodeIgniter\Boot::runCodeIgniter(Object(CodeIgniter\CodeIgniter))
11 FCPATH\index.php(56): CodeIgniter\Boot::bootWeb(Object(Config\Paths))
WARNING - 2025-03-06 17:09:52 --> [DEPRECATED] strtotime(): Passing null to parameter #1 ($datetime) of type string is deprecated in APPPATH\Views\Admin\PhotoUpload\photolist.php on line 78.
 1 APPPATH\Views\Admin\PhotoUpload\photolist.php(78): strtotime(null)
 2 SYSTEMPATH\View\View.php(234): include('C:\\xampp\\htdocs\\Wolfox\\app\\Views\\Admin\\PhotoUpload\\photolist.php')
 3 SYSTEMPATH\View\View.php(237): CodeIgniter\View\View->CodeIgniter\View\{closure}()
 4 SYSTEMPATH\Common.php(1171): CodeIgniter\View\View->render('/Admin/photoupload/photolist', [], true)
 5 APPPATH\Controllers\PhotoUpload.php(119): view('/Admin/photoupload/photolist', [...])
 6 SYSTEMPATH\CodeIgniter.php(933): App\Controllers\Photoupload->photolist()
 7 SYSTEMPATH\CodeIgniter.php(509): CodeIgniter\CodeIgniter->runController(Object(App\Controllers\Photoupload))
 8 SYSTEMPATH\CodeIgniter.php(355): CodeIgniter\CodeIgniter->handleRequest(null, Object(Config\Cache), false)
 9 SYSTEMPATH\Boot.php(325): CodeIgniter\CodeIgniter->run()
10 SYSTEMPATH\Boot.php(67): CodeIgniter\Boot::runCodeIgniter(Object(CodeIgniter\CodeIgniter))
11 FCPATH\index.php(56): CodeIgniter\Boot::bootWeb(Object(Config\Paths))
INFO - 2025-03-06 17:09:57 --> Session: Class initialized using 'CodeIgniter\Session\Handlers\FileHandler' driver.
INFO - 2025-03-06 17:20:17 --> Session: Class initialized using 'CodeIgniter\Session\Handlers\FileHandler' driver.
WARNING - 2025-03-06 17:20:17 --> [DEPRECATED] strtotime(): Passing null to parameter #1 ($datetime) of type string is deprecated in APPPATH\Views\Admin\Admission\list.php on line 123.
 1 APPPATH\Views\Admin\Admission\list.php(123): strtotime(null)
 2 SYSTEMPATH\View\View.php(234): include('C:\\xampp\\htdocs\\Wolfox\\app\\Views\\Admin\\Admission\\list.php')
 3 SYSTEMPATH\View\View.php(237): CodeIgniter\View\View->CodeIgniter\View\{closure}()
 4 SYSTEMPATH\Common.php(1171): CodeIgniter\View\View->render('/Admin/Admission/list', [], true)
 5 APPPATH\Controllers\AdmissionMaster.php(329): view('/Admin/Admission/list', [...])
 6 SYSTEMPATH\CodeIgniter.php(933): App\Controllers\AdmissionMaster->list()
 7 SYSTEMPATH\CodeIgniter.php(509): CodeIgniter\CodeIgniter->runController(Object(App\Controllers\AdmissionMaster))
 8 SYSTEMPATH\CodeIgniter.php(355): CodeIgniter\CodeIgniter->handleRequest(null, Object(Config\Cache), false)
 9 SYSTEMPATH\Boot.php(325): CodeIgniter\CodeIgniter->run()
10 SYSTEMPATH\Boot.php(67): CodeIgniter\Boot::runCodeIgniter(Object(CodeIgniter\CodeIgniter))
11 FCPATH\index.php(56): CodeIgniter\Boot::bootWeb(Object(Config\Paths))
WARNING - 2025-03-06 17:20:17 --> [DEPRECATED] strtotime(): Passing null to parameter #1 ($datetime) of type string is deprecated in APPPATH\Views\Admin\Admission\list.php on line 260.
 1 APPPATH\Views\Admin\Admission\list.php(260): strtotime(null)
 2 SYSTEMPATH\View\View.php(234): include('C:\\xampp\\htdocs\\Wolfox\\app\\Views\\Admin\\Admission\\list.php')
 3 SYSTEMPATH\View\View.php(237): CodeIgniter\View\View->CodeIgniter\View\{closure}()
 4 SYSTEMPATH\Common.php(1171): CodeIgniter\View\View->render('/Admin/Admission/list', [], true)
 5 APPPATH\Controllers\AdmissionMaster.php(329): view('/Admin/Admission/list', [...])
 6 SYSTEMPATH\CodeIgniter.php(933): App\Controllers\AdmissionMaster->list()
 7 SYSTEMPATH\CodeIgniter.php(509): CodeIgniter\CodeIgniter->runController(Object(App\Controllers\AdmissionMaster))
 8 SYSTEMPATH\CodeIgniter.php(355): CodeIgniter\CodeIgniter->handleRequest(null, Object(Config\Cache), false)
 9 SYSTEMPATH\Boot.php(325): CodeIgniter\CodeIgniter->run()
10 SYSTEMPATH\Boot.php(67): CodeIgniter\Boot::runCodeIgniter(Object(CodeIgniter\CodeIgniter))
11 FCPATH\index.php(56): CodeIgniter\Boot::bootWeb(Object(Config\Paths))
WARNING - 2025-03-06 17:20:17 --> [DEPRECATED] strtotime(): Passing null to parameter #1 ($datetime) of type string is deprecated in APPPATH\Views\Admin\Admission\list.php on line 260.
 1 APPPATH\Views\Admin\Admission\list.php(260): strtotime(null)
 2 SYSTEMPATH\View\View.php(234): include('C:\\xampp\\htdocs\\Wolfox\\app\\Views\\Admin\\Admission\\list.php')
 3 SYSTEMPATH\View\View.php(237): CodeIgniter\View\View->CodeIgniter\View\{closure}()
 4 SYSTEMPATH\Common.php(1171): CodeIgniter\View\View->render('/Admin/Admission/list', [], true)
 5 APPPATH\Controllers\AdmissionMaster.php(329): view('/Admin/Admission/list', [...])
 6 SYSTEMPATH\CodeIgniter.php(933): App\Controllers\AdmissionMaster->list()
 7 SYSTEMPATH\CodeIgniter.php(509): CodeIgniter\CodeIgniter->runController(Object(App\Controllers\AdmissionMaster))
 8 SYSTEMPATH\CodeIgniter.php(355): CodeIgniter\CodeIgniter->handleRequest(null, Object(Config\Cache), false)
 9 SYSTEMPATH\Boot.php(325): CodeIgniter\CodeIgniter->run()
10 SYSTEMPATH\Boot.php(67): CodeIgniter\Boot::runCodeIgniter(Object(CodeIgniter\CodeIgniter))
11 FCPATH\index.php(56): CodeIgniter\Boot::bootWeb(Object(Config\Paths))
INFO - 2025-03-06 17:22:49 --> Session: Class initialized using 'CodeIgniter\Session\Handlers\FileHandler' driver.
INFO - 2025-03-06 17:25:02 --> Session: Class initialized using 'CodeIgniter\Session\Handlers\FileHandler' driver.
INFO - 2025-03-06 17:25:05 --> Session: Class initialized using 'CodeIgniter\Session\Handlers\FileHandler' driver.
WARNING - 2025-03-06 17:25:05 --> [DEPRECATED] strtotime(): Passing null to parameter #1 ($datetime) of type string is deprecated in APPPATH\Views\Admin\Admission\compltedlist.php on line 162.
 1 APPPATH\Views\Admin\Admission\compltedlist.php(162): strtotime(null)
 2 SYSTEMPATH\View\View.php(234): include('C:\\xampp\\htdocs\\Wolfox\\app\\Views\\Admin\\Admission\\compltedlist.php')
 3 SYSTEMPATH\View\View.php(237): CodeIgniter\View\View->CodeIgniter\View\{closure}()
 4 SYSTEMPATH\Common.php(1171): CodeIgniter\View\View->render('/Admin/Admission/compltedlist', [], true)
 5 APPPATH\Controllers\AdmissionMaster.php(963): view('/Admin/Admission/compltedlist', [...])
 6 SYSTEMPATH\CodeIgniter.php(933): App\Controllers\AdmissionMaster->completedlist()
 7 SYSTEMPATH\CodeIgniter.php(509): CodeIgniter\CodeIgniter->runController(Object(App\Controllers\AdmissionMaster))
 8 SYSTEMPATH\CodeIgniter.php(355): CodeIgniter\CodeIgniter->handleRequest(null, Object(Config\Cache), false)
 9 SYSTEMPATH\Boot.php(325): CodeIgniter\CodeIgniter->run()
10 SYSTEMPATH\Boot.php(67): CodeIgniter\Boot::runCodeIgniter(Object(CodeIgniter\CodeIgniter))
11 FCPATH\index.php(56): CodeIgniter\Boot::bootWeb(Object(Config\Paths))
INFO - 2025-03-06 17:25:11 --> Session: Class initialized using 'CodeIgniter\Session\Handlers\FileHandler' driver.
WARNING - 2025-03-06 17:25:11 --> [DEPRECATED] strtotime(): Passing null to parameter #1 ($datetime) of type string is deprecated in APPPATH\Views\Admin\Admission\searchlist.php on line 162.
 1 APPPATH\Views\Admin\Admission\searchlist.php(162): strtotime(null)
 2 SYSTEMPATH\View\View.php(234): include('C:\\xampp\\htdocs\\Wolfox\\app\\Views\\Admin\\Admission\\searchlist.php')
 3 SYSTEMPATH\View\View.php(237): CodeIgniter\View\View->CodeIgniter\View\{closure}()
 4 SYSTEMPATH\Common.php(1171): CodeIgniter\View\View->render('/Admin/Admission/searchlist', [], true)
 5 APPPATH\Controllers\AdmissionMaster.php(996): view('/Admin/Admission/searchlist', [...])
 6 SYSTEMPATH\CodeIgniter.php(933): App\Controllers\AdmissionMaster->filteryearwise('2025')
 7 SYSTEMPATH\CodeIgniter.php(509): CodeIgniter\CodeIgniter->runController(Object(App\Controllers\AdmissionMaster))
 8 SYSTEMPATH\CodeIgniter.php(355): CodeIgniter\CodeIgniter->handleRequest(null, Object(Config\Cache), false)
 9 SYSTEMPATH\Boot.php(325): CodeIgniter\CodeIgniter->run()
10 SYSTEMPATH\Boot.php(67): CodeIgniter\Boot::runCodeIgniter(Object(CodeIgniter\CodeIgniter))
11 FCPATH\index.php(56): CodeIgniter\Boot::bootWeb(Object(Config\Paths))
INFO - 2025-03-06 17:25:15 --> Session: Class initialized using 'CodeIgniter\Session\Handlers\FileHandler' driver.
INFO - 2025-03-06 17:27:36 --> Session: Class initialized using 'CodeIgniter\Session\Handlers\FileHandler' driver.
INFO - 2025-03-06 17:27:59 --> Session: Class initialized using 'CodeIgniter\Session\Handlers\FileHandler' driver.
INFO - 2025-03-06 17:28:10 --> Session: Class initialized using 'CodeIgniter\Session\Handlers\FileHandler' driver.
INFO - 2025-03-06 17:30:29 --> Session: Class initialized using 'CodeIgniter\Session\Handlers\FileHandler' driver.
INFO - 2025-03-06 17:30:58 --> Session: Class initialized using 'CodeIgniter\Session\Handlers\FileHandler' driver.
INFO - 2025-03-06 17:31:58 --> Session: Class initialized using 'CodeIgniter\Session\Handlers\FileHandler' driver.
INFO - 2025-03-06 17:32:04 --> Session: Class initialized using 'CodeIgniter\Session\Handlers\FileHandler' driver.
INFO - 2025-03-06 17:32:52 --> Session: Class initialized using 'CodeIgniter\Session\Handlers\FileHandler' driver.
INFO - 2025-03-06 17:32:56 --> Session: Class initialized using 'CodeIgniter\Session\Handlers\FileHandler' driver.
INFO - 2025-03-06 17:33:28 --> Session: Class initialized using 'CodeIgniter\Session\Handlers\FileHandler' driver.
INFO - 2025-03-06 17:33:40 --> Session: Class initialized using 'CodeIgniter\Session\Handlers\FileHandler' driver.
INFO - 2025-03-06 17:33:51 --> Session: Class initialized using 'CodeIgniter\Session\Handlers\FileHandler' driver.
INFO - 2025-03-06 17:34:19 --> Session: Class initialized using 'CodeIgniter\Session\Handlers\FileHandler' driver.
INFO - 2025-03-06 17:34:26 --> Session: Class initialized using 'CodeIgniter\Session\Handlers\FileHandler' driver.
INFO - 2025-03-06 17:34:51 --> Session: Class initialized using 'CodeIgniter\Session\Handlers\FileHandler' driver.
INFO - 2025-03-06 17:34:58 --> Session: Class initialized using 'CodeIgniter\Session\Handlers\FileHandler' driver.
WARNING - 2025-03-06 17:34:58 --> [DEPRECATED] strtotime(): Passing null to parameter #1 ($datetime) of type string is deprecated in APPPATH\Views\Admin\Admission\list.php on line 123.
 1 APPPATH\Views\Admin\Admission\list.php(123): strtotime(null)
 2 SYSTEMPATH\View\View.php(234): include('C:\\xampp\\htdocs\\Wolfox\\app\\Views\\Admin\\Admission\\list.php')
 3 SYSTEMPATH\View\View.php(237): CodeIgniter\View\View->CodeIgniter\View\{closure}()
 4 SYSTEMPATH\Common.php(1171): CodeIgniter\View\View->render('/Admin/Admission/list', [], true)
 5 APPPATH\Controllers\AdmissionMaster.php(329): view('/Admin/Admission/list', [...])
 6 SYSTEMPATH\CodeIgniter.php(933): App\Controllers\AdmissionMaster->list()
 7 SYSTEMPATH\CodeIgniter.php(509): CodeIgniter\CodeIgniter->runController(Object(App\Controllers\AdmissionMaster))
 8 SYSTEMPATH\CodeIgniter.php(355): CodeIgniter\CodeIgniter->handleRequest(null, Object(Config\Cache), false)
 9 SYSTEMPATH\Boot.php(325): CodeIgniter\CodeIgniter->run()
10 SYSTEMPATH\Boot.php(67): CodeIgniter\Boot::runCodeIgniter(Object(CodeIgniter\CodeIgniter))
11 FCPATH\index.php(56): CodeIgniter\Boot::bootWeb(Object(Config\Paths))
WARNING - 2025-03-06 17:34:58 --> [DEPRECATED] strtotime(): Passing null to parameter #1 ($datetime) of type string is deprecated in APPPATH\Views\Admin\Admission\list.php on line 260.
 1 APPPATH\Views\Admin\Admission\list.php(260): strtotime(null)
 2 SYSTEMPATH\View\View.php(234): include('C:\\xampp\\htdocs\\Wolfox\\app\\Views\\Admin\\Admission\\list.php')
 3 SYSTEMPATH\View\View.php(237): CodeIgniter\View\View->CodeIgniter\View\{closure}()
 4 SYSTEMPATH\Common.php(1171): CodeIgniter\View\View->render('/Admin/Admission/list', [], true)
 5 APPPATH\Controllers\AdmissionMaster.php(329): view('/Admin/Admission/list', [...])
 6 SYSTEMPATH\CodeIgniter.php(933): App\Controllers\AdmissionMaster->list()
 7 SYSTEMPATH\CodeIgniter.php(509): CodeIgniter\CodeIgniter->runController(Object(App\Controllers\AdmissionMaster))
 8 SYSTEMPATH\CodeIgniter.php(355): CodeIgniter\CodeIgniter->handleRequest(null, Object(Config\Cache), false)
 9 SYSTEMPATH\Boot.php(325): CodeIgniter\CodeIgniter->run()
10 SYSTEMPATH\Boot.php(67): CodeIgniter\Boot::runCodeIgniter(Object(CodeIgniter\CodeIgniter))
11 FCPATH\index.php(56): CodeIgniter\Boot::bootWeb(Object(Config\Paths))
WARNING - 2025-03-06 17:34:58 --> [DEPRECATED] strtotime(): Passing null to parameter #1 ($datetime) of type string is deprecated in APPPATH\Views\Admin\Admission\list.php on line 260.
 1 APPPATH\Views\Admin\Admission\list.php(260): strtotime(null)
 2 SYSTEMPATH\View\View.php(234): include('C:\\xampp\\htdocs\\Wolfox\\app\\Views\\Admin\\Admission\\list.php')
 3 SYSTEMPATH\View\View.php(237): CodeIgniter\View\View->CodeIgniter\View\{closure}()
 4 SYSTEMPATH\Common.php(1171): CodeIgniter\View\View->render('/Admin/Admission/list', [], true)
 5 APPPATH\Controllers\AdmissionMaster.php(329): view('/Admin/Admission/list', [...])
 6 SYSTEMPATH\CodeIgniter.php(933): App\Controllers\AdmissionMaster->list()
 7 SYSTEMPATH\CodeIgniter.php(509): CodeIgniter\CodeIgniter->runController(Object(App\Controllers\AdmissionMaster))
 8 SYSTEMPATH\CodeIgniter.php(355): CodeIgniter\CodeIgniter->handleRequest(null, Object(Config\Cache), false)
 9 SYSTEMPATH\Boot.php(325): CodeIgniter\CodeIgniter->run()
10 SYSTEMPATH\Boot.php(67): CodeIgniter\Boot::runCodeIgniter(Object(CodeIgniter\CodeIgniter))
11 FCPATH\index.php(56): CodeIgniter\Boot::bootWeb(Object(Config\Paths))
INFO - 2025-03-06 17:35:01 --> Session: Class initialized using 'CodeIgniter\Session\Handlers\FileHandler' driver.
INFO - 2025-03-06 17:35:03 --> Session: Class initialized using 'CodeIgniter\Session\Handlers\FileHandler' driver.
WARNING - 2025-03-06 17:35:03 --> [DEPRECATED] strtotime(): Passing null to parameter #1 ($datetime) of type string is deprecated in APPPATH\Views\Admin\Admission\compltedlist.php on line 162.
 1 APPPATH\Views\Admin\Admission\compltedlist.php(162): strtotime(null)
 2 SYSTEMPATH\View\View.php(234): include('C:\\xampp\\htdocs\\Wolfox\\app\\Views\\Admin\\Admission\\compltedlist.php')
 3 SYSTEMPATH\View\View.php(237): CodeIgniter\View\View->CodeIgniter\View\{closure}()
 4 SYSTEMPATH\Common.php(1171): CodeIgniter\View\View->render('/Admin/Admission/compltedlist', [], true)
 5 APPPATH\Controllers\AdmissionMaster.php(963): view('/Admin/Admission/compltedlist', [...])
 6 SYSTEMPATH\CodeIgniter.php(933): App\Controllers\AdmissionMaster->completedlist()
 7 SYSTEMPATH\CodeIgniter.php(509): CodeIgniter\CodeIgniter->runController(Object(App\Controllers\AdmissionMaster))
 8 SYSTEMPATH\CodeIgniter.php(355): CodeIgniter\CodeIgniter->handleRequest(null, Object(Config\Cache), false)
 9 SYSTEMPATH\Boot.php(325): CodeIgniter\CodeIgniter->run()
10 SYSTEMPATH\Boot.php(67): CodeIgniter\Boot::runCodeIgniter(Object(CodeIgniter\CodeIgniter))
11 FCPATH\index.php(56): CodeIgniter\Boot::bootWeb(Object(Config\Paths))
INFO - 2025-03-06 17:35:10 --> Session: Class initialized using 'CodeIgniter\Session\Handlers\FileHandler' driver.
INFO - 2025-03-06 17:35:13 --> Session: Class initialized using 'CodeIgniter\Session\Handlers\FileHandler' driver.
INFO - 2025-03-06 17:35:17 --> Session: Class initialized using 'CodeIgniter\Session\Handlers\FileHandler' driver.
WARNING - 2025-03-06 17:35:17 --> [DEPRECATED] strtotime(): Passing null to parameter #1 ($datetime) of type string is deprecated in APPPATH\Views\Admin\PhotoUpload\list.php on line 69.
 1 APPPATH\Views\Admin\PhotoUpload\list.php(69): strtotime(null)
 2 SYSTEMPATH\View\View.php(234): include('C:\\xampp\\htdocs\\Wolfox\\app\\Views\\Admin\\PhotoUpload\\list.php')
 3 SYSTEMPATH\View\View.php(237): CodeIgniter\View\View->CodeIgniter\View\{closure}()
 4 SYSTEMPATH\Common.php(1171): CodeIgniter\View\View->render('/Admin/photoupload/list', [], true)
 5 APPPATH\Controllers\PhotoUpload.php(102): view('/Admin/photoupload/list', [...])
 6 SYSTEMPATH\CodeIgniter.php(933): App\Controllers\Photoupload->list()
 7 SYSTEMPATH\CodeIgniter.php(509): CodeIgniter\CodeIgniter->runController(Object(App\Controllers\Photoupload))
 8 SYSTEMPATH\CodeIgniter.php(355): CodeIgniter\CodeIgniter->handleRequest(null, Object(Config\Cache), false)
 9 SYSTEMPATH\Boot.php(325): CodeIgniter\CodeIgniter->run()
10 SYSTEMPATH\Boot.php(67): CodeIgniter\Boot::runCodeIgniter(Object(CodeIgniter\CodeIgniter))
11 FCPATH\index.php(56): CodeIgniter\Boot::bootWeb(Object(Config\Paths))
WARNING - 2025-03-06 17:35:17 --> [DEPRECATED] strtotime(): Passing null to parameter #1 ($datetime) of type string is deprecated in APPPATH\Views\Admin\PhotoUpload\list.php on line 69.
 1 APPPATH\Views\Admin\PhotoUpload\list.php(69): strtotime(null)
 2 SYSTEMPATH\View\View.php(234): include('C:\\xampp\\htdocs\\Wolfox\\app\\Views\\Admin\\PhotoUpload\\list.php')
 3 SYSTEMPATH\View\View.php(237): CodeIgniter\View\View->CodeIgniter\View\{closure}()
 4 SYSTEMPATH\Common.php(1171): CodeIgniter\View\View->render('/Admin/photoupload/list', [], true)
 5 APPPATH\Controllers\PhotoUpload.php(102): view('/Admin/photoupload/list', [...])
 6 SYSTEMPATH\CodeIgniter.php(933): App\Controllers\Photoupload->list()
 7 SYSTEMPATH\CodeIgniter.php(509): CodeIgniter\CodeIgniter->runController(Object(App\Controllers\Photoupload))
 8 SYSTEMPATH\CodeIgniter.php(355): CodeIgniter\CodeIgniter->handleRequest(null, Object(Config\Cache), false)
 9 SYSTEMPATH\Boot.php(325): CodeIgniter\CodeIgniter->run()
10 SYSTEMPATH\Boot.php(67): CodeIgniter\Boot::runCodeIgniter(Object(CodeIgniter\CodeIgniter))
11 FCPATH\index.php(56): CodeIgniter\Boot::bootWeb(Object(Config\Paths))
WARNING - 2025-03-06 17:35:17 --> [DEPRECATED] strtotime(): Passing null to parameter #1 ($datetime) of type string is deprecated in APPPATH\Views\Admin\PhotoUpload\list.php on line 69.
 1 APPPATH\Views\Admin\PhotoUpload\list.php(69): strtotime(null)
 2 SYSTEMPATH\View\View.php(234): include('C:\\xampp\\htdocs\\Wolfox\\app\\Views\\Admin\\PhotoUpload\\list.php')
 3 SYSTEMPATH\View\View.php(237): CodeIgniter\View\View->CodeIgniter\View\{closure}()
 4 SYSTEMPATH\Common.php(1171): CodeIgniter\View\View->render('/Admin/photoupload/list', [], true)
 5 APPPATH\Controllers\PhotoUpload.php(102): view('/Admin/photoupload/list', [...])
 6 SYSTEMPATH\CodeIgniter.php(933): App\Controllers\Photoupload->list()
 7 SYSTEMPATH\CodeIgniter.php(509): CodeIgniter\CodeIgniter->runController(Object(App\Controllers\Photoupload))
 8 SYSTEMPATH\CodeIgniter.php(355): CodeIgniter\CodeIgniter->handleRequest(null, Object(Config\Cache), false)
 9 SYSTEMPATH\Boot.php(325): CodeIgniter\CodeIgniter->run()
10 SYSTEMPATH\Boot.php(67): CodeIgniter\Boot::runCodeIgniter(Object(CodeIgniter\CodeIgniter))
11 FCPATH\index.php(56): CodeIgniter\Boot::bootWeb(Object(Config\Paths))
WARNING - 2025-03-06 17:35:17 --> [DEPRECATED] strtotime(): Passing null to parameter #1 ($datetime) of type string is deprecated in APPPATH\Views\Admin\PhotoUpload\list.php on line 69.
 1 APPPATH\Views\Admin\PhotoUpload\list.php(69): strtotime(null)
 2 SYSTEMPATH\View\View.php(234): include('C:\\xampp\\htdocs\\Wolfox\\app\\Views\\Admin\\PhotoUpload\\list.php')
 3 SYSTEMPATH\View\View.php(237): CodeIgniter\View\View->CodeIgniter\View\{closure}()
 4 SYSTEMPATH\Common.php(1171): CodeIgniter\View\View->render('/Admin/photoupload/list', [], true)
 5 APPPATH\Controllers\PhotoUpload.php(102): view('/Admin/photoupload/list', [...])
 6 SYSTEMPATH\CodeIgniter.php(933): App\Controllers\Photoupload->list()
 7 SYSTEMPATH\CodeIgniter.php(509): CodeIgniter\CodeIgniter->runController(Object(App\Controllers\Photoupload))
 8 SYSTEMPATH\CodeIgniter.php(355): CodeIgniter\CodeIgniter->handleRequest(null, Object(Config\Cache), false)
 9 SYSTEMPATH\Boot.php(325): CodeIgniter\CodeIgniter->run()
10 SYSTEMPATH\Boot.php(67): CodeIgniter\Boot::runCodeIgniter(Object(CodeIgniter\CodeIgniter))
11 FCPATH\index.php(56): CodeIgniter\Boot::bootWeb(Object(Config\Paths))
WARNING - 2025-03-06 17:35:17 --> [DEPRECATED] strtotime(): Passing null to parameter #1 ($datetime) of type string is deprecated in APPPATH\Views\Admin\PhotoUpload\list.php on line 69.
 1 APPPATH\Views\Admin\PhotoUpload\list.php(69): strtotime(null)
 2 SYSTEMPATH\View\View.php(234): include('C:\\xampp\\htdocs\\Wolfox\\app\\Views\\Admin\\PhotoUpload\\list.php')
 3 SYSTEMPATH\View\View.php(237): CodeIgniter\View\View->CodeIgniter\View\{closure}()
 4 SYSTEMPATH\Common.php(1171): CodeIgniter\View\View->render('/Admin/photoupload/list', [], true)
 5 APPPATH\Controllers\PhotoUpload.php(102): view('/Admin/photoupload/list', [...])
 6 SYSTEMPATH\CodeIgniter.php(933): App\Controllers\Photoupload->list()
 7 SYSTEMPATH\CodeIgniter.php(509): CodeIgniter\CodeIgniter->runController(Object(App\Controllers\Photoupload))
 8 SYSTEMPATH\CodeIgniter.php(355): CodeIgniter\CodeIgniter->handleRequest(null, Object(Config\Cache), false)
 9 SYSTEMPATH\Boot.php(325): CodeIgniter\CodeIgniter->run()
10 SYSTEMPATH\Boot.php(67): CodeIgniter\Boot::runCodeIgniter(Object(CodeIgniter\CodeIgniter))
11 FCPATH\index.php(56): CodeIgniter\Boot::bootWeb(Object(Config\Paths))
WARNING - 2025-03-06 17:35:17 --> [DEPRECATED] strtotime(): Passing null to parameter #1 ($datetime) of type string is deprecated in APPPATH\Views\Admin\PhotoUpload\list.php on line 69.
 1 APPPATH\Views\Admin\PhotoUpload\list.php(69): strtotime(null)
 2 SYSTEMPATH\View\View.php(234): include('C:\\xampp\\htdocs\\Wolfox\\app\\Views\\Admin\\PhotoUpload\\list.php')
 3 SYSTEMPATH\View\View.php(237): CodeIgniter\View\View->CodeIgniter\View\{closure}()
 4 SYSTEMPATH\Common.php(1171): CodeIgniter\View\View->render('/Admin/photoupload/list', [], true)
 5 APPPATH\Controllers\PhotoUpload.php(102): view('/Admin/photoupload/list', [...])
 6 SYSTEMPATH\CodeIgniter.php(933): App\Controllers\Photoupload->list()
 7 SYSTEMPATH\CodeIgniter.php(509): CodeIgniter\CodeIgniter->runController(Object(App\Controllers\Photoupload))
 8 SYSTEMPATH\CodeIgniter.php(355): CodeIgniter\CodeIgniter->handleRequest(null, Object(Config\Cache), false)
 9 SYSTEMPATH\Boot.php(325): CodeIgniter\CodeIgniter->run()
10 SYSTEMPATH\Boot.php(67): CodeIgniter\Boot::runCodeIgniter(Object(CodeIgniter\CodeIgniter))
11 FCPATH\index.php(56): CodeIgniter\Boot::bootWeb(Object(Config\Paths))
WARNING - 2025-03-06 17:35:17 --> [DEPRECATED] strtotime(): Passing null to parameter #1 ($datetime) of type string is deprecated in APPPATH\Views\Admin\PhotoUpload\list.php on line 69.
 1 APPPATH\Views\Admin\PhotoUpload\list.php(69): strtotime(null)
 2 SYSTEMPATH\View\View.php(234): include('C:\\xampp\\htdocs\\Wolfox\\app\\Views\\Admin\\PhotoUpload\\list.php')
 3 SYSTEMPATH\View\View.php(237): CodeIgniter\View\View->CodeIgniter\View\{closure}()
 4 SYSTEMPATH\Common.php(1171): CodeIgniter\View\View->render('/Admin/photoupload/list', [], true)
 5 APPPATH\Controllers\PhotoUpload.php(102): view('/Admin/photoupload/list', [...])
 6 SYSTEMPATH\CodeIgniter.php(933): App\Controllers\Photoupload->list()
 7 SYSTEMPATH\CodeIgniter.php(509): CodeIgniter\CodeIgniter->runController(Object(App\Controllers\Photoupload))
 8 SYSTEMPATH\CodeIgniter.php(355): CodeIgniter\CodeIgniter->handleRequest(null, Object(Config\Cache), false)
 9 SYSTEMPATH\Boot.php(325): CodeIgniter\CodeIgniter->run()
10 SYSTEMPATH\Boot.php(67): CodeIgniter\Boot::runCodeIgniter(Object(CodeIgniter\CodeIgniter))
11 FCPATH\index.php(56): CodeIgniter\Boot::bootWeb(Object(Config\Paths))
WARNING - 2025-03-06 17:35:17 --> [DEPRECATED] strtotime(): Passing null to parameter #1 ($datetime) of type string is deprecated in APPPATH\Views\Admin\PhotoUpload\list.php on line 69.
 1 APPPATH\Views\Admin\PhotoUpload\list.php(69): strtotime(null)
 2 SYSTEMPATH\View\View.php(234): include('C:\\xampp\\htdocs\\Wolfox\\app\\Views\\Admin\\PhotoUpload\\list.php')
 3 SYSTEMPATH\View\View.php(237): CodeIgniter\View\View->CodeIgniter\View\{closure}()
 4 SYSTEMPATH\Common.php(1171): CodeIgniter\View\View->render('/Admin/photoupload/list', [], true)
 5 APPPATH\Controllers\PhotoUpload.php(102): view('/Admin/photoupload/list', [...])
 6 SYSTEMPATH\CodeIgniter.php(933): App\Controllers\Photoupload->list()
 7 SYSTEMPATH\CodeIgniter.php(509): CodeIgniter\CodeIgniter->runController(Object(App\Controllers\Photoupload))
 8 SYSTEMPATH\CodeIgniter.php(355): CodeIgniter\CodeIgniter->handleRequest(null, Object(Config\Cache), false)
 9 SYSTEMPATH\Boot.php(325): CodeIgniter\CodeIgniter->run()
10 SYSTEMPATH\Boot.php(67): CodeIgniter\Boot::runCodeIgniter(Object(CodeIgniter\CodeIgniter))
11 FCPATH\index.php(56): CodeIgniter\Boot::bootWeb(Object(Config\Paths))
WARNING - 2025-03-06 17:35:17 --> [DEPRECATED] strtotime(): Passing null to parameter #1 ($datetime) of type string is deprecated in APPPATH\Views\Admin\PhotoUpload\list.php on line 69.
 1 APPPATH\Views\Admin\PhotoUpload\list.php(69): strtotime(null)
 2 SYSTEMPATH\View\View.php(234): include('C:\\xampp\\htdocs\\Wolfox\\app\\Views\\Admin\\PhotoUpload\\list.php')
 3 SYSTEMPATH\View\View.php(237): CodeIgniter\View\View->CodeIgniter\View\{closure}()
 4 SYSTEMPATH\Common.php(1171): CodeIgniter\View\View->render('/Admin/photoupload/list', [], true)
 5 APPPATH\Controllers\PhotoUpload.php(102): view('/Admin/photoupload/list', [...])
 6 SYSTEMPATH\CodeIgniter.php(933): App\Controllers\Photoupload->list()
 7 SYSTEMPATH\CodeIgniter.php(509): CodeIgniter\CodeIgniter->runController(Object(App\Controllers\Photoupload))
 8 SYSTEMPATH\CodeIgniter.php(355): CodeIgniter\CodeIgniter->handleRequest(null, Object(Config\Cache), false)
 9 SYSTEMPATH\Boot.php(325): CodeIgniter\CodeIgniter->run()
10 SYSTEMPATH\Boot.php(67): CodeIgniter\Boot::runCodeIgniter(Object(CodeIgniter\CodeIgniter))
11 FCPATH\index.php(56): CodeIgniter\Boot::bootWeb(Object(Config\Paths))
WARNING - 2025-03-06 17:35:17 --> [DEPRECATED] strtotime(): Passing null to parameter #1 ($datetime) of type string is deprecated in APPPATH\Views\Admin\PhotoUpload\list.php on line 69.
 1 APPPATH\Views\Admin\PhotoUpload\list.php(69): strtotime(null)
 2 SYSTEMPATH\View\View.php(234): include('C:\\xampp\\htdocs\\Wolfox\\app\\Views\\Admin\\PhotoUpload\\list.php')
 3 SYSTEMPATH\View\View.php(237): CodeIgniter\View\View->CodeIgniter\View\{closure}()
 4 SYSTEMPATH\Common.php(1171): CodeIgniter\View\View->render('/Admin/photoupload/list', [], true)
 5 APPPATH\Controllers\PhotoUpload.php(102): view('/Admin/photoupload/list', [...])
 6 SYSTEMPATH\CodeIgniter.php(933): App\Controllers\Photoupload->list()
 7 SYSTEMPATH\CodeIgniter.php(509): CodeIgniter\CodeIgniter->runController(Object(App\Controllers\Photoupload))
 8 SYSTEMPATH\CodeIgniter.php(355): CodeIgniter\CodeIgniter->handleRequest(null, Object(Config\Cache), false)
 9 SYSTEMPATH\Boot.php(325): CodeIgniter\CodeIgniter->run()
10 SYSTEMPATH\Boot.php(67): CodeIgniter\Boot::runCodeIgniter(Object(CodeIgniter\CodeIgniter))
11 FCPATH\index.php(56): CodeIgniter\Boot::bootWeb(Object(Config\Paths))
INFO - 2025-03-06 17:36:31 --> Session: Class initialized using 'CodeIgniter\Session\Handlers\FileHandler' driver.
WARNING - 2025-03-06 17:36:31 --> [DEPRECATED] strtotime(): Passing null to parameter #1 ($datetime) of type string is deprecated in APPPATH\Views\Admin\PhotoUpload\list.php on line 69.
 1 APPPATH\Views\Admin\PhotoUpload\list.php(69): strtotime(null)
 2 SYSTEMPATH\View\View.php(234): include('C:\\xampp\\htdocs\\Wolfox\\app\\Views\\Admin\\PhotoUpload\\list.php')
 3 SYSTEMPATH\View\View.php(237): CodeIgniter\View\View->CodeIgniter\View\{closure}()
 4 SYSTEMPATH\Common.php(1171): CodeIgniter\View\View->render('/Admin/photoupload/list', [], true)
 5 APPPATH\Controllers\PhotoUpload.php(102): view('/Admin/photoupload/list', [...])
 6 SYSTEMPATH\CodeIgniter.php(933): App\Controllers\Photoupload->list()
 7 SYSTEMPATH\CodeIgniter.php(509): CodeIgniter\CodeIgniter->runController(Object(App\Controllers\Photoupload))
 8 SYSTEMPATH\CodeIgniter.php(355): CodeIgniter\CodeIgniter->handleRequest(null, Object(Config\Cache), false)
 9 SYSTEMPATH\Boot.php(325): CodeIgniter\CodeIgniter->run()
10 SYSTEMPATH\Boot.php(67): CodeIgniter\Boot::runCodeIgniter(Object(CodeIgniter\CodeIgniter))
11 FCPATH\index.php(56): CodeIgniter\Boot::bootWeb(Object(Config\Paths))
WARNING - 2025-03-06 17:36:31 --> [DEPRECATED] strtotime(): Passing null to parameter #1 ($datetime) of type string is deprecated in APPPATH\Views\Admin\PhotoUpload\list.php on line 69.
 1 APPPATH\Views\Admin\PhotoUpload\list.php(69): strtotime(null)
 2 SYSTEMPATH\View\View.php(234): include('C:\\xampp\\htdocs\\Wolfox\\app\\Views\\Admin\\PhotoUpload\\list.php')
 3 SYSTEMPATH\View\View.php(237): CodeIgniter\View\View->CodeIgniter\View\{closure}()
 4 SYSTEMPATH\Common.php(1171): CodeIgniter\View\View->render('/Admin/photoupload/list', [], true)
 5 APPPATH\Controllers\PhotoUpload.php(102): view('/Admin/photoupload/list', [...])
 6 SYSTEMPATH\CodeIgniter.php(933): App\Controllers\Photoupload->list()
 7 SYSTEMPATH\CodeIgniter.php(509): CodeIgniter\CodeIgniter->runController(Object(App\Controllers\Photoupload))
 8 SYSTEMPATH\CodeIgniter.php(355): CodeIgniter\CodeIgniter->handleRequest(null, Object(Config\Cache), false)
 9 SYSTEMPATH\Boot.php(325): CodeIgniter\CodeIgniter->run()
10 SYSTEMPATH\Boot.php(67): CodeIgniter\Boot::runCodeIgniter(Object(CodeIgniter\CodeIgniter))
11 FCPATH\index.php(56): CodeIgniter\Boot::bootWeb(Object(Config\Paths))
WARNING - 2025-03-06 17:36:31 --> [DEPRECATED] strtotime(): Passing null to parameter #1 ($datetime) of type string is deprecated in APPPATH\Views\Admin\PhotoUpload\list.php on line 69.
 1 APPPATH\Views\Admin\PhotoUpload\list.php(69): strtotime(null)
 2 SYSTEMPATH\View\View.php(234): include('C:\\xampp\\htdocs\\Wolfox\\app\\Views\\Admin\\PhotoUpload\\list.php')
 3 SYSTEMPATH\View\View.php(237): CodeIgniter\View\View->CodeIgniter\View\{closure}()
 4 SYSTEMPATH\Common.php(1171): CodeIgniter\View\View->render('/Admin/photoupload/list', [], true)
 5 APPPATH\Controllers\PhotoUpload.php(102): view('/Admin/photoupload/list', [...])
 6 SYSTEMPATH\CodeIgniter.php(933): App\Controllers\Photoupload->list()
 7 SYSTEMPATH\CodeIgniter.php(509): CodeIgniter\CodeIgniter->runController(Object(App\Controllers\Photoupload))
 8 SYSTEMPATH\CodeIgniter.php(355): CodeIgniter\CodeIgniter->handleRequest(null, Object(Config\Cache), false)
 9 SYSTEMPATH\Boot.php(325): CodeIgniter\CodeIgniter->run()
10 SYSTEMPATH\Boot.php(67): CodeIgniter\Boot::runCodeIgniter(Object(CodeIgniter\CodeIgniter))
11 FCPATH\index.php(56): CodeIgniter\Boot::bootWeb(Object(Config\Paths))
WARNING - 2025-03-06 17:36:31 --> [DEPRECATED] strtotime(): Passing null to parameter #1 ($datetime) of type string is deprecated in APPPATH\Views\Admin\PhotoUpload\list.php on line 69.
 1 APPPATH\Views\Admin\PhotoUpload\list.php(69): strtotime(null)
 2 SYSTEMPATH\View\View.php(234): include('C:\\xampp\\htdocs\\Wolfox\\app\\Views\\Admin\\PhotoUpload\\list.php')
 3 SYSTEMPATH\View\View.php(237): CodeIgniter\View\View->CodeIgniter\View\{closure}()
 4 SYSTEMPATH\Common.php(1171): CodeIgniter\View\View->render('/Admin/photoupload/list', [], true)
 5 APPPATH\Controllers\PhotoUpload.php(102): view('/Admin/photoupload/list', [...])
 6 SYSTEMPATH\CodeIgniter.php(933): App\Controllers\Photoupload->list()
 7 SYSTEMPATH\CodeIgniter.php(509): CodeIgniter\CodeIgniter->runController(Object(App\Controllers\Photoupload))
 8 SYSTEMPATH\CodeIgniter.php(355): CodeIgniter\CodeIgniter->handleRequest(null, Object(Config\Cache), false)
 9 SYSTEMPATH\Boot.php(325): CodeIgniter\CodeIgniter->run()
10 SYSTEMPATH\Boot.php(67): CodeIgniter\Boot::runCodeIgniter(Object(CodeIgniter\CodeIgniter))
11 FCPATH\index.php(56): CodeIgniter\Boot::bootWeb(Object(Config\Paths))
WARNING - 2025-03-06 17:36:31 --> [DEPRECATED] strtotime(): Passing null to parameter #1 ($datetime) of type string is deprecated in APPPATH\Views\Admin\PhotoUpload\list.php on line 69.
 1 APPPATH\Views\Admin\PhotoUpload\list.php(69): strtotime(null)
 2 SYSTEMPATH\View\View.php(234): include('C:\\xampp\\htdocs\\Wolfox\\app\\Views\\Admin\\PhotoUpload\\list.php')
 3 SYSTEMPATH\View\View.php(237): CodeIgniter\View\View->CodeIgniter\View\{closure}()
 4 SYSTEMPATH\Common.php(1171): CodeIgniter\View\View->render('/Admin/photoupload/list', [], true)
 5 APPPATH\Controllers\PhotoUpload.php(102): view('/Admin/photoupload/list', [...])
 6 SYSTEMPATH\CodeIgniter.php(933): App\Controllers\Photoupload->list()
 7 SYSTEMPATH\CodeIgniter.php(509): CodeIgniter\CodeIgniter->runController(Object(App\Controllers\Photoupload))
 8 SYSTEMPATH\CodeIgniter.php(355): CodeIgniter\CodeIgniter->handleRequest(null, Object(Config\Cache), false)
 9 SYSTEMPATH\Boot.php(325): CodeIgniter\CodeIgniter->run()
10 SYSTEMPATH\Boot.php(67): CodeIgniter\Boot::runCodeIgniter(Object(CodeIgniter\CodeIgniter))
11 FCPATH\index.php(56): CodeIgniter\Boot::bootWeb(Object(Config\Paths))
WARNING - 2025-03-06 17:36:31 --> [DEPRECATED] strtotime(): Passing null to parameter #1 ($datetime) of type string is deprecated in APPPATH\Views\Admin\PhotoUpload\list.php on line 69.
 1 APPPATH\Views\Admin\PhotoUpload\list.php(69): strtotime(null)
 2 SYSTEMPATH\View\View.php(234): include('C:\\xampp\\htdocs\\Wolfox\\app\\Views\\Admin\\PhotoUpload\\list.php')
 3 SYSTEMPATH\View\View.php(237): CodeIgniter\View\View->CodeIgniter\View\{closure}()
 4 SYSTEMPATH\Common.php(1171): CodeIgniter\View\View->render('/Admin/photoupload/list', [], true)
 5 APPPATH\Controllers\PhotoUpload.php(102): view('/Admin/photoupload/list', [...])
 6 SYSTEMPATH\CodeIgniter.php(933): App\Controllers\Photoupload->list()
 7 SYSTEMPATH\CodeIgniter.php(509): CodeIgniter\CodeIgniter->runController(Object(App\Controllers\Photoupload))
 8 SYSTEMPATH\CodeIgniter.php(355): CodeIgniter\CodeIgniter->handleRequest(null, Object(Config\Cache), false)
 9 SYSTEMPATH\Boot.php(325): CodeIgniter\CodeIgniter->run()
10 SYSTEMPATH\Boot.php(67): CodeIgniter\Boot::runCodeIgniter(Object(CodeIgniter\CodeIgniter))
11 FCPATH\index.php(56): CodeIgniter\Boot::bootWeb(Object(Config\Paths))
WARNING - 2025-03-06 17:36:31 --> [DEPRECATED] strtotime(): Passing null to parameter #1 ($datetime) of type string is deprecated in APPPATH\Views\Admin\PhotoUpload\list.php on line 69.
 1 APPPATH\Views\Admin\PhotoUpload\list.php(69): strtotime(null)
 2 SYSTEMPATH\View\View.php(234): include('C:\\xampp\\htdocs\\Wolfox\\app\\Views\\Admin\\PhotoUpload\\list.php')
 3 SYSTEMPATH\View\View.php(237): CodeIgniter\View\View->CodeIgniter\View\{closure}()
 4 SYSTEMPATH\Common.php(1171): CodeIgniter\View\View->render('/Admin/photoupload/list', [], true)
 5 APPPATH\Controllers\PhotoUpload.php(102): view('/Admin/photoupload/list', [...])
 6 SYSTEMPATH\CodeIgniter.php(933): App\Controllers\Photoupload->list()
 7 SYSTEMPATH\CodeIgniter.php(509): CodeIgniter\CodeIgniter->runController(Object(App\Controllers\Photoupload))
 8 SYSTEMPATH\CodeIgniter.php(355): CodeIgniter\CodeIgniter->handleRequest(null, Object(Config\Cache), false)
 9 SYSTEMPATH\Boot.php(325): CodeIgniter\CodeIgniter->run()
10 SYSTEMPATH\Boot.php(67): CodeIgniter\Boot::runCodeIgniter(Object(CodeIgniter\CodeIgniter))
11 FCPATH\index.php(56): CodeIgniter\Boot::bootWeb(Object(Config\Paths))
WARNING - 2025-03-06 17:36:31 --> [DEPRECATED] strtotime(): Passing null to parameter #1 ($datetime) of type string is deprecated in APPPATH\Views\Admin\PhotoUpload\list.php on line 69.
 1 APPPATH\Views\Admin\PhotoUpload\list.php(69): strtotime(null)
 2 SYSTEMPATH\View\View.php(234): include('C:\\xampp\\htdocs\\Wolfox\\app\\Views\\Admin\\PhotoUpload\\list.php')
 3 SYSTEMPATH\View\View.php(237): CodeIgniter\View\View->CodeIgniter\View\{closure}()
 4 SYSTEMPATH\Common.php(1171): CodeIgniter\View\View->render('/Admin/photoupload/list', [], true)
 5 APPPATH\Controllers\PhotoUpload.php(102): view('/Admin/photoupload/list', [...])
 6 SYSTEMPATH\CodeIgniter.php(933): App\Controllers\Photoupload->list()
 7 SYSTEMPATH\CodeIgniter.php(509): CodeIgniter\CodeIgniter->runController(Object(App\Controllers\Photoupload))
 8 SYSTEMPATH\CodeIgniter.php(355): CodeIgniter\CodeIgniter->handleRequest(null, Object(Config\Cache), false)
 9 SYSTEMPATH\Boot.php(325): CodeIgniter\CodeIgniter->run()
10 SYSTEMPATH\Boot.php(67): CodeIgniter\Boot::runCodeIgniter(Object(CodeIgniter\CodeIgniter))
11 FCPATH\index.php(56): CodeIgniter\Boot::bootWeb(Object(Config\Paths))
WARNING - 2025-03-06 17:36:31 --> [DEPRECATED] strtotime(): Passing null to parameter #1 ($datetime) of type string is deprecated in APPPATH\Views\Admin\PhotoUpload\list.php on line 69.
 1 APPPATH\Views\Admin\PhotoUpload\list.php(69): strtotime(null)
 2 SYSTEMPATH\View\View.php(234): include('C:\\xampp\\htdocs\\Wolfox\\app\\Views\\Admin\\PhotoUpload\\list.php')
 3 SYSTEMPATH\View\View.php(237): CodeIgniter\View\View->CodeIgniter\View\{closure}()
 4 SYSTEMPATH\Common.php(1171): CodeIgniter\View\View->render('/Admin/photoupload/list', [], true)
 5 APPPATH\Controllers\PhotoUpload.php(102): view('/Admin/photoupload/list', [...])
 6 SYSTEMPATH\CodeIgniter.php(933): App\Controllers\Photoupload->list()
 7 SYSTEMPATH\CodeIgniter.php(509): CodeIgniter\CodeIgniter->runController(Object(App\Controllers\Photoupload))
 8 SYSTEMPATH\CodeIgniter.php(355): CodeIgniter\CodeIgniter->handleRequest(null, Object(Config\Cache), false)
 9 SYSTEMPATH\Boot.php(325): CodeIgniter\CodeIgniter->run()
10 SYSTEMPATH\Boot.php(67): CodeIgniter\Boot::runCodeIgniter(Object(CodeIgniter\CodeIgniter))
11 FCPATH\index.php(56): CodeIgniter\Boot::bootWeb(Object(Config\Paths))
WARNING - 2025-03-06 17:36:31 --> [DEPRECATED] strtotime(): Passing null to parameter #1 ($datetime) of type string is deprecated in APPPATH\Views\Admin\PhotoUpload\list.php on line 69.
 1 APPPATH\Views\Admin\PhotoUpload\list.php(69): strtotime(null)
 2 SYSTEMPATH\View\View.php(234): include('C:\\xampp\\htdocs\\Wolfox\\app\\Views\\Admin\\PhotoUpload\\list.php')
 3 SYSTEMPATH\View\View.php(237): CodeIgniter\View\View->CodeIgniter\View\{closure}()
 4 SYSTEMPATH\Common.php(1171): CodeIgniter\View\View->render('/Admin/photoupload/list', [], true)
 5 APPPATH\Controllers\PhotoUpload.php(102): view('/Admin/photoupload/list', [...])
 6 SYSTEMPATH\CodeIgniter.php(933): App\Controllers\Photoupload->list()
 7 SYSTEMPATH\CodeIgniter.php(509): CodeIgniter\CodeIgniter->runController(Object(App\Controllers\Photoupload))
 8 SYSTEMPATH\CodeIgniter.php(355): CodeIgniter\CodeIgniter->handleRequest(null, Object(Config\Cache), false)
 9 SYSTEMPATH\Boot.php(325): CodeIgniter\CodeIgniter->run()
10 SYSTEMPATH\Boot.php(67): CodeIgniter\Boot::runCodeIgniter(Object(CodeIgniter\CodeIgniter))
11 FCPATH\index.php(56): CodeIgniter\Boot::bootWeb(Object(Config\Paths))
INFO - 2025-03-06 17:36:43 --> Session: Class initialized using 'CodeIgniter\Session\Handlers\FileHandler' driver.
INFO - 2025-03-06 17:36:50 --> Session: Class initialized using 'CodeIgniter\Session\Handlers\FileHandler' driver.
INFO - 2025-03-06 17:37:05 --> Session: Class initialized using 'CodeIgniter\Session\Handlers\FileHandler' driver.
INFO - 2025-03-06 17:37:05 --> Session: Class initialized using 'CodeIgniter\Session\Handlers\FileHandler' driver.
WARNING - 2025-03-06 17:37:05 --> [DEPRECATED] strtotime(): Passing null to parameter #1 ($datetime) of type string is deprecated in APPPATH\Views\Admin\PhotoUpload\list.php on line 69.
 1 APPPATH\Views\Admin\PhotoUpload\list.php(69): strtotime(null)
 2 SYSTEMPATH\View\View.php(234): include('C:\\xampp\\htdocs\\Wolfox\\app\\Views\\Admin\\PhotoUpload\\list.php')
 3 SYSTEMPATH\View\View.php(237): CodeIgniter\View\View->CodeIgniter\View\{closure}()
 4 SYSTEMPATH\Common.php(1171): CodeIgniter\View\View->render('/Admin/photoupload/list', [], true)
 5 APPPATH\Controllers\PhotoUpload.php(102): view('/Admin/photoupload/list', [...])
 6 SYSTEMPATH\CodeIgniter.php(933): App\Controllers\Photoupload->list()
 7 SYSTEMPATH\CodeIgniter.php(509): CodeIgniter\CodeIgniter->runController(Object(App\Controllers\Photoupload))
 8 SYSTEMPATH\CodeIgniter.php(355): CodeIgniter\CodeIgniter->handleRequest(null, Object(Config\Cache), false)
 9 SYSTEMPATH\Boot.php(325): CodeIgniter\CodeIgniter->run()
10 SYSTEMPATH\Boot.php(67): CodeIgniter\Boot::runCodeIgniter(Object(CodeIgniter\CodeIgniter))
11 FCPATH\index.php(56): CodeIgniter\Boot::bootWeb(Object(Config\Paths))
WARNING - 2025-03-06 17:37:05 --> [DEPRECATED] strtotime(): Passing null to parameter #1 ($datetime) of type string is deprecated in APPPATH\Views\Admin\PhotoUpload\list.php on line 69.
 1 APPPATH\Views\Admin\PhotoUpload\list.php(69): strtotime(null)
 2 SYSTEMPATH\View\View.php(234): include('C:\\xampp\\htdocs\\Wolfox\\app\\Views\\Admin\\PhotoUpload\\list.php')
 3 SYSTEMPATH\View\View.php(237): CodeIgniter\View\View->CodeIgniter\View\{closure}()
 4 SYSTEMPATH\Common.php(1171): CodeIgniter\View\View->render('/Admin/photoupload/list', [], true)
 5 APPPATH\Controllers\PhotoUpload.php(102): view('/Admin/photoupload/list', [...])
 6 SYSTEMPATH\CodeIgniter.php(933): App\Controllers\Photoupload->list()
 7 SYSTEMPATH\CodeIgniter.php(509): CodeIgniter\CodeIgniter->runController(Object(App\Controllers\Photoupload))
 8 SYSTEMPATH\CodeIgniter.php(355): CodeIgniter\CodeIgniter->handleRequest(null, Object(Config\Cache), false)
 9 SYSTEMPATH\Boot.php(325): CodeIgniter\CodeIgniter->run()
10 SYSTEMPATH\Boot.php(67): CodeIgniter\Boot::runCodeIgniter(Object(CodeIgniter\CodeIgniter))
11 FCPATH\index.php(56): CodeIgniter\Boot::bootWeb(Object(Config\Paths))
WARNING - 2025-03-06 17:37:05 --> [DEPRECATED] strtotime(): Passing null to parameter #1 ($datetime) of type string is deprecated in APPPATH\Views\Admin\PhotoUpload\list.php on line 69.
 1 APPPATH\Views\Admin\PhotoUpload\list.php(69): strtotime(null)
 2 SYSTEMPATH\View\View.php(234): include('C:\\xampp\\htdocs\\Wolfox\\app\\Views\\Admin\\PhotoUpload\\list.php')
 3 SYSTEMPATH\View\View.php(237): CodeIgniter\View\View->CodeIgniter\View\{closure}()
 4 SYSTEMPATH\Common.php(1171): CodeIgniter\View\View->render('/Admin/photoupload/list', [], true)
 5 APPPATH\Controllers\PhotoUpload.php(102): view('/Admin/photoupload/list', [...])
 6 SYSTEMPATH\CodeIgniter.php(933): App\Controllers\Photoupload->list()
 7 SYSTEMPATH\CodeIgniter.php(509): CodeIgniter\CodeIgniter->runController(Object(App\Controllers\Photoupload))
 8 SYSTEMPATH\CodeIgniter.php(355): CodeIgniter\CodeIgniter->handleRequest(null, Object(Config\Cache), false)
 9 SYSTEMPATH\Boot.php(325): CodeIgniter\CodeIgniter->run()
10 SYSTEMPATH\Boot.php(67): CodeIgniter\Boot::runCodeIgniter(Object(CodeIgniter\CodeIgniter))
11 FCPATH\index.php(56): CodeIgniter\Boot::bootWeb(Object(Config\Paths))
WARNING - 2025-03-06 17:37:05 --> [DEPRECATED] strtotime(): Passing null to parameter #1 ($datetime) of type string is deprecated in APPPATH\Views\Admin\PhotoUpload\list.php on line 69.
 1 APPPATH\Views\Admin\PhotoUpload\list.php(69): strtotime(null)
 2 SYSTEMPATH\View\View.php(234): include('C:\\xampp\\htdocs\\Wolfox\\app\\Views\\Admin\\PhotoUpload\\list.php')
 3 SYSTEMPATH\View\View.php(237): CodeIgniter\View\View->CodeIgniter\View\{closure}()
 4 SYSTEMPATH\Common.php(1171): CodeIgniter\View\View->render('/Admin/photoupload/list', [], true)
 5 APPPATH\Controllers\PhotoUpload.php(102): view('/Admin/photoupload/list', [...])
 6 SYSTEMPATH\CodeIgniter.php(933): App\Controllers\Photoupload->list()
 7 SYSTEMPATH\CodeIgniter.php(509): CodeIgniter\CodeIgniter->runController(Object(App\Controllers\Photoupload))
 8 SYSTEMPATH\CodeIgniter.php(355): CodeIgniter\CodeIgniter->handleRequest(null, Object(Config\Cache), false)
 9 SYSTEMPATH\Boot.php(325): CodeIgniter\CodeIgniter->run()
10 SYSTEMPATH\Boot.php(67): CodeIgniter\Boot::runCodeIgniter(Object(CodeIgniter\CodeIgniter))
11 FCPATH\index.php(56): CodeIgniter\Boot::bootWeb(Object(Config\Paths))
WARNING - 2025-03-06 17:37:05 --> [DEPRECATED] strtotime(): Passing null to parameter #1 ($datetime) of type string is deprecated in APPPATH\Views\Admin\PhotoUpload\list.php on line 69.
 1 APPPATH\Views\Admin\PhotoUpload\list.php(69): strtotime(null)
 2 SYSTEMPATH\View\View.php(234): include('C:\\xampp\\htdocs\\Wolfox\\app\\Views\\Admin\\PhotoUpload\\list.php')
 3 SYSTEMPATH\View\View.php(237): CodeIgniter\View\View->CodeIgniter\View\{closure}()
 4 SYSTEMPATH\Common.php(1171): CodeIgniter\View\View->render('/Admin/photoupload/list', [], true)
 5 APPPATH\Controllers\PhotoUpload.php(102): view('/Admin/photoupload/list', [...])
 6 SYSTEMPATH\CodeIgniter.php(933): App\Controllers\Photoupload->list()
 7 SYSTEMPATH\CodeIgniter.php(509): CodeIgniter\CodeIgniter->runController(Object(App\Controllers\Photoupload))
 8 SYSTEMPATH\CodeIgniter.php(355): CodeIgniter\CodeIgniter->handleRequest(null, Object(Config\Cache), false)
 9 SYSTEMPATH\Boot.php(325): CodeIgniter\CodeIgniter->run()
10 SYSTEMPATH\Boot.php(67): CodeIgniter\Boot::runCodeIgniter(Object(CodeIgniter\CodeIgniter))
11 FCPATH\index.php(56): CodeIgniter\Boot::bootWeb(Object(Config\Paths))
WARNING - 2025-03-06 17:37:05 --> [DEPRECATED] strtotime(): Passing null to parameter #1 ($datetime) of type string is deprecated in APPPATH\Views\Admin\PhotoUpload\list.php on line 69.
 1 APPPATH\Views\Admin\PhotoUpload\list.php(69): strtotime(null)
 2 SYSTEMPATH\View\View.php(234): include('C:\\xampp\\htdocs\\Wolfox\\app\\Views\\Admin\\PhotoUpload\\list.php')
 3 SYSTEMPATH\View\View.php(237): CodeIgniter\View\View->CodeIgniter\View\{closure}()
 4 SYSTEMPATH\Common.php(1171): CodeIgniter\View\View->render('/Admin/photoupload/list', [], true)
 5 APPPATH\Controllers\PhotoUpload.php(102): view('/Admin/photoupload/list', [...])
 6 SYSTEMPATH\CodeIgniter.php(933): App\Controllers\Photoupload->list()
 7 SYSTEMPATH\CodeIgniter.php(509): CodeIgniter\CodeIgniter->runController(Object(App\Controllers\Photoupload))
 8 SYSTEMPATH\CodeIgniter.php(355): CodeIgniter\CodeIgniter->handleRequest(null, Object(Config\Cache), false)
 9 SYSTEMPATH\Boot.php(325): CodeIgniter\CodeIgniter->run()
10 SYSTEMPATH\Boot.php(67): CodeIgniter\Boot::runCodeIgniter(Object(CodeIgniter\CodeIgniter))
11 FCPATH\index.php(56): CodeIgniter\Boot::bootWeb(Object(Config\Paths))
WARNING - 2025-03-06 17:37:05 --> [DEPRECATED] strtotime(): Passing null to parameter #1 ($datetime) of type string is deprecated in APPPATH\Views\Admin\PhotoUpload\list.php on line 69.
 1 APPPATH\Views\Admin\PhotoUpload\list.php(69): strtotime(null)
 2 SYSTEMPATH\View\View.php(234): include('C:\\xampp\\htdocs\\Wolfox\\app\\Views\\Admin\\PhotoUpload\\list.php')
 3 SYSTEMPATH\View\View.php(237): CodeIgniter\View\View->CodeIgniter\View\{closure}()
 4 SYSTEMPATH\Common.php(1171): CodeIgniter\View\View->render('/Admin/photoupload/list', [], true)
 5 APPPATH\Controllers\PhotoUpload.php(102): view('/Admin/photoupload/list', [...])
 6 SYSTEMPATH\CodeIgniter.php(933): App\Controllers\Photoupload->list()
 7 SYSTEMPATH\CodeIgniter.php(509): CodeIgniter\CodeIgniter->runController(Object(App\Controllers\Photoupload))
 8 SYSTEMPATH\CodeIgniter.php(355): CodeIgniter\CodeIgniter->handleRequest(null, Object(Config\Cache), false)
 9 SYSTEMPATH\Boot.php(325): CodeIgniter\CodeIgniter->run()
10 SYSTEMPATH\Boot.php(67): CodeIgniter\Boot::runCodeIgniter(Object(CodeIgniter\CodeIgniter))
11 FCPATH\index.php(56): CodeIgniter\Boot::bootWeb(Object(Config\Paths))
WARNING - 2025-03-06 17:37:05 --> [DEPRECATED] strtotime(): Passing null to parameter #1 ($datetime) of type string is deprecated in APPPATH\Views\Admin\PhotoUpload\list.php on line 69.
 1 APPPATH\Views\Admin\PhotoUpload\list.php(69): strtotime(null)
 2 SYSTEMPATH\View\View.php(234): include('C:\\xampp\\htdocs\\Wolfox\\app\\Views\\Admin\\PhotoUpload\\list.php')
 3 SYSTEMPATH\View\View.php(237): CodeIgniter\View\View->CodeIgniter\View\{closure}()
 4 SYSTEMPATH\Common.php(1171): CodeIgniter\View\View->render('/Admin/photoupload/list', [], true)
 5 APPPATH\Controllers\PhotoUpload.php(102): view('/Admin/photoupload/list', [...])
 6 SYSTEMPATH\CodeIgniter.php(933): App\Controllers\Photoupload->list()
 7 SYSTEMPATH\CodeIgniter.php(509): CodeIgniter\CodeIgniter->runController(Object(App\Controllers\Photoupload))
 8 SYSTEMPATH\CodeIgniter.php(355): CodeIgniter\CodeIgniter->handleRequest(null, Object(Config\Cache), false)
 9 SYSTEMPATH\Boot.php(325): CodeIgniter\CodeIgniter->run()
10 SYSTEMPATH\Boot.php(67): CodeIgniter\Boot::runCodeIgniter(Object(CodeIgniter\CodeIgniter))
11 FCPATH\index.php(56): CodeIgniter\Boot::bootWeb(Object(Config\Paths))
WARNING - 2025-03-06 17:37:05 --> [DEPRECATED] strtotime(): Passing null to parameter #1 ($datetime) of type string is deprecated in APPPATH\Views\Admin\PhotoUpload\list.php on line 69.
 1 APPPATH\Views\Admin\PhotoUpload\list.php(69): strtotime(null)
 2 SYSTEMPATH\View\View.php(234): include('C:\\xampp\\htdocs\\Wolfox\\app\\Views\\Admin\\PhotoUpload\\list.php')
 3 SYSTEMPATH\View\View.php(237): CodeIgniter\View\View->CodeIgniter\View\{closure}()
 4 SYSTEMPATH\Common.php(1171): CodeIgniter\View\View->render('/Admin/photoupload/list', [], true)
 5 APPPATH\Controllers\PhotoUpload.php(102): view('/Admin/photoupload/list', [...])
 6 SYSTEMPATH\CodeIgniter.php(933): App\Controllers\Photoupload->list()
 7 SYSTEMPATH\CodeIgniter.php(509): CodeIgniter\CodeIgniter->runController(Object(App\Controllers\Photoupload))
 8 SYSTEMPATH\CodeIgniter.php(355): CodeIgniter\CodeIgniter->handleRequest(null, Object(Config\Cache), false)
 9 SYSTEMPATH\Boot.php(325): CodeIgniter\CodeIgniter->run()
10 SYSTEMPATH\Boot.php(67): CodeIgniter\Boot::runCodeIgniter(Object(CodeIgniter\CodeIgniter))
11 FCPATH\index.php(56): CodeIgniter\Boot::bootWeb(Object(Config\Paths))
WARNING - 2025-03-06 17:37:05 --> [DEPRECATED] strtotime(): Passing null to parameter #1 ($datetime) of type string is deprecated in APPPATH\Views\Admin\PhotoUpload\list.php on line 69.
 1 APPPATH\Views\Admin\PhotoUpload\list.php(69): strtotime(null)
 2 SYSTEMPATH\View\View.php(234): include('C:\\xampp\\htdocs\\Wolfox\\app\\Views\\Admin\\PhotoUpload\\list.php')
 3 SYSTEMPATH\View\View.php(237): CodeIgniter\View\View->CodeIgniter\View\{closure}()
 4 SYSTEMPATH\Common.php(1171): CodeIgniter\View\View->render('/Admin/photoupload/list', [], true)
 5 APPPATH\Controllers\PhotoUpload.php(102): view('/Admin/photoupload/list', [...])
 6 SYSTEMPATH\CodeIgniter.php(933): App\Controllers\Photoupload->list()
 7 SYSTEMPATH\CodeIgniter.php(509): CodeIgniter\CodeIgniter->runController(Object(App\Controllers\Photoupload))
 8 SYSTEMPATH\CodeIgniter.php(355): CodeIgniter\CodeIgniter->handleRequest(null, Object(Config\Cache), false)
 9 SYSTEMPATH\Boot.php(325): CodeIgniter\CodeIgniter->run()
10 SYSTEMPATH\Boot.php(67): CodeIgniter\Boot::runCodeIgniter(Object(CodeIgniter\CodeIgniter))
11 FCPATH\index.php(56): CodeIgniter\Boot::bootWeb(Object(Config\Paths))
INFO - 2025-03-06 17:37:24 --> Session: Class initialized using 'CodeIgniter\Session\Handlers\FileHandler' driver.
INFO - 2025-03-06 17:37:30 --> Session: Class initialized using 'CodeIgniter\Session\Handlers\FileHandler' driver.
WARNING - 2025-03-06 17:37:30 --> [DEPRECATED] strtotime(): Passing null to parameter #1 ($datetime) of type string is deprecated in APPPATH\Views\Admin\PhotoUpload\list.php on line 69.
 1 APPPATH\Views\Admin\PhotoUpload\list.php(69): strtotime(null)
 2 SYSTEMPATH\View\View.php(234): include('C:\\xampp\\htdocs\\Wolfox\\app\\Views\\Admin\\PhotoUpload\\list.php')
 3 SYSTEMPATH\View\View.php(237): CodeIgniter\View\View->CodeIgniter\View\{closure}()
 4 SYSTEMPATH\Common.php(1171): CodeIgniter\View\View->render('/Admin/photoupload/list', [], true)
 5 APPPATH\Controllers\PhotoUpload.php(102): view('/Admin/photoupload/list', [...])
 6 SYSTEMPATH\CodeIgniter.php(933): App\Controllers\Photoupload->list()
 7 SYSTEMPATH\CodeIgniter.php(509): CodeIgniter\CodeIgniter->runController(Object(App\Controllers\Photoupload))
 8 SYSTEMPATH\CodeIgniter.php(355): CodeIgniter\CodeIgniter->handleRequest(null, Object(Config\Cache), false)
 9 SYSTEMPATH\Boot.php(325): CodeIgniter\CodeIgniter->run()
10 SYSTEMPATH\Boot.php(67): CodeIgniter\Boot::runCodeIgniter(Object(CodeIgniter\CodeIgniter))
11 FCPATH\index.php(56): CodeIgniter\Boot::bootWeb(Object(Config\Paths))
WARNING - 2025-03-06 17:37:30 --> [DEPRECATED] strtotime(): Passing null to parameter #1 ($datetime) of type string is deprecated in APPPATH\Views\Admin\PhotoUpload\list.php on line 69.
 1 APPPATH\Views\Admin\PhotoUpload\list.php(69): strtotime(null)
 2 SYSTEMPATH\View\View.php(234): include('C:\\xampp\\htdocs\\Wolfox\\app\\Views\\Admin\\PhotoUpload\\list.php')
 3 SYSTEMPATH\View\View.php(237): CodeIgniter\View\View->CodeIgniter\View\{closure}()
 4 SYSTEMPATH\Common.php(1171): CodeIgniter\View\View->render('/Admin/photoupload/list', [], true)
 5 APPPATH\Controllers\PhotoUpload.php(102): view('/Admin/photoupload/list', [...])
 6 SYSTEMPATH\CodeIgniter.php(933): App\Controllers\Photoupload->list()
 7 SYSTEMPATH\CodeIgniter.php(509): CodeIgniter\CodeIgniter->runController(Object(App\Controllers\Photoupload))
 8 SYSTEMPATH\CodeIgniter.php(355): CodeIgniter\CodeIgniter->handleRequest(null, Object(Config\Cache), false)
 9 SYSTEMPATH\Boot.php(325): CodeIgniter\CodeIgniter->run()
10 SYSTEMPATH\Boot.php(67): CodeIgniter\Boot::runCodeIgniter(Object(CodeIgniter\CodeIgniter))
11 FCPATH\index.php(56): CodeIgniter\Boot::bootWeb(Object(Config\Paths))
WARNING - 2025-03-06 17:37:30 --> [DEPRECATED] strtotime(): Passing null to parameter #1 ($datetime) of type string is deprecated in APPPATH\Views\Admin\PhotoUpload\list.php on line 69.
 1 APPPATH\Views\Admin\PhotoUpload\list.php(69): strtotime(null)
 2 SYSTEMPATH\View\View.php(234): include('C:\\xampp\\htdocs\\Wolfox\\app\\Views\\Admin\\PhotoUpload\\list.php')
 3 SYSTEMPATH\View\View.php(237): CodeIgniter\View\View->CodeIgniter\View\{closure}()
 4 SYSTEMPATH\Common.php(1171): CodeIgniter\View\View->render('/Admin/photoupload/list', [], true)
 5 APPPATH\Controllers\PhotoUpload.php(102): view('/Admin/photoupload/list', [...])
 6 SYSTEMPATH\CodeIgniter.php(933): App\Controllers\Photoupload->list()
 7 SYSTEMPATH\CodeIgniter.php(509): CodeIgniter\CodeIgniter->runController(Object(App\Controllers\Photoupload))
 8 SYSTEMPATH\CodeIgniter.php(355): CodeIgniter\CodeIgniter->handleRequest(null, Object(Config\Cache), false)
 9 SYSTEMPATH\Boot.php(325): CodeIgniter\CodeIgniter->run()
10 SYSTEMPATH\Boot.php(67): CodeIgniter\Boot::runCodeIgniter(Object(CodeIgniter\CodeIgniter))
11 FCPATH\index.php(56): CodeIgniter\Boot::bootWeb(Object(Config\Paths))
WARNING - 2025-03-06 17:37:30 --> [DEPRECATED] strtotime(): Passing null to parameter #1 ($datetime) of type string is deprecated in APPPATH\Views\Admin\PhotoUpload\list.php on line 69.
 1 APPPATH\Views\Admin\PhotoUpload\list.php(69): strtotime(null)
 2 SYSTEMPATH\View\View.php(234): include('C:\\xampp\\htdocs\\Wolfox\\app\\Views\\Admin\\PhotoUpload\\list.php')
 3 SYSTEMPATH\View\View.php(237): CodeIgniter\View\View->CodeIgniter\View\{closure}()
 4 SYSTEMPATH\Common.php(1171): CodeIgniter\View\View->render('/Admin/photoupload/list', [], true)
 5 APPPATH\Controllers\PhotoUpload.php(102): view('/Admin/photoupload/list', [...])
 6 SYSTEMPATH\CodeIgniter.php(933): App\Controllers\Photoupload->list()
 7 SYSTEMPATH\CodeIgniter.php(509): CodeIgniter\CodeIgniter->runController(Object(App\Controllers\Photoupload))
 8 SYSTEMPATH\CodeIgniter.php(355): CodeIgniter\CodeIgniter->handleRequest(null, Object(Config\Cache), false)
 9 SYSTEMPATH\Boot.php(325): CodeIgniter\CodeIgniter->run()
10 SYSTEMPATH\Boot.php(67): CodeIgniter\Boot::runCodeIgniter(Object(CodeIgniter\CodeIgniter))
11 FCPATH\index.php(56): CodeIgniter\Boot::bootWeb(Object(Config\Paths))
WARNING - 2025-03-06 17:37:30 --> [DEPRECATED] strtotime(): Passing null to parameter #1 ($datetime) of type string is deprecated in APPPATH\Views\Admin\PhotoUpload\list.php on line 69.
 1 APPPATH\Views\Admin\PhotoUpload\list.php(69): strtotime(null)
 2 SYSTEMPATH\View\View.php(234): include('C:\\xampp\\htdocs\\Wolfox\\app\\Views\\Admin\\PhotoUpload\\list.php')
 3 SYSTEMPATH\View\View.php(237): CodeIgniter\View\View->CodeIgniter\View\{closure}()
 4 SYSTEMPATH\Common.php(1171): CodeIgniter\View\View->render('/Admin/photoupload/list', [], true)
 5 APPPATH\Controllers\PhotoUpload.php(102): view('/Admin/photoupload/list', [...])
 6 SYSTEMPATH\CodeIgniter.php(933): App\Controllers\Photoupload->list()
 7 SYSTEMPATH\CodeIgniter.php(509): CodeIgniter\CodeIgniter->runController(Object(App\Controllers\Photoupload))
 8 SYSTEMPATH\CodeIgniter.php(355): CodeIgniter\CodeIgniter->handleRequest(null, Object(Config\Cache), false)
 9 SYSTEMPATH\Boot.php(325): CodeIgniter\CodeIgniter->run()
10 SYSTEMPATH\Boot.php(67): CodeIgniter\Boot::runCodeIgniter(Object(CodeIgniter\CodeIgniter))
11 FCPATH\index.php(56): CodeIgniter\Boot::bootWeb(Object(Config\Paths))
WARNING - 2025-03-06 17:37:30 --> [DEPRECATED] strtotime(): Passing null to parameter #1 ($datetime) of type string is deprecated in APPPATH\Views\Admin\PhotoUpload\list.php on line 69.
 1 APPPATH\Views\Admin\PhotoUpload\list.php(69): strtotime(null)
 2 SYSTEMPATH\View\View.php(234): include('C:\\xampp\\htdocs\\Wolfox\\app\\Views\\Admin\\PhotoUpload\\list.php')
 3 SYSTEMPATH\View\View.php(237): CodeIgniter\View\View->CodeIgniter\View\{closure}()
 4 SYSTEMPATH\Common.php(1171): CodeIgniter\View\View->render('/Admin/photoupload/list', [], true)
 5 APPPATH\Controllers\PhotoUpload.php(102): view('/Admin/photoupload/list', [...])
 6 SYSTEMPATH\CodeIgniter.php(933): App\Controllers\Photoupload->list()
 7 SYSTEMPATH\CodeIgniter.php(509): CodeIgniter\CodeIgniter->runController(Object(App\Controllers\Photoupload))
 8 SYSTEMPATH\CodeIgniter.php(355): CodeIgniter\CodeIgniter->handleRequest(null, Object(Config\Cache), false)
 9 SYSTEMPATH\Boot.php(325): CodeIgniter\CodeIgniter->run()
10 SYSTEMPATH\Boot.php(67): CodeIgniter\Boot::runCodeIgniter(Object(CodeIgniter\CodeIgniter))
11 FCPATH\index.php(56): CodeIgniter\Boot::bootWeb(Object(Config\Paths))
WARNING - 2025-03-06 17:37:30 --> [DEPRECATED] strtotime(): Passing null to parameter #1 ($datetime) of type string is deprecated in APPPATH\Views\Admin\PhotoUpload\list.php on line 69.
 1 APPPATH\Views\Admin\PhotoUpload\list.php(69): strtotime(null)
 2 SYSTEMPATH\View\View.php(234): include('C:\\xampp\\htdocs\\Wolfox\\app\\Views\\Admin\\PhotoUpload\\list.php')
 3 SYSTEMPATH\View\View.php(237): CodeIgniter\View\View->CodeIgniter\View\{closure}()
 4 SYSTEMPATH\Common.php(1171): CodeIgniter\View\View->render('/Admin/photoupload/list', [], true)
 5 APPPATH\Controllers\PhotoUpload.php(102): view('/Admin/photoupload/list', [...])
 6 SYSTEMPATH\CodeIgniter.php(933): App\Controllers\Photoupload->list()
 7 SYSTEMPATH\CodeIgniter.php(509): CodeIgniter\CodeIgniter->runController(Object(App\Controllers\Photoupload))
 8 SYSTEMPATH\CodeIgniter.php(355): CodeIgniter\CodeIgniter->handleRequest(null, Object(Config\Cache), false)
 9 SYSTEMPATH\Boot.php(325): CodeIgniter\CodeIgniter->run()
10 SYSTEMPATH\Boot.php(67): CodeIgniter\Boot::runCodeIgniter(Object(CodeIgniter\CodeIgniter))
11 FCPATH\index.php(56): CodeIgniter\Boot::bootWeb(Object(Config\Paths))
WARNING - 2025-03-06 17:37:30 --> [DEPRECATED] strtotime(): Passing null to parameter #1 ($datetime) of type string is deprecated in APPPATH\Views\Admin\PhotoUpload\list.php on line 69.
 1 APPPATH\Views\Admin\PhotoUpload\list.php(69): strtotime(null)
 2 SYSTEMPATH\View\View.php(234): include('C:\\xampp\\htdocs\\Wolfox\\app\\Views\\Admin\\PhotoUpload\\list.php')
 3 SYSTEMPATH\View\View.php(237): CodeIgniter\View\View->CodeIgniter\View\{closure}()
 4 SYSTEMPATH\Common.php(1171): CodeIgniter\View\View->render('/Admin/photoupload/list', [], true)
 5 APPPATH\Controllers\PhotoUpload.php(102): view('/Admin/photoupload/list', [...])
 6 SYSTEMPATH\CodeIgniter.php(933): App\Controllers\Photoupload->list()
 7 SYSTEMPATH\CodeIgniter.php(509): CodeIgniter\CodeIgniter->runController(Object(App\Controllers\Photoupload))
 8 SYSTEMPATH\CodeIgniter.php(355): CodeIgniter\CodeIgniter->handleRequest(null, Object(Config\Cache), false)
 9 SYSTEMPATH\Boot.php(325): CodeIgniter\CodeIgniter->run()
10 SYSTEMPATH\Boot.php(67): CodeIgniter\Boot::runCodeIgniter(Object(CodeIgniter\CodeIgniter))
11 FCPATH\index.php(56): CodeIgniter\Boot::bootWeb(Object(Config\Paths))
WARNING - 2025-03-06 17:37:30 --> [DEPRECATED] strtotime(): Passing null to parameter #1 ($datetime) of type string is deprecated in APPPATH\Views\Admin\PhotoUpload\list.php on line 69.
 1 APPPATH\Views\Admin\PhotoUpload\list.php(69): strtotime(null)
 2 SYSTEMPATH\View\View.php(234): include('C:\\xampp\\htdocs\\Wolfox\\app\\Views\\Admin\\PhotoUpload\\list.php')
 3 SYSTEMPATH\View\View.php(237): CodeIgniter\View\View->CodeIgniter\View\{closure}()
 4 SYSTEMPATH\Common.php(1171): CodeIgniter\View\View->render('/Admin/photoupload/list', [], true)
 5 APPPATH\Controllers\PhotoUpload.php(102): view('/Admin/photoupload/list', [...])
 6 SYSTEMPATH\CodeIgniter.php(933): App\Controllers\Photoupload->list()
 7 SYSTEMPATH\CodeIgniter.php(509): CodeIgniter\CodeIgniter->runController(Object(App\Controllers\Photoupload))
 8 SYSTEMPATH\CodeIgniter.php(355): CodeIgniter\CodeIgniter->handleRequest(null, Object(Config\Cache), false)
 9 SYSTEMPATH\Boot.php(325): CodeIgniter\CodeIgniter->run()
10 SYSTEMPATH\Boot.php(67): CodeIgniter\Boot::runCodeIgniter(Object(CodeIgniter\CodeIgniter))
11 FCPATH\index.php(56): CodeIgniter\Boot::bootWeb(Object(Config\Paths))
WARNING - 2025-03-06 17:37:30 --> [DEPRECATED] strtotime(): Passing null to parameter #1 ($datetime) of type string is deprecated in APPPATH\Views\Admin\PhotoUpload\list.php on line 69.
 1 APPPATH\Views\Admin\PhotoUpload\list.php(69): strtotime(null)
 2 SYSTEMPATH\View\View.php(234): include('C:\\xampp\\htdocs\\Wolfox\\app\\Views\\Admin\\PhotoUpload\\list.php')
 3 SYSTEMPATH\View\View.php(237): CodeIgniter\View\View->CodeIgniter\View\{closure}()
 4 SYSTEMPATH\Common.php(1171): CodeIgniter\View\View->render('/Admin/photoupload/list', [], true)
 5 APPPATH\Controllers\PhotoUpload.php(102): view('/Admin/photoupload/list', [...])
 6 SYSTEMPATH\CodeIgniter.php(933): App\Controllers\Photoupload->list()
 7 SYSTEMPATH\CodeIgniter.php(509): CodeIgniter\CodeIgniter->runController(Object(App\Controllers\Photoupload))
 8 SYSTEMPATH\CodeIgniter.php(355): CodeIgniter\CodeIgniter->handleRequest(null, Object(Config\Cache), false)
 9 SYSTEMPATH\Boot.php(325): CodeIgniter\CodeIgniter->run()
10 SYSTEMPATH\Boot.php(67): CodeIgniter\Boot::runCodeIgniter(Object(CodeIgniter\CodeIgniter))
11 FCPATH\index.php(56): CodeIgniter\Boot::bootWeb(Object(Config\Paths))
INFO - 2025-03-06 17:37:32 --> Session: Class initialized using 'CodeIgniter\Session\Handlers\FileHandler' driver.
INFO - 2025-03-06 17:37:48 --> Session: Class initialized using 'CodeIgniter\Session\Handlers\FileHandler' driver.
INFO - 2025-03-06 17:37:48 --> Session: Class initialized using 'CodeIgniter\Session\Handlers\FileHandler' driver.
WARNING - 2025-03-06 17:37:48 --> [DEPRECATED] strtotime(): Passing null to parameter #1 ($datetime) of type string is deprecated in APPPATH\Views\Admin\PhotoUpload\list.php on line 69.
 1 APPPATH\Views\Admin\PhotoUpload\list.php(69): strtotime(null)
 2 SYSTEMPATH\View\View.php(234): include('C:\\xampp\\htdocs\\Wolfox\\app\\Views\\Admin\\PhotoUpload\\list.php')
 3 SYSTEMPATH\View\View.php(237): CodeIgniter\View\View->CodeIgniter\View\{closure}()
 4 SYSTEMPATH\Common.php(1171): CodeIgniter\View\View->render('/Admin/photoupload/list', [], true)
 5 APPPATH\Controllers\PhotoUpload.php(102): view('/Admin/photoupload/list', [...])
 6 SYSTEMPATH\CodeIgniter.php(933): App\Controllers\Photoupload->list()
 7 SYSTEMPATH\CodeIgniter.php(509): CodeIgniter\CodeIgniter->runController(Object(App\Controllers\Photoupload))
 8 SYSTEMPATH\CodeIgniter.php(355): CodeIgniter\CodeIgniter->handleRequest(null, Object(Config\Cache), false)
 9 SYSTEMPATH\Boot.php(325): CodeIgniter\CodeIgniter->run()
10 SYSTEMPATH\Boot.php(67): CodeIgniter\Boot::runCodeIgniter(Object(CodeIgniter\CodeIgniter))
11 FCPATH\index.php(56): CodeIgniter\Boot::bootWeb(Object(Config\Paths))
WARNING - 2025-03-06 17:37:48 --> [DEPRECATED] strtotime(): Passing null to parameter #1 ($datetime) of type string is deprecated in APPPATH\Views\Admin\PhotoUpload\list.php on line 69.
 1 APPPATH\Views\Admin\PhotoUpload\list.php(69): strtotime(null)
 2 SYSTEMPATH\View\View.php(234): include('C:\\xampp\\htdocs\\Wolfox\\app\\Views\\Admin\\PhotoUpload\\list.php')
 3 SYSTEMPATH\View\View.php(237): CodeIgniter\View\View->CodeIgniter\View\{closure}()
 4 SYSTEMPATH\Common.php(1171): CodeIgniter\View\View->render('/Admin/photoupload/list', [], true)
 5 APPPATH\Controllers\PhotoUpload.php(102): view('/Admin/photoupload/list', [...])
 6 SYSTEMPATH\CodeIgniter.php(933): App\Controllers\Photoupload->list()
 7 SYSTEMPATH\CodeIgniter.php(509): CodeIgniter\CodeIgniter->runController(Object(App\Controllers\Photoupload))
 8 SYSTEMPATH\CodeIgniter.php(355): CodeIgniter\CodeIgniter->handleRequest(null, Object(Config\Cache), false)
 9 SYSTEMPATH\Boot.php(325): CodeIgniter\CodeIgniter->run()
10 SYSTEMPATH\Boot.php(67): CodeIgniter\Boot::runCodeIgniter(Object(CodeIgniter\CodeIgniter))
11 FCPATH\index.php(56): CodeIgniter\Boot::bootWeb(Object(Config\Paths))
WARNING - 2025-03-06 17:37:48 --> [DEPRECATED] strtotime(): Passing null to parameter #1 ($datetime) of type string is deprecated in APPPATH\Views\Admin\PhotoUpload\list.php on line 69.
 1 APPPATH\Views\Admin\PhotoUpload\list.php(69): strtotime(null)
 2 SYSTEMPATH\View\View.php(234): include('C:\\xampp\\htdocs\\Wolfox\\app\\Views\\Admin\\PhotoUpload\\list.php')
 3 SYSTEMPATH\View\View.php(237): CodeIgniter\View\View->CodeIgniter\View\{closure}()
 4 SYSTEMPATH\Common.php(1171): CodeIgniter\View\View->render('/Admin/photoupload/list', [], true)
 5 APPPATH\Controllers\PhotoUpload.php(102): view('/Admin/photoupload/list', [...])
 6 SYSTEMPATH\CodeIgniter.php(933): App\Controllers\Photoupload->list()
 7 SYSTEMPATH\CodeIgniter.php(509): CodeIgniter\CodeIgniter->runController(Object(App\Controllers\Photoupload))
 8 SYSTEMPATH\CodeIgniter.php(355): CodeIgniter\CodeIgniter->handleRequest(null, Object(Config\Cache), false)
 9 SYSTEMPATH\Boot.php(325): CodeIgniter\CodeIgniter->run()
10 SYSTEMPATH\Boot.php(67): CodeIgniter\Boot::runCodeIgniter(Object(CodeIgniter\CodeIgniter))
11 FCPATH\index.php(56): CodeIgniter\Boot::bootWeb(Object(Config\Paths))
WARNING - 2025-03-06 17:37:48 --> [DEPRECATED] strtotime(): Passing null to parameter #1 ($datetime) of type string is deprecated in APPPATH\Views\Admin\PhotoUpload\list.php on line 69.
 1 APPPATH\Views\Admin\PhotoUpload\list.php(69): strtotime(null)
 2 SYSTEMPATH\View\View.php(234): include('C:\\xampp\\htdocs\\Wolfox\\app\\Views\\Admin\\PhotoUpload\\list.php')
 3 SYSTEMPATH\View\View.php(237): CodeIgniter\View\View->CodeIgniter\View\{closure}()
 4 SYSTEMPATH\Common.php(1171): CodeIgniter\View\View->render('/Admin/photoupload/list', [], true)
 5 APPPATH\Controllers\PhotoUpload.php(102): view('/Admin/photoupload/list', [...])
 6 SYSTEMPATH\CodeIgniter.php(933): App\Controllers\Photoupload->list()
 7 SYSTEMPATH\CodeIgniter.php(509): CodeIgniter\CodeIgniter->runController(Object(App\Controllers\Photoupload))
 8 SYSTEMPATH\CodeIgniter.php(355): CodeIgniter\CodeIgniter->handleRequest(null, Object(Config\Cache), false)
 9 SYSTEMPATH\Boot.php(325): CodeIgniter\CodeIgniter->run()
10 SYSTEMPATH\Boot.php(67): CodeIgniter\Boot::runCodeIgniter(Object(CodeIgniter\CodeIgniter))
11 FCPATH\index.php(56): CodeIgniter\Boot::bootWeb(Object(Config\Paths))
WARNING - 2025-03-06 17:37:48 --> [DEPRECATED] strtotime(): Passing null to parameter #1 ($datetime) of type string is deprecated in APPPATH\Views\Admin\PhotoUpload\list.php on line 69.
 1 APPPATH\Views\Admin\PhotoUpload\list.php(69): strtotime(null)
 2 SYSTEMPATH\View\View.php(234): include('C:\\xampp\\htdocs\\Wolfox\\app\\Views\\Admin\\PhotoUpload\\list.php')
 3 SYSTEMPATH\View\View.php(237): CodeIgniter\View\View->CodeIgniter\View\{closure}()
 4 SYSTEMPATH\Common.php(1171): CodeIgniter\View\View->render('/Admin/photoupload/list', [], true)
 5 APPPATH\Controllers\PhotoUpload.php(102): view('/Admin/photoupload/list', [...])
 6 SYSTEMPATH\CodeIgniter.php(933): App\Controllers\Photoupload->list()
 7 SYSTEMPATH\CodeIgniter.php(509): CodeIgniter\CodeIgniter->runController(Object(App\Controllers\Photoupload))
 8 SYSTEMPATH\CodeIgniter.php(355): CodeIgniter\CodeIgniter->handleRequest(null, Object(Config\Cache), false)
 9 SYSTEMPATH\Boot.php(325): CodeIgniter\CodeIgniter->run()
10 SYSTEMPATH\Boot.php(67): CodeIgniter\Boot::runCodeIgniter(Object(CodeIgniter\CodeIgniter))
11 FCPATH\index.php(56): CodeIgniter\Boot::bootWeb(Object(Config\Paths))
WARNING - 2025-03-06 17:37:48 --> [DEPRECATED] strtotime(): Passing null to parameter #1 ($datetime) of type string is deprecated in APPPATH\Views\Admin\PhotoUpload\list.php on line 69.
 1 APPPATH\Views\Admin\PhotoUpload\list.php(69): strtotime(null)
 2 SYSTEMPATH\View\View.php(234): include('C:\\xampp\\htdocs\\Wolfox\\app\\Views\\Admin\\PhotoUpload\\list.php')
 3 SYSTEMPATH\View\View.php(237): CodeIgniter\View\View->CodeIgniter\View\{closure}()
 4 SYSTEMPATH\Common.php(1171): CodeIgniter\View\View->render('/Admin/photoupload/list', [], true)
 5 APPPATH\Controllers\PhotoUpload.php(102): view('/Admin/photoupload/list', [...])
 6 SYSTEMPATH\CodeIgniter.php(933): App\Controllers\Photoupload->list()
 7 SYSTEMPATH\CodeIgniter.php(509): CodeIgniter\CodeIgniter->runController(Object(App\Controllers\Photoupload))
 8 SYSTEMPATH\CodeIgniter.php(355): CodeIgniter\CodeIgniter->handleRequest(null, Object(Config\Cache), false)
 9 SYSTEMPATH\Boot.php(325): CodeIgniter\CodeIgniter->run()
10 SYSTEMPATH\Boot.php(67): CodeIgniter\Boot::runCodeIgniter(Object(CodeIgniter\CodeIgniter))
11 FCPATH\index.php(56): CodeIgniter\Boot::bootWeb(Object(Config\Paths))
WARNING - 2025-03-06 17:37:48 --> [DEPRECATED] strtotime(): Passing null to parameter #1 ($datetime) of type string is deprecated in APPPATH\Views\Admin\PhotoUpload\list.php on line 69.
 1 APPPATH\Views\Admin\PhotoUpload\list.php(69): strtotime(null)
 2 SYSTEMPATH\View\View.php(234): include('C:\\xampp\\htdocs\\Wolfox\\app\\Views\\Admin\\PhotoUpload\\list.php')
 3 SYSTEMPATH\View\View.php(237): CodeIgniter\View\View->CodeIgniter\View\{closure}()
 4 SYSTEMPATH\Common.php(1171): CodeIgniter\View\View->render('/Admin/photoupload/list', [], true)
 5 APPPATH\Controllers\PhotoUpload.php(102): view('/Admin/photoupload/list', [...])
 6 SYSTEMPATH\CodeIgniter.php(933): App\Controllers\Photoupload->list()
 7 SYSTEMPATH\CodeIgniter.php(509): CodeIgniter\CodeIgniter->runController(Object(App\Controllers\Photoupload))
 8 SYSTEMPATH\CodeIgniter.php(355): CodeIgniter\CodeIgniter->handleRequest(null, Object(Config\Cache), false)
 9 SYSTEMPATH\Boot.php(325): CodeIgniter\CodeIgniter->run()
10 SYSTEMPATH\Boot.php(67): CodeIgniter\Boot::runCodeIgniter(Object(CodeIgniter\CodeIgniter))
11 FCPATH\index.php(56): CodeIgniter\Boot::bootWeb(Object(Config\Paths))
WARNING - 2025-03-06 17:37:48 --> [DEPRECATED] strtotime(): Passing null to parameter #1 ($datetime) of type string is deprecated in APPPATH\Views\Admin\PhotoUpload\list.php on line 69.
 1 APPPATH\Views\Admin\PhotoUpload\list.php(69): strtotime(null)
 2 SYSTEMPATH\View\View.php(234): include('C:\\xampp\\htdocs\\Wolfox\\app\\Views\\Admin\\PhotoUpload\\list.php')
 3 SYSTEMPATH\View\View.php(237): CodeIgniter\View\View->CodeIgniter\View\{closure}()
 4 SYSTEMPATH\Common.php(1171): CodeIgniter\View\View->render('/Admin/photoupload/list', [], true)
 5 APPPATH\Controllers\PhotoUpload.php(102): view('/Admin/photoupload/list', [...])
 6 SYSTEMPATH\CodeIgniter.php(933): App\Controllers\Photoupload->list()
 7 SYSTEMPATH\CodeIgniter.php(509): CodeIgniter\CodeIgniter->runController(Object(App\Controllers\Photoupload))
 8 SYSTEMPATH\CodeIgniter.php(355): CodeIgniter\CodeIgniter->handleRequest(null, Object(Config\Cache), false)
 9 SYSTEMPATH\Boot.php(325): CodeIgniter\CodeIgniter->run()
10 SYSTEMPATH\Boot.php(67): CodeIgniter\Boot::runCodeIgniter(Object(CodeIgniter\CodeIgniter))
11 FCPATH\index.php(56): CodeIgniter\Boot::bootWeb(Object(Config\Paths))
WARNING - 2025-03-06 17:37:48 --> [DEPRECATED] strtotime(): Passing null to parameter #1 ($datetime) of type string is deprecated in APPPATH\Views\Admin\PhotoUpload\list.php on line 69.
 1 APPPATH\Views\Admin\PhotoUpload\list.php(69): strtotime(null)
 2 SYSTEMPATH\View\View.php(234): include('C:\\xampp\\htdocs\\Wolfox\\app\\Views\\Admin\\PhotoUpload\\list.php')
 3 SYSTEMPATH\View\View.php(237): CodeIgniter\View\View->CodeIgniter\View\{closure}()
 4 SYSTEMPATH\Common.php(1171): CodeIgniter\View\View->render('/Admin/photoupload/list', [], true)
 5 APPPATH\Controllers\PhotoUpload.php(102): view('/Admin/photoupload/list', [...])
 6 SYSTEMPATH\CodeIgniter.php(933): App\Controllers\Photoupload->list()
 7 SYSTEMPATH\CodeIgniter.php(509): CodeIgniter\CodeIgniter->runController(Object(App\Controllers\Photoupload))
 8 SYSTEMPATH\CodeIgniter.php(355): CodeIgniter\CodeIgniter->handleRequest(null, Object(Config\Cache), false)
 9 SYSTEMPATH\Boot.php(325): CodeIgniter\CodeIgniter->run()
10 SYSTEMPATH\Boot.php(67): CodeIgniter\Boot::runCodeIgniter(Object(CodeIgniter\CodeIgniter))
11 FCPATH\index.php(56): CodeIgniter\Boot::bootWeb(Object(Config\Paths))
WARNING - 2025-03-06 17:37:48 --> [DEPRECATED] strtotime(): Passing null to parameter #1 ($datetime) of type string is deprecated in APPPATH\Views\Admin\PhotoUpload\list.php on line 69.
 1 APPPATH\Views\Admin\PhotoUpload\list.php(69): strtotime(null)
 2 SYSTEMPATH\View\View.php(234): include('C:\\xampp\\htdocs\\Wolfox\\app\\Views\\Admin\\PhotoUpload\\list.php')
 3 SYSTEMPATH\View\View.php(237): CodeIgniter\View\View->CodeIgniter\View\{closure}()
 4 SYSTEMPATH\Common.php(1171): CodeIgniter\View\View->render('/Admin/photoupload/list', [], true)
 5 APPPATH\Controllers\PhotoUpload.php(102): view('/Admin/photoupload/list', [...])
 6 SYSTEMPATH\CodeIgniter.php(933): App\Controllers\Photoupload->list()
 7 SYSTEMPATH\CodeIgniter.php(509): CodeIgniter\CodeIgniter->runController(Object(App\Controllers\Photoupload))
 8 SYSTEMPATH\CodeIgniter.php(355): CodeIgniter\CodeIgniter->handleRequest(null, Object(Config\Cache), false)
 9 SYSTEMPATH\Boot.php(325): CodeIgniter\CodeIgniter->run()
10 SYSTEMPATH\Boot.php(67): CodeIgniter\Boot::runCodeIgniter(Object(CodeIgniter\CodeIgniter))
11 FCPATH\index.php(56): CodeIgniter\Boot::bootWeb(Object(Config\Paths))
INFO - 2025-03-06 17:37:57 --> Session: Class initialized using 'CodeIgniter\Session\Handlers\FileHandler' driver.
INFO - 2025-03-06 17:38:05 --> Session: Class initialized using 'CodeIgniter\Session\Handlers\FileHandler' driver.
WARNING - 2025-03-06 17:38:05 --> [DEPRECATED] strtotime(): Passing null to parameter #1 ($datetime) of type string is deprecated in APPPATH\Views\Admin\PhotoUpload\list.php on line 69.
 1 APPPATH\Views\Admin\PhotoUpload\list.php(69): strtotime(null)
 2 SYSTEMPATH\View\View.php(234): include('C:\\xampp\\htdocs\\Wolfox\\app\\Views\\Admin\\PhotoUpload\\list.php')
 3 SYSTEMPATH\View\View.php(237): CodeIgniter\View\View->CodeIgniter\View\{closure}()
 4 SYSTEMPATH\Common.php(1171): CodeIgniter\View\View->render('/Admin/photoupload/list', [], true)
 5 APPPATH\Controllers\PhotoUpload.php(102): view('/Admin/photoupload/list', [...])
 6 SYSTEMPATH\CodeIgniter.php(933): App\Controllers\Photoupload->list()
 7 SYSTEMPATH\CodeIgniter.php(509): CodeIgniter\CodeIgniter->runController(Object(App\Controllers\Photoupload))
 8 SYSTEMPATH\CodeIgniter.php(355): CodeIgniter\CodeIgniter->handleRequest(null, Object(Config\Cache), false)
 9 SYSTEMPATH\Boot.php(325): CodeIgniter\CodeIgniter->run()
10 SYSTEMPATH\Boot.php(67): CodeIgniter\Boot::runCodeIgniter(Object(CodeIgniter\CodeIgniter))
11 FCPATH\index.php(56): CodeIgniter\Boot::bootWeb(Object(Config\Paths))
WARNING - 2025-03-06 17:38:05 --> [DEPRECATED] strtotime(): Passing null to parameter #1 ($datetime) of type string is deprecated in APPPATH\Views\Admin\PhotoUpload\list.php on line 69.
 1 APPPATH\Views\Admin\PhotoUpload\list.php(69): strtotime(null)
 2 SYSTEMPATH\View\View.php(234): include('C:\\xampp\\htdocs\\Wolfox\\app\\Views\\Admin\\PhotoUpload\\list.php')
 3 SYSTEMPATH\View\View.php(237): CodeIgniter\View\View->CodeIgniter\View\{closure}()
 4 SYSTEMPATH\Common.php(1171): CodeIgniter\View\View->render('/Admin/photoupload/list', [], true)
 5 APPPATH\Controllers\PhotoUpload.php(102): view('/Admin/photoupload/list', [...])
 6 SYSTEMPATH\CodeIgniter.php(933): App\Controllers\Photoupload->list()
 7 SYSTEMPATH\CodeIgniter.php(509): CodeIgniter\CodeIgniter->runController(Object(App\Controllers\Photoupload))
 8 SYSTEMPATH\CodeIgniter.php(355): CodeIgniter\CodeIgniter->handleRequest(null, Object(Config\Cache), false)
 9 SYSTEMPATH\Boot.php(325): CodeIgniter\CodeIgniter->run()
10 SYSTEMPATH\Boot.php(67): CodeIgniter\Boot::runCodeIgniter(Object(CodeIgniter\CodeIgniter))
11 FCPATH\index.php(56): CodeIgniter\Boot::bootWeb(Object(Config\Paths))
WARNING - 2025-03-06 17:38:05 --> [DEPRECATED] strtotime(): Passing null to parameter #1 ($datetime) of type string is deprecated in APPPATH\Views\Admin\PhotoUpload\list.php on line 69.
 1 APPPATH\Views\Admin\PhotoUpload\list.php(69): strtotime(null)
 2 SYSTEMPATH\View\View.php(234): include('C:\\xampp\\htdocs\\Wolfox\\app\\Views\\Admin\\PhotoUpload\\list.php')
 3 SYSTEMPATH\View\View.php(237): CodeIgniter\View\View->CodeIgniter\View\{closure}()
 4 SYSTEMPATH\Common.php(1171): CodeIgniter\View\View->render('/Admin/photoupload/list', [], true)
 5 APPPATH\Controllers\PhotoUpload.php(102): view('/Admin/photoupload/list', [...])
 6 SYSTEMPATH\CodeIgniter.php(933): App\Controllers\Photoupload->list()
 7 SYSTEMPATH\CodeIgniter.php(509): CodeIgniter\CodeIgniter->runController(Object(App\Controllers\Photoupload))
 8 SYSTEMPATH\CodeIgniter.php(355): CodeIgniter\CodeIgniter->handleRequest(null, Object(Config\Cache), false)
 9 SYSTEMPATH\Boot.php(325): CodeIgniter\CodeIgniter->run()
10 SYSTEMPATH\Boot.php(67): CodeIgniter\Boot::runCodeIgniter(Object(CodeIgniter\CodeIgniter))
11 FCPATH\index.php(56): CodeIgniter\Boot::bootWeb(Object(Config\Paths))
WARNING - 2025-03-06 17:38:05 --> [DEPRECATED] strtotime(): Passing null to parameter #1 ($datetime) of type string is deprecated in APPPATH\Views\Admin\PhotoUpload\list.php on line 69.
 1 APPPATH\Views\Admin\PhotoUpload\list.php(69): strtotime(null)
 2 SYSTEMPATH\View\View.php(234): include('C:\\xampp\\htdocs\\Wolfox\\app\\Views\\Admin\\PhotoUpload\\list.php')
 3 SYSTEMPATH\View\View.php(237): CodeIgniter\View\View->CodeIgniter\View\{closure}()
 4 SYSTEMPATH\Common.php(1171): CodeIgniter\View\View->render('/Admin/photoupload/list', [], true)
 5 APPPATH\Controllers\PhotoUpload.php(102): view('/Admin/photoupload/list', [...])
 6 SYSTEMPATH\CodeIgniter.php(933): App\Controllers\Photoupload->list()
 7 SYSTEMPATH\CodeIgniter.php(509): CodeIgniter\CodeIgniter->runController(Object(App\Controllers\Photoupload))
 8 SYSTEMPATH\CodeIgniter.php(355): CodeIgniter\CodeIgniter->handleRequest(null, Object(Config\Cache), false)
 9 SYSTEMPATH\Boot.php(325): CodeIgniter\CodeIgniter->run()
10 SYSTEMPATH\Boot.php(67): CodeIgniter\Boot::runCodeIgniter(Object(CodeIgniter\CodeIgniter))
11 FCPATH\index.php(56): CodeIgniter\Boot::bootWeb(Object(Config\Paths))
WARNING - 2025-03-06 17:38:05 --> [DEPRECATED] strtotime(): Passing null to parameter #1 ($datetime) of type string is deprecated in APPPATH\Views\Admin\PhotoUpload\list.php on line 69.
 1 APPPATH\Views\Admin\PhotoUpload\list.php(69): strtotime(null)
 2 SYSTEMPATH\View\View.php(234): include('C:\\xampp\\htdocs\\Wolfox\\app\\Views\\Admin\\PhotoUpload\\list.php')
 3 SYSTEMPATH\View\View.php(237): CodeIgniter\View\View->CodeIgniter\View\{closure}()
 4 SYSTEMPATH\Common.php(1171): CodeIgniter\View\View->render('/Admin/photoupload/list', [], true)
 5 APPPATH\Controllers\PhotoUpload.php(102): view('/Admin/photoupload/list', [...])
 6 SYSTEMPATH\CodeIgniter.php(933): App\Controllers\Photoupload->list()
 7 SYSTEMPATH\CodeIgniter.php(509): CodeIgniter\CodeIgniter->runController(Object(App\Controllers\Photoupload))
 8 SYSTEMPATH\CodeIgniter.php(355): CodeIgniter\CodeIgniter->handleRequest(null, Object(Config\Cache), false)
 9 SYSTEMPATH\Boot.php(325): CodeIgniter\CodeIgniter->run()
10 SYSTEMPATH\Boot.php(67): CodeIgniter\Boot::runCodeIgniter(Object(CodeIgniter\CodeIgniter))
11 FCPATH\index.php(56): CodeIgniter\Boot::bootWeb(Object(Config\Paths))
WARNING - 2025-03-06 17:38:05 --> [DEPRECATED] strtotime(): Passing null to parameter #1 ($datetime) of type string is deprecated in APPPATH\Views\Admin\PhotoUpload\list.php on line 69.
 1 APPPATH\Views\Admin\PhotoUpload\list.php(69): strtotime(null)
 2 SYSTEMPATH\View\View.php(234): include('C:\\xampp\\htdocs\\Wolfox\\app\\Views\\Admin\\PhotoUpload\\list.php')
 3 SYSTEMPATH\View\View.php(237): CodeIgniter\View\View->CodeIgniter\View\{closure}()
 4 SYSTEMPATH\Common.php(1171): CodeIgniter\View\View->render('/Admin/photoupload/list', [], true)
 5 APPPATH\Controllers\PhotoUpload.php(102): view('/Admin/photoupload/list', [...])
 6 SYSTEMPATH\CodeIgniter.php(933): App\Controllers\Photoupload->list()
 7 SYSTEMPATH\CodeIgniter.php(509): CodeIgniter\CodeIgniter->runController(Object(App\Controllers\Photoupload))
 8 SYSTEMPATH\CodeIgniter.php(355): CodeIgniter\CodeIgniter->handleRequest(null, Object(Config\Cache), false)
 9 SYSTEMPATH\Boot.php(325): CodeIgniter\CodeIgniter->run()
10 SYSTEMPATH\Boot.php(67): CodeIgniter\Boot::runCodeIgniter(Object(CodeIgniter\CodeIgniter))
11 FCPATH\index.php(56): CodeIgniter\Boot::bootWeb(Object(Config\Paths))
WARNING - 2025-03-06 17:38:05 --> [DEPRECATED] strtotime(): Passing null to parameter #1 ($datetime) of type string is deprecated in APPPATH\Views\Admin\PhotoUpload\list.php on line 69.
 1 APPPATH\Views\Admin\PhotoUpload\list.php(69): strtotime(null)
 2 SYSTEMPATH\View\View.php(234): include('C:\\xampp\\htdocs\\Wolfox\\app\\Views\\Admin\\PhotoUpload\\list.php')
 3 SYSTEMPATH\View\View.php(237): CodeIgniter\View\View->CodeIgniter\View\{closure}()
 4 SYSTEMPATH\Common.php(1171): CodeIgniter\View\View->render('/Admin/photoupload/list', [], true)
 5 APPPATH\Controllers\PhotoUpload.php(102): view('/Admin/photoupload/list', [...])
 6 SYSTEMPATH\CodeIgniter.php(933): App\Controllers\Photoupload->list()
 7 SYSTEMPATH\CodeIgniter.php(509): CodeIgniter\CodeIgniter->runController(Object(App\Controllers\Photoupload))
 8 SYSTEMPATH\CodeIgniter.php(355): CodeIgniter\CodeIgniter->handleRequest(null, Object(Config\Cache), false)
 9 SYSTEMPATH\Boot.php(325): CodeIgniter\CodeIgniter->run()
10 SYSTEMPATH\Boot.php(67): CodeIgniter\Boot::runCodeIgniter(Object(CodeIgniter\CodeIgniter))
11 FCPATH\index.php(56): CodeIgniter\Boot::bootWeb(Object(Config\Paths))
WARNING - 2025-03-06 17:38:05 --> [DEPRECATED] strtotime(): Passing null to parameter #1 ($datetime) of type string is deprecated in APPPATH\Views\Admin\PhotoUpload\list.php on line 69.
 1 APPPATH\Views\Admin\PhotoUpload\list.php(69): strtotime(null)
 2 SYSTEMPATH\View\View.php(234): include('C:\\xampp\\htdocs\\Wolfox\\app\\Views\\Admin\\PhotoUpload\\list.php')
 3 SYSTEMPATH\View\View.php(237): CodeIgniter\View\View->CodeIgniter\View\{closure}()
 4 SYSTEMPATH\Common.php(1171): CodeIgniter\View\View->render('/Admin/photoupload/list', [], true)
 5 APPPATH\Controllers\PhotoUpload.php(102): view('/Admin/photoupload/list', [...])
 6 SYSTEMPATH\CodeIgniter.php(933): App\Controllers\Photoupload->list()
 7 SYSTEMPATH\CodeIgniter.php(509): CodeIgniter\CodeIgniter->runController(Object(App\Controllers\Photoupload))
 8 SYSTEMPATH\CodeIgniter.php(355): CodeIgniter\CodeIgniter->handleRequest(null, Object(Config\Cache), false)
 9 SYSTEMPATH\Boot.php(325): CodeIgniter\CodeIgniter->run()
10 SYSTEMPATH\Boot.php(67): CodeIgniter\Boot::runCodeIgniter(Object(CodeIgniter\CodeIgniter))
11 FCPATH\index.php(56): CodeIgniter\Boot::bootWeb(Object(Config\Paths))
WARNING - 2025-03-06 17:38:05 --> [DEPRECATED] strtotime(): Passing null to parameter #1 ($datetime) of type string is deprecated in APPPATH\Views\Admin\PhotoUpload\list.php on line 69.
 1 APPPATH\Views\Admin\PhotoUpload\list.php(69): strtotime(null)
 2 SYSTEMPATH\View\View.php(234): include('C:\\xampp\\htdocs\\Wolfox\\app\\Views\\Admin\\PhotoUpload\\list.php')
 3 SYSTEMPATH\View\View.php(237): CodeIgniter\View\View->CodeIgniter\View\{closure}()
 4 SYSTEMPATH\Common.php(1171): CodeIgniter\View\View->render('/Admin/photoupload/list', [], true)
 5 APPPATH\Controllers\PhotoUpload.php(102): view('/Admin/photoupload/list', [...])
 6 SYSTEMPATH\CodeIgniter.php(933): App\Controllers\Photoupload->list()
 7 SYSTEMPATH\CodeIgniter.php(509): CodeIgniter\CodeIgniter->runController(Object(App\Controllers\Photoupload))
 8 SYSTEMPATH\CodeIgniter.php(355): CodeIgniter\CodeIgniter->handleRequest(null, Object(Config\Cache), false)
 9 SYSTEMPATH\Boot.php(325): CodeIgniter\CodeIgniter->run()
10 SYSTEMPATH\Boot.php(67): CodeIgniter\Boot::runCodeIgniter(Object(CodeIgniter\CodeIgniter))
11 FCPATH\index.php(56): CodeIgniter\Boot::bootWeb(Object(Config\Paths))
WARNING - 2025-03-06 17:38:05 --> [DEPRECATED] strtotime(): Passing null to parameter #1 ($datetime) of type string is deprecated in APPPATH\Views\Admin\PhotoUpload\list.php on line 69.
 1 APPPATH\Views\Admin\PhotoUpload\list.php(69): strtotime(null)
 2 SYSTEMPATH\View\View.php(234): include('C:\\xampp\\htdocs\\Wolfox\\app\\Views\\Admin\\PhotoUpload\\list.php')
 3 SYSTEMPATH\View\View.php(237): CodeIgniter\View\View->CodeIgniter\View\{closure}()
 4 SYSTEMPATH\Common.php(1171): CodeIgniter\View\View->render('/Admin/photoupload/list', [], true)
 5 APPPATH\Controllers\PhotoUpload.php(102): view('/Admin/photoupload/list', [...])
 6 SYSTEMPATH\CodeIgniter.php(933): App\Controllers\Photoupload->list()
 7 SYSTEMPATH\CodeIgniter.php(509): CodeIgniter\CodeIgniter->runController(Object(App\Controllers\Photoupload))
 8 SYSTEMPATH\CodeIgniter.php(355): CodeIgniter\CodeIgniter->handleRequest(null, Object(Config\Cache), false)
 9 SYSTEMPATH\Boot.php(325): CodeIgniter\CodeIgniter->run()
10 SYSTEMPATH\Boot.php(67): CodeIgniter\Boot::runCodeIgniter(Object(CodeIgniter\CodeIgniter))
11 FCPATH\index.php(56): CodeIgniter\Boot::bootWeb(Object(Config\Paths))
INFO - 2025-03-06 17:38:15 --> Session: Class initialized using 'CodeIgniter\Session\Handlers\FileHandler' driver.
WARNING - 2025-03-06 17:38:15 --> [DEPRECATED] strtotime(): Passing null to parameter #1 ($datetime) of type string is deprecated in APPPATH\Views\Admin\PhotoUpload\photolist.php on line 69.
 1 APPPATH\Views\Admin\PhotoUpload\photolist.php(69): strtotime(null)
 2 SYSTEMPATH\View\View.php(234): include('C:\\xampp\\htdocs\\Wolfox\\app\\Views\\Admin\\PhotoUpload\\photolist.php')
 3 SYSTEMPATH\View\View.php(237): CodeIgniter\View\View->CodeIgniter\View\{closure}()
 4 SYSTEMPATH\Common.php(1171): CodeIgniter\View\View->render('/Admin/photoupload/photolist', [], true)
 5 APPPATH\Controllers\PhotoUpload.php(119): view('/Admin/photoupload/photolist', [...])
 6 SYSTEMPATH\CodeIgniter.php(933): App\Controllers\Photoupload->photolist()
 7 SYSTEMPATH\CodeIgniter.php(509): CodeIgniter\CodeIgniter->runController(Object(App\Controllers\Photoupload))
 8 SYSTEMPATH\CodeIgniter.php(355): CodeIgniter\CodeIgniter->handleRequest(null, Object(Config\Cache), false)
 9 SYSTEMPATH\Boot.php(325): CodeIgniter\CodeIgniter->run()
10 SYSTEMPATH\Boot.php(67): CodeIgniter\Boot::runCodeIgniter(Object(CodeIgniter\CodeIgniter))
11 FCPATH\index.php(56): CodeIgniter\Boot::bootWeb(Object(Config\Paths))
WARNING - 2025-03-06 17:38:15 --> [DEPRECATED] strtotime(): Passing null to parameter #1 ($datetime) of type string is deprecated in APPPATH\Views\Admin\PhotoUpload\photolist.php on line 69.
 1 APPPATH\Views\Admin\PhotoUpload\photolist.php(69): strtotime(null)
 2 SYSTEMPATH\View\View.php(234): include('C:\\xampp\\htdocs\\Wolfox\\app\\Views\\Admin\\PhotoUpload\\photolist.php')
 3 SYSTEMPATH\View\View.php(237): CodeIgniter\View\View->CodeIgniter\View\{closure}()
 4 SYSTEMPATH\Common.php(1171): CodeIgniter\View\View->render('/Admin/photoupload/photolist', [], true)
 5 APPPATH\Controllers\PhotoUpload.php(119): view('/Admin/photoupload/photolist', [...])
 6 SYSTEMPATH\CodeIgniter.php(933): App\Controllers\Photoupload->photolist()
 7 SYSTEMPATH\CodeIgniter.php(509): CodeIgniter\CodeIgniter->runController(Object(App\Controllers\Photoupload))
 8 SYSTEMPATH\CodeIgniter.php(355): CodeIgniter\CodeIgniter->handleRequest(null, Object(Config\Cache), false)
 9 SYSTEMPATH\Boot.php(325): CodeIgniter\CodeIgniter->run()
10 SYSTEMPATH\Boot.php(67): CodeIgniter\Boot::runCodeIgniter(Object(CodeIgniter\CodeIgniter))
11 FCPATH\index.php(56): CodeIgniter\Boot::bootWeb(Object(Config\Paths))
WARNING - 2025-03-06 17:38:15 --> [DEPRECATED] strtotime(): Passing null to parameter #1 ($datetime) of type string is deprecated in APPPATH\Views\Admin\PhotoUpload\photolist.php on line 69.
 1 APPPATH\Views\Admin\PhotoUpload\photolist.php(69): strtotime(null)
 2 SYSTEMPATH\View\View.php(234): include('C:\\xampp\\htdocs\\Wolfox\\app\\Views\\Admin\\PhotoUpload\\photolist.php')
 3 SYSTEMPATH\View\View.php(237): CodeIgniter\View\View->CodeIgniter\View\{closure}()
 4 SYSTEMPATH\Common.php(1171): CodeIgniter\View\View->render('/Admin/photoupload/photolist', [], true)
 5 APPPATH\Controllers\PhotoUpload.php(119): view('/Admin/photoupload/photolist', [...])
 6 SYSTEMPATH\CodeIgniter.php(933): App\Controllers\Photoupload->photolist()
 7 SYSTEMPATH\CodeIgniter.php(509): CodeIgniter\CodeIgniter->runController(Object(App\Controllers\Photoupload))
 8 SYSTEMPATH\CodeIgniter.php(355): CodeIgniter\CodeIgniter->handleRequest(null, Object(Config\Cache), false)
 9 SYSTEMPATH\Boot.php(325): CodeIgniter\CodeIgniter->run()
10 SYSTEMPATH\Boot.php(67): CodeIgniter\Boot::runCodeIgniter(Object(CodeIgniter\CodeIgniter))
11 FCPATH\index.php(56): CodeIgniter\Boot::bootWeb(Object(Config\Paths))
WARNING - 2025-03-06 17:38:15 --> [DEPRECATED] strtotime(): Passing null to parameter #1 ($datetime) of type string is deprecated in APPPATH\Views\Admin\PhotoUpload\photolist.php on line 69.
 1 APPPATH\Views\Admin\PhotoUpload\photolist.php(69): strtotime(null)
 2 SYSTEMPATH\View\View.php(234): include('C:\\xampp\\htdocs\\Wolfox\\app\\Views\\Admin\\PhotoUpload\\photolist.php')
 3 SYSTEMPATH\View\View.php(237): CodeIgniter\View\View->CodeIgniter\View\{closure}()
 4 SYSTEMPATH\Common.php(1171): CodeIgniter\View\View->render('/Admin/photoupload/photolist', [], true)
 5 APPPATH\Controllers\PhotoUpload.php(119): view('/Admin/photoupload/photolist', [...])
 6 SYSTEMPATH\CodeIgniter.php(933): App\Controllers\Photoupload->photolist()
 7 SYSTEMPATH\CodeIgniter.php(509): CodeIgniter\CodeIgniter->runController(Object(App\Controllers\Photoupload))
 8 SYSTEMPATH\CodeIgniter.php(355): CodeIgniter\CodeIgniter->handleRequest(null, Object(Config\Cache), false)
 9 SYSTEMPATH\Boot.php(325): CodeIgniter\CodeIgniter->run()
10 SYSTEMPATH\Boot.php(67): CodeIgniter\Boot::runCodeIgniter(Object(CodeIgniter\CodeIgniter))
11 FCPATH\index.php(56): CodeIgniter\Boot::bootWeb(Object(Config\Paths))
WARNING - 2025-03-06 17:38:15 --> [DEPRECATED] strtotime(): Passing null to parameter #1 ($datetime) of type string is deprecated in APPPATH\Views\Admin\PhotoUpload\photolist.php on line 69.
 1 APPPATH\Views\Admin\PhotoUpload\photolist.php(69): strtotime(null)
 2 SYSTEMPATH\View\View.php(234): include('C:\\xampp\\htdocs\\Wolfox\\app\\Views\\Admin\\PhotoUpload\\photolist.php')
 3 SYSTEMPATH\View\View.php(237): CodeIgniter\View\View->CodeIgniter\View\{closure}()
 4 SYSTEMPATH\Common.php(1171): CodeIgniter\View\View->render('/Admin/photoupload/photolist', [], true)
 5 APPPATH\Controllers\PhotoUpload.php(119): view('/Admin/photoupload/photolist', [...])
 6 SYSTEMPATH\CodeIgniter.php(933): App\Controllers\Photoupload->photolist()
 7 SYSTEMPATH\CodeIgniter.php(509): CodeIgniter\CodeIgniter->runController(Object(App\Controllers\Photoupload))
 8 SYSTEMPATH\CodeIgniter.php(355): CodeIgniter\CodeIgniter->handleRequest(null, Object(Config\Cache), false)
 9 SYSTEMPATH\Boot.php(325): CodeIgniter\CodeIgniter->run()
10 SYSTEMPATH\Boot.php(67): CodeIgniter\Boot::runCodeIgniter(Object(CodeIgniter\CodeIgniter))
11 FCPATH\index.php(56): CodeIgniter\Boot::bootWeb(Object(Config\Paths))
WARNING - 2025-03-06 17:38:15 --> [DEPRECATED] strtotime(): Passing null to parameter #1 ($datetime) of type string is deprecated in APPPATH\Views\Admin\PhotoUpload\photolist.php on line 69.
 1 APPPATH\Views\Admin\PhotoUpload\photolist.php(69): strtotime(null)
 2 SYSTEMPATH\View\View.php(234): include('C:\\xampp\\htdocs\\Wolfox\\app\\Views\\Admin\\PhotoUpload\\photolist.php')
 3 SYSTEMPATH\View\View.php(237): CodeIgniter\View\View->CodeIgniter\View\{closure}()
 4 SYSTEMPATH\Common.php(1171): CodeIgniter\View\View->render('/Admin/photoupload/photolist', [], true)
 5 APPPATH\Controllers\PhotoUpload.php(119): view('/Admin/photoupload/photolist', [...])
 6 SYSTEMPATH\CodeIgniter.php(933): App\Controllers\Photoupload->photolist()
 7 SYSTEMPATH\CodeIgniter.php(509): CodeIgniter\CodeIgniter->runController(Object(App\Controllers\Photoupload))
 8 SYSTEMPATH\CodeIgniter.php(355): CodeIgniter\CodeIgniter->handleRequest(null, Object(Config\Cache), false)
 9 SYSTEMPATH\Boot.php(325): CodeIgniter\CodeIgniter->run()
10 SYSTEMPATH\Boot.php(67): CodeIgniter\Boot::runCodeIgniter(Object(CodeIgniter\CodeIgniter))
11 FCPATH\index.php(56): CodeIgniter\Boot::bootWeb(Object(Config\Paths))
WARNING - 2025-03-06 17:38:15 --> [DEPRECATED] strtotime(): Passing null to parameter #1 ($datetime) of type string is deprecated in APPPATH\Views\Admin\PhotoUpload\photolist.php on line 69.
 1 APPPATH\Views\Admin\PhotoUpload\photolist.php(69): strtotime(null)
 2 SYSTEMPATH\View\View.php(234): include('C:\\xampp\\htdocs\\Wolfox\\app\\Views\\Admin\\PhotoUpload\\photolist.php')
 3 SYSTEMPATH\View\View.php(237): CodeIgniter\View\View->CodeIgniter\View\{closure}()
 4 SYSTEMPATH\Common.php(1171): CodeIgniter\View\View->render('/Admin/photoupload/photolist', [], true)
 5 APPPATH\Controllers\PhotoUpload.php(119): view('/Admin/photoupload/photolist', [...])
 6 SYSTEMPATH\CodeIgniter.php(933): App\Controllers\Photoupload->photolist()
 7 SYSTEMPATH\CodeIgniter.php(509): CodeIgniter\CodeIgniter->runController(Object(App\Controllers\Photoupload))
 8 SYSTEMPATH\CodeIgniter.php(355): CodeIgniter\CodeIgniter->handleRequest(null, Object(Config\Cache), false)
 9 SYSTEMPATH\Boot.php(325): CodeIgniter\CodeIgniter->run()
10 SYSTEMPATH\Boot.php(67): CodeIgniter\Boot::runCodeIgniter(Object(CodeIgniter\CodeIgniter))
11 FCPATH\index.php(56): CodeIgniter\Boot::bootWeb(Object(Config\Paths))
WARNING - 2025-03-06 17:38:15 --> [DEPRECATED] strtotime(): Passing null to parameter #1 ($datetime) of type string is deprecated in APPPATH\Views\Admin\PhotoUpload\photolist.php on line 69.
 1 APPPATH\Views\Admin\PhotoUpload\photolist.php(69): strtotime(null)
 2 SYSTEMPATH\View\View.php(234): include('C:\\xampp\\htdocs\\Wolfox\\app\\Views\\Admin\\PhotoUpload\\photolist.php')
 3 SYSTEMPATH\View\View.php(237): CodeIgniter\View\View->CodeIgniter\View\{closure}()
 4 SYSTEMPATH\Common.php(1171): CodeIgniter\View\View->render('/Admin/photoupload/photolist', [], true)
 5 APPPATH\Controllers\PhotoUpload.php(119): view('/Admin/photoupload/photolist', [...])
 6 SYSTEMPATH\CodeIgniter.php(933): App\Controllers\Photoupload->photolist()
 7 SYSTEMPATH\CodeIgniter.php(509): CodeIgniter\CodeIgniter->runController(Object(App\Controllers\Photoupload))
 8 SYSTEMPATH\CodeIgniter.php(355): CodeIgniter\CodeIgniter->handleRequest(null, Object(Config\Cache), false)
 9 SYSTEMPATH\Boot.php(325): CodeIgniter\CodeIgniter->run()
10 SYSTEMPATH\Boot.php(67): CodeIgniter\Boot::runCodeIgniter(Object(CodeIgniter\CodeIgniter))
11 FCPATH\index.php(56): CodeIgniter\Boot::bootWeb(Object(Config\Paths))
WARNING - 2025-03-06 17:38:15 --> [DEPRECATED] strtotime(): Passing null to parameter #1 ($datetime) of type string is deprecated in APPPATH\Views\Admin\PhotoUpload\photolist.php on line 69.
 1 APPPATH\Views\Admin\PhotoUpload\photolist.php(69): strtotime(null)
 2 SYSTEMPATH\View\View.php(234): include('C:\\xampp\\htdocs\\Wolfox\\app\\Views\\Admin\\PhotoUpload\\photolist.php')
 3 SYSTEMPATH\View\View.php(237): CodeIgniter\View\View->CodeIgniter\View\{closure}()
 4 SYSTEMPATH\Common.php(1171): CodeIgniter\View\View->render('/Admin/photoupload/photolist', [], true)
 5 APPPATH\Controllers\PhotoUpload.php(119): view('/Admin/photoupload/photolist', [...])
 6 SYSTEMPATH\CodeIgniter.php(933): App\Controllers\Photoupload->photolist()
 7 SYSTEMPATH\CodeIgniter.php(509): CodeIgniter\CodeIgniter->runController(Object(App\Controllers\Photoupload))
 8 SYSTEMPATH\CodeIgniter.php(355): CodeIgniter\CodeIgniter->handleRequest(null, Object(Config\Cache), false)
 9 SYSTEMPATH\Boot.php(325): CodeIgniter\CodeIgniter->run()
10 SYSTEMPATH\Boot.php(67): CodeIgniter\Boot::runCodeIgniter(Object(CodeIgniter\CodeIgniter))
11 FCPATH\index.php(56): CodeIgniter\Boot::bootWeb(Object(Config\Paths))
WARNING - 2025-03-06 17:38:15 --> [DEPRECATED] strtotime(): Passing null to parameter #1 ($datetime) of type string is deprecated in APPPATH\Views\Admin\PhotoUpload\photolist.php on line 69.
 1 APPPATH\Views\Admin\PhotoUpload\photolist.php(69): strtotime(null)
 2 SYSTEMPATH\View\View.php(234): include('C:\\xampp\\htdocs\\Wolfox\\app\\Views\\Admin\\PhotoUpload\\photolist.php')
 3 SYSTEMPATH\View\View.php(237): CodeIgniter\View\View->CodeIgniter\View\{closure}()
 4 SYSTEMPATH\Common.php(1171): CodeIgniter\View\View->render('/Admin/photoupload/photolist', [], true)
 5 APPPATH\Controllers\PhotoUpload.php(119): view('/Admin/photoupload/photolist', [...])
 6 SYSTEMPATH\CodeIgniter.php(933): App\Controllers\Photoupload->photolist()
 7 SYSTEMPATH\CodeIgniter.php(509): CodeIgniter\CodeIgniter->runController(Object(App\Controllers\Photoupload))
 8 SYSTEMPATH\CodeIgniter.php(355): CodeIgniter\CodeIgniter->handleRequest(null, Object(Config\Cache), false)
 9 SYSTEMPATH\Boot.php(325): CodeIgniter\CodeIgniter->run()
10 SYSTEMPATH\Boot.php(67): CodeIgniter\Boot::runCodeIgniter(Object(CodeIgniter\CodeIgniter))
11 FCPATH\index.php(56): CodeIgniter\Boot::bootWeb(Object(Config\Paths))
INFO - 2025-03-06 17:40:39 --> Session: Class initialized using 'CodeIgniter\Session\Handlers\FileHandler' driver.
WARNING - 2025-03-06 17:40:39 --> [DEPRECATED] strtotime(): Passing null to parameter #1 ($datetime) of type string is deprecated in APPPATH\Views\Admin\PhotoUpload\list.php on line 69.
 1 APPPATH\Views\Admin\PhotoUpload\list.php(69): strtotime(null)
 2 SYSTEMPATH\View\View.php(234): include('C:\\xampp\\htdocs\\Wolfox\\app\\Views\\Admin\\PhotoUpload\\list.php')
 3 SYSTEMPATH\View\View.php(237): CodeIgniter\View\View->CodeIgniter\View\{closure}()
 4 SYSTEMPATH\Common.php(1171): CodeIgniter\View\View->render('/Admin/photoupload/list', [], true)
 5 APPPATH\Controllers\PhotoUpload.php(102): view('/Admin/photoupload/list', [...])
 6 SYSTEMPATH\CodeIgniter.php(933): App\Controllers\Photoupload->list()
 7 SYSTEMPATH\CodeIgniter.php(509): CodeIgniter\CodeIgniter->runController(Object(App\Controllers\Photoupload))
 8 SYSTEMPATH\CodeIgniter.php(355): CodeIgniter\CodeIgniter->handleRequest(null, Object(Config\Cache), false)
 9 SYSTEMPATH\Boot.php(325): CodeIgniter\CodeIgniter->run()
10 SYSTEMPATH\Boot.php(67): CodeIgniter\Boot::runCodeIgniter(Object(CodeIgniter\CodeIgniter))
11 FCPATH\index.php(56): CodeIgniter\Boot::bootWeb(Object(Config\Paths))
WARNING - 2025-03-06 17:40:39 --> [DEPRECATED] strtotime(): Passing null to parameter #1 ($datetime) of type string is deprecated in APPPATH\Views\Admin\PhotoUpload\list.php on line 69.
 1 APPPATH\Views\Admin\PhotoUpload\list.php(69): strtotime(null)
 2 SYSTEMPATH\View\View.php(234): include('C:\\xampp\\htdocs\\Wolfox\\app\\Views\\Admin\\PhotoUpload\\list.php')
 3 SYSTEMPATH\View\View.php(237): CodeIgniter\View\View->CodeIgniter\View\{closure}()
 4 SYSTEMPATH\Common.php(1171): CodeIgniter\View\View->render('/Admin/photoupload/list', [], true)
 5 APPPATH\Controllers\PhotoUpload.php(102): view('/Admin/photoupload/list', [...])
 6 SYSTEMPATH\CodeIgniter.php(933): App\Controllers\Photoupload->list()
 7 SYSTEMPATH\CodeIgniter.php(509): CodeIgniter\CodeIgniter->runController(Object(App\Controllers\Photoupload))
 8 SYSTEMPATH\CodeIgniter.php(355): CodeIgniter\CodeIgniter->handleRequest(null, Object(Config\Cache), false)
 9 SYSTEMPATH\Boot.php(325): CodeIgniter\CodeIgniter->run()
10 SYSTEMPATH\Boot.php(67): CodeIgniter\Boot::runCodeIgniter(Object(CodeIgniter\CodeIgniter))
11 FCPATH\index.php(56): CodeIgniter\Boot::bootWeb(Object(Config\Paths))
WARNING - 2025-03-06 17:40:39 --> [DEPRECATED] strtotime(): Passing null to parameter #1 ($datetime) of type string is deprecated in APPPATH\Views\Admin\PhotoUpload\list.php on line 69.
 1 APPPATH\Views\Admin\PhotoUpload\list.php(69): strtotime(null)
 2 SYSTEMPATH\View\View.php(234): include('C:\\xampp\\htdocs\\Wolfox\\app\\Views\\Admin\\PhotoUpload\\list.php')
 3 SYSTEMPATH\View\View.php(237): CodeIgniter\View\View->CodeIgniter\View\{closure}()
 4 SYSTEMPATH\Common.php(1171): CodeIgniter\View\View->render('/Admin/photoupload/list', [], true)
 5 APPPATH\Controllers\PhotoUpload.php(102): view('/Admin/photoupload/list', [...])
 6 SYSTEMPATH\CodeIgniter.php(933): App\Controllers\Photoupload->list()
 7 SYSTEMPATH\CodeIgniter.php(509): CodeIgniter\CodeIgniter->runController(Object(App\Controllers\Photoupload))
 8 SYSTEMPATH\CodeIgniter.php(355): CodeIgniter\CodeIgniter->handleRequest(null, Object(Config\Cache), false)
 9 SYSTEMPATH\Boot.php(325): CodeIgniter\CodeIgniter->run()
10 SYSTEMPATH\Boot.php(67): CodeIgniter\Boot::runCodeIgniter(Object(CodeIgniter\CodeIgniter))
11 FCPATH\index.php(56): CodeIgniter\Boot::bootWeb(Object(Config\Paths))
WARNING - 2025-03-06 17:40:39 --> [DEPRECATED] strtotime(): Passing null to parameter #1 ($datetime) of type string is deprecated in APPPATH\Views\Admin\PhotoUpload\list.php on line 69.
 1 APPPATH\Views\Admin\PhotoUpload\list.php(69): strtotime(null)
 2 SYSTEMPATH\View\View.php(234): include('C:\\xampp\\htdocs\\Wolfox\\app\\Views\\Admin\\PhotoUpload\\list.php')
 3 SYSTEMPATH\View\View.php(237): CodeIgniter\View\View->CodeIgniter\View\{closure}()
 4 SYSTEMPATH\Common.php(1171): CodeIgniter\View\View->render('/Admin/photoupload/list', [], true)
 5 APPPATH\Controllers\PhotoUpload.php(102): view('/Admin/photoupload/list', [...])
 6 SYSTEMPATH\CodeIgniter.php(933): App\Controllers\Photoupload->list()
 7 SYSTEMPATH\CodeIgniter.php(509): CodeIgniter\CodeIgniter->runController(Object(App\Controllers\Photoupload))
 8 SYSTEMPATH\CodeIgniter.php(355): CodeIgniter\CodeIgniter->handleRequest(null, Object(Config\Cache), false)
 9 SYSTEMPATH\Boot.php(325): CodeIgniter\CodeIgniter->run()
10 SYSTEMPATH\Boot.php(67): CodeIgniter\Boot::runCodeIgniter(Object(CodeIgniter\CodeIgniter))
11 FCPATH\index.php(56): CodeIgniter\Boot::bootWeb(Object(Config\Paths))
WARNING - 2025-03-06 17:40:39 --> [DEPRECATED] strtotime(): Passing null to parameter #1 ($datetime) of type string is deprecated in APPPATH\Views\Admin\PhotoUpload\list.php on line 69.
 1 APPPATH\Views\Admin\PhotoUpload\list.php(69): strtotime(null)
 2 SYSTEMPATH\View\View.php(234): include('C:\\xampp\\htdocs\\Wolfox\\app\\Views\\Admin\\PhotoUpload\\list.php')
 3 SYSTEMPATH\View\View.php(237): CodeIgniter\View\View->CodeIgniter\View\{closure}()
 4 SYSTEMPATH\Common.php(1171): CodeIgniter\View\View->render('/Admin/photoupload/list', [], true)
 5 APPPATH\Controllers\PhotoUpload.php(102): view('/Admin/photoupload/list', [...])
 6 SYSTEMPATH\CodeIgniter.php(933): App\Controllers\Photoupload->list()
 7 SYSTEMPATH\CodeIgniter.php(509): CodeIgniter\CodeIgniter->runController(Object(App\Controllers\Photoupload))
 8 SYSTEMPATH\CodeIgniter.php(355): CodeIgniter\CodeIgniter->handleRequest(null, Object(Config\Cache), false)
 9 SYSTEMPATH\Boot.php(325): CodeIgniter\CodeIgniter->run()
10 SYSTEMPATH\Boot.php(67): CodeIgniter\Boot::runCodeIgniter(Object(CodeIgniter\CodeIgniter))
11 FCPATH\index.php(56): CodeIgniter\Boot::bootWeb(Object(Config\Paths))
WARNING - 2025-03-06 17:40:39 --> [DEPRECATED] strtotime(): Passing null to parameter #1 ($datetime) of type string is deprecated in APPPATH\Views\Admin\PhotoUpload\list.php on line 69.
 1 APPPATH\Views\Admin\PhotoUpload\list.php(69): strtotime(null)
 2 SYSTEMPATH\View\View.php(234): include('C:\\xampp\\htdocs\\Wolfox\\app\\Views\\Admin\\PhotoUpload\\list.php')
 3 SYSTEMPATH\View\View.php(237): CodeIgniter\View\View->CodeIgniter\View\{closure}()
 4 SYSTEMPATH\Common.php(1171): CodeIgniter\View\View->render('/Admin/photoupload/list', [], true)
 5 APPPATH\Controllers\PhotoUpload.php(102): view('/Admin/photoupload/list', [...])
 6 SYSTEMPATH\CodeIgniter.php(933): App\Controllers\Photoupload->list()
 7 SYSTEMPATH\CodeIgniter.php(509): CodeIgniter\CodeIgniter->runController(Object(App\Controllers\Photoupload))
 8 SYSTEMPATH\CodeIgniter.php(355): CodeIgniter\CodeIgniter->handleRequest(null, Object(Config\Cache), false)
 9 SYSTEMPATH\Boot.php(325): CodeIgniter\CodeIgniter->run()
10 SYSTEMPATH\Boot.php(67): CodeIgniter\Boot::runCodeIgniter(Object(CodeIgniter\CodeIgniter))
11 FCPATH\index.php(56): CodeIgniter\Boot::bootWeb(Object(Config\Paths))
WARNING - 2025-03-06 17:40:39 --> [DEPRECATED] strtotime(): Passing null to parameter #1 ($datetime) of type string is deprecated in APPPATH\Views\Admin\PhotoUpload\list.php on line 69.
 1 APPPATH\Views\Admin\PhotoUpload\list.php(69): strtotime(null)
 2 SYSTEMPATH\View\View.php(234): include('C:\\xampp\\htdocs\\Wolfox\\app\\Views\\Admin\\PhotoUpload\\list.php')
 3 SYSTEMPATH\View\View.php(237): CodeIgniter\View\View->CodeIgniter\View\{closure}()
 4 SYSTEMPATH\Common.php(1171): CodeIgniter\View\View->render('/Admin/photoupload/list', [], true)
 5 APPPATH\Controllers\PhotoUpload.php(102): view('/Admin/photoupload/list', [...])
 6 SYSTEMPATH\CodeIgniter.php(933): App\Controllers\Photoupload->list()
 7 SYSTEMPATH\CodeIgniter.php(509): CodeIgniter\CodeIgniter->runController(Object(App\Controllers\Photoupload))
 8 SYSTEMPATH\CodeIgniter.php(355): CodeIgniter\CodeIgniter->handleRequest(null, Object(Config\Cache), false)
 9 SYSTEMPATH\Boot.php(325): CodeIgniter\CodeIgniter->run()
10 SYSTEMPATH\Boot.php(67): CodeIgniter\Boot::runCodeIgniter(Object(CodeIgniter\CodeIgniter))
11 FCPATH\index.php(56): CodeIgniter\Boot::bootWeb(Object(Config\Paths))
WARNING - 2025-03-06 17:40:39 --> [DEPRECATED] strtotime(): Passing null to parameter #1 ($datetime) of type string is deprecated in APPPATH\Views\Admin\PhotoUpload\list.php on line 69.
 1 APPPATH\Views\Admin\PhotoUpload\list.php(69): strtotime(null)
 2 SYSTEMPATH\View\View.php(234): include('C:\\xampp\\htdocs\\Wolfox\\app\\Views\\Admin\\PhotoUpload\\list.php')
 3 SYSTEMPATH\View\View.php(237): CodeIgniter\View\View->CodeIgniter\View\{closure}()
 4 SYSTEMPATH\Common.php(1171): CodeIgniter\View\View->render('/Admin/photoupload/list', [], true)
 5 APPPATH\Controllers\PhotoUpload.php(102): view('/Admin/photoupload/list', [...])
 6 SYSTEMPATH\CodeIgniter.php(933): App\Controllers\Photoupload->list()
 7 SYSTEMPATH\CodeIgniter.php(509): CodeIgniter\CodeIgniter->runController(Object(App\Controllers\Photoupload))
 8 SYSTEMPATH\CodeIgniter.php(355): CodeIgniter\CodeIgniter->handleRequest(null, Object(Config\Cache), false)
 9 SYSTEMPATH\Boot.php(325): CodeIgniter\CodeIgniter->run()
10 SYSTEMPATH\Boot.php(67): CodeIgniter\Boot::runCodeIgniter(Object(CodeIgniter\CodeIgniter))
11 FCPATH\index.php(56): CodeIgniter\Boot::bootWeb(Object(Config\Paths))
WARNING - 2025-03-06 17:40:39 --> [DEPRECATED] strtotime(): Passing null to parameter #1 ($datetime) of type string is deprecated in APPPATH\Views\Admin\PhotoUpload\list.php on line 69.
 1 APPPATH\Views\Admin\PhotoUpload\list.php(69): strtotime(null)
 2 SYSTEMPATH\View\View.php(234): include('C:\\xampp\\htdocs\\Wolfox\\app\\Views\\Admin\\PhotoUpload\\list.php')
 3 SYSTEMPATH\View\View.php(237): CodeIgniter\View\View->CodeIgniter\View\{closure}()
 4 SYSTEMPATH\Common.php(1171): CodeIgniter\View\View->render('/Admin/photoupload/list', [], true)
 5 APPPATH\Controllers\PhotoUpload.php(102): view('/Admin/photoupload/list', [...])
 6 SYSTEMPATH\CodeIgniter.php(933): App\Controllers\Photoupload->list()
 7 SYSTEMPATH\CodeIgniter.php(509): CodeIgniter\CodeIgniter->runController(Object(App\Controllers\Photoupload))
 8 SYSTEMPATH\CodeIgniter.php(355): CodeIgniter\CodeIgniter->handleRequest(null, Object(Config\Cache), false)
 9 SYSTEMPATH\Boot.php(325): CodeIgniter\CodeIgniter->run()
10 SYSTEMPATH\Boot.php(67): CodeIgniter\Boot::runCodeIgniter(Object(CodeIgniter\CodeIgniter))
11 FCPATH\index.php(56): CodeIgniter\Boot::bootWeb(Object(Config\Paths))
WARNING - 2025-03-06 17:40:39 --> [DEPRECATED] strtotime(): Passing null to parameter #1 ($datetime) of type string is deprecated in APPPATH\Views\Admin\PhotoUpload\list.php on line 69.
 1 APPPATH\Views\Admin\PhotoUpload\list.php(69): strtotime(null)
 2 SYSTEMPATH\View\View.php(234): include('C:\\xampp\\htdocs\\Wolfox\\app\\Views\\Admin\\PhotoUpload\\list.php')
 3 SYSTEMPATH\View\View.php(237): CodeIgniter\View\View->CodeIgniter\View\{closure}()
 4 SYSTEMPATH\Common.php(1171): CodeIgniter\View\View->render('/Admin/photoupload/list', [], true)
 5 APPPATH\Controllers\PhotoUpload.php(102): view('/Admin/photoupload/list', [...])
 6 SYSTEMPATH\CodeIgniter.php(933): App\Controllers\Photoupload->list()
 7 SYSTEMPATH\CodeIgniter.php(509): CodeIgniter\CodeIgniter->runController(Object(App\Controllers\Photoupload))
 8 SYSTEMPATH\CodeIgniter.php(355): CodeIgniter\CodeIgniter->handleRequest(null, Object(Config\Cache), false)
 9 SYSTEMPATH\Boot.php(325): CodeIgniter\CodeIgniter->run()
10 SYSTEMPATH\Boot.php(67): CodeIgniter\Boot::runCodeIgniter(Object(CodeIgniter\CodeIgniter))
11 FCPATH\index.php(56): CodeIgniter\Boot::bootWeb(Object(Config\Paths))
INFO - 2025-03-06 17:40:44 --> Session: Class initialized using 'CodeIgniter\Session\Handlers\FileHandler' driver.
INFO - 2025-03-06 17:41:14 --> Session: Class initialized using 'CodeIgniter\Session\Handlers\FileHandler' driver.
ERROR - 2025-03-06 17:41:18 --> mysqli_sql_exception: Unknown column 'project.collegeid' in 'on clause' in C:\xampp\htdocs\Wolfox\system\Database\MySQLi\Connection.php:312
Stack trace:
#0 C:\xampp\htdocs\Wolfox\system\Database\MySQLi\Connection.php(312): mysqli->query('SELECT `project...', 0)
#1 C:\xampp\htdocs\Wolfox\system\Database\BaseConnection.php(734): CodeIgniter\Database\MySQLi\Connection->execute('SELECT `project...')
#2 C:\xampp\htdocs\Wolfox\system\Database\BaseConnection.php(648): CodeIgniter\Database\BaseConnection->simpleQuery('SELECT `project...')
#3 C:\xampp\htdocs\Wolfox\system\Database\BaseBuilder.php(1644): CodeIgniter\Database\BaseConnection->query('SELECT `project...', Array, false)
#4 C:\xampp\htdocs\Wolfox\system\Model.php(286): CodeIgniter\Database\BaseBuilder->get()
#5 C:\xampp\htdocs\Wolfox\system\BaseModel.php(676): CodeIgniter\Model->doFindAll(0, 0)
#6 C:\xampp\htdocs\Wolfox\app\Controllers\ProjectMaster.php(70): CodeIgniter\BaseModel->findAll()
#7 C:\xampp\htdocs\Wolfox\system\CodeIgniter.php(933): App\Controllers\ProjectMaster->list()
#8 C:\xampp\htdocs\Wolfox\system\CodeIgniter.php(509): CodeIgniter\CodeIgniter->runController(Object(App\Controllers\ProjectMaster))
#9 C:\xampp\htdocs\Wolfox\system\CodeIgniter.php(355): CodeIgniter\CodeIgniter->handleRequest(NULL, Object(Config\Cache), false)
#10 C:\xampp\htdocs\Wolfox\system\Boot.php(325): CodeIgniter\CodeIgniter->run()
#11 C:\xampp\htdocs\Wolfox\system\Boot.php(67): CodeIgniter\Boot::runCodeIgniter(Object(CodeIgniter\CodeIgniter))
#12 C:\xampp\htdocs\Wolfox\index.php(56): CodeIgniter\Boot::bootWeb(Object(Config\Paths))
#13 {main}
CRITICAL - 2025-03-06 17:41:18 --> CodeIgniter\Database\Exceptions\DatabaseException: Unknown column 'project.collegeid' in 'on clause'
[Method: GET, Route: Admin/Project/list]
in SYSTEMPATH\Database\BaseConnection.php on line 688.
 1 SYSTEMPATH\Database\BaseBuilder.php(1644): CodeIgniter\Database\BaseConnection->query('SELECT `project`.*, `collegename`.`collegename` AS `collegename`
FROM `project`
LEFT JOIN `collegename` ON `collegename`.`id` = `project`.`collegeid`
ORDER BY `id` DESC', [], false)
 2 SYSTEMPATH\Model.php(286): CodeIgniter\Database\BaseBuilder->get()
 3 SYSTEMPATH\BaseModel.php(676): CodeIgniter\Model->doFindAll(0, 0)
 4 APPPATH\Controllers\ProjectMaster.php(70): CodeIgniter\BaseModel->findAll()
 5 SYSTEMPATH\CodeIgniter.php(933): App\Controllers\ProjectMaster->list()
 6 SYSTEMPATH\CodeIgniter.php(509): CodeIgniter\CodeIgniter->runController(Object(App\Controllers\ProjectMaster))
 7 SYSTEMPATH\CodeIgniter.php(355): CodeIgniter\CodeIgniter->handleRequest(null, Object(Config\Cache), false)
 8 SYSTEMPATH\Boot.php(325): CodeIgniter\CodeIgniter->run()
 9 SYSTEMPATH\Boot.php(67): CodeIgniter\Boot::runCodeIgniter(Object(CodeIgniter\CodeIgniter))
10 FCPATH\index.php(56): CodeIgniter\Boot::bootWeb(Object(Config\Paths))
CRITICAL - 2025-03-06 17:41:18 --> [Caused by] CodeIgniter\Database\Exceptions\DatabaseException: Unknown column 'project.collegeid' in 'on clause'
in SYSTEMPATH\Database\MySQLi\Connection.php on line 317.
 1 SYSTEMPATH\Database\BaseConnection.php(734): CodeIgniter\Database\MySQLi\Connection->execute('SELECT `project`.*, `collegename`.`collegename` AS `collegename`
FROM `project`
LEFT JOIN `collegename` ON `collegename`.`id` = `project`.`collegeid`
ORDER BY `id` DESC')
 2 SYSTEMPATH\Database\BaseConnection.php(648): CodeIgniter\Database\BaseConnection->simpleQuery('SELECT `project`.*, `collegename`.`collegename` AS `collegename`
FROM `project`
LEFT JOIN `collegename` ON `collegename`.`id` = `project`.`collegeid`
ORDER BY `id` DESC')
 3 SYSTEMPATH\Database\BaseBuilder.php(1644): CodeIgniter\Database\BaseConnection->query('SELECT `project`.*, `collegename`.`collegename` AS `collegename`
FROM `project`
LEFT JOIN `collegename` ON `collegename`.`id` = `project`.`collegeid`
ORDER BY `id` DESC', [], false)
 4 SYSTEMPATH\Model.php(286): CodeIgniter\Database\BaseBuilder->get()
 5 SYSTEMPATH\BaseModel.php(676): CodeIgniter\Model->doFindAll(0, 0)
 6 APPPATH\Controllers\ProjectMaster.php(70): CodeIgniter\BaseModel->findAll()
 7 SYSTEMPATH\CodeIgniter.php(933): App\Controllers\ProjectMaster->list()
 8 SYSTEMPATH\CodeIgniter.php(509): CodeIgniter\CodeIgniter->runController(Object(App\Controllers\ProjectMaster))
 9 SYSTEMPATH\CodeIgniter.php(355): CodeIgniter\CodeIgniter->handleRequest(null, Object(Config\Cache), false)
10 SYSTEMPATH\Boot.php(325): CodeIgniter\CodeIgniter->run()
11 SYSTEMPATH\Boot.php(67): CodeIgniter\Boot::runCodeIgniter(Object(CodeIgniter\CodeIgniter))
12 FCPATH\index.php(56): CodeIgniter\Boot::bootWeb(Object(Config\Paths))
CRITICAL - 2025-03-06 17:41:18 --> [Caused by] mysqli_sql_exception: Unknown column 'project.collegeid' in 'on clause'
in SYSTEMPATH\Database\MySQLi\Connection.php on line 312.
 1 SYSTEMPATH\Database\MySQLi\Connection.php(312): mysqli->query('SELECT `project`.*, `collegename`.`collegename` AS `collegename`
FROM `project`
LEFT JOIN `collegename` ON `collegename`.`id` = `project`.`collegeid`
ORDER BY `id` DESC', 0)
 2 SYSTEMPATH\Database\BaseConnection.php(734): CodeIgniter\Database\MySQLi\Connection->execute('SELECT `project`.*, `collegename`.`collegename` AS `collegename`
FROM `project`
LEFT JOIN `collegename` ON `collegename`.`id` = `project`.`collegeid`
ORDER BY `id` DESC')
 3 SYSTEMPATH\Database\BaseConnection.php(648): CodeIgniter\Database\BaseConnection->simpleQuery('SELECT `project`.*, `collegename`.`collegename` AS `collegename`
FROM `project`
LEFT JOIN `collegename` ON `collegename`.`id` = `project`.`collegeid`
ORDER BY `id` DESC')
 4 SYSTEMPATH\Database\BaseBuilder.php(1644): CodeIgniter\Database\BaseConnection->query('SELECT `project`.*, `collegename`.`collegename` AS `collegename`
FROM `project`
LEFT JOIN `collegename` ON `collegename`.`id` = `project`.`collegeid`
ORDER BY `id` DESC', [], false)
 5 SYSTEMPATH\Model.php(286): CodeIgniter\Database\BaseBuilder->get()
 6 SYSTEMPATH\BaseModel.php(676): CodeIgniter\Model->doFindAll(0, 0)
 7 APPPATH\Controllers\ProjectMaster.php(70): CodeIgniter\BaseModel->findAll()
 8 SYSTEMPATH\CodeIgniter.php(933): App\Controllers\ProjectMaster->list()
 9 SYSTEMPATH\CodeIgniter.php(509): CodeIgniter\CodeIgniter->runController(Object(App\Controllers\ProjectMaster))
10 SYSTEMPATH\CodeIgniter.php(355): CodeIgniter\CodeIgniter->handleRequest(null, Object(Config\Cache), false)
11 SYSTEMPATH\Boot.php(325): CodeIgniter\CodeIgniter->run()
12 SYSTEMPATH\Boot.php(67): CodeIgniter\Boot::runCodeIgniter(Object(CodeIgniter\CodeIgniter))
13 FCPATH\index.php(56): CodeIgniter\Boot::bootWeb(Object(Config\Paths))
INFO - 2025-03-06 17:41:24 --> Session: Class initialized using 'CodeIgniter\Session\Handlers\FileHandler' driver.
INFO - 2025-03-06 17:41:28 --> Session: Class initialized using 'CodeIgniter\Session\Handlers\FileHandler' driver.
INFO - 2025-03-06 17:42:03 --> Session: Class initialized using 'CodeIgniter\Session\Handlers\FileHandler' driver.
ERROR - 2025-03-06 17:42:08 --> mysqli_sql_exception: Unknown column 'project.collegeid' in 'on clause' in C:\xampp\htdocs\Wolfox\system\Database\MySQLi\Connection.php:312
Stack trace:
#0 C:\xampp\htdocs\Wolfox\system\Database\MySQLi\Connection.php(312): mysqli->query('SELECT `project...', 0)
#1 C:\xampp\htdocs\Wolfox\system\Database\BaseConnection.php(734): CodeIgniter\Database\MySQLi\Connection->execute('SELECT `project...')
#2 C:\xampp\htdocs\Wolfox\system\Database\BaseConnection.php(648): CodeIgniter\Database\BaseConnection->simpleQuery('SELECT `project...')
#3 C:\xampp\htdocs\Wolfox\system\Database\BaseBuilder.php(1644): CodeIgniter\Database\BaseConnection->query('SELECT `project...', Array, false)
#4 C:\xampp\htdocs\Wolfox\system\Model.php(286): CodeIgniter\Database\BaseBuilder->get()
#5 C:\xampp\htdocs\Wolfox\system\BaseModel.php(676): CodeIgniter\Model->doFindAll(0, 0)
#6 C:\xampp\htdocs\Wolfox\app\Controllers\ProjectMaster.php(70): CodeIgniter\BaseModel->findAll()
#7 C:\xampp\htdocs\Wolfox\system\CodeIgniter.php(933): App\Controllers\ProjectMaster->list()
#8 C:\xampp\htdocs\Wolfox\system\CodeIgniter.php(509): CodeIgniter\CodeIgniter->runController(Object(App\Controllers\ProjectMaster))
#9 C:\xampp\htdocs\Wolfox\system\CodeIgniter.php(355): CodeIgniter\CodeIgniter->handleRequest(NULL, Object(Config\Cache), false)
#10 C:\xampp\htdocs\Wolfox\system\Boot.php(325): CodeIgniter\CodeIgniter->run()
#11 C:\xampp\htdocs\Wolfox\system\Boot.php(67): CodeIgniter\Boot::runCodeIgniter(Object(CodeIgniter\CodeIgniter))
#12 C:\xampp\htdocs\Wolfox\index.php(56): CodeIgniter\Boot::bootWeb(Object(Config\Paths))
#13 {main}
CRITICAL - 2025-03-06 17:42:08 --> CodeIgniter\Database\Exceptions\DatabaseException: Unknown column 'project.collegeid' in 'on clause'
[Method: GET, Route: Admin/Project/list]
in SYSTEMPATH\Database\BaseConnection.php on line 688.
 1 SYSTEMPATH\Database\BaseBuilder.php(1644): CodeIgniter\Database\BaseConnection->query('SELECT `project`.*, `collegename`.`collegename` AS `collegename`
FROM `project`
LEFT JOIN `collegename` ON `collegename`.`id` = `project`.`collegeid`
ORDER BY `id` DESC', [], false)
 2 SYSTEMPATH\Model.php(286): CodeIgniter\Database\BaseBuilder->get()
 3 SYSTEMPATH\BaseModel.php(676): CodeIgniter\Model->doFindAll(0, 0)
 4 APPPATH\Controllers\ProjectMaster.php(70): CodeIgniter\BaseModel->findAll()
 5 SYSTEMPATH\CodeIgniter.php(933): App\Controllers\ProjectMaster->list()
 6 SYSTEMPATH\CodeIgniter.php(509): CodeIgniter\CodeIgniter->runController(Object(App\Controllers\ProjectMaster))
 7 SYSTEMPATH\CodeIgniter.php(355): CodeIgniter\CodeIgniter->handleRequest(null, Object(Config\Cache), false)
 8 SYSTEMPATH\Boot.php(325): CodeIgniter\CodeIgniter->run()
 9 SYSTEMPATH\Boot.php(67): CodeIgniter\Boot::runCodeIgniter(Object(CodeIgniter\CodeIgniter))
10 FCPATH\index.php(56): CodeIgniter\Boot::bootWeb(Object(Config\Paths))
CRITICAL - 2025-03-06 17:42:08 --> [Caused by] CodeIgniter\Database\Exceptions\DatabaseException: Unknown column 'project.collegeid' in 'on clause'
in SYSTEMPATH\Database\MySQLi\Connection.php on line 317.
 1 SYSTEMPATH\Database\BaseConnection.php(734): CodeIgniter\Database\MySQLi\Connection->execute('SELECT `project`.*, `collegename`.`collegename` AS `collegename`
FROM `project`
LEFT JOIN `collegename` ON `collegename`.`id` = `project`.`collegeid`
ORDER BY `id` DESC')
 2 SYSTEMPATH\Database\BaseConnection.php(648): CodeIgniter\Database\BaseConnection->simpleQuery('SELECT `project`.*, `collegename`.`collegename` AS `collegename`
FROM `project`
LEFT JOIN `collegename` ON `collegename`.`id` = `project`.`collegeid`
ORDER BY `id` DESC')
 3 SYSTEMPATH\Database\BaseBuilder.php(1644): CodeIgniter\Database\BaseConnection->query('SELECT `project`.*, `collegename`.`collegename` AS `collegename`
FROM `project`
LEFT JOIN `collegename` ON `collegename`.`id` = `project`.`collegeid`
ORDER BY `id` DESC', [], false)
 4 SYSTEMPATH\Model.php(286): CodeIgniter\Database\BaseBuilder->get()
 5 SYSTEMPATH\BaseModel.php(676): CodeIgniter\Model->doFindAll(0, 0)
 6 APPPATH\Controllers\ProjectMaster.php(70): CodeIgniter\BaseModel->findAll()
 7 SYSTEMPATH\CodeIgniter.php(933): App\Controllers\ProjectMaster->list()
 8 SYSTEMPATH\CodeIgniter.php(509): CodeIgniter\CodeIgniter->runController(Object(App\Controllers\ProjectMaster))
 9 SYSTEMPATH\CodeIgniter.php(355): CodeIgniter\CodeIgniter->handleRequest(null, Object(Config\Cache), false)
10 SYSTEMPATH\Boot.php(325): CodeIgniter\CodeIgniter->run()
11 SYSTEMPATH\Boot.php(67): CodeIgniter\Boot::runCodeIgniter(Object(CodeIgniter\CodeIgniter))
12 FCPATH\index.php(56): CodeIgniter\Boot::bootWeb(Object(Config\Paths))
CRITICAL - 2025-03-06 17:42:08 --> [Caused by] mysqli_sql_exception: Unknown column 'project.collegeid' in 'on clause'
in SYSTEMPATH\Database\MySQLi\Connection.php on line 312.
 1 SYSTEMPATH\Database\MySQLi\Connection.php(312): mysqli->query('SELECT `project`.*, `collegename`.`collegename` AS `collegename`
FROM `project`
LEFT JOIN `collegename` ON `collegename`.`id` = `project`.`collegeid`
ORDER BY `id` DESC', 0)
 2 SYSTEMPATH\Database\BaseConnection.php(734): CodeIgniter\Database\MySQLi\Connection->execute('SELECT `project`.*, `collegename`.`collegename` AS `collegename`
FROM `project`
LEFT JOIN `collegename` ON `collegename`.`id` = `project`.`collegeid`
ORDER BY `id` DESC')
 3 SYSTEMPATH\Database\BaseConnection.php(648): CodeIgniter\Database\BaseConnection->simpleQuery('SELECT `project`.*, `collegename`.`collegename` AS `collegename`
FROM `project`
LEFT JOIN `collegename` ON `collegename`.`id` = `project`.`collegeid`
ORDER BY `id` DESC')
 4 SYSTEMPATH\Database\BaseBuilder.php(1644): CodeIgniter\Database\BaseConnection->query('SELECT `project`.*, `collegename`.`collegename` AS `collegename`
FROM `project`
LEFT JOIN `collegename` ON `collegename`.`id` = `project`.`collegeid`
ORDER BY `id` DESC', [], false)
 5 SYSTEMPATH\Model.php(286): CodeIgniter\Database\BaseBuilder->get()
 6 SYSTEMPATH\BaseModel.php(676): CodeIgniter\Model->doFindAll(0, 0)
 7 APPPATH\Controllers\ProjectMaster.php(70): CodeIgniter\BaseModel->findAll()
 8 SYSTEMPATH\CodeIgniter.php(933): App\Controllers\ProjectMaster->list()
 9 SYSTEMPATH\CodeIgniter.php(509): CodeIgniter\CodeIgniter->runController(Object(App\Controllers\ProjectMaster))
10 SYSTEMPATH\CodeIgniter.php(355): CodeIgniter\CodeIgniter->handleRequest(null, Object(Config\Cache), false)
11 SYSTEMPATH\Boot.php(325): CodeIgniter\CodeIgniter->run()
12 SYSTEMPATH\Boot.php(67): CodeIgniter\Boot::runCodeIgniter(Object(CodeIgniter\CodeIgniter))
13 FCPATH\index.php(56): CodeIgniter\Boot::bootWeb(Object(Config\Paths))
INFO - 2025-03-06 17:42:11 --> Session: Class initialized using 'CodeIgniter\Session\Handlers\FileHandler' driver.
INFO - 2025-03-06 17:42:14 --> Session: Class initialized using 'CodeIgniter\Session\Handlers\FileHandler' driver.
INFO - 2025-03-06 17:42:17 --> Session: Class initialized using 'CodeIgniter\Session\Handlers\FileHandler' driver.
WARNING - 2025-03-06 17:42:17 --> [DEPRECATED] strtotime(): Passing null to parameter #1 ($datetime) of type string is deprecated in APPPATH\Views\Admin\PhotoUpload\list.php on line 69.
 1 APPPATH\Views\Admin\PhotoUpload\list.php(69): strtotime(null)
 2 SYSTEMPATH\View\View.php(234): include('C:\\xampp\\htdocs\\Wolfox\\app\\Views\\Admin\\PhotoUpload\\list.php')
 3 SYSTEMPATH\View\View.php(237): CodeIgniter\View\View->CodeIgniter\View\{closure}()
 4 SYSTEMPATH\Common.php(1171): CodeIgniter\View\View->render('/Admin/photoupload/list', [], true)
 5 APPPATH\Controllers\PhotoUpload.php(102): view('/Admin/photoupload/list', [...])
 6 SYSTEMPATH\CodeIgniter.php(933): App\Controllers\Photoupload->list()
 7 SYSTEMPATH\CodeIgniter.php(509): CodeIgniter\CodeIgniter->runController(Object(App\Controllers\Photoupload))
 8 SYSTEMPATH\CodeIgniter.php(355): CodeIgniter\CodeIgniter->handleRequest(null, Object(Config\Cache), false)
 9 SYSTEMPATH\Boot.php(325): CodeIgniter\CodeIgniter->run()
10 SYSTEMPATH\Boot.php(67): CodeIgniter\Boot::runCodeIgniter(Object(CodeIgniter\CodeIgniter))
11 FCPATH\index.php(56): CodeIgniter\Boot::bootWeb(Object(Config\Paths))
WARNING - 2025-03-06 17:42:17 --> [DEPRECATED] strtotime(): Passing null to parameter #1 ($datetime) of type string is deprecated in APPPATH\Views\Admin\PhotoUpload\list.php on line 69.
 1 APPPATH\Views\Admin\PhotoUpload\list.php(69): strtotime(null)
 2 SYSTEMPATH\View\View.php(234): include('C:\\xampp\\htdocs\\Wolfox\\app\\Views\\Admin\\PhotoUpload\\list.php')
 3 SYSTEMPATH\View\View.php(237): CodeIgniter\View\View->CodeIgniter\View\{closure}()
 4 SYSTEMPATH\Common.php(1171): CodeIgniter\View\View->render('/Admin/photoupload/list', [], true)
 5 APPPATH\Controllers\PhotoUpload.php(102): view('/Admin/photoupload/list', [...])
 6 SYSTEMPATH\CodeIgniter.php(933): App\Controllers\Photoupload->list()
 7 SYSTEMPATH\CodeIgniter.php(509): CodeIgniter\CodeIgniter->runController(Object(App\Controllers\Photoupload))
 8 SYSTEMPATH\CodeIgniter.php(355): CodeIgniter\CodeIgniter->handleRequest(null, Object(Config\Cache), false)
 9 SYSTEMPATH\Boot.php(325): CodeIgniter\CodeIgniter->run()
10 SYSTEMPATH\Boot.php(67): CodeIgniter\Boot::runCodeIgniter(Object(CodeIgniter\CodeIgniter))
11 FCPATH\index.php(56): CodeIgniter\Boot::bootWeb(Object(Config\Paths))
WARNING - 2025-03-06 17:42:17 --> [DEPRECATED] strtotime(): Passing null to parameter #1 ($datetime) of type string is deprecated in APPPATH\Views\Admin\PhotoUpload\list.php on line 69.
 1 APPPATH\Views\Admin\PhotoUpload\list.php(69): strtotime(null)
 2 SYSTEMPATH\View\View.php(234): include('C:\\xampp\\htdocs\\Wolfox\\app\\Views\\Admin\\PhotoUpload\\list.php')
 3 SYSTEMPATH\View\View.php(237): CodeIgniter\View\View->CodeIgniter\View\{closure}()
 4 SYSTEMPATH\Common.php(1171): CodeIgniter\View\View->render('/Admin/photoupload/list', [], true)
 5 APPPATH\Controllers\PhotoUpload.php(102): view('/Admin/photoupload/list', [...])
 6 SYSTEMPATH\CodeIgniter.php(933): App\Controllers\Photoupload->list()
 7 SYSTEMPATH\CodeIgniter.php(509): CodeIgniter\CodeIgniter->runController(Object(App\Controllers\Photoupload))
 8 SYSTEMPATH\CodeIgniter.php(355): CodeIgniter\CodeIgniter->handleRequest(null, Object(Config\Cache), false)
 9 SYSTEMPATH\Boot.php(325): CodeIgniter\CodeIgniter->run()
10 SYSTEMPATH\Boot.php(67): CodeIgniter\Boot::runCodeIgniter(Object(CodeIgniter\CodeIgniter))
11 FCPATH\index.php(56): CodeIgniter\Boot::bootWeb(Object(Config\Paths))
WARNING - 2025-03-06 17:42:17 --> [DEPRECATED] strtotime(): Passing null to parameter #1 ($datetime) of type string is deprecated in APPPATH\Views\Admin\PhotoUpload\list.php on line 69.
 1 APPPATH\Views\Admin\PhotoUpload\list.php(69): strtotime(null)
 2 SYSTEMPATH\View\View.php(234): include('C:\\xampp\\htdocs\\Wolfox\\app\\Views\\Admin\\PhotoUpload\\list.php')
 3 SYSTEMPATH\View\View.php(237): CodeIgniter\View\View->CodeIgniter\View\{closure}()
 4 SYSTEMPATH\Common.php(1171): CodeIgniter\View\View->render('/Admin/photoupload/list', [], true)
 5 APPPATH\Controllers\PhotoUpload.php(102): view('/Admin/photoupload/list', [...])
 6 SYSTEMPATH\CodeIgniter.php(933): App\Controllers\Photoupload->list()
 7 SYSTEMPATH\CodeIgniter.php(509): CodeIgniter\CodeIgniter->runController(Object(App\Controllers\Photoupload))
 8 SYSTEMPATH\CodeIgniter.php(355): CodeIgniter\CodeIgniter->handleRequest(null, Object(Config\Cache), false)
 9 SYSTEMPATH\Boot.php(325): CodeIgniter\CodeIgniter->run()
10 SYSTEMPATH\Boot.php(67): CodeIgniter\Boot::runCodeIgniter(Object(CodeIgniter\CodeIgniter))
11 FCPATH\index.php(56): CodeIgniter\Boot::bootWeb(Object(Config\Paths))
WARNING - 2025-03-06 17:42:17 --> [DEPRECATED] strtotime(): Passing null to parameter #1 ($datetime) of type string is deprecated in APPPATH\Views\Admin\PhotoUpload\list.php on line 69.
 1 APPPATH\Views\Admin\PhotoUpload\list.php(69): strtotime(null)
 2 SYSTEMPATH\View\View.php(234): include('C:\\xampp\\htdocs\\Wolfox\\app\\Views\\Admin\\PhotoUpload\\list.php')
 3 SYSTEMPATH\View\View.php(237): CodeIgniter\View\View->CodeIgniter\View\{closure}()
 4 SYSTEMPATH\Common.php(1171): CodeIgniter\View\View->render('/Admin/photoupload/list', [], true)
 5 APPPATH\Controllers\PhotoUpload.php(102): view('/Admin/photoupload/list', [...])
 6 SYSTEMPATH\CodeIgniter.php(933): App\Controllers\Photoupload->list()
 7 SYSTEMPATH\CodeIgniter.php(509): CodeIgniter\CodeIgniter->runController(Object(App\Controllers\Photoupload))
 8 SYSTEMPATH\CodeIgniter.php(355): CodeIgniter\CodeIgniter->handleRequest(null, Object(Config\Cache), false)
 9 SYSTEMPATH\Boot.php(325): CodeIgniter\CodeIgniter->run()
10 SYSTEMPATH\Boot.php(67): CodeIgniter\Boot::runCodeIgniter(Object(CodeIgniter\CodeIgniter))
11 FCPATH\index.php(56): CodeIgniter\Boot::bootWeb(Object(Config\Paths))
WARNING - 2025-03-06 17:42:17 --> [DEPRECATED] strtotime(): Passing null to parameter #1 ($datetime) of type string is deprecated in APPPATH\Views\Admin\PhotoUpload\list.php on line 69.
 1 APPPATH\Views\Admin\PhotoUpload\list.php(69): strtotime(null)
 2 SYSTEMPATH\View\View.php(234): include('C:\\xampp\\htdocs\\Wolfox\\app\\Views\\Admin\\PhotoUpload\\list.php')
 3 SYSTEMPATH\View\View.php(237): CodeIgniter\View\View->CodeIgniter\View\{closure}()
 4 SYSTEMPATH\Common.php(1171): CodeIgniter\View\View->render('/Admin/photoupload/list', [], true)
 5 APPPATH\Controllers\PhotoUpload.php(102): view('/Admin/photoupload/list', [...])
 6 SYSTEMPATH\CodeIgniter.php(933): App\Controllers\Photoupload->list()
 7 SYSTEMPATH\CodeIgniter.php(509): CodeIgniter\CodeIgniter->runController(Object(App\Controllers\Photoupload))
 8 SYSTEMPATH\CodeIgniter.php(355): CodeIgniter\CodeIgniter->handleRequest(null, Object(Config\Cache), false)
 9 SYSTEMPATH\Boot.php(325): CodeIgniter\CodeIgniter->run()
10 SYSTEMPATH\Boot.php(67): CodeIgniter\Boot::runCodeIgniter(Object(CodeIgniter\CodeIgniter))
11 FCPATH\index.php(56): CodeIgniter\Boot::bootWeb(Object(Config\Paths))
WARNING - 2025-03-06 17:42:17 --> [DEPRECATED] strtotime(): Passing null to parameter #1 ($datetime) of type string is deprecated in APPPATH\Views\Admin\PhotoUpload\list.php on line 69.
 1 APPPATH\Views\Admin\PhotoUpload\list.php(69): strtotime(null)
 2 SYSTEMPATH\View\View.php(234): include('C:\\xampp\\htdocs\\Wolfox\\app\\Views\\Admin\\PhotoUpload\\list.php')
 3 SYSTEMPATH\View\View.php(237): CodeIgniter\View\View->CodeIgniter\View\{closure}()
 4 SYSTEMPATH\Common.php(1171): CodeIgniter\View\View->render('/Admin/photoupload/list', [], true)
 5 APPPATH\Controllers\PhotoUpload.php(102): view('/Admin/photoupload/list', [...])
 6 SYSTEMPATH\CodeIgniter.php(933): App\Controllers\Photoupload->list()
 7 SYSTEMPATH\CodeIgniter.php(509): CodeIgniter\CodeIgniter->runController(Object(App\Controllers\Photoupload))
 8 SYSTEMPATH\CodeIgniter.php(355): CodeIgniter\CodeIgniter->handleRequest(null, Object(Config\Cache), false)
 9 SYSTEMPATH\Boot.php(325): CodeIgniter\CodeIgniter->run()
10 SYSTEMPATH\Boot.php(67): CodeIgniter\Boot::runCodeIgniter(Object(CodeIgniter\CodeIgniter))
11 FCPATH\index.php(56): CodeIgniter\Boot::bootWeb(Object(Config\Paths))
WARNING - 2025-03-06 17:42:17 --> [DEPRECATED] strtotime(): Passing null to parameter #1 ($datetime) of type string is deprecated in APPPATH\Views\Admin\PhotoUpload\list.php on line 69.
 1 APPPATH\Views\Admin\PhotoUpload\list.php(69): strtotime(null)
 2 SYSTEMPATH\View\View.php(234): include('C:\\xampp\\htdocs\\Wolfox\\app\\Views\\Admin\\PhotoUpload\\list.php')
 3 SYSTEMPATH\View\View.php(237): CodeIgniter\View\View->CodeIgniter\View\{closure}()
 4 SYSTEMPATH\Common.php(1171): CodeIgniter\View\View->render('/Admin/photoupload/list', [], true)
 5 APPPATH\Controllers\PhotoUpload.php(102): view('/Admin/photoupload/list', [...])
 6 SYSTEMPATH\CodeIgniter.php(933): App\Controllers\Photoupload->list()
 7 SYSTEMPATH\CodeIgniter.php(509): CodeIgniter\CodeIgniter->runController(Object(App\Controllers\Photoupload))
 8 SYSTEMPATH\CodeIgniter.php(355): CodeIgniter\CodeIgniter->handleRequest(null, Object(Config\Cache), false)
 9 SYSTEMPATH\Boot.php(325): CodeIgniter\CodeIgniter->run()
10 SYSTEMPATH\Boot.php(67): CodeIgniter\Boot::runCodeIgniter(Object(CodeIgniter\CodeIgniter))
11 FCPATH\index.php(56): CodeIgniter\Boot::bootWeb(Object(Config\Paths))
WARNING - 2025-03-06 17:42:17 --> [DEPRECATED] strtotime(): Passing null to parameter #1 ($datetime) of type string is deprecated in APPPATH\Views\Admin\PhotoUpload\list.php on line 69.
 1 APPPATH\Views\Admin\PhotoUpload\list.php(69): strtotime(null)
 2 SYSTEMPATH\View\View.php(234): include('C:\\xampp\\htdocs\\Wolfox\\app\\Views\\Admin\\PhotoUpload\\list.php')
 3 SYSTEMPATH\View\View.php(237): CodeIgniter\View\View->CodeIgniter\View\{closure}()
 4 SYSTEMPATH\Common.php(1171): CodeIgniter\View\View->render('/Admin/photoupload/list', [], true)
 5 APPPATH\Controllers\PhotoUpload.php(102): view('/Admin/photoupload/list', [...])
 6 SYSTEMPATH\CodeIgniter.php(933): App\Controllers\Photoupload->list()
 7 SYSTEMPATH\CodeIgniter.php(509): CodeIgniter\CodeIgniter->runController(Object(App\Controllers\Photoupload))
 8 SYSTEMPATH\CodeIgniter.php(355): CodeIgniter\CodeIgniter->handleRequest(null, Object(Config\Cache), false)
 9 SYSTEMPATH\Boot.php(325): CodeIgniter\CodeIgniter->run()
10 SYSTEMPATH\Boot.php(67): CodeIgniter\Boot::runCodeIgniter(Object(CodeIgniter\CodeIgniter))
11 FCPATH\index.php(56): CodeIgniter\Boot::bootWeb(Object(Config\Paths))
WARNING - 2025-03-06 17:42:17 --> [DEPRECATED] strtotime(): Passing null to parameter #1 ($datetime) of type string is deprecated in APPPATH\Views\Admin\PhotoUpload\list.php on line 69.
 1 APPPATH\Views\Admin\PhotoUpload\list.php(69): strtotime(null)
 2 SYSTEMPATH\View\View.php(234): include('C:\\xampp\\htdocs\\Wolfox\\app\\Views\\Admin\\PhotoUpload\\list.php')
 3 SYSTEMPATH\View\View.php(237): CodeIgniter\View\View->CodeIgniter\View\{closure}()
 4 SYSTEMPATH\Common.php(1171): CodeIgniter\View\View->render('/Admin/photoupload/list', [], true)
 5 APPPATH\Controllers\PhotoUpload.php(102): view('/Admin/photoupload/list', [...])
 6 SYSTEMPATH\CodeIgniter.php(933): App\Controllers\Photoupload->list()
 7 SYSTEMPATH\CodeIgniter.php(509): CodeIgniter\CodeIgniter->runController(Object(App\Controllers\Photoupload))
 8 SYSTEMPATH\CodeIgniter.php(355): CodeIgniter\CodeIgniter->handleRequest(null, Object(Config\Cache), false)
 9 SYSTEMPATH\Boot.php(325): CodeIgniter\CodeIgniter->run()
10 SYSTEMPATH\Boot.php(67): CodeIgniter\Boot::runCodeIgniter(Object(CodeIgniter\CodeIgniter))
11 FCPATH\index.php(56): CodeIgniter\Boot::bootWeb(Object(Config\Paths))
INFO - 2025-03-06 17:42:22 --> Session: Class initialized using 'CodeIgniter\Session\Handlers\FileHandler' driver.
WARNING - 2025-03-06 17:42:22 --> [DEPRECATED] strtotime(): Passing null to parameter #1 ($datetime) of type string is deprecated in APPPATH\Views\Admin\Admission\list.php on line 123.
 1 APPPATH\Views\Admin\Admission\list.php(123): strtotime(null)
 2 SYSTEMPATH\View\View.php(234): include('C:\\xampp\\htdocs\\Wolfox\\app\\Views\\Admin\\Admission\\list.php')
 3 SYSTEMPATH\View\View.php(237): CodeIgniter\View\View->CodeIgniter\View\{closure}()
 4 SYSTEMPATH\Common.php(1171): CodeIgniter\View\View->render('/Admin/Admission/list', [], true)
 5 APPPATH\Controllers\AdmissionMaster.php(329): view('/Admin/Admission/list', [...])
 6 SYSTEMPATH\CodeIgniter.php(933): App\Controllers\AdmissionMaster->list()
 7 SYSTEMPATH\CodeIgniter.php(509): CodeIgniter\CodeIgniter->runController(Object(App\Controllers\AdmissionMaster))
 8 SYSTEMPATH\CodeIgniter.php(355): CodeIgniter\CodeIgniter->handleRequest(null, Object(Config\Cache), false)
 9 SYSTEMPATH\Boot.php(325): CodeIgniter\CodeIgniter->run()
10 SYSTEMPATH\Boot.php(67): CodeIgniter\Boot::runCodeIgniter(Object(CodeIgniter\CodeIgniter))
11 FCPATH\index.php(56): CodeIgniter\Boot::bootWeb(Object(Config\Paths))
WARNING - 2025-03-06 17:42:22 --> [DEPRECATED] strtotime(): Passing null to parameter #1 ($datetime) of type string is deprecated in APPPATH\Views\Admin\Admission\list.php on line 260.
 1 APPPATH\Views\Admin\Admission\list.php(260): strtotime(null)
 2 SYSTEMPATH\View\View.php(234): include('C:\\xampp\\htdocs\\Wolfox\\app\\Views\\Admin\\Admission\\list.php')
 3 SYSTEMPATH\View\View.php(237): CodeIgniter\View\View->CodeIgniter\View\{closure}()
 4 SYSTEMPATH\Common.php(1171): CodeIgniter\View\View->render('/Admin/Admission/list', [], true)
 5 APPPATH\Controllers\AdmissionMaster.php(329): view('/Admin/Admission/list', [...])
 6 SYSTEMPATH\CodeIgniter.php(933): App\Controllers\AdmissionMaster->list()
 7 SYSTEMPATH\CodeIgniter.php(509): CodeIgniter\CodeIgniter->runController(Object(App\Controllers\AdmissionMaster))
 8 SYSTEMPATH\CodeIgniter.php(355): CodeIgniter\CodeIgniter->handleRequest(null, Object(Config\Cache), false)
 9 SYSTEMPATH\Boot.php(325): CodeIgniter\CodeIgniter->run()
10 SYSTEMPATH\Boot.php(67): CodeIgniter\Boot::runCodeIgniter(Object(CodeIgniter\CodeIgniter))
11 FCPATH\index.php(56): CodeIgniter\Boot::bootWeb(Object(Config\Paths))
WARNING - 2025-03-06 17:42:22 --> [DEPRECATED] strtotime(): Passing null to parameter #1 ($datetime) of type string is deprecated in APPPATH\Views\Admin\Admission\list.php on line 260.
 1 APPPATH\Views\Admin\Admission\list.php(260): strtotime(null)
 2 SYSTEMPATH\View\View.php(234): include('C:\\xampp\\htdocs\\Wolfox\\app\\Views\\Admin\\Admission\\list.php')
 3 SYSTEMPATH\View\View.php(237): CodeIgniter\View\View->CodeIgniter\View\{closure}()
 4 SYSTEMPATH\Common.php(1171): CodeIgniter\View\View->render('/Admin/Admission/list', [], true)
 5 APPPATH\Controllers\AdmissionMaster.php(329): view('/Admin/Admission/list', [...])
 6 SYSTEMPATH\CodeIgniter.php(933): App\Controllers\AdmissionMaster->list()
 7 SYSTEMPATH\CodeIgniter.php(509): CodeIgniter\CodeIgniter->runController(Object(App\Controllers\AdmissionMaster))
 8 SYSTEMPATH\CodeIgniter.php(355): CodeIgniter\CodeIgniter->handleRequest(null, Object(Config\Cache), false)
 9 SYSTEMPATH\Boot.php(325): CodeIgniter\CodeIgniter->run()
10 SYSTEMPATH\Boot.php(67): CodeIgniter\Boot::runCodeIgniter(Object(CodeIgniter\CodeIgniter))
11 FCPATH\index.php(56): CodeIgniter\Boot::bootWeb(Object(Config\Paths))
INFO - 2025-03-06 17:42:24 --> Session: Class initialized using 'CodeIgniter\Session\Handlers\FileHandler' driver.
INFO - 2025-03-06 17:42:26 --> Session: Class initialized using 'CodeIgniter\Session\Handlers\FileHandler' driver.
WARNING - 2025-03-06 17:42:26 --> [DEPRECATED] strtotime(): Passing null to parameter #1 ($datetime) of type string is deprecated in APPPATH\Views\Admin\Admission\compltedlist.php on line 162.
 1 APPPATH\Views\Admin\Admission\compltedlist.php(162): strtotime(null)
 2 SYSTEMPATH\View\View.php(234): include('C:\\xampp\\htdocs\\Wolfox\\app\\Views\\Admin\\Admission\\compltedlist.php')
 3 SYSTEMPATH\View\View.php(237): CodeIgniter\View\View->CodeIgniter\View\{closure}()
 4 SYSTEMPATH\Common.php(1171): CodeIgniter\View\View->render('/Admin/Admission/compltedlist', [], true)
 5 APPPATH\Controllers\AdmissionMaster.php(963): view('/Admin/Admission/compltedlist', [...])
 6 SYSTEMPATH\CodeIgniter.php(933): App\Controllers\AdmissionMaster->completedlist()
 7 SYSTEMPATH\CodeIgniter.php(509): CodeIgniter\CodeIgniter->runController(Object(App\Controllers\AdmissionMaster))
 8 SYSTEMPATH\CodeIgniter.php(355): CodeIgniter\CodeIgniter->handleRequest(null, Object(Config\Cache), false)
 9 SYSTEMPATH\Boot.php(325): CodeIgniter\CodeIgniter->run()
10 SYSTEMPATH\Boot.php(67): CodeIgniter\Boot::runCodeIgniter(Object(CodeIgniter\CodeIgniter))
11 FCPATH\index.php(56): CodeIgniter\Boot::bootWeb(Object(Config\Paths))
INFO - 2025-03-06 17:42:56 --> Session: Class initialized using 'CodeIgniter\Session\Handlers\FileHandler' driver.
WARNING - 2025-03-06 17:42:56 --> [DEPRECATED] strtotime(): Passing null to parameter #1 ($datetime) of type string is deprecated in APPPATH\Views\Admin\Admission\compltedlist.php on line 162.
 1 APPPATH\Views\Admin\Admission\compltedlist.php(162): strtotime(null)
 2 SYSTEMPATH\View\View.php(234): include('C:\\xampp\\htdocs\\Wolfox\\app\\Views\\Admin\\Admission\\compltedlist.php')
 3 SYSTEMPATH\View\View.php(237): CodeIgniter\View\View->CodeIgniter\View\{closure}()
 4 SYSTEMPATH\Common.php(1171): CodeIgniter\View\View->render('/Admin/Admission/compltedlist', [], true)
 5 APPPATH\Controllers\AdmissionMaster.php(963): view('/Admin/Admission/compltedlist', [...])
 6 SYSTEMPATH\CodeIgniter.php(933): App\Controllers\AdmissionMaster->completedlist()
 7 SYSTEMPATH\CodeIgniter.php(509): CodeIgniter\CodeIgniter->runController(Object(App\Controllers\AdmissionMaster))
 8 SYSTEMPATH\CodeIgniter.php(355): CodeIgniter\CodeIgniter->handleRequest(null, Object(Config\Cache), false)
 9 SYSTEMPATH\Boot.php(325): CodeIgniter\CodeIgniter->run()
10 SYSTEMPATH\Boot.php(67): CodeIgniter\Boot::runCodeIgniter(Object(CodeIgniter\CodeIgniter))
11 FCPATH\index.php(56): CodeIgniter\Boot::bootWeb(Object(Config\Paths))
INFO - 2025-03-06 17:43:00 --> Session: Class initialized using 'CodeIgniter\Session\Handlers\FileHandler' driver.
WARNING - 2025-03-06 17:43:00 --> [DEPRECATED] strtotime(): Passing null to parameter #1 ($datetime) of type string is deprecated in APPPATH\Views\Admin\Admission\searchlist.php on line 162.
 1 APPPATH\Views\Admin\Admission\searchlist.php(162): strtotime(null)
 2 SYSTEMPATH\View\View.php(234): include('C:\\xampp\\htdocs\\Wolfox\\app\\Views\\Admin\\Admission\\searchlist.php')
 3 SYSTEMPATH\View\View.php(237): CodeIgniter\View\View->CodeIgniter\View\{closure}()
 4 SYSTEMPATH\Common.php(1171): CodeIgniter\View\View->render('/Admin/Admission/searchlist', [], true)
 5 APPPATH\Controllers\AdmissionMaster.php(996): view('/Admin/Admission/searchlist', [...])
 6 SYSTEMPATH\CodeIgniter.php(933): App\Controllers\AdmissionMaster->filteryearwise('2024')
 7 SYSTEMPATH\CodeIgniter.php(509): CodeIgniter\CodeIgniter->runController(Object(App\Controllers\AdmissionMaster))
 8 SYSTEMPATH\CodeIgniter.php(355): CodeIgniter\CodeIgniter->handleRequest(null, Object(Config\Cache), false)
 9 SYSTEMPATH\Boot.php(325): CodeIgniter\CodeIgniter->run()
10 SYSTEMPATH\Boot.php(67): CodeIgniter\Boot::runCodeIgniter(Object(CodeIgniter\CodeIgniter))
11 FCPATH\index.php(56): CodeIgniter\Boot::bootWeb(Object(Config\Paths))
INFO - 2025-03-06 17:43:03 --> Session: Class initialized using 'CodeIgniter\Session\Handlers\FileHandler' driver.
INFO - 2025-03-06 17:43:54 --> Session: Class initialized using 'CodeIgniter\Session\Handlers\FileHandler' driver.
INFO - 2025-03-06 17:44:03 --> Session: Class initialized using 'CodeIgniter\Session\Handlers\FileHandler' driver.
INFO - 2025-03-06 17:44:06 --> Session: Class initialized using 'CodeIgniter\Session\Handlers\FileHandler' driver.
INFO - 2025-03-06 17:44:09 --> Session: Class initialized using 'CodeIgniter\Session\Handlers\FileHandler' driver.
INFO - 2025-03-06 17:44:10 --> Session: Class initialized using 'CodeIgniter\Session\Handlers\FileHandler' driver.
INFO - 2025-03-06 17:44:12 --> Session: Class initialized using 'CodeIgniter\Session\Handlers\FileHandler' driver.
INFO - 2025-03-06 17:44:14 --> Session: Class initialized using 'CodeIgniter\Session\Handlers\FileHandler' driver.
INFO - 2025-03-06 17:44:19 --> Session: Class initialized using 'CodeIgniter\Session\Handlers\FileHandler' driver.
INFO - 2025-03-06 17:44:49 --> Session: Class initialized using 'CodeIgniter\Session\Handlers\FileHandler' driver.
INFO - 2025-03-06 17:46:36 --> Session: Class initialized using 'CodeIgniter\Session\Handlers\FileHandler' driver.
WARNING - 2025-03-06 17:46:36 --> [DEPRECATED] strtotime(): Passing null to parameter #1 ($datetime) of type string is deprecated in APPPATH\Views\Admin\PhotoUpload\list.php on line 69.
 1 APPPATH\Views\Admin\PhotoUpload\list.php(69): strtotime(null)
 2 SYSTEMPATH\View\View.php(234): include('C:\\xampp\\htdocs\\Wolfox\\app\\Views\\Admin\\PhotoUpload\\list.php')
 3 SYSTEMPATH\View\View.php(237): CodeIgniter\View\View->CodeIgniter\View\{closure}()
 4 SYSTEMPATH\Common.php(1171): CodeIgniter\View\View->render('/Admin/photoupload/list', [], true)
 5 APPPATH\Controllers\PhotoUpload.php(102): view('/Admin/photoupload/list', [...])
 6 SYSTEMPATH\CodeIgniter.php(933): App\Controllers\Photoupload->list()
 7 SYSTEMPATH\CodeIgniter.php(509): CodeIgniter\CodeIgniter->runController(Object(App\Controllers\Photoupload))
 8 SYSTEMPATH\CodeIgniter.php(355): CodeIgniter\CodeIgniter->handleRequest(null, Object(Config\Cache), false)
 9 SYSTEMPATH\Boot.php(325): CodeIgniter\CodeIgniter->run()
10 SYSTEMPATH\Boot.php(67): CodeIgniter\Boot::runCodeIgniter(Object(CodeIgniter\CodeIgniter))
11 FCPATH\index.php(56): CodeIgniter\Boot::bootWeb(Object(Config\Paths))
WARNING - 2025-03-06 17:46:36 --> [DEPRECATED] strtotime(): Passing null to parameter #1 ($datetime) of type string is deprecated in APPPATH\Views\Admin\PhotoUpload\list.php on line 69.
 1 APPPATH\Views\Admin\PhotoUpload\list.php(69): strtotime(null)
 2 SYSTEMPATH\View\View.php(234): include('C:\\xampp\\htdocs\\Wolfox\\app\\Views\\Admin\\PhotoUpload\\list.php')
 3 SYSTEMPATH\View\View.php(237): CodeIgniter\View\View->CodeIgniter\View\{closure}()
 4 SYSTEMPATH\Common.php(1171): CodeIgniter\View\View->render('/Admin/photoupload/list', [], true)
 5 APPPATH\Controllers\PhotoUpload.php(102): view('/Admin/photoupload/list', [...])
 6 SYSTEMPATH\CodeIgniter.php(933): App\Controllers\Photoupload->list()
 7 SYSTEMPATH\CodeIgniter.php(509): CodeIgniter\CodeIgniter->runController(Object(App\Controllers\Photoupload))
 8 SYSTEMPATH\CodeIgniter.php(355): CodeIgniter\CodeIgniter->handleRequest(null, Object(Config\Cache), false)
 9 SYSTEMPATH\Boot.php(325): CodeIgniter\CodeIgniter->run()
10 SYSTEMPATH\Boot.php(67): CodeIgniter\Boot::runCodeIgniter(Object(CodeIgniter\CodeIgniter))
11 FCPATH\index.php(56): CodeIgniter\Boot::bootWeb(Object(Config\Paths))
WARNING - 2025-03-06 17:46:36 --> [DEPRECATED] strtotime(): Passing null to parameter #1 ($datetime) of type string is deprecated in APPPATH\Views\Admin\PhotoUpload\list.php on line 69.
 1 APPPATH\Views\Admin\PhotoUpload\list.php(69): strtotime(null)
 2 SYSTEMPATH\View\View.php(234): include('C:\\xampp\\htdocs\\Wolfox\\app\\Views\\Admin\\PhotoUpload\\list.php')
 3 SYSTEMPATH\View\View.php(237): CodeIgniter\View\View->CodeIgniter\View\{closure}()
 4 SYSTEMPATH\Common.php(1171): CodeIgniter\View\View->render('/Admin/photoupload/list', [], true)
 5 APPPATH\Controllers\PhotoUpload.php(102): view('/Admin/photoupload/list', [...])
 6 SYSTEMPATH\CodeIgniter.php(933): App\Controllers\Photoupload->list()
 7 SYSTEMPATH\CodeIgniter.php(509): CodeIgniter\CodeIgniter->runController(Object(App\Controllers\Photoupload))
 8 SYSTEMPATH\CodeIgniter.php(355): CodeIgniter\CodeIgniter->handleRequest(null, Object(Config\Cache), false)
 9 SYSTEMPATH\Boot.php(325): CodeIgniter\CodeIgniter->run()
10 SYSTEMPATH\Boot.php(67): CodeIgniter\Boot::runCodeIgniter(Object(CodeIgniter\CodeIgniter))
11 FCPATH\index.php(56): CodeIgniter\Boot::bootWeb(Object(Config\Paths))
WARNING - 2025-03-06 17:46:36 --> [DEPRECATED] strtotime(): Passing null to parameter #1 ($datetime) of type string is deprecated in APPPATH\Views\Admin\PhotoUpload\list.php on line 69.
 1 APPPATH\Views\Admin\PhotoUpload\list.php(69): strtotime(null)
 2 SYSTEMPATH\View\View.php(234): include('C:\\xampp\\htdocs\\Wolfox\\app\\Views\\Admin\\PhotoUpload\\list.php')
 3 SYSTEMPATH\View\View.php(237): CodeIgniter\View\View->CodeIgniter\View\{closure}()
 4 SYSTEMPATH\Common.php(1171): CodeIgniter\View\View->render('/Admin/photoupload/list', [], true)
 5 APPPATH\Controllers\PhotoUpload.php(102): view('/Admin/photoupload/list', [...])
 6 SYSTEMPATH\CodeIgniter.php(933): App\Controllers\Photoupload->list()
 7 SYSTEMPATH\CodeIgniter.php(509): CodeIgniter\CodeIgniter->runController(Object(App\Controllers\Photoupload))
 8 SYSTEMPATH\CodeIgniter.php(355): CodeIgniter\CodeIgniter->handleRequest(null, Object(Config\Cache), false)
 9 SYSTEMPATH\Boot.php(325): CodeIgniter\CodeIgniter->run()
10 SYSTEMPATH\Boot.php(67): CodeIgniter\Boot::runCodeIgniter(Object(CodeIgniter\CodeIgniter))
11 FCPATH\index.php(56): CodeIgniter\Boot::bootWeb(Object(Config\Paths))
WARNING - 2025-03-06 17:46:36 --> [DEPRECATED] strtotime(): Passing null to parameter #1 ($datetime) of type string is deprecated in APPPATH\Views\Admin\PhotoUpload\list.php on line 69.
 1 APPPATH\Views\Admin\PhotoUpload\list.php(69): strtotime(null)
 2 SYSTEMPATH\View\View.php(234): include('C:\\xampp\\htdocs\\Wolfox\\app\\Views\\Admin\\PhotoUpload\\list.php')
 3 SYSTEMPATH\View\View.php(237): CodeIgniter\View\View->CodeIgniter\View\{closure}()
 4 SYSTEMPATH\Common.php(1171): CodeIgniter\View\View->render('/Admin/photoupload/list', [], true)
 5 APPPATH\Controllers\PhotoUpload.php(102): view('/Admin/photoupload/list', [...])
 6 SYSTEMPATH\CodeIgniter.php(933): App\Controllers\Photoupload->list()
 7 SYSTEMPATH\CodeIgniter.php(509): CodeIgniter\CodeIgniter->runController(Object(App\Controllers\Photoupload))
 8 SYSTEMPATH\CodeIgniter.php(355): CodeIgniter\CodeIgniter->handleRequest(null, Object(Config\Cache), false)
 9 SYSTEMPATH\Boot.php(325): CodeIgniter\CodeIgniter->run()
10 SYSTEMPATH\Boot.php(67): CodeIgniter\Boot::runCodeIgniter(Object(CodeIgniter\CodeIgniter))
11 FCPATH\index.php(56): CodeIgniter\Boot::bootWeb(Object(Config\Paths))
WARNING - 2025-03-06 17:46:36 --> [DEPRECATED] strtotime(): Passing null to parameter #1 ($datetime) of type string is deprecated in APPPATH\Views\Admin\PhotoUpload\list.php on line 69.
 1 APPPATH\Views\Admin\PhotoUpload\list.php(69): strtotime(null)
 2 SYSTEMPATH\View\View.php(234): include('C:\\xampp\\htdocs\\Wolfox\\app\\Views\\Admin\\PhotoUpload\\list.php')
 3 SYSTEMPATH\View\View.php(237): CodeIgniter\View\View->CodeIgniter\View\{closure}()
 4 SYSTEMPATH\Common.php(1171): CodeIgniter\View\View->render('/Admin/photoupload/list', [], true)
 5 APPPATH\Controllers\PhotoUpload.php(102): view('/Admin/photoupload/list', [...])
 6 SYSTEMPATH\CodeIgniter.php(933): App\Controllers\Photoupload->list()
 7 SYSTEMPATH\CodeIgniter.php(509): CodeIgniter\CodeIgniter->runController(Object(App\Controllers\Photoupload))
 8 SYSTEMPATH\CodeIgniter.php(355): CodeIgniter\CodeIgniter->handleRequest(null, Object(Config\Cache), false)
 9 SYSTEMPATH\Boot.php(325): CodeIgniter\CodeIgniter->run()
10 SYSTEMPATH\Boot.php(67): CodeIgniter\Boot::runCodeIgniter(Object(CodeIgniter\CodeIgniter))
11 FCPATH\index.php(56): CodeIgniter\Boot::bootWeb(Object(Config\Paths))
WARNING - 2025-03-06 17:46:36 --> [DEPRECATED] strtotime(): Passing null to parameter #1 ($datetime) of type string is deprecated in APPPATH\Views\Admin\PhotoUpload\list.php on line 69.
 1 APPPATH\Views\Admin\PhotoUpload\list.php(69): strtotime(null)
 2 SYSTEMPATH\View\View.php(234): include('C:\\xampp\\htdocs\\Wolfox\\app\\Views\\Admin\\PhotoUpload\\list.php')
 3 SYSTEMPATH\View\View.php(237): CodeIgniter\View\View->CodeIgniter\View\{closure}()
 4 SYSTEMPATH\Common.php(1171): CodeIgniter\View\View->render('/Admin/photoupload/list', [], true)
 5 APPPATH\Controllers\PhotoUpload.php(102): view('/Admin/photoupload/list', [...])
 6 SYSTEMPATH\CodeIgniter.php(933): App\Controllers\Photoupload->list()
 7 SYSTEMPATH\CodeIgniter.php(509): CodeIgniter\CodeIgniter->runController(Object(App\Controllers\Photoupload))
 8 SYSTEMPATH\CodeIgniter.php(355): CodeIgniter\CodeIgniter->handleRequest(null, Object(Config\Cache), false)
 9 SYSTEMPATH\Boot.php(325): CodeIgniter\CodeIgniter->run()
10 SYSTEMPATH\Boot.php(67): CodeIgniter\Boot::runCodeIgniter(Object(CodeIgniter\CodeIgniter))
11 FCPATH\index.php(56): CodeIgniter\Boot::bootWeb(Object(Config\Paths))
WARNING - 2025-03-06 17:46:36 --> [DEPRECATED] strtotime(): Passing null to parameter #1 ($datetime) of type string is deprecated in APPPATH\Views\Admin\PhotoUpload\list.php on line 69.
 1 APPPATH\Views\Admin\PhotoUpload\list.php(69): strtotime(null)
 2 SYSTEMPATH\View\View.php(234): include('C:\\xampp\\htdocs\\Wolfox\\app\\Views\\Admin\\PhotoUpload\\list.php')
 3 SYSTEMPATH\View\View.php(237): CodeIgniter\View\View->CodeIgniter\View\{closure}()
 4 SYSTEMPATH\Common.php(1171): CodeIgniter\View\View->render('/Admin/photoupload/list', [], true)
 5 APPPATH\Controllers\PhotoUpload.php(102): view('/Admin/photoupload/list', [...])
 6 SYSTEMPATH\CodeIgniter.php(933): App\Controllers\Photoupload->list()
 7 SYSTEMPATH\CodeIgniter.php(509): CodeIgniter\CodeIgniter->runController(Object(App\Controllers\Photoupload))
 8 SYSTEMPATH\CodeIgniter.php(355): CodeIgniter\CodeIgniter->handleRequest(null, Object(Config\Cache), false)
 9 SYSTEMPATH\Boot.php(325): CodeIgniter\CodeIgniter->run()
10 SYSTEMPATH\Boot.php(67): CodeIgniter\Boot::runCodeIgniter(Object(CodeIgniter\CodeIgniter))
11 FCPATH\index.php(56): CodeIgniter\Boot::bootWeb(Object(Config\Paths))
WARNING - 2025-03-06 17:46:36 --> [DEPRECATED] strtotime(): Passing null to parameter #1 ($datetime) of type string is deprecated in APPPATH\Views\Admin\PhotoUpload\list.php on line 69.
 1 APPPATH\Views\Admin\PhotoUpload\list.php(69): strtotime(null)
 2 SYSTEMPATH\View\View.php(234): include('C:\\xampp\\htdocs\\Wolfox\\app\\Views\\Admin\\PhotoUpload\\list.php')
 3 SYSTEMPATH\View\View.php(237): CodeIgniter\View\View->CodeIgniter\View\{closure}()
 4 SYSTEMPATH\Common.php(1171): CodeIgniter\View\View->render('/Admin/photoupload/list', [], true)
 5 APPPATH\Controllers\PhotoUpload.php(102): view('/Admin/photoupload/list', [...])
 6 SYSTEMPATH\CodeIgniter.php(933): App\Controllers\Photoupload->list()
 7 SYSTEMPATH\CodeIgniter.php(509): CodeIgniter\CodeIgniter->runController(Object(App\Controllers\Photoupload))
 8 SYSTEMPATH\CodeIgniter.php(355): CodeIgniter\CodeIgniter->handleRequest(null, Object(Config\Cache), false)
 9 SYSTEMPATH\Boot.php(325): CodeIgniter\CodeIgniter->run()
10 SYSTEMPATH\Boot.php(67): CodeIgniter\Boot::runCodeIgniter(Object(CodeIgniter\CodeIgniter))
11 FCPATH\index.php(56): CodeIgniter\Boot::bootWeb(Object(Config\Paths))
WARNING - 2025-03-06 17:46:36 --> [DEPRECATED] strtotime(): Passing null to parameter #1 ($datetime) of type string is deprecated in APPPATH\Views\Admin\PhotoUpload\list.php on line 69.
 1 APPPATH\Views\Admin\PhotoUpload\list.php(69): strtotime(null)
 2 SYSTEMPATH\View\View.php(234): include('C:\\xampp\\htdocs\\Wolfox\\app\\Views\\Admin\\PhotoUpload\\list.php')
 3 SYSTEMPATH\View\View.php(237): CodeIgniter\View\View->CodeIgniter\View\{closure}()
 4 SYSTEMPATH\Common.php(1171): CodeIgniter\View\View->render('/Admin/photoupload/list', [], true)
 5 APPPATH\Controllers\PhotoUpload.php(102): view('/Admin/photoupload/list', [...])
 6 SYSTEMPATH\CodeIgniter.php(933): App\Controllers\Photoupload->list()
 7 SYSTEMPATH\CodeIgniter.php(509): CodeIgniter\CodeIgniter->runController(Object(App\Controllers\Photoupload))
 8 SYSTEMPATH\CodeIgniter.php(355): CodeIgniter\CodeIgniter->handleRequest(null, Object(Config\Cache), false)
 9 SYSTEMPATH\Boot.php(325): CodeIgniter\CodeIgniter->run()
10 SYSTEMPATH\Boot.php(67): CodeIgniter\Boot::runCodeIgniter(Object(CodeIgniter\CodeIgniter))
11 FCPATH\index.php(56): CodeIgniter\Boot::bootWeb(Object(Config\Paths))
INFO - 2025-03-06 17:48:16 --> Session: Class initialized using 'CodeIgniter\Session\Handlers\FileHandler' driver.
WARNING - 2025-03-06 17:48:16 --> [DEPRECATED] strtotime(): Passing null to parameter #1 ($datetime) of type string is deprecated in APPPATH\Views\Admin\PhotoUpload\list.php on line 69.
 1 APPPATH\Views\Admin\PhotoUpload\list.php(69): strtotime(null)
 2 SYSTEMPATH\View\View.php(234): include('C:\\xampp\\htdocs\\Wolfox\\app\\Views\\Admin\\PhotoUpload\\list.php')
 3 SYSTEMPATH\View\View.php(237): CodeIgniter\View\View->CodeIgniter\View\{closure}()
 4 SYSTEMPATH\Common.php(1171): CodeIgniter\View\View->render('/Admin/photoupload/list', [], true)
 5 APPPATH\Controllers\PhotoUpload.php(103): view('/Admin/photoupload/list', [...])
 6 SYSTEMPATH\CodeIgniter.php(933): App\Controllers\Photoupload->list()
 7 SYSTEMPATH\CodeIgniter.php(509): CodeIgniter\CodeIgniter->runController(Object(App\Controllers\Photoupload))
 8 SYSTEMPATH\CodeIgniter.php(355): CodeIgniter\CodeIgniter->handleRequest(null, Object(Config\Cache), false)
 9 SYSTEMPATH\Boot.php(325): CodeIgniter\CodeIgniter->run()
10 SYSTEMPATH\Boot.php(67): CodeIgniter\Boot::runCodeIgniter(Object(CodeIgniter\CodeIgniter))
11 FCPATH\index.php(56): CodeIgniter\Boot::bootWeb(Object(Config\Paths))
WARNING - 2025-03-06 17:48:16 --> [DEPRECATED] strtotime(): Passing null to parameter #1 ($datetime) of type string is deprecated in APPPATH\Views\Admin\PhotoUpload\list.php on line 69.
 1 APPPATH\Views\Admin\PhotoUpload\list.php(69): strtotime(null)
 2 SYSTEMPATH\View\View.php(234): include('C:\\xampp\\htdocs\\Wolfox\\app\\Views\\Admin\\PhotoUpload\\list.php')
 3 SYSTEMPATH\View\View.php(237): CodeIgniter\View\View->CodeIgniter\View\{closure}()
 4 SYSTEMPATH\Common.php(1171): CodeIgniter\View\View->render('/Admin/photoupload/list', [], true)
 5 APPPATH\Controllers\PhotoUpload.php(103): view('/Admin/photoupload/list', [...])
 6 SYSTEMPATH\CodeIgniter.php(933): App\Controllers\Photoupload->list()
 7 SYSTEMPATH\CodeIgniter.php(509): CodeIgniter\CodeIgniter->runController(Object(App\Controllers\Photoupload))
 8 SYSTEMPATH\CodeIgniter.php(355): CodeIgniter\CodeIgniter->handleRequest(null, Object(Config\Cache), false)
 9 SYSTEMPATH\Boot.php(325): CodeIgniter\CodeIgniter->run()
10 SYSTEMPATH\Boot.php(67): CodeIgniter\Boot::runCodeIgniter(Object(CodeIgniter\CodeIgniter))
11 FCPATH\index.php(56): CodeIgniter\Boot::bootWeb(Object(Config\Paths))
WARNING - 2025-03-06 17:48:16 --> [DEPRECATED] strtotime(): Passing null to parameter #1 ($datetime) of type string is deprecated in APPPATH\Views\Admin\PhotoUpload\list.php on line 69.
 1 APPPATH\Views\Admin\PhotoUpload\list.php(69): strtotime(null)
 2 SYSTEMPATH\View\View.php(234): include('C:\\xampp\\htdocs\\Wolfox\\app\\Views\\Admin\\PhotoUpload\\list.php')
 3 SYSTEMPATH\View\View.php(237): CodeIgniter\View\View->CodeIgniter\View\{closure}()
 4 SYSTEMPATH\Common.php(1171): CodeIgniter\View\View->render('/Admin/photoupload/list', [], true)
 5 APPPATH\Controllers\PhotoUpload.php(103): view('/Admin/photoupload/list', [...])
 6 SYSTEMPATH\CodeIgniter.php(933): App\Controllers\Photoupload->list()
 7 SYSTEMPATH\CodeIgniter.php(509): CodeIgniter\CodeIgniter->runController(Object(App\Controllers\Photoupload))
 8 SYSTEMPATH\CodeIgniter.php(355): CodeIgniter\CodeIgniter->handleRequest(null, Object(Config\Cache), false)
 9 SYSTEMPATH\Boot.php(325): CodeIgniter\CodeIgniter->run()
10 SYSTEMPATH\Boot.php(67): CodeIgniter\Boot::runCodeIgniter(Object(CodeIgniter\CodeIgniter))
11 FCPATH\index.php(56): CodeIgniter\Boot::bootWeb(Object(Config\Paths))
WARNING - 2025-03-06 17:48:16 --> [DEPRECATED] strtotime(): Passing null to parameter #1 ($datetime) of type string is deprecated in APPPATH\Views\Admin\PhotoUpload\list.php on line 69.
 1 APPPATH\Views\Admin\PhotoUpload\list.php(69): strtotime(null)
 2 SYSTEMPATH\View\View.php(234): include('C:\\xampp\\htdocs\\Wolfox\\app\\Views\\Admin\\PhotoUpload\\list.php')
 3 SYSTEMPATH\View\View.php(237): CodeIgniter\View\View->CodeIgniter\View\{closure}()
 4 SYSTEMPATH\Common.php(1171): CodeIgniter\View\View->render('/Admin/photoupload/list', [], true)
 5 APPPATH\Controllers\PhotoUpload.php(103): view('/Admin/photoupload/list', [...])
 6 SYSTEMPATH\CodeIgniter.php(933): App\Controllers\Photoupload->list()
 7 SYSTEMPATH\CodeIgniter.php(509): CodeIgniter\CodeIgniter->runController(Object(App\Controllers\Photoupload))
 8 SYSTEMPATH\CodeIgniter.php(355): CodeIgniter\CodeIgniter->handleRequest(null, Object(Config\Cache), false)
 9 SYSTEMPATH\Boot.php(325): CodeIgniter\CodeIgniter->run()
10 SYSTEMPATH\Boot.php(67): CodeIgniter\Boot::runCodeIgniter(Object(CodeIgniter\CodeIgniter))
11 FCPATH\index.php(56): CodeIgniter\Boot::bootWeb(Object(Config\Paths))
WARNING - 2025-03-06 17:48:16 --> [DEPRECATED] strtotime(): Passing null to parameter #1 ($datetime) of type string is deprecated in APPPATH\Views\Admin\PhotoUpload\list.php on line 69.
 1 APPPATH\Views\Admin\PhotoUpload\list.php(69): strtotime(null)
 2 SYSTEMPATH\View\View.php(234): include('C:\\xampp\\htdocs\\Wolfox\\app\\Views\\Admin\\PhotoUpload\\list.php')
 3 SYSTEMPATH\View\View.php(237): CodeIgniter\View\View->CodeIgniter\View\{closure}()
 4 SYSTEMPATH\Common.php(1171): CodeIgniter\View\View->render('/Admin/photoupload/list', [], true)
 5 APPPATH\Controllers\PhotoUpload.php(103): view('/Admin/photoupload/list', [...])
 6 SYSTEMPATH\CodeIgniter.php(933): App\Controllers\Photoupload->list()
 7 SYSTEMPATH\CodeIgniter.php(509): CodeIgniter\CodeIgniter->runController(Object(App\Controllers\Photoupload))
 8 SYSTEMPATH\CodeIgniter.php(355): CodeIgniter\CodeIgniter->handleRequest(null, Object(Config\Cache), false)
 9 SYSTEMPATH\Boot.php(325): CodeIgniter\CodeIgniter->run()
10 SYSTEMPATH\Boot.php(67): CodeIgniter\Boot::runCodeIgniter(Object(CodeIgniter\CodeIgniter))
11 FCPATH\index.php(56): CodeIgniter\Boot::bootWeb(Object(Config\Paths))
WARNING - 2025-03-06 17:48:16 --> [DEPRECATED] strtotime(): Passing null to parameter #1 ($datetime) of type string is deprecated in APPPATH\Views\Admin\PhotoUpload\list.php on line 69.
 1 APPPATH\Views\Admin\PhotoUpload\list.php(69): strtotime(null)
 2 SYSTEMPATH\View\View.php(234): include('C:\\xampp\\htdocs\\Wolfox\\app\\Views\\Admin\\PhotoUpload\\list.php')
 3 SYSTEMPATH\View\View.php(237): CodeIgniter\View\View->CodeIgniter\View\{closure}()
 4 SYSTEMPATH\Common.php(1171): CodeIgniter\View\View->render('/Admin/photoupload/list', [], true)
 5 APPPATH\Controllers\PhotoUpload.php(103): view('/Admin/photoupload/list', [...])
 6 SYSTEMPATH\CodeIgniter.php(933): App\Controllers\Photoupload->list()
 7 SYSTEMPATH\CodeIgniter.php(509): CodeIgniter\CodeIgniter->runController(Object(App\Controllers\Photoupload))
 8 SYSTEMPATH\CodeIgniter.php(355): CodeIgniter\CodeIgniter->handleRequest(null, Object(Config\Cache), false)
 9 SYSTEMPATH\Boot.php(325): CodeIgniter\CodeIgniter->run()
10 SYSTEMPATH\Boot.php(67): CodeIgniter\Boot::runCodeIgniter(Object(CodeIgniter\CodeIgniter))
11 FCPATH\index.php(56): CodeIgniter\Boot::bootWeb(Object(Config\Paths))
WARNING - 2025-03-06 17:48:16 --> [DEPRECATED] strtotime(): Passing null to parameter #1 ($datetime) of type string is deprecated in APPPATH\Views\Admin\PhotoUpload\list.php on line 69.
 1 APPPATH\Views\Admin\PhotoUpload\list.php(69): strtotime(null)
 2 SYSTEMPATH\View\View.php(234): include('C:\\xampp\\htdocs\\Wolfox\\app\\Views\\Admin\\PhotoUpload\\list.php')
 3 SYSTEMPATH\View\View.php(237): CodeIgniter\View\View->CodeIgniter\View\{closure}()
 4 SYSTEMPATH\Common.php(1171): CodeIgniter\View\View->render('/Admin/photoupload/list', [], true)
 5 APPPATH\Controllers\PhotoUpload.php(103): view('/Admin/photoupload/list', [...])
 6 SYSTEMPATH\CodeIgniter.php(933): App\Controllers\Photoupload->list()
 7 SYSTEMPATH\CodeIgniter.php(509): CodeIgniter\CodeIgniter->runController(Object(App\Controllers\Photoupload))
 8 SYSTEMPATH\CodeIgniter.php(355): CodeIgniter\CodeIgniter->handleRequest(null, Object(Config\Cache), false)
 9 SYSTEMPATH\Boot.php(325): CodeIgniter\CodeIgniter->run()
10 SYSTEMPATH\Boot.php(67): CodeIgniter\Boot::runCodeIgniter(Object(CodeIgniter\CodeIgniter))
11 FCPATH\index.php(56): CodeIgniter\Boot::bootWeb(Object(Config\Paths))
WARNING - 2025-03-06 17:48:16 --> [DEPRECATED] strtotime(): Passing null to parameter #1 ($datetime) of type string is deprecated in APPPATH\Views\Admin\PhotoUpload\list.php on line 69.
 1 APPPATH\Views\Admin\PhotoUpload\list.php(69): strtotime(null)
 2 SYSTEMPATH\View\View.php(234): include('C:\\xampp\\htdocs\\Wolfox\\app\\Views\\Admin\\PhotoUpload\\list.php')
 3 SYSTEMPATH\View\View.php(237): CodeIgniter\View\View->CodeIgniter\View\{closure}()
 4 SYSTEMPATH\Common.php(1171): CodeIgniter\View\View->render('/Admin/photoupload/list', [], true)
 5 APPPATH\Controllers\PhotoUpload.php(103): view('/Admin/photoupload/list', [...])
 6 SYSTEMPATH\CodeIgniter.php(933): App\Controllers\Photoupload->list()
 7 SYSTEMPATH\CodeIgniter.php(509): CodeIgniter\CodeIgniter->runController(Object(App\Controllers\Photoupload))
 8 SYSTEMPATH\CodeIgniter.php(355): CodeIgniter\CodeIgniter->handleRequest(null, Object(Config\Cache), false)
 9 SYSTEMPATH\Boot.php(325): CodeIgniter\CodeIgniter->run()
10 SYSTEMPATH\Boot.php(67): CodeIgniter\Boot::runCodeIgniter(Object(CodeIgniter\CodeIgniter))
11 FCPATH\index.php(56): CodeIgniter\Boot::bootWeb(Object(Config\Paths))
WARNING - 2025-03-06 17:48:16 --> [DEPRECATED] strtotime(): Passing null to parameter #1 ($datetime) of type string is deprecated in APPPATH\Views\Admin\PhotoUpload\list.php on line 69.
 1 APPPATH\Views\Admin\PhotoUpload\list.php(69): strtotime(null)
 2 SYSTEMPATH\View\View.php(234): include('C:\\xampp\\htdocs\\Wolfox\\app\\Views\\Admin\\PhotoUpload\\list.php')
 3 SYSTEMPATH\View\View.php(237): CodeIgniter\View\View->CodeIgniter\View\{closure}()
 4 SYSTEMPATH\Common.php(1171): CodeIgniter\View\View->render('/Admin/photoupload/list', [], true)
 5 APPPATH\Controllers\PhotoUpload.php(103): view('/Admin/photoupload/list', [...])
 6 SYSTEMPATH\CodeIgniter.php(933): App\Controllers\Photoupload->list()
 7 SYSTEMPATH\CodeIgniter.php(509): CodeIgniter\CodeIgniter->runController(Object(App\Controllers\Photoupload))
 8 SYSTEMPATH\CodeIgniter.php(355): CodeIgniter\CodeIgniter->handleRequest(null, Object(Config\Cache), false)
 9 SYSTEMPATH\Boot.php(325): CodeIgniter\CodeIgniter->run()
10 SYSTEMPATH\Boot.php(67): CodeIgniter\Boot::runCodeIgniter(Object(CodeIgniter\CodeIgniter))
11 FCPATH\index.php(56): CodeIgniter\Boot::bootWeb(Object(Config\Paths))
WARNING - 2025-03-06 17:48:16 --> [DEPRECATED] strtotime(): Passing null to parameter #1 ($datetime) of type string is deprecated in APPPATH\Views\Admin\PhotoUpload\list.php on line 69.
 1 APPPATH\Views\Admin\PhotoUpload\list.php(69): strtotime(null)
 2 SYSTEMPATH\View\View.php(234): include('C:\\xampp\\htdocs\\Wolfox\\app\\Views\\Admin\\PhotoUpload\\list.php')
 3 SYSTEMPATH\View\View.php(237): CodeIgniter\View\View->CodeIgniter\View\{closure}()
 4 SYSTEMPATH\Common.php(1171): CodeIgniter\View\View->render('/Admin/photoupload/list', [], true)
 5 APPPATH\Controllers\PhotoUpload.php(103): view('/Admin/photoupload/list', [...])
 6 SYSTEMPATH\CodeIgniter.php(933): App\Controllers\Photoupload->list()
 7 SYSTEMPATH\CodeIgniter.php(509): CodeIgniter\CodeIgniter->runController(Object(App\Controllers\Photoupload))
 8 SYSTEMPATH\CodeIgniter.php(355): CodeIgniter\CodeIgniter->handleRequest(null, Object(Config\Cache), false)
 9 SYSTEMPATH\Boot.php(325): CodeIgniter\CodeIgniter->run()
10 SYSTEMPATH\Boot.php(67): CodeIgniter\Boot::runCodeIgniter(Object(CodeIgniter\CodeIgniter))
11 FCPATH\index.php(56): CodeIgniter\Boot::bootWeb(Object(Config\Paths))
INFO - 2025-03-06 17:48:21 --> Session: Class initialized using 'CodeIgniter\Session\Handlers\FileHandler' driver.
INFO - 2025-03-06 17:48:27 --> Session: Class initialized using 'CodeIgniter\Session\Handlers\FileHandler' driver.
INFO - 2025-03-06 17:48:45 --> Session: Class initialized using 'CodeIgniter\Session\Handlers\FileHandler' driver.
INFO - 2025-03-06 17:48:45 --> Session: Class initialized using 'CodeIgniter\Session\Handlers\FileHandler' driver.
WARNING - 2025-03-06 17:48:45 --> [DEPRECATED] strtotime(): Passing null to parameter #1 ($datetime) of type string is deprecated in APPPATH\Views\Admin\PhotoUpload\list.php on line 69.
 1 APPPATH\Views\Admin\PhotoUpload\list.php(69): strtotime(null)
 2 SYSTEMPATH\View\View.php(234): include('C:\\xampp\\htdocs\\Wolfox\\app\\Views\\Admin\\PhotoUpload\\list.php')
 3 SYSTEMPATH\View\View.php(237): CodeIgniter\View\View->CodeIgniter\View\{closure}()
 4 SYSTEMPATH\Common.php(1171): CodeIgniter\View\View->render('/Admin/photoupload/list', [], true)
 5 APPPATH\Controllers\PhotoUpload.php(103): view('/Admin/photoupload/list', [...])
 6 SYSTEMPATH\CodeIgniter.php(933): App\Controllers\Photoupload->list()
 7 SYSTEMPATH\CodeIgniter.php(509): CodeIgniter\CodeIgniter->runController(Object(App\Controllers\Photoupload))
 8 SYSTEMPATH\CodeIgniter.php(355): CodeIgniter\CodeIgniter->handleRequest(null, Object(Config\Cache), false)
 9 SYSTEMPATH\Boot.php(325): CodeIgniter\CodeIgniter->run()
10 SYSTEMPATH\Boot.php(67): CodeIgniter\Boot::runCodeIgniter(Object(CodeIgniter\CodeIgniter))
11 FCPATH\index.php(56): CodeIgniter\Boot::bootWeb(Object(Config\Paths))
WARNING - 2025-03-06 17:48:45 --> [DEPRECATED] strtotime(): Passing null to parameter #1 ($datetime) of type string is deprecated in APPPATH\Views\Admin\PhotoUpload\list.php on line 69.
 1 APPPATH\Views\Admin\PhotoUpload\list.php(69): strtotime(null)
 2 SYSTEMPATH\View\View.php(234): include('C:\\xampp\\htdocs\\Wolfox\\app\\Views\\Admin\\PhotoUpload\\list.php')
 3 SYSTEMPATH\View\View.php(237): CodeIgniter\View\View->CodeIgniter\View\{closure}()
 4 SYSTEMPATH\Common.php(1171): CodeIgniter\View\View->render('/Admin/photoupload/list', [], true)
 5 APPPATH\Controllers\PhotoUpload.php(103): view('/Admin/photoupload/list', [...])
 6 SYSTEMPATH\CodeIgniter.php(933): App\Controllers\Photoupload->list()
 7 SYSTEMPATH\CodeIgniter.php(509): CodeIgniter\CodeIgniter->runController(Object(App\Controllers\Photoupload))
 8 SYSTEMPATH\CodeIgniter.php(355): CodeIgniter\CodeIgniter->handleRequest(null, Object(Config\Cache), false)
 9 SYSTEMPATH\Boot.php(325): CodeIgniter\CodeIgniter->run()
10 SYSTEMPATH\Boot.php(67): CodeIgniter\Boot::runCodeIgniter(Object(CodeIgniter\CodeIgniter))
11 FCPATH\index.php(56): CodeIgniter\Boot::bootWeb(Object(Config\Paths))
WARNING - 2025-03-06 17:48:45 --> [DEPRECATED] strtotime(): Passing null to parameter #1 ($datetime) of type string is deprecated in APPPATH\Views\Admin\PhotoUpload\list.php on line 69.
 1 APPPATH\Views\Admin\PhotoUpload\list.php(69): strtotime(null)
 2 SYSTEMPATH\View\View.php(234): include('C:\\xampp\\htdocs\\Wolfox\\app\\Views\\Admin\\PhotoUpload\\list.php')
 3 SYSTEMPATH\View\View.php(237): CodeIgniter\View\View->CodeIgniter\View\{closure}()
 4 SYSTEMPATH\Common.php(1171): CodeIgniter\View\View->render('/Admin/photoupload/list', [], true)
 5 APPPATH\Controllers\PhotoUpload.php(103): view('/Admin/photoupload/list', [...])
 6 SYSTEMPATH\CodeIgniter.php(933): App\Controllers\Photoupload->list()
 7 SYSTEMPATH\CodeIgniter.php(509): CodeIgniter\CodeIgniter->runController(Object(App\Controllers\Photoupload))
 8 SYSTEMPATH\CodeIgniter.php(355): CodeIgniter\CodeIgniter->handleRequest(null, Object(Config\Cache), false)
 9 SYSTEMPATH\Boot.php(325): CodeIgniter\CodeIgniter->run()
10 SYSTEMPATH\Boot.php(67): CodeIgniter\Boot::runCodeIgniter(Object(CodeIgniter\CodeIgniter))
11 FCPATH\index.php(56): CodeIgniter\Boot::bootWeb(Object(Config\Paths))
WARNING - 2025-03-06 17:48:45 --> [DEPRECATED] strtotime(): Passing null to parameter #1 ($datetime) of type string is deprecated in APPPATH\Views\Admin\PhotoUpload\list.php on line 69.
 1 APPPATH\Views\Admin\PhotoUpload\list.php(69): strtotime(null)
 2 SYSTEMPATH\View\View.php(234): include('C:\\xampp\\htdocs\\Wolfox\\app\\Views\\Admin\\PhotoUpload\\list.php')
 3 SYSTEMPATH\View\View.php(237): CodeIgniter\View\View->CodeIgniter\View\{closure}()
 4 SYSTEMPATH\Common.php(1171): CodeIgniter\View\View->render('/Admin/photoupload/list', [], true)
 5 APPPATH\Controllers\PhotoUpload.php(103): view('/Admin/photoupload/list', [...])
 6 SYSTEMPATH\CodeIgniter.php(933): App\Controllers\Photoupload->list()
 7 SYSTEMPATH\CodeIgniter.php(509): CodeIgniter\CodeIgniter->runController(Object(App\Controllers\Photoupload))
 8 SYSTEMPATH\CodeIgniter.php(355): CodeIgniter\CodeIgniter->handleRequest(null, Object(Config\Cache), false)
 9 SYSTEMPATH\Boot.php(325): CodeIgniter\CodeIgniter->run()
10 SYSTEMPATH\Boot.php(67): CodeIgniter\Boot::runCodeIgniter(Object(CodeIgniter\CodeIgniter))
11 FCPATH\index.php(56): CodeIgniter\Boot::bootWeb(Object(Config\Paths))
WARNING - 2025-03-06 17:48:45 --> [DEPRECATED] strtotime(): Passing null to parameter #1 ($datetime) of type string is deprecated in APPPATH\Views\Admin\PhotoUpload\list.php on line 69.
 1 APPPATH\Views\Admin\PhotoUpload\list.php(69): strtotime(null)
 2 SYSTEMPATH\View\View.php(234): include('C:\\xampp\\htdocs\\Wolfox\\app\\Views\\Admin\\PhotoUpload\\list.php')
 3 SYSTEMPATH\View\View.php(237): CodeIgniter\View\View->CodeIgniter\View\{closure}()
 4 SYSTEMPATH\Common.php(1171): CodeIgniter\View\View->render('/Admin/photoupload/list', [], true)
 5 APPPATH\Controllers\PhotoUpload.php(103): view('/Admin/photoupload/list', [...])
 6 SYSTEMPATH\CodeIgniter.php(933): App\Controllers\Photoupload->list()
 7 SYSTEMPATH\CodeIgniter.php(509): CodeIgniter\CodeIgniter->runController(Object(App\Controllers\Photoupload))
 8 SYSTEMPATH\CodeIgniter.php(355): CodeIgniter\CodeIgniter->handleRequest(null, Object(Config\Cache), false)
 9 SYSTEMPATH\Boot.php(325): CodeIgniter\CodeIgniter->run()
10 SYSTEMPATH\Boot.php(67): CodeIgniter\Boot::runCodeIgniter(Object(CodeIgniter\CodeIgniter))
11 FCPATH\index.php(56): CodeIgniter\Boot::bootWeb(Object(Config\Paths))
WARNING - 2025-03-06 17:48:45 --> [DEPRECATED] strtotime(): Passing null to parameter #1 ($datetime) of type string is deprecated in APPPATH\Views\Admin\PhotoUpload\list.php on line 69.
 1 APPPATH\Views\Admin\PhotoUpload\list.php(69): strtotime(null)
 2 SYSTEMPATH\View\View.php(234): include('C:\\xampp\\htdocs\\Wolfox\\app\\Views\\Admin\\PhotoUpload\\list.php')
 3 SYSTEMPATH\View\View.php(237): CodeIgniter\View\View->CodeIgniter\View\{closure}()
 4 SYSTEMPATH\Common.php(1171): CodeIgniter\View\View->render('/Admin/photoupload/list', [], true)
 5 APPPATH\Controllers\PhotoUpload.php(103): view('/Admin/photoupload/list', [...])
 6 SYSTEMPATH\CodeIgniter.php(933): App\Controllers\Photoupload->list()
 7 SYSTEMPATH\CodeIgniter.php(509): CodeIgniter\CodeIgniter->runController(Object(App\Controllers\Photoupload))
 8 SYSTEMPATH\CodeIgniter.php(355): CodeIgniter\CodeIgniter->handleRequest(null, Object(Config\Cache), false)
 9 SYSTEMPATH\Boot.php(325): CodeIgniter\CodeIgniter->run()
10 SYSTEMPATH\Boot.php(67): CodeIgniter\Boot::runCodeIgniter(Object(CodeIgniter\CodeIgniter))
11 FCPATH\index.php(56): CodeIgniter\Boot::bootWeb(Object(Config\Paths))
WARNING - 2025-03-06 17:48:45 --> [DEPRECATED] strtotime(): Passing null to parameter #1 ($datetime) of type string is deprecated in APPPATH\Views\Admin\PhotoUpload\list.php on line 69.
 1 APPPATH\Views\Admin\PhotoUpload\list.php(69): strtotime(null)
 2 SYSTEMPATH\View\View.php(234): include('C:\\xampp\\htdocs\\Wolfox\\app\\Views\\Admin\\PhotoUpload\\list.php')
 3 SYSTEMPATH\View\View.php(237): CodeIgniter\View\View->CodeIgniter\View\{closure}()
 4 SYSTEMPATH\Common.php(1171): CodeIgniter\View\View->render('/Admin/photoupload/list', [], true)
 5 APPPATH\Controllers\PhotoUpload.php(103): view('/Admin/photoupload/list', [...])
 6 SYSTEMPATH\CodeIgniter.php(933): App\Controllers\Photoupload->list()
 7 SYSTEMPATH\CodeIgniter.php(509): CodeIgniter\CodeIgniter->runController(Object(App\Controllers\Photoupload))
 8 SYSTEMPATH\CodeIgniter.php(355): CodeIgniter\CodeIgniter->handleRequest(null, Object(Config\Cache), false)
 9 SYSTEMPATH\Boot.php(325): CodeIgniter\CodeIgniter->run()
10 SYSTEMPATH\Boot.php(67): CodeIgniter\Boot::runCodeIgniter(Object(CodeIgniter\CodeIgniter))
11 FCPATH\index.php(56): CodeIgniter\Boot::bootWeb(Object(Config\Paths))
WARNING - 2025-03-06 17:48:45 --> [DEPRECATED] strtotime(): Passing null to parameter #1 ($datetime) of type string is deprecated in APPPATH\Views\Admin\PhotoUpload\list.php on line 69.
 1 APPPATH\Views\Admin\PhotoUpload\list.php(69): strtotime(null)
 2 SYSTEMPATH\View\View.php(234): include('C:\\xampp\\htdocs\\Wolfox\\app\\Views\\Admin\\PhotoUpload\\list.php')
 3 SYSTEMPATH\View\View.php(237): CodeIgniter\View\View->CodeIgniter\View\{closure}()
 4 SYSTEMPATH\Common.php(1171): CodeIgniter\View\View->render('/Admin/photoupload/list', [], true)
 5 APPPATH\Controllers\PhotoUpload.php(103): view('/Admin/photoupload/list', [...])
 6 SYSTEMPATH\CodeIgniter.php(933): App\Controllers\Photoupload->list()
 7 SYSTEMPATH\CodeIgniter.php(509): CodeIgniter\CodeIgniter->runController(Object(App\Controllers\Photoupload))
 8 SYSTEMPATH\CodeIgniter.php(355): CodeIgniter\CodeIgniter->handleRequest(null, Object(Config\Cache), false)
 9 SYSTEMPATH\Boot.php(325): CodeIgniter\CodeIgniter->run()
10 SYSTEMPATH\Boot.php(67): CodeIgniter\Boot::runCodeIgniter(Object(CodeIgniter\CodeIgniter))
11 FCPATH\index.php(56): CodeIgniter\Boot::bootWeb(Object(Config\Paths))
WARNING - 2025-03-06 17:48:45 --> [DEPRECATED] strtotime(): Passing null to parameter #1 ($datetime) of type string is deprecated in APPPATH\Views\Admin\PhotoUpload\list.php on line 69.
 1 APPPATH\Views\Admin\PhotoUpload\list.php(69): strtotime(null)
 2 SYSTEMPATH\View\View.php(234): include('C:\\xampp\\htdocs\\Wolfox\\app\\Views\\Admin\\PhotoUpload\\list.php')
 3 SYSTEMPATH\View\View.php(237): CodeIgniter\View\View->CodeIgniter\View\{closure}()
 4 SYSTEMPATH\Common.php(1171): CodeIgniter\View\View->render('/Admin/photoupload/list', [], true)
 5 APPPATH\Controllers\PhotoUpload.php(103): view('/Admin/photoupload/list', [...])
 6 SYSTEMPATH\CodeIgniter.php(933): App\Controllers\Photoupload->list()
 7 SYSTEMPATH\CodeIgniter.php(509): CodeIgniter\CodeIgniter->runController(Object(App\Controllers\Photoupload))
 8 SYSTEMPATH\CodeIgniter.php(355): CodeIgniter\CodeIgniter->handleRequest(null, Object(Config\Cache), false)
 9 SYSTEMPATH\Boot.php(325): CodeIgniter\CodeIgniter->run()
10 SYSTEMPATH\Boot.php(67): CodeIgniter\Boot::runCodeIgniter(Object(CodeIgniter\CodeIgniter))
11 FCPATH\index.php(56): CodeIgniter\Boot::bootWeb(Object(Config\Paths))
WARNING - 2025-03-06 17:48:45 --> [DEPRECATED] strtotime(): Passing null to parameter #1 ($datetime) of type string is deprecated in APPPATH\Views\Admin\PhotoUpload\list.php on line 69.
 1 APPPATH\Views\Admin\PhotoUpload\list.php(69): strtotime(null)
 2 SYSTEMPATH\View\View.php(234): include('C:\\xampp\\htdocs\\Wolfox\\app\\Views\\Admin\\PhotoUpload\\list.php')
 3 SYSTEMPATH\View\View.php(237): CodeIgniter\View\View->CodeIgniter\View\{closure}()
 4 SYSTEMPATH\Common.php(1171): CodeIgniter\View\View->render('/Admin/photoupload/list', [], true)
 5 APPPATH\Controllers\PhotoUpload.php(103): view('/Admin/photoupload/list', [...])
 6 SYSTEMPATH\CodeIgniter.php(933): App\Controllers\Photoupload->list()
 7 SYSTEMPATH\CodeIgniter.php(509): CodeIgniter\CodeIgniter->runController(Object(App\Controllers\Photoupload))
 8 SYSTEMPATH\CodeIgniter.php(355): CodeIgniter\CodeIgniter->handleRequest(null, Object(Config\Cache), false)
 9 SYSTEMPATH\Boot.php(325): CodeIgniter\CodeIgniter->run()
10 SYSTEMPATH\Boot.php(67): CodeIgniter\Boot::runCodeIgniter(Object(CodeIgniter\CodeIgniter))
11 FCPATH\index.php(56): CodeIgniter\Boot::bootWeb(Object(Config\Paths))
INFO - 2025-03-06 17:48:54 --> Session: Class initialized using 'CodeIgniter\Session\Handlers\FileHandler' driver.
WARNING - 2025-03-06 17:48:54 --> [DEPRECATED] strtotime(): Passing null to parameter #1 ($datetime) of type string is deprecated in APPPATH\Views\Admin\PhotoUpload\list.php on line 69.
 1 APPPATH\Views\Admin\PhotoUpload\list.php(69): strtotime(null)
 2 SYSTEMPATH\View\View.php(234): include('C:\\xampp\\htdocs\\Wolfox\\app\\Views\\Admin\\PhotoUpload\\list.php')
 3 SYSTEMPATH\View\View.php(237): CodeIgniter\View\View->CodeIgniter\View\{closure}()
 4 SYSTEMPATH\Common.php(1171): CodeIgniter\View\View->render('/Admin/photoupload/list', [], true)
 5 APPPATH\Controllers\PhotoUpload.php(103): view('/Admin/photoupload/list', [...])
 6 SYSTEMPATH\CodeIgniter.php(933): App\Controllers\Photoupload->list()
 7 SYSTEMPATH\CodeIgniter.php(509): CodeIgniter\CodeIgniter->runController(Object(App\Controllers\Photoupload))
 8 SYSTEMPATH\CodeIgniter.php(355): CodeIgniter\CodeIgniter->handleRequest(null, Object(Config\Cache), false)
 9 SYSTEMPATH\Boot.php(325): CodeIgniter\CodeIgniter->run()
10 SYSTEMPATH\Boot.php(67): CodeIgniter\Boot::runCodeIgniter(Object(CodeIgniter\CodeIgniter))
11 FCPATH\index.php(56): CodeIgniter\Boot::bootWeb(Object(Config\Paths))
WARNING - 2025-03-06 17:48:54 --> [DEPRECATED] strtotime(): Passing null to parameter #1 ($datetime) of type string is deprecated in APPPATH\Views\Admin\PhotoUpload\list.php on line 69.
 1 APPPATH\Views\Admin\PhotoUpload\list.php(69): strtotime(null)
 2 SYSTEMPATH\View\View.php(234): include('C:\\xampp\\htdocs\\Wolfox\\app\\Views\\Admin\\PhotoUpload\\list.php')
 3 SYSTEMPATH\View\View.php(237): CodeIgniter\View\View->CodeIgniter\View\{closure}()
 4 SYSTEMPATH\Common.php(1171): CodeIgniter\View\View->render('/Admin/photoupload/list', [], true)
 5 APPPATH\Controllers\PhotoUpload.php(103): view('/Admin/photoupload/list', [...])
 6 SYSTEMPATH\CodeIgniter.php(933): App\Controllers\Photoupload->list()
 7 SYSTEMPATH\CodeIgniter.php(509): CodeIgniter\CodeIgniter->runController(Object(App\Controllers\Photoupload))
 8 SYSTEMPATH\CodeIgniter.php(355): CodeIgniter\CodeIgniter->handleRequest(null, Object(Config\Cache), false)
 9 SYSTEMPATH\Boot.php(325): CodeIgniter\CodeIgniter->run()
10 SYSTEMPATH\Boot.php(67): CodeIgniter\Boot::runCodeIgniter(Object(CodeIgniter\CodeIgniter))
11 FCPATH\index.php(56): CodeIgniter\Boot::bootWeb(Object(Config\Paths))
WARNING - 2025-03-06 17:48:54 --> [DEPRECATED] strtotime(): Passing null to parameter #1 ($datetime) of type string is deprecated in APPPATH\Views\Admin\PhotoUpload\list.php on line 69.
 1 APPPATH\Views\Admin\PhotoUpload\list.php(69): strtotime(null)
 2 SYSTEMPATH\View\View.php(234): include('C:\\xampp\\htdocs\\Wolfox\\app\\Views\\Admin\\PhotoUpload\\list.php')
 3 SYSTEMPATH\View\View.php(237): CodeIgniter\View\View->CodeIgniter\View\{closure}()
 4 SYSTEMPATH\Common.php(1171): CodeIgniter\View\View->render('/Admin/photoupload/list', [], true)
 5 APPPATH\Controllers\PhotoUpload.php(103): view('/Admin/photoupload/list', [...])
 6 SYSTEMPATH\CodeIgniter.php(933): App\Controllers\Photoupload->list()
 7 SYSTEMPATH\CodeIgniter.php(509): CodeIgniter\CodeIgniter->runController(Object(App\Controllers\Photoupload))
 8 SYSTEMPATH\CodeIgniter.php(355): CodeIgniter\CodeIgniter->handleRequest(null, Object(Config\Cache), false)
 9 SYSTEMPATH\Boot.php(325): CodeIgniter\CodeIgniter->run()
10 SYSTEMPATH\Boot.php(67): CodeIgniter\Boot::runCodeIgniter(Object(CodeIgniter\CodeIgniter))
11 FCPATH\index.php(56): CodeIgniter\Boot::bootWeb(Object(Config\Paths))
WARNING - 2025-03-06 17:48:54 --> [DEPRECATED] strtotime(): Passing null to parameter #1 ($datetime) of type string is deprecated in APPPATH\Views\Admin\PhotoUpload\list.php on line 69.
 1 APPPATH\Views\Admin\PhotoUpload\list.php(69): strtotime(null)
 2 SYSTEMPATH\View\View.php(234): include('C:\\xampp\\htdocs\\Wolfox\\app\\Views\\Admin\\PhotoUpload\\list.php')
 3 SYSTEMPATH\View\View.php(237): CodeIgniter\View\View->CodeIgniter\View\{closure}()
 4 SYSTEMPATH\Common.php(1171): CodeIgniter\View\View->render('/Admin/photoupload/list', [], true)
 5 APPPATH\Controllers\PhotoUpload.php(103): view('/Admin/photoupload/list', [...])
 6 SYSTEMPATH\CodeIgniter.php(933): App\Controllers\Photoupload->list()
 7 SYSTEMPATH\CodeIgniter.php(509): CodeIgniter\CodeIgniter->runController(Object(App\Controllers\Photoupload))
 8 SYSTEMPATH\CodeIgniter.php(355): CodeIgniter\CodeIgniter->handleRequest(null, Object(Config\Cache), false)
 9 SYSTEMPATH\Boot.php(325): CodeIgniter\CodeIgniter->run()
10 SYSTEMPATH\Boot.php(67): CodeIgniter\Boot::runCodeIgniter(Object(CodeIgniter\CodeIgniter))
11 FCPATH\index.php(56): CodeIgniter\Boot::bootWeb(Object(Config\Paths))
WARNING - 2025-03-06 17:48:54 --> [DEPRECATED] strtotime(): Passing null to parameter #1 ($datetime) of type string is deprecated in APPPATH\Views\Admin\PhotoUpload\list.php on line 69.
 1 APPPATH\Views\Admin\PhotoUpload\list.php(69): strtotime(null)
 2 SYSTEMPATH\View\View.php(234): include('C:\\xampp\\htdocs\\Wolfox\\app\\Views\\Admin\\PhotoUpload\\list.php')
 3 SYSTEMPATH\View\View.php(237): CodeIgniter\View\View->CodeIgniter\View\{closure}()
 4 SYSTEMPATH\Common.php(1171): CodeIgniter\View\View->render('/Admin/photoupload/list', [], true)
 5 APPPATH\Controllers\PhotoUpload.php(103): view('/Admin/photoupload/list', [...])
 6 SYSTEMPATH\CodeIgniter.php(933): App\Controllers\Photoupload->list()
 7 SYSTEMPATH\CodeIgniter.php(509): CodeIgniter\CodeIgniter->runController(Object(App\Controllers\Photoupload))
 8 SYSTEMPATH\CodeIgniter.php(355): CodeIgniter\CodeIgniter->handleRequest(null, Object(Config\Cache), false)
 9 SYSTEMPATH\Boot.php(325): CodeIgniter\CodeIgniter->run()
10 SYSTEMPATH\Boot.php(67): CodeIgniter\Boot::runCodeIgniter(Object(CodeIgniter\CodeIgniter))
11 FCPATH\index.php(56): CodeIgniter\Boot::bootWeb(Object(Config\Paths))
WARNING - 2025-03-06 17:48:54 --> [DEPRECATED] strtotime(): Passing null to parameter #1 ($datetime) of type string is deprecated in APPPATH\Views\Admin\PhotoUpload\list.php on line 69.
 1 APPPATH\Views\Admin\PhotoUpload\list.php(69): strtotime(null)
 2 SYSTEMPATH\View\View.php(234): include('C:\\xampp\\htdocs\\Wolfox\\app\\Views\\Admin\\PhotoUpload\\list.php')
 3 SYSTEMPATH\View\View.php(237): CodeIgniter\View\View->CodeIgniter\View\{closure}()
 4 SYSTEMPATH\Common.php(1171): CodeIgniter\View\View->render('/Admin/photoupload/list', [], true)
 5 APPPATH\Controllers\PhotoUpload.php(103): view('/Admin/photoupload/list', [...])
 6 SYSTEMPATH\CodeIgniter.php(933): App\Controllers\Photoupload->list()
 7 SYSTEMPATH\CodeIgniter.php(509): CodeIgniter\CodeIgniter->runController(Object(App\Controllers\Photoupload))
 8 SYSTEMPATH\CodeIgniter.php(355): CodeIgniter\CodeIgniter->handleRequest(null, Object(Config\Cache), false)
 9 SYSTEMPATH\Boot.php(325): CodeIgniter\CodeIgniter->run()
10 SYSTEMPATH\Boot.php(67): CodeIgniter\Boot::runCodeIgniter(Object(CodeIgniter\CodeIgniter))
11 FCPATH\index.php(56): CodeIgniter\Boot::bootWeb(Object(Config\Paths))
WARNING - 2025-03-06 17:48:54 --> [DEPRECATED] strtotime(): Passing null to parameter #1 ($datetime) of type string is deprecated in APPPATH\Views\Admin\PhotoUpload\list.php on line 69.
 1 APPPATH\Views\Admin\PhotoUpload\list.php(69): strtotime(null)
 2 SYSTEMPATH\View\View.php(234): include('C:\\xampp\\htdocs\\Wolfox\\app\\Views\\Admin\\PhotoUpload\\list.php')
 3 SYSTEMPATH\View\View.php(237): CodeIgniter\View\View->CodeIgniter\View\{closure}()
 4 SYSTEMPATH\Common.php(1171): CodeIgniter\View\View->render('/Admin/photoupload/list', [], true)
 5 APPPATH\Controllers\PhotoUpload.php(103): view('/Admin/photoupload/list', [...])
 6 SYSTEMPATH\CodeIgniter.php(933): App\Controllers\Photoupload->list()
 7 SYSTEMPATH\CodeIgniter.php(509): CodeIgniter\CodeIgniter->runController(Object(App\Controllers\Photoupload))
 8 SYSTEMPATH\CodeIgniter.php(355): CodeIgniter\CodeIgniter->handleRequest(null, Object(Config\Cache), false)
 9 SYSTEMPATH\Boot.php(325): CodeIgniter\CodeIgniter->run()
10 SYSTEMPATH\Boot.php(67): CodeIgniter\Boot::runCodeIgniter(Object(CodeIgniter\CodeIgniter))
11 FCPATH\index.php(56): CodeIgniter\Boot::bootWeb(Object(Config\Paths))
WARNING - 2025-03-06 17:48:54 --> [DEPRECATED] strtotime(): Passing null to parameter #1 ($datetime) of type string is deprecated in APPPATH\Views\Admin\PhotoUpload\list.php on line 69.
 1 APPPATH\Views\Admin\PhotoUpload\list.php(69): strtotime(null)
 2 SYSTEMPATH\View\View.php(234): include('C:\\xampp\\htdocs\\Wolfox\\app\\Views\\Admin\\PhotoUpload\\list.php')
 3 SYSTEMPATH\View\View.php(237): CodeIgniter\View\View->CodeIgniter\View\{closure}()
 4 SYSTEMPATH\Common.php(1171): CodeIgniter\View\View->render('/Admin/photoupload/list', [], true)
 5 APPPATH\Controllers\PhotoUpload.php(103): view('/Admin/photoupload/list', [...])
 6 SYSTEMPATH\CodeIgniter.php(933): App\Controllers\Photoupload->list()
 7 SYSTEMPATH\CodeIgniter.php(509): CodeIgniter\CodeIgniter->runController(Object(App\Controllers\Photoupload))
 8 SYSTEMPATH\CodeIgniter.php(355): CodeIgniter\CodeIgniter->handleRequest(null, Object(Config\Cache), false)
 9 SYSTEMPATH\Boot.php(325): CodeIgniter\CodeIgniter->run()
10 SYSTEMPATH\Boot.php(67): CodeIgniter\Boot::runCodeIgniter(Object(CodeIgniter\CodeIgniter))
11 FCPATH\index.php(56): CodeIgniter\Boot::bootWeb(Object(Config\Paths))
WARNING - 2025-03-06 17:48:54 --> [DEPRECATED] strtotime(): Passing null to parameter #1 ($datetime) of type string is deprecated in APPPATH\Views\Admin\PhotoUpload\list.php on line 69.
 1 APPPATH\Views\Admin\PhotoUpload\list.php(69): strtotime(null)
 2 SYSTEMPATH\View\View.php(234): include('C:\\xampp\\htdocs\\Wolfox\\app\\Views\\Admin\\PhotoUpload\\list.php')
 3 SYSTEMPATH\View\View.php(237): CodeIgniter\View\View->CodeIgniter\View\{closure}()
 4 SYSTEMPATH\Common.php(1171): CodeIgniter\View\View->render('/Admin/photoupload/list', [], true)
 5 APPPATH\Controllers\PhotoUpload.php(103): view('/Admin/photoupload/list', [...])
 6 SYSTEMPATH\CodeIgniter.php(933): App\Controllers\Photoupload->list()
 7 SYSTEMPATH\CodeIgniter.php(509): CodeIgniter\CodeIgniter->runController(Object(App\Controllers\Photoupload))
 8 SYSTEMPATH\CodeIgniter.php(355): CodeIgniter\CodeIgniter->handleRequest(null, Object(Config\Cache), false)
 9 SYSTEMPATH\Boot.php(325): CodeIgniter\CodeIgniter->run()
10 SYSTEMPATH\Boot.php(67): CodeIgniter\Boot::runCodeIgniter(Object(CodeIgniter\CodeIgniter))
11 FCPATH\index.php(56): CodeIgniter\Boot::bootWeb(Object(Config\Paths))
WARNING - 2025-03-06 17:48:54 --> [DEPRECATED] strtotime(): Passing null to parameter #1 ($datetime) of type string is deprecated in APPPATH\Views\Admin\PhotoUpload\list.php on line 69.
 1 APPPATH\Views\Admin\PhotoUpload\list.php(69): strtotime(null)
 2 SYSTEMPATH\View\View.php(234): include('C:\\xampp\\htdocs\\Wolfox\\app\\Views\\Admin\\PhotoUpload\\list.php')
 3 SYSTEMPATH\View\View.php(237): CodeIgniter\View\View->CodeIgniter\View\{closure}()
 4 SYSTEMPATH\Common.php(1171): CodeIgniter\View\View->render('/Admin/photoupload/list', [], true)
 5 APPPATH\Controllers\PhotoUpload.php(103): view('/Admin/photoupload/list', [...])
 6 SYSTEMPATH\CodeIgniter.php(933): App\Controllers\Photoupload->list()
 7 SYSTEMPATH\CodeIgniter.php(509): CodeIgniter\CodeIgniter->runController(Object(App\Controllers\Photoupload))
 8 SYSTEMPATH\CodeIgniter.php(355): CodeIgniter\CodeIgniter->handleRequest(null, Object(Config\Cache), false)
 9 SYSTEMPATH\Boot.php(325): CodeIgniter\CodeIgniter->run()
10 SYSTEMPATH\Boot.php(67): CodeIgniter\Boot::runCodeIgniter(Object(CodeIgniter\CodeIgniter))
11 FCPATH\index.php(56): CodeIgniter\Boot::bootWeb(Object(Config\Paths))
INFO - 2025-03-06 17:49:08 --> Session: Class initialized using 'CodeIgniter\Session\Handlers\FileHandler' driver.
INFO - 2025-03-06 17:49:51 --> Session: Class initialized using 'CodeIgniter\Session\Handlers\FileHandler' driver.
WARNING - 2025-03-06 17:49:51 --> [DEPRECATED] strtotime(): Passing null to parameter #1 ($datetime) of type string is deprecated in APPPATH\Views\Admin\PhotoUpload\list.php on line 69.
 1 APPPATH\Views\Admin\PhotoUpload\list.php(69): strtotime(null)
 2 SYSTEMPATH\View\View.php(234): include('C:\\xampp\\htdocs\\Wolfox\\app\\Views\\Admin\\PhotoUpload\\list.php')
 3 SYSTEMPATH\View\View.php(237): CodeIgniter\View\View->CodeIgniter\View\{closure}()
 4 SYSTEMPATH\Common.php(1171): CodeIgniter\View\View->render('/Admin/photoupload/list', [], true)
 5 APPPATH\Controllers\PhotoUpload.php(103): view('/Admin/photoupload/list', [...])
 6 SYSTEMPATH\CodeIgniter.php(933): App\Controllers\Photoupload->list()
 7 SYSTEMPATH\CodeIgniter.php(509): CodeIgniter\CodeIgniter->runController(Object(App\Controllers\Photoupload))
 8 SYSTEMPATH\CodeIgniter.php(355): CodeIgniter\CodeIgniter->handleRequest(null, Object(Config\Cache), false)
 9 SYSTEMPATH\Boot.php(325): CodeIgniter\CodeIgniter->run()
10 SYSTEMPATH\Boot.php(67): CodeIgniter\Boot::runCodeIgniter(Object(CodeIgniter\CodeIgniter))
11 FCPATH\index.php(56): CodeIgniter\Boot::bootWeb(Object(Config\Paths))
WARNING - 2025-03-06 17:49:51 --> [DEPRECATED] strtotime(): Passing null to parameter #1 ($datetime) of type string is deprecated in APPPATH\Views\Admin\PhotoUpload\list.php on line 69.
 1 APPPATH\Views\Admin\PhotoUpload\list.php(69): strtotime(null)
 2 SYSTEMPATH\View\View.php(234): include('C:\\xampp\\htdocs\\Wolfox\\app\\Views\\Admin\\PhotoUpload\\list.php')
 3 SYSTEMPATH\View\View.php(237): CodeIgniter\View\View->CodeIgniter\View\{closure}()
 4 SYSTEMPATH\Common.php(1171): CodeIgniter\View\View->render('/Admin/photoupload/list', [], true)
 5 APPPATH\Controllers\PhotoUpload.php(103): view('/Admin/photoupload/list', [...])
 6 SYSTEMPATH\CodeIgniter.php(933): App\Controllers\Photoupload->list()
 7 SYSTEMPATH\CodeIgniter.php(509): CodeIgniter\CodeIgniter->runController(Object(App\Controllers\Photoupload))
 8 SYSTEMPATH\CodeIgniter.php(355): CodeIgniter\CodeIgniter->handleRequest(null, Object(Config\Cache), false)
 9 SYSTEMPATH\Boot.php(325): CodeIgniter\CodeIgniter->run()
10 SYSTEMPATH\Boot.php(67): CodeIgniter\Boot::runCodeIgniter(Object(CodeIgniter\CodeIgniter))
11 FCPATH\index.php(56): CodeIgniter\Boot::bootWeb(Object(Config\Paths))
WARNING - 2025-03-06 17:49:51 --> [DEPRECATED] strtotime(): Passing null to parameter #1 ($datetime) of type string is deprecated in APPPATH\Views\Admin\PhotoUpload\list.php on line 69.
 1 APPPATH\Views\Admin\PhotoUpload\list.php(69): strtotime(null)
 2 SYSTEMPATH\View\View.php(234): include('C:\\xampp\\htdocs\\Wolfox\\app\\Views\\Admin\\PhotoUpload\\list.php')
 3 SYSTEMPATH\View\View.php(237): CodeIgniter\View\View->CodeIgniter\View\{closure}()
 4 SYSTEMPATH\Common.php(1171): CodeIgniter\View\View->render('/Admin/photoupload/list', [], true)
 5 APPPATH\Controllers\PhotoUpload.php(103): view('/Admin/photoupload/list', [...])
 6 SYSTEMPATH\CodeIgniter.php(933): App\Controllers\Photoupload->list()
 7 SYSTEMPATH\CodeIgniter.php(509): CodeIgniter\CodeIgniter->runController(Object(App\Controllers\Photoupload))
 8 SYSTEMPATH\CodeIgniter.php(355): CodeIgniter\CodeIgniter->handleRequest(null, Object(Config\Cache), false)
 9 SYSTEMPATH\Boot.php(325): CodeIgniter\CodeIgniter->run()
10 SYSTEMPATH\Boot.php(67): CodeIgniter\Boot::runCodeIgniter(Object(CodeIgniter\CodeIgniter))
11 FCPATH\index.php(56): CodeIgniter\Boot::bootWeb(Object(Config\Paths))
WARNING - 2025-03-06 17:49:51 --> [DEPRECATED] strtotime(): Passing null to parameter #1 ($datetime) of type string is deprecated in APPPATH\Views\Admin\PhotoUpload\list.php on line 69.
 1 APPPATH\Views\Admin\PhotoUpload\list.php(69): strtotime(null)
 2 SYSTEMPATH\View\View.php(234): include('C:\\xampp\\htdocs\\Wolfox\\app\\Views\\Admin\\PhotoUpload\\list.php')
 3 SYSTEMPATH\View\View.php(237): CodeIgniter\View\View->CodeIgniter\View\{closure}()
 4 SYSTEMPATH\Common.php(1171): CodeIgniter\View\View->render('/Admin/photoupload/list', [], true)
 5 APPPATH\Controllers\PhotoUpload.php(103): view('/Admin/photoupload/list', [...])
 6 SYSTEMPATH\CodeIgniter.php(933): App\Controllers\Photoupload->list()
 7 SYSTEMPATH\CodeIgniter.php(509): CodeIgniter\CodeIgniter->runController(Object(App\Controllers\Photoupload))
 8 SYSTEMPATH\CodeIgniter.php(355): CodeIgniter\CodeIgniter->handleRequest(null, Object(Config\Cache), false)
 9 SYSTEMPATH\Boot.php(325): CodeIgniter\CodeIgniter->run()
10 SYSTEMPATH\Boot.php(67): CodeIgniter\Boot::runCodeIgniter(Object(CodeIgniter\CodeIgniter))
11 FCPATH\index.php(56): CodeIgniter\Boot::bootWeb(Object(Config\Paths))
WARNING - 2025-03-06 17:49:51 --> [DEPRECATED] strtotime(): Passing null to parameter #1 ($datetime) of type string is deprecated in APPPATH\Views\Admin\PhotoUpload\list.php on line 69.
 1 APPPATH\Views\Admin\PhotoUpload\list.php(69): strtotime(null)
 2 SYSTEMPATH\View\View.php(234): include('C:\\xampp\\htdocs\\Wolfox\\app\\Views\\Admin\\PhotoUpload\\list.php')
 3 SYSTEMPATH\View\View.php(237): CodeIgniter\View\View->CodeIgniter\View\{closure}()
 4 SYSTEMPATH\Common.php(1171): CodeIgniter\View\View->render('/Admin/photoupload/list', [], true)
 5 APPPATH\Controllers\PhotoUpload.php(103): view('/Admin/photoupload/list', [...])
 6 SYSTEMPATH\CodeIgniter.php(933): App\Controllers\Photoupload->list()
 7 SYSTEMPATH\CodeIgniter.php(509): CodeIgniter\CodeIgniter->runController(Object(App\Controllers\Photoupload))
 8 SYSTEMPATH\CodeIgniter.php(355): CodeIgniter\CodeIgniter->handleRequest(null, Object(Config\Cache), false)
 9 SYSTEMPATH\Boot.php(325): CodeIgniter\CodeIgniter->run()
10 SYSTEMPATH\Boot.php(67): CodeIgniter\Boot::runCodeIgniter(Object(CodeIgniter\CodeIgniter))
11 FCPATH\index.php(56): CodeIgniter\Boot::bootWeb(Object(Config\Paths))
WARNING - 2025-03-06 17:49:51 --> [DEPRECATED] strtotime(): Passing null to parameter #1 ($datetime) of type string is deprecated in APPPATH\Views\Admin\PhotoUpload\list.php on line 69.
 1 APPPATH\Views\Admin\PhotoUpload\list.php(69): strtotime(null)
 2 SYSTEMPATH\View\View.php(234): include('C:\\xampp\\htdocs\\Wolfox\\app\\Views\\Admin\\PhotoUpload\\list.php')
 3 SYSTEMPATH\View\View.php(237): CodeIgniter\View\View->CodeIgniter\View\{closure}()
 4 SYSTEMPATH\Common.php(1171): CodeIgniter\View\View->render('/Admin/photoupload/list', [], true)
 5 APPPATH\Controllers\PhotoUpload.php(103): view('/Admin/photoupload/list', [...])
 6 SYSTEMPATH\CodeIgniter.php(933): App\Controllers\Photoupload->list()
 7 SYSTEMPATH\CodeIgniter.php(509): CodeIgniter\CodeIgniter->runController(Object(App\Controllers\Photoupload))
 8 SYSTEMPATH\CodeIgniter.php(355): CodeIgniter\CodeIgniter->handleRequest(null, Object(Config\Cache), false)
 9 SYSTEMPATH\Boot.php(325): CodeIgniter\CodeIgniter->run()
10 SYSTEMPATH\Boot.php(67): CodeIgniter\Boot::runCodeIgniter(Object(CodeIgniter\CodeIgniter))
11 FCPATH\index.php(56): CodeIgniter\Boot::bootWeb(Object(Config\Paths))
WARNING - 2025-03-06 17:49:51 --> [DEPRECATED] strtotime(): Passing null to parameter #1 ($datetime) of type string is deprecated in APPPATH\Views\Admin\PhotoUpload\list.php on line 69.
 1 APPPATH\Views\Admin\PhotoUpload\list.php(69): strtotime(null)
 2 SYSTEMPATH\View\View.php(234): include('C:\\xampp\\htdocs\\Wolfox\\app\\Views\\Admin\\PhotoUpload\\list.php')
 3 SYSTEMPATH\View\View.php(237): CodeIgniter\View\View->CodeIgniter\View\{closure}()
 4 SYSTEMPATH\Common.php(1171): CodeIgniter\View\View->render('/Admin/photoupload/list', [], true)
 5 APPPATH\Controllers\PhotoUpload.php(103): view('/Admin/photoupload/list', [...])
 6 SYSTEMPATH\CodeIgniter.php(933): App\Controllers\Photoupload->list()
 7 SYSTEMPATH\CodeIgniter.php(509): CodeIgniter\CodeIgniter->runController(Object(App\Controllers\Photoupload))
 8 SYSTEMPATH\CodeIgniter.php(355): CodeIgniter\CodeIgniter->handleRequest(null, Object(Config\Cache), false)
 9 SYSTEMPATH\Boot.php(325): CodeIgniter\CodeIgniter->run()
10 SYSTEMPATH\Boot.php(67): CodeIgniter\Boot::runCodeIgniter(Object(CodeIgniter\CodeIgniter))
11 FCPATH\index.php(56): CodeIgniter\Boot::bootWeb(Object(Config\Paths))
WARNING - 2025-03-06 17:49:51 --> [DEPRECATED] strtotime(): Passing null to parameter #1 ($datetime) of type string is deprecated in APPPATH\Views\Admin\PhotoUpload\list.php on line 69.
 1 APPPATH\Views\Admin\PhotoUpload\list.php(69): strtotime(null)
 2 SYSTEMPATH\View\View.php(234): include('C:\\xampp\\htdocs\\Wolfox\\app\\Views\\Admin\\PhotoUpload\\list.php')
 3 SYSTEMPATH\View\View.php(237): CodeIgniter\View\View->CodeIgniter\View\{closure}()
 4 SYSTEMPATH\Common.php(1171): CodeIgniter\View\View->render('/Admin/photoupload/list', [], true)
 5 APPPATH\Controllers\PhotoUpload.php(103): view('/Admin/photoupload/list', [...])
 6 SYSTEMPATH\CodeIgniter.php(933): App\Controllers\Photoupload->list()
 7 SYSTEMPATH\CodeIgniter.php(509): CodeIgniter\CodeIgniter->runController(Object(App\Controllers\Photoupload))
 8 SYSTEMPATH\CodeIgniter.php(355): CodeIgniter\CodeIgniter->handleRequest(null, Object(Config\Cache), false)
 9 SYSTEMPATH\Boot.php(325): CodeIgniter\CodeIgniter->run()
10 SYSTEMPATH\Boot.php(67): CodeIgniter\Boot::runCodeIgniter(Object(CodeIgniter\CodeIgniter))
11 FCPATH\index.php(56): CodeIgniter\Boot::bootWeb(Object(Config\Paths))
WARNING - 2025-03-06 17:49:51 --> [DEPRECATED] strtotime(): Passing null to parameter #1 ($datetime) of type string is deprecated in APPPATH\Views\Admin\PhotoUpload\list.php on line 69.
 1 APPPATH\Views\Admin\PhotoUpload\list.php(69): strtotime(null)
 2 SYSTEMPATH\View\View.php(234): include('C:\\xampp\\htdocs\\Wolfox\\app\\Views\\Admin\\PhotoUpload\\list.php')
 3 SYSTEMPATH\View\View.php(237): CodeIgniter\View\View->CodeIgniter\View\{closure}()
 4 SYSTEMPATH\Common.php(1171): CodeIgniter\View\View->render('/Admin/photoupload/list', [], true)
 5 APPPATH\Controllers\PhotoUpload.php(103): view('/Admin/photoupload/list', [...])
 6 SYSTEMPATH\CodeIgniter.php(933): App\Controllers\Photoupload->list()
 7 SYSTEMPATH\CodeIgniter.php(509): CodeIgniter\CodeIgniter->runController(Object(App\Controllers\Photoupload))
 8 SYSTEMPATH\CodeIgniter.php(355): CodeIgniter\CodeIgniter->handleRequest(null, Object(Config\Cache), false)
 9 SYSTEMPATH\Boot.php(325): CodeIgniter\CodeIgniter->run()
10 SYSTEMPATH\Boot.php(67): CodeIgniter\Boot::runCodeIgniter(Object(CodeIgniter\CodeIgniter))
11 FCPATH\index.php(56): CodeIgniter\Boot::bootWeb(Object(Config\Paths))
WARNING - 2025-03-06 17:49:51 --> [DEPRECATED] strtotime(): Passing null to parameter #1 ($datetime) of type string is deprecated in APPPATH\Views\Admin\PhotoUpload\list.php on line 69.
 1 APPPATH\Views\Admin\PhotoUpload\list.php(69): strtotime(null)
 2 SYSTEMPATH\View\View.php(234): include('C:\\xampp\\htdocs\\Wolfox\\app\\Views\\Admin\\PhotoUpload\\list.php')
 3 SYSTEMPATH\View\View.php(237): CodeIgniter\View\View->CodeIgniter\View\{closure}()
 4 SYSTEMPATH\Common.php(1171): CodeIgniter\View\View->render('/Admin/photoupload/list', [], true)
 5 APPPATH\Controllers\PhotoUpload.php(103): view('/Admin/photoupload/list', [...])
 6 SYSTEMPATH\CodeIgniter.php(933): App\Controllers\Photoupload->list()
 7 SYSTEMPATH\CodeIgniter.php(509): CodeIgniter\CodeIgniter->runController(Object(App\Controllers\Photoupload))
 8 SYSTEMPATH\CodeIgniter.php(355): CodeIgniter\CodeIgniter->handleRequest(null, Object(Config\Cache), false)
 9 SYSTEMPATH\Boot.php(325): CodeIgniter\CodeIgniter->run()
10 SYSTEMPATH\Boot.php(67): CodeIgniter\Boot::runCodeIgniter(Object(CodeIgniter\CodeIgniter))
11 FCPATH\index.php(56): CodeIgniter\Boot::bootWeb(Object(Config\Paths))
INFO - 2025-03-06 17:49:58 --> Session: Class initialized using 'CodeIgniter\Session\Handlers\FileHandler' driver.
INFO - 2025-03-06 17:50:07 --> Session: Class initialized using 'CodeIgniter\Session\Handlers\FileHandler' driver.
INFO - 2025-03-06 17:50:39 --> Session: Class initialized using 'CodeIgniter\Session\Handlers\FileHandler' driver.
INFO - 2025-03-06 17:50:39 --> Session: Class initialized using 'CodeIgniter\Session\Handlers\FileHandler' driver.
WARNING - 2025-03-06 17:50:39 --> [DEPRECATED] strtotime(): Passing null to parameter #1 ($datetime) of type string is deprecated in APPPATH\Views\Admin\PhotoUpload\list.php on line 69.
 1 APPPATH\Views\Admin\PhotoUpload\list.php(69): strtotime(null)
 2 SYSTEMPATH\View\View.php(234): include('C:\\xampp\\htdocs\\Wolfox\\app\\Views\\Admin\\PhotoUpload\\list.php')
 3 SYSTEMPATH\View\View.php(237): CodeIgniter\View\View->CodeIgniter\View\{closure}()
 4 SYSTEMPATH\Common.php(1171): CodeIgniter\View\View->render('/Admin/photoupload/list', [], true)
 5 APPPATH\Controllers\PhotoUpload.php(103): view('/Admin/photoupload/list', [...])
 6 SYSTEMPATH\CodeIgniter.php(933): App\Controllers\Photoupload->list()
 7 SYSTEMPATH\CodeIgniter.php(509): CodeIgniter\CodeIgniter->runController(Object(App\Controllers\Photoupload))
 8 SYSTEMPATH\CodeIgniter.php(355): CodeIgniter\CodeIgniter->handleRequest(null, Object(Config\Cache), false)
 9 SYSTEMPATH\Boot.php(325): CodeIgniter\CodeIgniter->run()
10 SYSTEMPATH\Boot.php(67): CodeIgniter\Boot::runCodeIgniter(Object(CodeIgniter\CodeIgniter))
11 FCPATH\index.php(56): CodeIgniter\Boot::bootWeb(Object(Config\Paths))
WARNING - 2025-03-06 17:50:39 --> [DEPRECATED] strtotime(): Passing null to parameter #1 ($datetime) of type string is deprecated in APPPATH\Views\Admin\PhotoUpload\list.php on line 69.
 1 APPPATH\Views\Admin\PhotoUpload\list.php(69): strtotime(null)
 2 SYSTEMPATH\View\View.php(234): include('C:\\xampp\\htdocs\\Wolfox\\app\\Views\\Admin\\PhotoUpload\\list.php')
 3 SYSTEMPATH\View\View.php(237): CodeIgniter\View\View->CodeIgniter\View\{closure}()
 4 SYSTEMPATH\Common.php(1171): CodeIgniter\View\View->render('/Admin/photoupload/list', [], true)
 5 APPPATH\Controllers\PhotoUpload.php(103): view('/Admin/photoupload/list', [...])
 6 SYSTEMPATH\CodeIgniter.php(933): App\Controllers\Photoupload->list()
 7 SYSTEMPATH\CodeIgniter.php(509): CodeIgniter\CodeIgniter->runController(Object(App\Controllers\Photoupload))
 8 SYSTEMPATH\CodeIgniter.php(355): CodeIgniter\CodeIgniter->handleRequest(null, Object(Config\Cache), false)
 9 SYSTEMPATH\Boot.php(325): CodeIgniter\CodeIgniter->run()
10 SYSTEMPATH\Boot.php(67): CodeIgniter\Boot::runCodeIgniter(Object(CodeIgniter\CodeIgniter))
11 FCPATH\index.php(56): CodeIgniter\Boot::bootWeb(Object(Config\Paths))
WARNING - 2025-03-06 17:50:39 --> [DEPRECATED] strtotime(): Passing null to parameter #1 ($datetime) of type string is deprecated in APPPATH\Views\Admin\PhotoUpload\list.php on line 69.
 1 APPPATH\Views\Admin\PhotoUpload\list.php(69): strtotime(null)
 2 SYSTEMPATH\View\View.php(234): include('C:\\xampp\\htdocs\\Wolfox\\app\\Views\\Admin\\PhotoUpload\\list.php')
 3 SYSTEMPATH\View\View.php(237): CodeIgniter\View\View->CodeIgniter\View\{closure}()
 4 SYSTEMPATH\Common.php(1171): CodeIgniter\View\View->render('/Admin/photoupload/list', [], true)
 5 APPPATH\Controllers\PhotoUpload.php(103): view('/Admin/photoupload/list', [...])
 6 SYSTEMPATH\CodeIgniter.php(933): App\Controllers\Photoupload->list()
 7 SYSTEMPATH\CodeIgniter.php(509): CodeIgniter\CodeIgniter->runController(Object(App\Controllers\Photoupload))
 8 SYSTEMPATH\CodeIgniter.php(355): CodeIgniter\CodeIgniter->handleRequest(null, Object(Config\Cache), false)
 9 SYSTEMPATH\Boot.php(325): CodeIgniter\CodeIgniter->run()
10 SYSTEMPATH\Boot.php(67): CodeIgniter\Boot::runCodeIgniter(Object(CodeIgniter\CodeIgniter))
11 FCPATH\index.php(56): CodeIgniter\Boot::bootWeb(Object(Config\Paths))
WARNING - 2025-03-06 17:50:39 --> [DEPRECATED] strtotime(): Passing null to parameter #1 ($datetime) of type string is deprecated in APPPATH\Views\Admin\PhotoUpload\list.php on line 69.
 1 APPPATH\Views\Admin\PhotoUpload\list.php(69): strtotime(null)
 2 SYSTEMPATH\View\View.php(234): include('C:\\xampp\\htdocs\\Wolfox\\app\\Views\\Admin\\PhotoUpload\\list.php')
 3 SYSTEMPATH\View\View.php(237): CodeIgniter\View\View->CodeIgniter\View\{closure}()
 4 SYSTEMPATH\Common.php(1171): CodeIgniter\View\View->render('/Admin/photoupload/list', [], true)
 5 APPPATH\Controllers\PhotoUpload.php(103): view('/Admin/photoupload/list', [...])
 6 SYSTEMPATH\CodeIgniter.php(933): App\Controllers\Photoupload->list()
 7 SYSTEMPATH\CodeIgniter.php(509): CodeIgniter\CodeIgniter->runController(Object(App\Controllers\Photoupload))
 8 SYSTEMPATH\CodeIgniter.php(355): CodeIgniter\CodeIgniter->handleRequest(null, Object(Config\Cache), false)
 9 SYSTEMPATH\Boot.php(325): CodeIgniter\CodeIgniter->run()
10 SYSTEMPATH\Boot.php(67): CodeIgniter\Boot::runCodeIgniter(Object(CodeIgniter\CodeIgniter))
11 FCPATH\index.php(56): CodeIgniter\Boot::bootWeb(Object(Config\Paths))
WARNING - 2025-03-06 17:50:39 --> [DEPRECATED] strtotime(): Passing null to parameter #1 ($datetime) of type string is deprecated in APPPATH\Views\Admin\PhotoUpload\list.php on line 69.
 1 APPPATH\Views\Admin\PhotoUpload\list.php(69): strtotime(null)
 2 SYSTEMPATH\View\View.php(234): include('C:\\xampp\\htdocs\\Wolfox\\app\\Views\\Admin\\PhotoUpload\\list.php')
 3 SYSTEMPATH\View\View.php(237): CodeIgniter\View\View->CodeIgniter\View\{closure}()
 4 SYSTEMPATH\Common.php(1171): CodeIgniter\View\View->render('/Admin/photoupload/list', [], true)
 5 APPPATH\Controllers\PhotoUpload.php(103): view('/Admin/photoupload/list', [...])
 6 SYSTEMPATH\CodeIgniter.php(933): App\Controllers\Photoupload->list()
 7 SYSTEMPATH\CodeIgniter.php(509): CodeIgniter\CodeIgniter->runController(Object(App\Controllers\Photoupload))
 8 SYSTEMPATH\CodeIgniter.php(355): CodeIgniter\CodeIgniter->handleRequest(null, Object(Config\Cache), false)
 9 SYSTEMPATH\Boot.php(325): CodeIgniter\CodeIgniter->run()
10 SYSTEMPATH\Boot.php(67): CodeIgniter\Boot::runCodeIgniter(Object(CodeIgniter\CodeIgniter))
11 FCPATH\index.php(56): CodeIgniter\Boot::bootWeb(Object(Config\Paths))
WARNING - 2025-03-06 17:50:39 --> [DEPRECATED] strtotime(): Passing null to parameter #1 ($datetime) of type string is deprecated in APPPATH\Views\Admin\PhotoUpload\list.php on line 69.
 1 APPPATH\Views\Admin\PhotoUpload\list.php(69): strtotime(null)
 2 SYSTEMPATH\View\View.php(234): include('C:\\xampp\\htdocs\\Wolfox\\app\\Views\\Admin\\PhotoUpload\\list.php')
 3 SYSTEMPATH\View\View.php(237): CodeIgniter\View\View->CodeIgniter\View\{closure}()
 4 SYSTEMPATH\Common.php(1171): CodeIgniter\View\View->render('/Admin/photoupload/list', [], true)
 5 APPPATH\Controllers\PhotoUpload.php(103): view('/Admin/photoupload/list', [...])
 6 SYSTEMPATH\CodeIgniter.php(933): App\Controllers\Photoupload->list()
 7 SYSTEMPATH\CodeIgniter.php(509): CodeIgniter\CodeIgniter->runController(Object(App\Controllers\Photoupload))
 8 SYSTEMPATH\CodeIgniter.php(355): CodeIgniter\CodeIgniter->handleRequest(null, Object(Config\Cache), false)
 9 SYSTEMPATH\Boot.php(325): CodeIgniter\CodeIgniter->run()
10 SYSTEMPATH\Boot.php(67): CodeIgniter\Boot::runCodeIgniter(Object(CodeIgniter\CodeIgniter))
11 FCPATH\index.php(56): CodeIgniter\Boot::bootWeb(Object(Config\Paths))
WARNING - 2025-03-06 17:50:39 --> [DEPRECATED] strtotime(): Passing null to parameter #1 ($datetime) of type string is deprecated in APPPATH\Views\Admin\PhotoUpload\list.php on line 69.
 1 APPPATH\Views\Admin\PhotoUpload\list.php(69): strtotime(null)
 2 SYSTEMPATH\View\View.php(234): include('C:\\xampp\\htdocs\\Wolfox\\app\\Views\\Admin\\PhotoUpload\\list.php')
 3 SYSTEMPATH\View\View.php(237): CodeIgniter\View\View->CodeIgniter\View\{closure}()
 4 SYSTEMPATH\Common.php(1171): CodeIgniter\View\View->render('/Admin/photoupload/list', [], true)
 5 APPPATH\Controllers\PhotoUpload.php(103): view('/Admin/photoupload/list', [...])
 6 SYSTEMPATH\CodeIgniter.php(933): App\Controllers\Photoupload->list()
 7 SYSTEMPATH\CodeIgniter.php(509): CodeIgniter\CodeIgniter->runController(Object(App\Controllers\Photoupload))
 8 SYSTEMPATH\CodeIgniter.php(355): CodeIgniter\CodeIgniter->handleRequest(null, Object(Config\Cache), false)
 9 SYSTEMPATH\Boot.php(325): CodeIgniter\CodeIgniter->run()
10 SYSTEMPATH\Boot.php(67): CodeIgniter\Boot::runCodeIgniter(Object(CodeIgniter\CodeIgniter))
11 FCPATH\index.php(56): CodeIgniter\Boot::bootWeb(Object(Config\Paths))
WARNING - 2025-03-06 17:50:39 --> [DEPRECATED] strtotime(): Passing null to parameter #1 ($datetime) of type string is deprecated in APPPATH\Views\Admin\PhotoUpload\list.php on line 69.
 1 APPPATH\Views\Admin\PhotoUpload\list.php(69): strtotime(null)
 2 SYSTEMPATH\View\View.php(234): include('C:\\xampp\\htdocs\\Wolfox\\app\\Views\\Admin\\PhotoUpload\\list.php')
 3 SYSTEMPATH\View\View.php(237): CodeIgniter\View\View->CodeIgniter\View\{closure}()
 4 SYSTEMPATH\Common.php(1171): CodeIgniter\View\View->render('/Admin/photoupload/list', [], true)
 5 APPPATH\Controllers\PhotoUpload.php(103): view('/Admin/photoupload/list', [...])
 6 SYSTEMPATH\CodeIgniter.php(933): App\Controllers\Photoupload->list()
 7 SYSTEMPATH\CodeIgniter.php(509): CodeIgniter\CodeIgniter->runController(Object(App\Controllers\Photoupload))
 8 SYSTEMPATH\CodeIgniter.php(355): CodeIgniter\CodeIgniter->handleRequest(null, Object(Config\Cache), false)
 9 SYSTEMPATH\Boot.php(325): CodeIgniter\CodeIgniter->run()
10 SYSTEMPATH\Boot.php(67): CodeIgniter\Boot::runCodeIgniter(Object(CodeIgniter\CodeIgniter))
11 FCPATH\index.php(56): CodeIgniter\Boot::bootWeb(Object(Config\Paths))
WARNING - 2025-03-06 17:50:39 --> [DEPRECATED] strtotime(): Passing null to parameter #1 ($datetime) of type string is deprecated in APPPATH\Views\Admin\PhotoUpload\list.php on line 69.
 1 APPPATH\Views\Admin\PhotoUpload\list.php(69): strtotime(null)
 2 SYSTEMPATH\View\View.php(234): include('C:\\xampp\\htdocs\\Wolfox\\app\\Views\\Admin\\PhotoUpload\\list.php')
 3 SYSTEMPATH\View\View.php(237): CodeIgniter\View\View->CodeIgniter\View\{closure}()
 4 SYSTEMPATH\Common.php(1171): CodeIgniter\View\View->render('/Admin/photoupload/list', [], true)
 5 APPPATH\Controllers\PhotoUpload.php(103): view('/Admin/photoupload/list', [...])
 6 SYSTEMPATH\CodeIgniter.php(933): App\Controllers\Photoupload->list()
 7 SYSTEMPATH\CodeIgniter.php(509): CodeIgniter\CodeIgniter->runController(Object(App\Controllers\Photoupload))
 8 SYSTEMPATH\CodeIgniter.php(355): CodeIgniter\CodeIgniter->handleRequest(null, Object(Config\Cache), false)
 9 SYSTEMPATH\Boot.php(325): CodeIgniter\CodeIgniter->run()
10 SYSTEMPATH\Boot.php(67): CodeIgniter\Boot::runCodeIgniter(Object(CodeIgniter\CodeIgniter))
11 FCPATH\index.php(56): CodeIgniter\Boot::bootWeb(Object(Config\Paths))
WARNING - 2025-03-06 17:50:39 --> [DEPRECATED] strtotime(): Passing null to parameter #1 ($datetime) of type string is deprecated in APPPATH\Views\Admin\PhotoUpload\list.php on line 69.
 1 APPPATH\Views\Admin\PhotoUpload\list.php(69): strtotime(null)
 2 SYSTEMPATH\View\View.php(234): include('C:\\xampp\\htdocs\\Wolfox\\app\\Views\\Admin\\PhotoUpload\\list.php')
 3 SYSTEMPATH\View\View.php(237): CodeIgniter\View\View->CodeIgniter\View\{closure}()
 4 SYSTEMPATH\Common.php(1171): CodeIgniter\View\View->render('/Admin/photoupload/list', [], true)
 5 APPPATH\Controllers\PhotoUpload.php(103): view('/Admin/photoupload/list', [...])
 6 SYSTEMPATH\CodeIgniter.php(933): App\Controllers\Photoupload->list()
 7 SYSTEMPATH\CodeIgniter.php(509): CodeIgniter\CodeIgniter->runController(Object(App\Controllers\Photoupload))
 8 SYSTEMPATH\CodeIgniter.php(355): CodeIgniter\CodeIgniter->handleRequest(null, Object(Config\Cache), false)
 9 SYSTEMPATH\Boot.php(325): CodeIgniter\CodeIgniter->run()
10 SYSTEMPATH\Boot.php(67): CodeIgniter\Boot::runCodeIgniter(Object(CodeIgniter\CodeIgniter))
11 FCPATH\index.php(56): CodeIgniter\Boot::bootWeb(Object(Config\Paths))
INFO - 2025-03-06 17:50:46 --> Session: Class initialized using 'CodeIgniter\Session\Handlers\FileHandler' driver.
INFO - 2025-03-06 17:50:51 --> Session: Class initialized using 'CodeIgniter\Session\Handlers\FileHandler' driver.
INFO - 2025-03-06 17:51:10 --> Session: Class initialized using 'CodeIgniter\Session\Handlers\FileHandler' driver.
INFO - 2025-03-06 17:51:10 --> Session: Class initialized using 'CodeIgniter\Session\Handlers\FileHandler' driver.
WARNING - 2025-03-06 17:51:10 --> [DEPRECATED] strtotime(): Passing null to parameter #1 ($datetime) of type string is deprecated in APPPATH\Views\Admin\PhotoUpload\list.php on line 69.
 1 APPPATH\Views\Admin\PhotoUpload\list.php(69): strtotime(null)
 2 SYSTEMPATH\View\View.php(234): include('C:\\xampp\\htdocs\\Wolfox\\app\\Views\\Admin\\PhotoUpload\\list.php')
 3 SYSTEMPATH\View\View.php(237): CodeIgniter\View\View->CodeIgniter\View\{closure}()
 4 SYSTEMPATH\Common.php(1171): CodeIgniter\View\View->render('/Admin/photoupload/list', [], true)
 5 APPPATH\Controllers\PhotoUpload.php(103): view('/Admin/photoupload/list', [...])
 6 SYSTEMPATH\CodeIgniter.php(933): App\Controllers\Photoupload->list()
 7 SYSTEMPATH\CodeIgniter.php(509): CodeIgniter\CodeIgniter->runController(Object(App\Controllers\Photoupload))
 8 SYSTEMPATH\CodeIgniter.php(355): CodeIgniter\CodeIgniter->handleRequest(null, Object(Config\Cache), false)
 9 SYSTEMPATH\Boot.php(325): CodeIgniter\CodeIgniter->run()
10 SYSTEMPATH\Boot.php(67): CodeIgniter\Boot::runCodeIgniter(Object(CodeIgniter\CodeIgniter))
11 FCPATH\index.php(56): CodeIgniter\Boot::bootWeb(Object(Config\Paths))
WARNING - 2025-03-06 17:51:10 --> [DEPRECATED] strtotime(): Passing null to parameter #1 ($datetime) of type string is deprecated in APPPATH\Views\Admin\PhotoUpload\list.php on line 69.
 1 APPPATH\Views\Admin\PhotoUpload\list.php(69): strtotime(null)
 2 SYSTEMPATH\View\View.php(234): include('C:\\xampp\\htdocs\\Wolfox\\app\\Views\\Admin\\PhotoUpload\\list.php')
 3 SYSTEMPATH\View\View.php(237): CodeIgniter\View\View->CodeIgniter\View\{closure}()
 4 SYSTEMPATH\Common.php(1171): CodeIgniter\View\View->render('/Admin/photoupload/list', [], true)
 5 APPPATH\Controllers\PhotoUpload.php(103): view('/Admin/photoupload/list', [...])
 6 SYSTEMPATH\CodeIgniter.php(933): App\Controllers\Photoupload->list()
 7 SYSTEMPATH\CodeIgniter.php(509): CodeIgniter\CodeIgniter->runController(Object(App\Controllers\Photoupload))
 8 SYSTEMPATH\CodeIgniter.php(355): CodeIgniter\CodeIgniter->handleRequest(null, Object(Config\Cache), false)
 9 SYSTEMPATH\Boot.php(325): CodeIgniter\CodeIgniter->run()
10 SYSTEMPATH\Boot.php(67): CodeIgniter\Boot::runCodeIgniter(Object(CodeIgniter\CodeIgniter))
11 FCPATH\index.php(56): CodeIgniter\Boot::bootWeb(Object(Config\Paths))
WARNING - 2025-03-06 17:51:10 --> [DEPRECATED] strtotime(): Passing null to parameter #1 ($datetime) of type string is deprecated in APPPATH\Views\Admin\PhotoUpload\list.php on line 69.
 1 APPPATH\Views\Admin\PhotoUpload\list.php(69): strtotime(null)
 2 SYSTEMPATH\View\View.php(234): include('C:\\xampp\\htdocs\\Wolfox\\app\\Views\\Admin\\PhotoUpload\\list.php')
 3 SYSTEMPATH\View\View.php(237): CodeIgniter\View\View->CodeIgniter\View\{closure}()
 4 SYSTEMPATH\Common.php(1171): CodeIgniter\View\View->render('/Admin/photoupload/list', [], true)
 5 APPPATH\Controllers\PhotoUpload.php(103): view('/Admin/photoupload/list', [...])
 6 SYSTEMPATH\CodeIgniter.php(933): App\Controllers\Photoupload->list()
 7 SYSTEMPATH\CodeIgniter.php(509): CodeIgniter\CodeIgniter->runController(Object(App\Controllers\Photoupload))
 8 SYSTEMPATH\CodeIgniter.php(355): CodeIgniter\CodeIgniter->handleRequest(null, Object(Config\Cache), false)
 9 SYSTEMPATH\Boot.php(325): CodeIgniter\CodeIgniter->run()
10 SYSTEMPATH\Boot.php(67): CodeIgniter\Boot::runCodeIgniter(Object(CodeIgniter\CodeIgniter))
11 FCPATH\index.php(56): CodeIgniter\Boot::bootWeb(Object(Config\Paths))
WARNING - 2025-03-06 17:51:10 --> [DEPRECATED] strtotime(): Passing null to parameter #1 ($datetime) of type string is deprecated in APPPATH\Views\Admin\PhotoUpload\list.php on line 69.
 1 APPPATH\Views\Admin\PhotoUpload\list.php(69): strtotime(null)
 2 SYSTEMPATH\View\View.php(234): include('C:\\xampp\\htdocs\\Wolfox\\app\\Views\\Admin\\PhotoUpload\\list.php')
 3 SYSTEMPATH\View\View.php(237): CodeIgniter\View\View->CodeIgniter\View\{closure}()
 4 SYSTEMPATH\Common.php(1171): CodeIgniter\View\View->render('/Admin/photoupload/list', [], true)
 5 APPPATH\Controllers\PhotoUpload.php(103): view('/Admin/photoupload/list', [...])
 6 SYSTEMPATH\CodeIgniter.php(933): App\Controllers\Photoupload->list()
 7 SYSTEMPATH\CodeIgniter.php(509): CodeIgniter\CodeIgniter->runController(Object(App\Controllers\Photoupload))
 8 SYSTEMPATH\CodeIgniter.php(355): CodeIgniter\CodeIgniter->handleRequest(null, Object(Config\Cache), false)
 9 SYSTEMPATH\Boot.php(325): CodeIgniter\CodeIgniter->run()
10 SYSTEMPATH\Boot.php(67): CodeIgniter\Boot::runCodeIgniter(Object(CodeIgniter\CodeIgniter))
11 FCPATH\index.php(56): CodeIgniter\Boot::bootWeb(Object(Config\Paths))
WARNING - 2025-03-06 17:51:10 --> [DEPRECATED] strtotime(): Passing null to parameter #1 ($datetime) of type string is deprecated in APPPATH\Views\Admin\PhotoUpload\list.php on line 69.
 1 APPPATH\Views\Admin\PhotoUpload\list.php(69): strtotime(null)
 2 SYSTEMPATH\View\View.php(234): include('C:\\xampp\\htdocs\\Wolfox\\app\\Views\\Admin\\PhotoUpload\\list.php')
 3 SYSTEMPATH\View\View.php(237): CodeIgniter\View\View->CodeIgniter\View\{closure}()
 4 SYSTEMPATH\Common.php(1171): CodeIgniter\View\View->render('/Admin/photoupload/list', [], true)
 5 APPPATH\Controllers\PhotoUpload.php(103): view('/Admin/photoupload/list', [...])
 6 SYSTEMPATH\CodeIgniter.php(933): App\Controllers\Photoupload->list()
 7 SYSTEMPATH\CodeIgniter.php(509): CodeIgniter\CodeIgniter->runController(Object(App\Controllers\Photoupload))
 8 SYSTEMPATH\CodeIgniter.php(355): CodeIgniter\CodeIgniter->handleRequest(null, Object(Config\Cache), false)
 9 SYSTEMPATH\Boot.php(325): CodeIgniter\CodeIgniter->run()
10 SYSTEMPATH\Boot.php(67): CodeIgniter\Boot::runCodeIgniter(Object(CodeIgniter\CodeIgniter))
11 FCPATH\index.php(56): CodeIgniter\Boot::bootWeb(Object(Config\Paths))
WARNING - 2025-03-06 17:51:10 --> [DEPRECATED] strtotime(): Passing null to parameter #1 ($datetime) of type string is deprecated in APPPATH\Views\Admin\PhotoUpload\list.php on line 69.
 1 APPPATH\Views\Admin\PhotoUpload\list.php(69): strtotime(null)
 2 SYSTEMPATH\View\View.php(234): include('C:\\xampp\\htdocs\\Wolfox\\app\\Views\\Admin\\PhotoUpload\\list.php')
 3 SYSTEMPATH\View\View.php(237): CodeIgniter\View\View->CodeIgniter\View\{closure}()
 4 SYSTEMPATH\Common.php(1171): CodeIgniter\View\View->render('/Admin/photoupload/list', [], true)
 5 APPPATH\Controllers\PhotoUpload.php(103): view('/Admin/photoupload/list', [...])
 6 SYSTEMPATH\CodeIgniter.php(933): App\Controllers\Photoupload->list()
 7 SYSTEMPATH\CodeIgniter.php(509): CodeIgniter\CodeIgniter->runController(Object(App\Controllers\Photoupload))
 8 SYSTEMPATH\CodeIgniter.php(355): CodeIgniter\CodeIgniter->handleRequest(null, Object(Config\Cache), false)
 9 SYSTEMPATH\Boot.php(325): CodeIgniter\CodeIgniter->run()
10 SYSTEMPATH\Boot.php(67): CodeIgniter\Boot::runCodeIgniter(Object(CodeIgniter\CodeIgniter))
11 FCPATH\index.php(56): CodeIgniter\Boot::bootWeb(Object(Config\Paths))
WARNING - 2025-03-06 17:51:10 --> [DEPRECATED] strtotime(): Passing null to parameter #1 ($datetime) of type string is deprecated in APPPATH\Views\Admin\PhotoUpload\list.php on line 69.
 1 APPPATH\Views\Admin\PhotoUpload\list.php(69): strtotime(null)
 2 SYSTEMPATH\View\View.php(234): include('C:\\xampp\\htdocs\\Wolfox\\app\\Views\\Admin\\PhotoUpload\\list.php')
 3 SYSTEMPATH\View\View.php(237): CodeIgniter\View\View->CodeIgniter\View\{closure}()
 4 SYSTEMPATH\Common.php(1171): CodeIgniter\View\View->render('/Admin/photoupload/list', [], true)
 5 APPPATH\Controllers\PhotoUpload.php(103): view('/Admin/photoupload/list', [...])
 6 SYSTEMPATH\CodeIgniter.php(933): App\Controllers\Photoupload->list()
 7 SYSTEMPATH\CodeIgniter.php(509): CodeIgniter\CodeIgniter->runController(Object(App\Controllers\Photoupload))
 8 SYSTEMPATH\CodeIgniter.php(355): CodeIgniter\CodeIgniter->handleRequest(null, Object(Config\Cache), false)
 9 SYSTEMPATH\Boot.php(325): CodeIgniter\CodeIgniter->run()
10 SYSTEMPATH\Boot.php(67): CodeIgniter\Boot::runCodeIgniter(Object(CodeIgniter\CodeIgniter))
11 FCPATH\index.php(56): CodeIgniter\Boot::bootWeb(Object(Config\Paths))
WARNING - 2025-03-06 17:51:10 --> [DEPRECATED] strtotime(): Passing null to parameter #1 ($datetime) of type string is deprecated in APPPATH\Views\Admin\PhotoUpload\list.php on line 69.
 1 APPPATH\Views\Admin\PhotoUpload\list.php(69): strtotime(null)
 2 SYSTEMPATH\View\View.php(234): include('C:\\xampp\\htdocs\\Wolfox\\app\\Views\\Admin\\PhotoUpload\\list.php')
 3 SYSTEMPATH\View\View.php(237): CodeIgniter\View\View->CodeIgniter\View\{closure}()
 4 SYSTEMPATH\Common.php(1171): CodeIgniter\View\View->render('/Admin/photoupload/list', [], true)
 5 APPPATH\Controllers\PhotoUpload.php(103): view('/Admin/photoupload/list', [...])
 6 SYSTEMPATH\CodeIgniter.php(933): App\Controllers\Photoupload->list()
 7 SYSTEMPATH\CodeIgniter.php(509): CodeIgniter\CodeIgniter->runController(Object(App\Controllers\Photoupload))
 8 SYSTEMPATH\CodeIgniter.php(355): CodeIgniter\CodeIgniter->handleRequest(null, Object(Config\Cache), false)
 9 SYSTEMPATH\Boot.php(325): CodeIgniter\CodeIgniter->run()
10 SYSTEMPATH\Boot.php(67): CodeIgniter\Boot::runCodeIgniter(Object(CodeIgniter\CodeIgniter))
11 FCPATH\index.php(56): CodeIgniter\Boot::bootWeb(Object(Config\Paths))
WARNING - 2025-03-06 17:51:10 --> [DEPRECATED] strtotime(): Passing null to parameter #1 ($datetime) of type string is deprecated in APPPATH\Views\Admin\PhotoUpload\list.php on line 69.
 1 APPPATH\Views\Admin\PhotoUpload\list.php(69): strtotime(null)
 2 SYSTEMPATH\View\View.php(234): include('C:\\xampp\\htdocs\\Wolfox\\app\\Views\\Admin\\PhotoUpload\\list.php')
 3 SYSTEMPATH\View\View.php(237): CodeIgniter\View\View->CodeIgniter\View\{closure}()
 4 SYSTEMPATH\Common.php(1171): CodeIgniter\View\View->render('/Admin/photoupload/list', [], true)
 5 APPPATH\Controllers\PhotoUpload.php(103): view('/Admin/photoupload/list', [...])
 6 SYSTEMPATH\CodeIgniter.php(933): App\Controllers\Photoupload->list()
 7 SYSTEMPATH\CodeIgniter.php(509): CodeIgniter\CodeIgniter->runController(Object(App\Controllers\Photoupload))
 8 SYSTEMPATH\CodeIgniter.php(355): CodeIgniter\CodeIgniter->handleRequest(null, Object(Config\Cache), false)
 9 SYSTEMPATH\Boot.php(325): CodeIgniter\CodeIgniter->run()
10 SYSTEMPATH\Boot.php(67): CodeIgniter\Boot::runCodeIgniter(Object(CodeIgniter\CodeIgniter))
11 FCPATH\index.php(56): CodeIgniter\Boot::bootWeb(Object(Config\Paths))
WARNING - 2025-03-06 17:51:10 --> [DEPRECATED] strtotime(): Passing null to parameter #1 ($datetime) of type string is deprecated in APPPATH\Views\Admin\PhotoUpload\list.php on line 69.
 1 APPPATH\Views\Admin\PhotoUpload\list.php(69): strtotime(null)
 2 SYSTEMPATH\View\View.php(234): include('C:\\xampp\\htdocs\\Wolfox\\app\\Views\\Admin\\PhotoUpload\\list.php')
 3 SYSTEMPATH\View\View.php(237): CodeIgniter\View\View->CodeIgniter\View\{closure}()
 4 SYSTEMPATH\Common.php(1171): CodeIgniter\View\View->render('/Admin/photoupload/list', [], true)
 5 APPPATH\Controllers\PhotoUpload.php(103): view('/Admin/photoupload/list', [...])
 6 SYSTEMPATH\CodeIgniter.php(933): App\Controllers\Photoupload->list()
 7 SYSTEMPATH\CodeIgniter.php(509): CodeIgniter\CodeIgniter->runController(Object(App\Controllers\Photoupload))
 8 SYSTEMPATH\CodeIgniter.php(355): CodeIgniter\CodeIgniter->handleRequest(null, Object(Config\Cache), false)
 9 SYSTEMPATH\Boot.php(325): CodeIgniter\CodeIgniter->run()
10 SYSTEMPATH\Boot.php(67): CodeIgniter\Boot::runCodeIgniter(Object(CodeIgniter\CodeIgniter))
11 FCPATH\index.php(56): CodeIgniter\Boot::bootWeb(Object(Config\Paths))
INFO - 2025-03-06 17:51:15 --> Session: Class initialized using 'CodeIgniter\Session\Handlers\FileHandler' driver.
INFO - 2025-03-06 17:51:55 --> Session: Class initialized using 'CodeIgniter\Session\Handlers\FileHandler' driver.
INFO - 2025-03-06 17:52:18 --> Session: Class initialized using 'CodeIgniter\Session\Handlers\FileHandler' driver.
INFO - 2025-03-06 17:52:29 --> Session: Class initialized using 'CodeIgniter\Session\Handlers\FileHandler' driver.
INFO - 2025-03-06 17:52:29 --> Session: Class initialized using 'CodeIgniter\Session\Handlers\FileHandler' driver.
WARNING - 2025-03-06 17:52:29 --> [DEPRECATED] strtotime(): Passing null to parameter #1 ($datetime) of type string is deprecated in APPPATH\Views\Admin\PhotoUpload\list.php on line 69.
 1 APPPATH\Views\Admin\PhotoUpload\list.php(69): strtotime(null)
 2 SYSTEMPATH\View\View.php(234): include('C:\\xampp\\htdocs\\Wolfox\\app\\Views\\Admin\\PhotoUpload\\list.php')
 3 SYSTEMPATH\View\View.php(237): CodeIgniter\View\View->CodeIgniter\View\{closure}()
 4 SYSTEMPATH\Common.php(1171): CodeIgniter\View\View->render('/Admin/photoupload/list', [], true)
 5 APPPATH\Controllers\PhotoUpload.php(103): view('/Admin/photoupload/list', [...])
 6 SYSTEMPATH\CodeIgniter.php(933): App\Controllers\Photoupload->list()
 7 SYSTEMPATH\CodeIgniter.php(509): CodeIgniter\CodeIgniter->runController(Object(App\Controllers\Photoupload))
 8 SYSTEMPATH\CodeIgniter.php(355): CodeIgniter\CodeIgniter->handleRequest(null, Object(Config\Cache), false)
 9 SYSTEMPATH\Boot.php(325): CodeIgniter\CodeIgniter->run()
10 SYSTEMPATH\Boot.php(67): CodeIgniter\Boot::runCodeIgniter(Object(CodeIgniter\CodeIgniter))
11 FCPATH\index.php(56): CodeIgniter\Boot::bootWeb(Object(Config\Paths))
WARNING - 2025-03-06 17:52:29 --> [DEPRECATED] strtotime(): Passing null to parameter #1 ($datetime) of type string is deprecated in APPPATH\Views\Admin\PhotoUpload\list.php on line 69.
 1 APPPATH\Views\Admin\PhotoUpload\list.php(69): strtotime(null)
 2 SYSTEMPATH\View\View.php(234): include('C:\\xampp\\htdocs\\Wolfox\\app\\Views\\Admin\\PhotoUpload\\list.php')
 3 SYSTEMPATH\View\View.php(237): CodeIgniter\View\View->CodeIgniter\View\{closure}()
 4 SYSTEMPATH\Common.php(1171): CodeIgniter\View\View->render('/Admin/photoupload/list', [], true)
 5 APPPATH\Controllers\PhotoUpload.php(103): view('/Admin/photoupload/list', [...])
 6 SYSTEMPATH\CodeIgniter.php(933): App\Controllers\Photoupload->list()
 7 SYSTEMPATH\CodeIgniter.php(509): CodeIgniter\CodeIgniter->runController(Object(App\Controllers\Photoupload))
 8 SYSTEMPATH\CodeIgniter.php(355): CodeIgniter\CodeIgniter->handleRequest(null, Object(Config\Cache), false)
 9 SYSTEMPATH\Boot.php(325): CodeIgniter\CodeIgniter->run()
10 SYSTEMPATH\Boot.php(67): CodeIgniter\Boot::runCodeIgniter(Object(CodeIgniter\CodeIgniter))
11 FCPATH\index.php(56): CodeIgniter\Boot::bootWeb(Object(Config\Paths))
WARNING - 2025-03-06 17:52:29 --> [DEPRECATED] strtotime(): Passing null to parameter #1 ($datetime) of type string is deprecated in APPPATH\Views\Admin\PhotoUpload\list.php on line 69.
 1 APPPATH\Views\Admin\PhotoUpload\list.php(69): strtotime(null)
 2 SYSTEMPATH\View\View.php(234): include('C:\\xampp\\htdocs\\Wolfox\\app\\Views\\Admin\\PhotoUpload\\list.php')
 3 SYSTEMPATH\View\View.php(237): CodeIgniter\View\View->CodeIgniter\View\{closure}()
 4 SYSTEMPATH\Common.php(1171): CodeIgniter\View\View->render('/Admin/photoupload/list', [], true)
 5 APPPATH\Controllers\PhotoUpload.php(103): view('/Admin/photoupload/list', [...])
 6 SYSTEMPATH\CodeIgniter.php(933): App\Controllers\Photoupload->list()
 7 SYSTEMPATH\CodeIgniter.php(509): CodeIgniter\CodeIgniter->runController(Object(App\Controllers\Photoupload))
 8 SYSTEMPATH\CodeIgniter.php(355): CodeIgniter\CodeIgniter->handleRequest(null, Object(Config\Cache), false)
 9 SYSTEMPATH\Boot.php(325): CodeIgniter\CodeIgniter->run()
10 SYSTEMPATH\Boot.php(67): CodeIgniter\Boot::runCodeIgniter(Object(CodeIgniter\CodeIgniter))
11 FCPATH\index.php(56): CodeIgniter\Boot::bootWeb(Object(Config\Paths))
WARNING - 2025-03-06 17:52:29 --> [DEPRECATED] strtotime(): Passing null to parameter #1 ($datetime) of type string is deprecated in APPPATH\Views\Admin\PhotoUpload\list.php on line 69.
 1 APPPATH\Views\Admin\PhotoUpload\list.php(69): strtotime(null)
 2 SYSTEMPATH\View\View.php(234): include('C:\\xampp\\htdocs\\Wolfox\\app\\Views\\Admin\\PhotoUpload\\list.php')
 3 SYSTEMPATH\View\View.php(237): CodeIgniter\View\View->CodeIgniter\View\{closure}()
 4 SYSTEMPATH\Common.php(1171): CodeIgniter\View\View->render('/Admin/photoupload/list', [], true)
 5 APPPATH\Controllers\PhotoUpload.php(103): view('/Admin/photoupload/list', [...])
 6 SYSTEMPATH\CodeIgniter.php(933): App\Controllers\Photoupload->list()
 7 SYSTEMPATH\CodeIgniter.php(509): CodeIgniter\CodeIgniter->runController(Object(App\Controllers\Photoupload))
 8 SYSTEMPATH\CodeIgniter.php(355): CodeIgniter\CodeIgniter->handleRequest(null, Object(Config\Cache), false)
 9 SYSTEMPATH\Boot.php(325): CodeIgniter\CodeIgniter->run()
10 SYSTEMPATH\Boot.php(67): CodeIgniter\Boot::runCodeIgniter(Object(CodeIgniter\CodeIgniter))
11 FCPATH\index.php(56): CodeIgniter\Boot::bootWeb(Object(Config\Paths))
WARNING - 2025-03-06 17:52:29 --> [DEPRECATED] strtotime(): Passing null to parameter #1 ($datetime) of type string is deprecated in APPPATH\Views\Admin\PhotoUpload\list.php on line 69.
 1 APPPATH\Views\Admin\PhotoUpload\list.php(69): strtotime(null)
 2 SYSTEMPATH\View\View.php(234): include('C:\\xampp\\htdocs\\Wolfox\\app\\Views\\Admin\\PhotoUpload\\list.php')
 3 SYSTEMPATH\View\View.php(237): CodeIgniter\View\View->CodeIgniter\View\{closure}()
 4 SYSTEMPATH\Common.php(1171): CodeIgniter\View\View->render('/Admin/photoupload/list', [], true)
 5 APPPATH\Controllers\PhotoUpload.php(103): view('/Admin/photoupload/list', [...])
 6 SYSTEMPATH\CodeIgniter.php(933): App\Controllers\Photoupload->list()
 7 SYSTEMPATH\CodeIgniter.php(509): CodeIgniter\CodeIgniter->runController(Object(App\Controllers\Photoupload))
 8 SYSTEMPATH\CodeIgniter.php(355): CodeIgniter\CodeIgniter->handleRequest(null, Object(Config\Cache), false)
 9 SYSTEMPATH\Boot.php(325): CodeIgniter\CodeIgniter->run()
10 SYSTEMPATH\Boot.php(67): CodeIgniter\Boot::runCodeIgniter(Object(CodeIgniter\CodeIgniter))
11 FCPATH\index.php(56): CodeIgniter\Boot::bootWeb(Object(Config\Paths))
WARNING - 2025-03-06 17:52:29 --> [DEPRECATED] strtotime(): Passing null to parameter #1 ($datetime) of type string is deprecated in APPPATH\Views\Admin\PhotoUpload\list.php on line 69.
 1 APPPATH\Views\Admin\PhotoUpload\list.php(69): strtotime(null)
 2 SYSTEMPATH\View\View.php(234): include('C:\\xampp\\htdocs\\Wolfox\\app\\Views\\Admin\\PhotoUpload\\list.php')
 3 SYSTEMPATH\View\View.php(237): CodeIgniter\View\View->CodeIgniter\View\{closure}()
 4 SYSTEMPATH\Common.php(1171): CodeIgniter\View\View->render('/Admin/photoupload/list', [], true)
 5 APPPATH\Controllers\PhotoUpload.php(103): view('/Admin/photoupload/list', [...])
 6 SYSTEMPATH\CodeIgniter.php(933): App\Controllers\Photoupload->list()
 7 SYSTEMPATH\CodeIgniter.php(509): CodeIgniter\CodeIgniter->runController(Object(App\Controllers\Photoupload))
 8 SYSTEMPATH\CodeIgniter.php(355): CodeIgniter\CodeIgniter->handleRequest(null, Object(Config\Cache), false)
 9 SYSTEMPATH\Boot.php(325): CodeIgniter\CodeIgniter->run()
10 SYSTEMPATH\Boot.php(67): CodeIgniter\Boot::runCodeIgniter(Object(CodeIgniter\CodeIgniter))
11 FCPATH\index.php(56): CodeIgniter\Boot::bootWeb(Object(Config\Paths))
WARNING - 2025-03-06 17:52:29 --> [DEPRECATED] strtotime(): Passing null to parameter #1 ($datetime) of type string is deprecated in APPPATH\Views\Admin\PhotoUpload\list.php on line 69.
 1 APPPATH\Views\Admin\PhotoUpload\list.php(69): strtotime(null)
 2 SYSTEMPATH\View\View.php(234): include('C:\\xampp\\htdocs\\Wolfox\\app\\Views\\Admin\\PhotoUpload\\list.php')
 3 SYSTEMPATH\View\View.php(237): CodeIgniter\View\View->CodeIgniter\View\{closure}()
 4 SYSTEMPATH\Common.php(1171): CodeIgniter\View\View->render('/Admin/photoupload/list', [], true)
 5 APPPATH\Controllers\PhotoUpload.php(103): view('/Admin/photoupload/list', [...])
 6 SYSTEMPATH\CodeIgniter.php(933): App\Controllers\Photoupload->list()
 7 SYSTEMPATH\CodeIgniter.php(509): CodeIgniter\CodeIgniter->runController(Object(App\Controllers\Photoupload))
 8 SYSTEMPATH\CodeIgniter.php(355): CodeIgniter\CodeIgniter->handleRequest(null, Object(Config\Cache), false)
 9 SYSTEMPATH\Boot.php(325): CodeIgniter\CodeIgniter->run()
10 SYSTEMPATH\Boot.php(67): CodeIgniter\Boot::runCodeIgniter(Object(CodeIgniter\CodeIgniter))
11 FCPATH\index.php(56): CodeIgniter\Boot::bootWeb(Object(Config\Paths))
WARNING - 2025-03-06 17:52:29 --> [DEPRECATED] strtotime(): Passing null to parameter #1 ($datetime) of type string is deprecated in APPPATH\Views\Admin\PhotoUpload\list.php on line 69.
 1 APPPATH\Views\Admin\PhotoUpload\list.php(69): strtotime(null)
 2 SYSTEMPATH\View\View.php(234): include('C:\\xampp\\htdocs\\Wolfox\\app\\Views\\Admin\\PhotoUpload\\list.php')
 3 SYSTEMPATH\View\View.php(237): CodeIgniter\View\View->CodeIgniter\View\{closure}()
 4 SYSTEMPATH\Common.php(1171): CodeIgniter\View\View->render('/Admin/photoupload/list', [], true)
 5 APPPATH\Controllers\PhotoUpload.php(103): view('/Admin/photoupload/list', [...])
 6 SYSTEMPATH\CodeIgniter.php(933): App\Controllers\Photoupload->list()
 7 SYSTEMPATH\CodeIgniter.php(509): CodeIgniter\CodeIgniter->runController(Object(App\Controllers\Photoupload))
 8 SYSTEMPATH\CodeIgniter.php(355): CodeIgniter\CodeIgniter->handleRequest(null, Object(Config\Cache), false)
 9 SYSTEMPATH\Boot.php(325): CodeIgniter\CodeIgniter->run()
10 SYSTEMPATH\Boot.php(67): CodeIgniter\Boot::runCodeIgniter(Object(CodeIgniter\CodeIgniter))
11 FCPATH\index.php(56): CodeIgniter\Boot::bootWeb(Object(Config\Paths))
WARNING - 2025-03-06 17:52:29 --> [DEPRECATED] strtotime(): Passing null to parameter #1 ($datetime) of type string is deprecated in APPPATH\Views\Admin\PhotoUpload\list.php on line 69.
 1 APPPATH\Views\Admin\PhotoUpload\list.php(69): strtotime(null)
 2 SYSTEMPATH\View\View.php(234): include('C:\\xampp\\htdocs\\Wolfox\\app\\Views\\Admin\\PhotoUpload\\list.php')
 3 SYSTEMPATH\View\View.php(237): CodeIgniter\View\View->CodeIgniter\View\{closure}()
 4 SYSTEMPATH\Common.php(1171): CodeIgniter\View\View->render('/Admin/photoupload/list', [], true)
 5 APPPATH\Controllers\PhotoUpload.php(103): view('/Admin/photoupload/list', [...])
 6 SYSTEMPATH\CodeIgniter.php(933): App\Controllers\Photoupload->list()
 7 SYSTEMPATH\CodeIgniter.php(509): CodeIgniter\CodeIgniter->runController(Object(App\Controllers\Photoupload))
 8 SYSTEMPATH\CodeIgniter.php(355): CodeIgniter\CodeIgniter->handleRequest(null, Object(Config\Cache), false)
 9 SYSTEMPATH\Boot.php(325): CodeIgniter\CodeIgniter->run()
10 SYSTEMPATH\Boot.php(67): CodeIgniter\Boot::runCodeIgniter(Object(CodeIgniter\CodeIgniter))
11 FCPATH\index.php(56): CodeIgniter\Boot::bootWeb(Object(Config\Paths))
WARNING - 2025-03-06 17:52:29 --> [DEPRECATED] strtotime(): Passing null to parameter #1 ($datetime) of type string is deprecated in APPPATH\Views\Admin\PhotoUpload\list.php on line 69.
 1 APPPATH\Views\Admin\PhotoUpload\list.php(69): strtotime(null)
 2 SYSTEMPATH\View\View.php(234): include('C:\\xampp\\htdocs\\Wolfox\\app\\Views\\Admin\\PhotoUpload\\list.php')
 3 SYSTEMPATH\View\View.php(237): CodeIgniter\View\View->CodeIgniter\View\{closure}()
 4 SYSTEMPATH\Common.php(1171): CodeIgniter\View\View->render('/Admin/photoupload/list', [], true)
 5 APPPATH\Controllers\PhotoUpload.php(103): view('/Admin/photoupload/list', [...])
 6 SYSTEMPATH\CodeIgniter.php(933): App\Controllers\Photoupload->list()
 7 SYSTEMPATH\CodeIgniter.php(509): CodeIgniter\CodeIgniter->runController(Object(App\Controllers\Photoupload))
 8 SYSTEMPATH\CodeIgniter.php(355): CodeIgniter\CodeIgniter->handleRequest(null, Object(Config\Cache), false)
 9 SYSTEMPATH\Boot.php(325): CodeIgniter\CodeIgniter->run()
10 SYSTEMPATH\Boot.php(67): CodeIgniter\Boot::runCodeIgniter(Object(CodeIgniter\CodeIgniter))
11 FCPATH\index.php(56): CodeIgniter\Boot::bootWeb(Object(Config\Paths))
INFO - 2025-03-06 17:52:34 --> Session: Class initialized using 'CodeIgniter\Session\Handlers\FileHandler' driver.
