WARNING - 2025-02-11 04:40:12 --> [DEPRECATED] strtotime(): Passing null to parameter #1 ($datetime) of type string is deprecated in APPPATH\Views\Admin\Admission\list.php on line 96.
 1 APPPATH\Views\Admin\Admission\list.php(96): strtotime(null)
 2 SYSTEMPATH\View\View.php(234): include('C:\\xampp\\htdocs\\Wolfox\\app\\Views\\Admin\\Admission\\list.php')
 3 SYSTEMPATH\View\View.php(237): CodeIgniter\View\View->CodeIgniter\View\{closure}()
 4 SYSTEMPATH\Common.php(1171): CodeIgniter\View\View->render('/Admin/Admission/list', [], true)
 5 APPPATH\Controllers\AdmissionMaster.php(309): view('/Admin/Admission/list', [...])
 6 SYSTEMPATH\CodeIgniter.php(933): App\Controllers\AdmissionMaster->list()
 7 SYSTEMPATH\CodeIgniter.php(509): CodeIgniter\CodeIgniter->runController(Object(App\Controllers\AdmissionMaster))
 8 SYSTEMPATH\CodeIgniter.php(355): CodeIgniter\CodeIgniter->handleRequest(null, Object(Config\Cache), false)
 9 SYSTEMPATH\Boot.php(325): CodeIgniter\CodeIgniter->run()
10 SYSTEMPATH\Boot.php(67): CodeIgniter\Boot::runCodeIgniter(Object(CodeIgniter\CodeIgniter))
11 FCPATH\index.php(56): CodeIgniter\Boot::bootWeb(Object(Config\Paths))
WARNING - 2025-02-11 04:40:12 --> [DEPRECATED] strtotime(): Passing null to parameter #1 ($datetime) of type string is deprecated in APPPATH\Views\Admin\Admission\list.php on line 96.
 1 APPPATH\Views\Admin\Admission\list.php(96): strtotime(null)
 2 SYSTEMPATH\View\View.php(234): include('C:\\xampp\\htdocs\\Wolfox\\app\\Views\\Admin\\Admission\\list.php')
 3 SYSTEMPATH\View\View.php(237): CodeIgniter\View\View->CodeIgniter\View\{closure}()
 4 SYSTEMPATH\Common.php(1171): CodeIgniter\View\View->render('/Admin/Admission/list', [], true)
 5 APPPATH\Controllers\AdmissionMaster.php(309): view('/Admin/Admission/list', [...])
 6 SYSTEMPATH\CodeIgniter.php(933): App\Controllers\AdmissionMaster->list()
 7 SYSTEMPATH\CodeIgniter.php(509): CodeIgniter\CodeIgniter->runController(Object(App\Controllers\AdmissionMaster))
 8 SYSTEMPATH\CodeIgniter.php(355): CodeIgniter\CodeIgniter->handleRequest(null, Object(Config\Cache), false)
 9 SYSTEMPATH\Boot.php(325): CodeIgniter\CodeIgniter->run()
10 SYSTEMPATH\Boot.php(67): CodeIgniter\Boot::runCodeIgniter(Object(CodeIgniter\CodeIgniter))
11 FCPATH\index.php(56): CodeIgniter\Boot::bootWeb(Object(Config\Paths))
WARNING - 2025-02-11 04:40:12 --> [DEPRECATED] strtotime(): Passing null to parameter #1 ($datetime) of type string is deprecated in APPPATH\Views\Admin\Admission\list.php on line 96.
 1 APPPATH\Views\Admin\Admission\list.php(96): strtotime(null)
 2 SYSTEMPATH\View\View.php(234): include('C:\\xampp\\htdocs\\Wolfox\\app\\Views\\Admin\\Admission\\list.php')
 3 SYSTEMPATH\View\View.php(237): CodeIgniter\View\View->CodeIgniter\View\{closure}()
 4 SYSTEMPATH\Common.php(1171): CodeIgniter\View\View->render('/Admin/Admission/list', [], true)
 5 APPPATH\Controllers\AdmissionMaster.php(309): view('/Admin/Admission/list', [...])
 6 SYSTEMPATH\CodeIgniter.php(933): App\Controllers\AdmissionMaster->list()
 7 SYSTEMPATH\CodeIgniter.php(509): CodeIgniter\CodeIgniter->runController(Object(App\Controllers\AdmissionMaster))
 8 SYSTEMPATH\CodeIgniter.php(355): CodeIgniter\CodeIgniter->handleRequest(null, Object(Config\Cache), false)
 9 SYSTEMPATH\Boot.php(325): CodeIgniter\CodeIgniter->run()
10 SYSTEMPATH\Boot.php(67): CodeIgniter\Boot::runCodeIgniter(Object(CodeIgniter\CodeIgniter))
11 FCPATH\index.php(56): CodeIgniter\Boot::bootWeb(Object(Config\Paths))
WARNING - 2025-02-11 04:40:12 --> [DEPRECATED] strtotime(): Passing null to parameter #1 ($datetime) of type string is deprecated in APPPATH\Views\Admin\Admission\list.php on line 96.
 1 APPPATH\Views\Admin\Admission\list.php(96): strtotime(null)
 2 SYSTEMPATH\View\View.php(234): include('C:\\xampp\\htdocs\\Wolfox\\app\\Views\\Admin\\Admission\\list.php')
 3 SYSTEMPATH\View\View.php(237): CodeIgniter\View\View->CodeIgniter\View\{closure}()
 4 SYSTEMPATH\Common.php(1171): CodeIgniter\View\View->render('/Admin/Admission/list', [], true)
 5 APPPATH\Controllers\AdmissionMaster.php(309): view('/Admin/Admission/list', [...])
 6 SYSTEMPATH\CodeIgniter.php(933): App\Controllers\AdmissionMaster->list()
 7 SYSTEMPATH\CodeIgniter.php(509): CodeIgniter\CodeIgniter->runController(Object(App\Controllers\AdmissionMaster))
 8 SYSTEMPATH\CodeIgniter.php(355): CodeIgniter\CodeIgniter->handleRequest(null, Object(Config\Cache), false)
 9 SYSTEMPATH\Boot.php(325): CodeIgniter\CodeIgniter->run()
10 SYSTEMPATH\Boot.php(67): CodeIgniter\Boot::runCodeIgniter(Object(CodeIgniter\CodeIgniter))
11 FCPATH\index.php(56): CodeIgniter\Boot::bootWeb(Object(Config\Paths))
WARNING - 2025-02-11 04:40:12 --> [DEPRECATED] strtotime(): Passing null to parameter #1 ($datetime) of type string is deprecated in APPPATH\Views\Admin\Admission\list.php on line 96.
 1 APPPATH\Views\Admin\Admission\list.php(96): strtotime(null)
 2 SYSTEMPATH\View\View.php(234): include('C:\\xampp\\htdocs\\Wolfox\\app\\Views\\Admin\\Admission\\list.php')
 3 SYSTEMPATH\View\View.php(237): CodeIgniter\View\View->CodeIgniter\View\{closure}()
 4 SYSTEMPATH\Common.php(1171): CodeIgniter\View\View->render('/Admin/Admission/list', [], true)
 5 APPPATH\Controllers\AdmissionMaster.php(309): view('/Admin/Admission/list', [...])
 6 SYSTEMPATH\CodeIgniter.php(933): App\Controllers\AdmissionMaster->list()
 7 SYSTEMPATH\CodeIgniter.php(509): CodeIgniter\CodeIgniter->runController(Object(App\Controllers\AdmissionMaster))
 8 SYSTEMPATH\CodeIgniter.php(355): CodeIgniter\CodeIgniter->handleRequest(null, Object(Config\Cache), false)
 9 SYSTEMPATH\Boot.php(325): CodeIgniter\CodeIgniter->run()
10 SYSTEMPATH\Boot.php(67): CodeIgniter\Boot::runCodeIgniter(Object(CodeIgniter\CodeIgniter))
11 FCPATH\index.php(56): CodeIgniter\Boot::bootWeb(Object(Config\Paths))
WARNING - 2025-02-11 04:40:12 --> [DEPRECATED] strtotime(): Passing null to parameter #1 ($datetime) of type string is deprecated in APPPATH\Views\Admin\Admission\list.php on line 96.
 1 APPPATH\Views\Admin\Admission\list.php(96): strtotime(null)
 2 SYSTEMPATH\View\View.php(234): include('C:\\xampp\\htdocs\\Wolfox\\app\\Views\\Admin\\Admission\\list.php')
 3 SYSTEMPATH\View\View.php(237): CodeIgniter\View\View->CodeIgniter\View\{closure}()
 4 SYSTEMPATH\Common.php(1171): CodeIgniter\View\View->render('/Admin/Admission/list', [], true)
 5 APPPATH\Controllers\AdmissionMaster.php(309): view('/Admin/Admission/list', [...])
 6 SYSTEMPATH\CodeIgniter.php(933): App\Controllers\AdmissionMaster->list()
 7 SYSTEMPATH\CodeIgniter.php(509): CodeIgniter\CodeIgniter->runController(Object(App\Controllers\AdmissionMaster))
 8 SYSTEMPATH\CodeIgniter.php(355): CodeIgniter\CodeIgniter->handleRequest(null, Object(Config\Cache), false)
 9 SYSTEMPATH\Boot.php(325): CodeIgniter\CodeIgniter->run()
10 SYSTEMPATH\Boot.php(67): CodeIgniter\Boot::runCodeIgniter(Object(CodeIgniter\CodeIgniter))
11 FCPATH\index.php(56): CodeIgniter\Boot::bootWeb(Object(Config\Paths))
WARNING - 2025-02-11 04:40:12 --> [DEPRECATED] strtotime(): Passing null to parameter #1 ($datetime) of type string is deprecated in APPPATH\Views\Admin\Admission\list.php on line 96.
 1 APPPATH\Views\Admin\Admission\list.php(96): strtotime(null)
 2 SYSTEMPATH\View\View.php(234): include('C:\\xampp\\htdocs\\Wolfox\\app\\Views\\Admin\\Admission\\list.php')
 3 SYSTEMPATH\View\View.php(237): CodeIgniter\View\View->CodeIgniter\View\{closure}()
 4 SYSTEMPATH\Common.php(1171): CodeIgniter\View\View->render('/Admin/Admission/list', [], true)
 5 APPPATH\Controllers\AdmissionMaster.php(309): view('/Admin/Admission/list', [...])
 6 SYSTEMPATH\CodeIgniter.php(933): App\Controllers\AdmissionMaster->list()
 7 SYSTEMPATH\CodeIgniter.php(509): CodeIgniter\CodeIgniter->runController(Object(App\Controllers\AdmissionMaster))
 8 SYSTEMPATH\CodeIgniter.php(355): CodeIgniter\CodeIgniter->handleRequest(null, Object(Config\Cache), false)
 9 SYSTEMPATH\Boot.php(325): CodeIgniter\CodeIgniter->run()
10 SYSTEMPATH\Boot.php(67): CodeIgniter\Boot::runCodeIgniter(Object(CodeIgniter\CodeIgniter))
11 FCPATH\index.php(56): CodeIgniter\Boot::bootWeb(Object(Config\Paths))
WARNING - 2025-02-11 04:40:12 --> [DEPRECATED] strtotime(): Passing null to parameter #1 ($datetime) of type string is deprecated in APPPATH\Views\Admin\Admission\list.php on line 96.
 1 APPPATH\Views\Admin\Admission\list.php(96): strtotime(null)
 2 SYSTEMPATH\View\View.php(234): include('C:\\xampp\\htdocs\\Wolfox\\app\\Views\\Admin\\Admission\\list.php')
 3 SYSTEMPATH\View\View.php(237): CodeIgniter\View\View->CodeIgniter\View\{closure}()
 4 SYSTEMPATH\Common.php(1171): CodeIgniter\View\View->render('/Admin/Admission/list', [], true)
 5 APPPATH\Controllers\AdmissionMaster.php(309): view('/Admin/Admission/list', [...])
 6 SYSTEMPATH\CodeIgniter.php(933): App\Controllers\AdmissionMaster->list()
 7 SYSTEMPATH\CodeIgniter.php(509): CodeIgniter\CodeIgniter->runController(Object(App\Controllers\AdmissionMaster))
 8 SYSTEMPATH\CodeIgniter.php(355): CodeIgniter\CodeIgniter->handleRequest(null, Object(Config\Cache), false)
 9 SYSTEMPATH\Boot.php(325): CodeIgniter\CodeIgniter->run()
10 SYSTEMPATH\Boot.php(67): CodeIgniter\Boot::runCodeIgniter(Object(CodeIgniter\CodeIgniter))
11 FCPATH\index.php(56): CodeIgniter\Boot::bootWeb(Object(Config\Paths))
WARNING - 2025-02-11 04:40:12 --> [DEPRECATED] strtotime(): Passing null to parameter #1 ($datetime) of type string is deprecated in APPPATH\Views\Admin\Admission\list.php on line 96.
 1 APPPATH\Views\Admin\Admission\list.php(96): strtotime(null)
 2 SYSTEMPATH\View\View.php(234): include('C:\\xampp\\htdocs\\Wolfox\\app\\Views\\Admin\\Admission\\list.php')
 3 SYSTEMPATH\View\View.php(237): CodeIgniter\View\View->CodeIgniter\View\{closure}()
 4 SYSTEMPATH\Common.php(1171): CodeIgniter\View\View->render('/Admin/Admission/list', [], true)
 5 APPPATH\Controllers\AdmissionMaster.php(309): view('/Admin/Admission/list', [...])
 6 SYSTEMPATH\CodeIgniter.php(933): App\Controllers\AdmissionMaster->list()
 7 SYSTEMPATH\CodeIgniter.php(509): CodeIgniter\CodeIgniter->runController(Object(App\Controllers\AdmissionMaster))
 8 SYSTEMPATH\CodeIgniter.php(355): CodeIgniter\CodeIgniter->handleRequest(null, Object(Config\Cache), false)
 9 SYSTEMPATH\Boot.php(325): CodeIgniter\CodeIgniter->run()
10 SYSTEMPATH\Boot.php(67): CodeIgniter\Boot::runCodeIgniter(Object(CodeIgniter\CodeIgniter))
11 FCPATH\index.php(56): CodeIgniter\Boot::bootWeb(Object(Config\Paths))
WARNING - 2025-02-11 04:40:12 --> [DEPRECATED] strtotime(): Passing null to parameter #1 ($datetime) of type string is deprecated in APPPATH\Views\Admin\Admission\list.php on line 96.
 1 APPPATH\Views\Admin\Admission\list.php(96): strtotime(null)
 2 SYSTEMPATH\View\View.php(234): include('C:\\xampp\\htdocs\\Wolfox\\app\\Views\\Admin\\Admission\\list.php')
 3 SYSTEMPATH\View\View.php(237): CodeIgniter\View\View->CodeIgniter\View\{closure}()
 4 SYSTEMPATH\Common.php(1171): CodeIgniter\View\View->render('/Admin/Admission/list', [], true)
 5 APPPATH\Controllers\AdmissionMaster.php(309): view('/Admin/Admission/list', [...])
 6 SYSTEMPATH\CodeIgniter.php(933): App\Controllers\AdmissionMaster->list()
 7 SYSTEMPATH\CodeIgniter.php(509): CodeIgniter\CodeIgniter->runController(Object(App\Controllers\AdmissionMaster))
 8 SYSTEMPATH\CodeIgniter.php(355): CodeIgniter\CodeIgniter->handleRequest(null, Object(Config\Cache), false)
 9 SYSTEMPATH\Boot.php(325): CodeIgniter\CodeIgniter->run()
10 SYSTEMPATH\Boot.php(67): CodeIgniter\Boot::runCodeIgniter(Object(CodeIgniter\CodeIgniter))
11 FCPATH\index.php(56): CodeIgniter\Boot::bootWeb(Object(Config\Paths))
WARNING - 2025-02-11 04:40:12 --> [DEPRECATED] strtotime(): Passing null to parameter #1 ($datetime) of type string is deprecated in APPPATH\Views\Admin\Admission\list.php on line 96.
 1 APPPATH\Views\Admin\Admission\list.php(96): strtotime(null)
 2 SYSTEMPATH\View\View.php(234): include('C:\\xampp\\htdocs\\Wolfox\\app\\Views\\Admin\\Admission\\list.php')
 3 SYSTEMPATH\View\View.php(237): CodeIgniter\View\View->CodeIgniter\View\{closure}()
 4 SYSTEMPATH\Common.php(1171): CodeIgniter\View\View->render('/Admin/Admission/list', [], true)
 5 APPPATH\Controllers\AdmissionMaster.php(309): view('/Admin/Admission/list', [...])
 6 SYSTEMPATH\CodeIgniter.php(933): App\Controllers\AdmissionMaster->list()
 7 SYSTEMPATH\CodeIgniter.php(509): CodeIgniter\CodeIgniter->runController(Object(App\Controllers\AdmissionMaster))
 8 SYSTEMPATH\CodeIgniter.php(355): CodeIgniter\CodeIgniter->handleRequest(null, Object(Config\Cache), false)
 9 SYSTEMPATH\Boot.php(325): CodeIgniter\CodeIgniter->run()
10 SYSTEMPATH\Boot.php(67): CodeIgniter\Boot::runCodeIgniter(Object(CodeIgniter\CodeIgniter))
11 FCPATH\index.php(56): CodeIgniter\Boot::bootWeb(Object(Config\Paths))
WARNING - 2025-02-11 04:40:12 --> [DEPRECATED] strtotime(): Passing null to parameter #1 ($datetime) of type string is deprecated in APPPATH\Views\Admin\Admission\list.php on line 96.
 1 APPPATH\Views\Admin\Admission\list.php(96): strtotime(null)
 2 SYSTEMPATH\View\View.php(234): include('C:\\xampp\\htdocs\\Wolfox\\app\\Views\\Admin\\Admission\\list.php')
 3 SYSTEMPATH\View\View.php(237): CodeIgniter\View\View->CodeIgniter\View\{closure}()
 4 SYSTEMPATH\Common.php(1171): CodeIgniter\View\View->render('/Admin/Admission/list', [], true)
 5 APPPATH\Controllers\AdmissionMaster.php(309): view('/Admin/Admission/list', [...])
 6 SYSTEMPATH\CodeIgniter.php(933): App\Controllers\AdmissionMaster->list()
 7 SYSTEMPATH\CodeIgniter.php(509): CodeIgniter\CodeIgniter->runController(Object(App\Controllers\AdmissionMaster))
 8 SYSTEMPATH\CodeIgniter.php(355): CodeIgniter\CodeIgniter->handleRequest(null, Object(Config\Cache), false)
 9 SYSTEMPATH\Boot.php(325): CodeIgniter\CodeIgniter->run()
10 SYSTEMPATH\Boot.php(67): CodeIgniter\Boot::runCodeIgniter(Object(CodeIgniter\CodeIgniter))
11 FCPATH\index.php(56): CodeIgniter\Boot::bootWeb(Object(Config\Paths))
ERROR - 2025-02-11 05:16:03 --> mysqli_sql_exception: Column 'fullname' cannot be null in C:\xampp\htdocs\Wolfox\system\Database\MySQLi\Connection.php:312
Stack trace:
#0 C:\xampp\htdocs\Wolfox\system\Database\MySQLi\Connection.php(312): mysqli->query('INSERT INTO `pr...', 0)
#1 C:\xampp\htdocs\Wolfox\system\Database\BaseConnection.php(734): CodeIgniter\Database\MySQLi\Connection->execute('INSERT INTO `pr...')
#2 C:\xampp\htdocs\Wolfox\system\Database\BaseConnection.php(648): CodeIgniter\Database\BaseConnection->simpleQuery('INSERT INTO `pr...')
#3 C:\xampp\htdocs\Wolfox\system\Database\BaseBuilder.php(2340): CodeIgniter\Database\BaseConnection->query('INSERT INTO `pr...', Array, false)
#4 C:\xampp\htdocs\Wolfox\system\Model.php(394): CodeIgniter\Database\BaseBuilder->insert()
#5 C:\xampp\htdocs\Wolfox\system\BaseModel.php(840): CodeIgniter\Model->doInsert(Array)
#6 C:\xampp\htdocs\Wolfox\system\Model.php(802): CodeIgniter\BaseModel->insert(Array, true)
#7 C:\xampp\htdocs\Wolfox\app\Controllers\ProjectMaster.php(41): CodeIgniter\Model->insert(Array)
#8 C:\xampp\htdocs\Wolfox\system\CodeIgniter.php(933): App\Controllers\ProjectMaster->save()
#9 C:\xampp\htdocs\Wolfox\system\CodeIgniter.php(509): CodeIgniter\CodeIgniter->runController(Object(App\Controllers\ProjectMaster))
#10 C:\xampp\htdocs\Wolfox\system\CodeIgniter.php(355): CodeIgniter\CodeIgniter->handleRequest(NULL, Object(Config\Cache), false)
#11 C:\xampp\htdocs\Wolfox\system\Boot.php(325): CodeIgniter\CodeIgniter->run()
#12 C:\xampp\htdocs\Wolfox\system\Boot.php(67): CodeIgniter\Boot::runCodeIgniter(Object(CodeIgniter\CodeIgniter))
#13 C:\xampp\htdocs\Wolfox\index.php(56): CodeIgniter\Boot::bootWeb(Object(Config\Paths))
#14 {main}
CRITICAL - 2025-02-11 05:16:03 --> CodeIgniter\Database\Exceptions\DatabaseException: Column 'fullname' cannot be null
[Method: POST, Route: Admin/Project/save]
in SYSTEMPATH\Database\BaseConnection.php on line 688.
 1 SYSTEMPATH\Database\BaseBuilder.php(2340): CodeIgniter\Database\BaseConnection->query('INSERT INTO `project` (`fullname`, `collegename`, `phonenumber`, `projectname`, `description`, `technology`, `cost`, `date`) VALUES (:fullname:, :collegename:, :phonenumber:, :projectname:, :description:, :technology:, :cost:, :date:)', [...], false)
 2 SYSTEMPATH\Model.php(394): CodeIgniter\Database\BaseBuilder->insert()
 3 SYSTEMPATH\BaseModel.php(840): CodeIgniter\Model->doInsert([...])
 4 SYSTEMPATH\Model.php(802): CodeIgniter\BaseModel->insert([...], true)
 5 APPPATH\Controllers\ProjectMaster.php(41): CodeIgniter\Model->insert([...])
 6 SYSTEMPATH\CodeIgniter.php(933): App\Controllers\ProjectMaster->save()
 7 SYSTEMPATH\CodeIgniter.php(509): CodeIgniter\CodeIgniter->runController(Object(App\Controllers\ProjectMaster))
 8 SYSTEMPATH\CodeIgniter.php(355): CodeIgniter\CodeIgniter->handleRequest(null, Object(Config\Cache), false)
 9 SYSTEMPATH\Boot.php(325): CodeIgniter\CodeIgniter->run()
10 SYSTEMPATH\Boot.php(67): CodeIgniter\Boot::runCodeIgniter(Object(CodeIgniter\CodeIgniter))
11 FCPATH\index.php(56): CodeIgniter\Boot::bootWeb(Object(Config\Paths))
CRITICAL - 2025-02-11 05:16:03 --> [Caused by] CodeIgniter\Database\Exceptions\DatabaseException: Column 'fullname' cannot be null
in SYSTEMPATH\Database\MySQLi\Connection.php on line 317.
 1 SYSTEMPATH\Database\BaseConnection.php(734): CodeIgniter\Database\MySQLi\Connection->execute('INSERT INTO `project` (`fullname`, `collegename`, `phonenumber`, `projectname`, `description`, `technology`, `cost`, `date`) VALUES (NULL, NULL, NULL, NULL, NULL, NULL, NULL, NULL)')
 2 SYSTEMPATH\Database\BaseConnection.php(648): CodeIgniter\Database\BaseConnection->simpleQuery('INSERT INTO `project` (`fullname`, `collegename`, `phonenumber`, `projectname`, `description`, `technology`, `cost`, `date`) VALUES (NULL, NULL, NULL, NULL, NULL, NULL, NULL, NULL)')
 3 SYSTEMPATH\Database\BaseBuilder.php(2340): CodeIgniter\Database\BaseConnection->query('INSERT INTO `project` (`fullname`, `collegename`, `phonenumber`, `projectname`, `description`, `technology`, `cost`, `date`) VALUES (:fullname:, :collegename:, :phonenumber:, :projectname:, :description:, :technology:, :cost:, :date:)', [...], false)
 4 SYSTEMPATH\Model.php(394): CodeIgniter\Database\BaseBuilder->insert()
 5 SYSTEMPATH\BaseModel.php(840): CodeIgniter\Model->doInsert([...])
 6 SYSTEMPATH\Model.php(802): CodeIgniter\BaseModel->insert([...], true)
 7 APPPATH\Controllers\ProjectMaster.php(41): CodeIgniter\Model->insert([...])
 8 SYSTEMPATH\CodeIgniter.php(933): App\Controllers\ProjectMaster->save()
 9 SYSTEMPATH\CodeIgniter.php(509): CodeIgniter\CodeIgniter->runController(Object(App\Controllers\ProjectMaster))
10 SYSTEMPATH\CodeIgniter.php(355): CodeIgniter\CodeIgniter->handleRequest(null, Object(Config\Cache), false)
11 SYSTEMPATH\Boot.php(325): CodeIgniter\CodeIgniter->run()
12 SYSTEMPATH\Boot.php(67): CodeIgniter\Boot::runCodeIgniter(Object(CodeIgniter\CodeIgniter))
13 FCPATH\index.php(56): CodeIgniter\Boot::bootWeb(Object(Config\Paths))
CRITICAL - 2025-02-11 05:16:03 --> [Caused by] mysqli_sql_exception: Column 'fullname' cannot be null
in SYSTEMPATH\Database\MySQLi\Connection.php on line 312.
 1 SYSTEMPATH\Database\MySQLi\Connection.php(312): mysqli->query('INSERT INTO `project` (`fullname`, `collegename`, `phonenumber`, `projectname`, `description`, `technology`, `cost`, `date`) VALUES (NULL, NULL, NULL, NULL, NULL, NULL, NULL, NULL)', 0)
 2 SYSTEMPATH\Database\BaseConnection.php(734): CodeIgniter\Database\MySQLi\Connection->execute('INSERT INTO `project` (`fullname`, `collegename`, `phonenumber`, `projectname`, `description`, `technology`, `cost`, `date`) VALUES (NULL, NULL, NULL, NULL, NULL, NULL, NULL, NULL)')
 3 SYSTEMPATH\Database\BaseConnection.php(648): CodeIgniter\Database\BaseConnection->simpleQuery('INSERT INTO `project` (`fullname`, `collegename`, `phonenumber`, `projectname`, `description`, `technology`, `cost`, `date`) VALUES (NULL, NULL, NULL, NULL, NULL, NULL, NULL, NULL)')
 4 SYSTEMPATH\Database\BaseBuilder.php(2340): CodeIgniter\Database\BaseConnection->query('INSERT INTO `project` (`fullname`, `collegename`, `phonenumber`, `projectname`, `description`, `technology`, `cost`, `date`) VALUES (:fullname:, :collegename:, :phonenumber:, :projectname:, :description:, :technology:, :cost:, :date:)', [...], false)
 5 SYSTEMPATH\Model.php(394): CodeIgniter\Database\BaseBuilder->insert()
 6 SYSTEMPATH\BaseModel.php(840): CodeIgniter\Model->doInsert([...])
 7 SYSTEMPATH\Model.php(802): CodeIgniter\BaseModel->insert([...], true)
 8 APPPATH\Controllers\ProjectMaster.php(41): CodeIgniter\Model->insert([...])
 9 SYSTEMPATH\CodeIgniter.php(933): App\Controllers\ProjectMaster->save()
10 SYSTEMPATH\CodeIgniter.php(509): CodeIgniter\CodeIgniter->runController(Object(App\Controllers\ProjectMaster))
11 SYSTEMPATH\CodeIgniter.php(355): CodeIgniter\CodeIgniter->handleRequest(null, Object(Config\Cache), false)
12 SYSTEMPATH\Boot.php(325): CodeIgniter\CodeIgniter->run()
13 SYSTEMPATH\Boot.php(67): CodeIgniter\Boot::runCodeIgniter(Object(CodeIgniter\CodeIgniter))
14 FCPATH\index.php(56): CodeIgniter\Boot::bootWeb(Object(Config\Paths))
ERROR - 2025-02-11 05:16:47 --> mysqli_sql_exception: Column 'fullname' cannot be null in C:\xampp\htdocs\Wolfox\system\Database\MySQLi\Connection.php:312
Stack trace:
#0 C:\xampp\htdocs\Wolfox\system\Database\MySQLi\Connection.php(312): mysqli->query('INSERT INTO `pr...', 0)
#1 C:\xampp\htdocs\Wolfox\system\Database\BaseConnection.php(734): CodeIgniter\Database\MySQLi\Connection->execute('INSERT INTO `pr...')
#2 C:\xampp\htdocs\Wolfox\system\Database\BaseConnection.php(648): CodeIgniter\Database\BaseConnection->simpleQuery('INSERT INTO `pr...')
#3 C:\xampp\htdocs\Wolfox\system\Database\BaseBuilder.php(2340): CodeIgniter\Database\BaseConnection->query('INSERT INTO `pr...', Array, false)
#4 C:\xampp\htdocs\Wolfox\system\Model.php(394): CodeIgniter\Database\BaseBuilder->insert()
#5 C:\xampp\htdocs\Wolfox\system\BaseModel.php(840): CodeIgniter\Model->doInsert(Array)
#6 C:\xampp\htdocs\Wolfox\system\Model.php(802): CodeIgniter\BaseModel->insert(Array, true)
#7 C:\xampp\htdocs\Wolfox\app\Controllers\ProjectMaster.php(41): CodeIgniter\Model->insert(Array)
#8 C:\xampp\htdocs\Wolfox\system\CodeIgniter.php(933): App\Controllers\ProjectMaster->save()
#9 C:\xampp\htdocs\Wolfox\system\CodeIgniter.php(509): CodeIgniter\CodeIgniter->runController(Object(App\Controllers\ProjectMaster))
#10 C:\xampp\htdocs\Wolfox\system\CodeIgniter.php(355): CodeIgniter\CodeIgniter->handleRequest(NULL, Object(Config\Cache), false)
#11 C:\xampp\htdocs\Wolfox\system\Boot.php(325): CodeIgniter\CodeIgniter->run()
#12 C:\xampp\htdocs\Wolfox\system\Boot.php(67): CodeIgniter\Boot::runCodeIgniter(Object(CodeIgniter\CodeIgniter))
#13 C:\xampp\htdocs\Wolfox\index.php(56): CodeIgniter\Boot::bootWeb(Object(Config\Paths))
#14 {main}
CRITICAL - 2025-02-11 05:16:47 --> CodeIgniter\Database\Exceptions\DatabaseException: Column 'fullname' cannot be null
[Method: POST, Route: Admin/Project/save]
in SYSTEMPATH\Database\BaseConnection.php on line 688.
 1 SYSTEMPATH\Database\BaseBuilder.php(2340): CodeIgniter\Database\BaseConnection->query('INSERT INTO `project` (`fullname`, `collegename`, `phonenumber`, `projectname`, `description`, `technology`, `cost`, `date`) VALUES (:fullname:, :collegename:, :phonenumber:, :projectname:, :description:, :technology:, :cost:, :date:)', [...], false)
 2 SYSTEMPATH\Model.php(394): CodeIgniter\Database\BaseBuilder->insert()
 3 SYSTEMPATH\BaseModel.php(840): CodeIgniter\Model->doInsert([...])
 4 SYSTEMPATH\Model.php(802): CodeIgniter\BaseModel->insert([...], true)
 5 APPPATH\Controllers\ProjectMaster.php(41): CodeIgniter\Model->insert([...])
 6 SYSTEMPATH\CodeIgniter.php(933): App\Controllers\ProjectMaster->save()
 7 SYSTEMPATH\CodeIgniter.php(509): CodeIgniter\CodeIgniter->runController(Object(App\Controllers\ProjectMaster))
 8 SYSTEMPATH\CodeIgniter.php(355): CodeIgniter\CodeIgniter->handleRequest(null, Object(Config\Cache), false)
 9 SYSTEMPATH\Boot.php(325): CodeIgniter\CodeIgniter->run()
10 SYSTEMPATH\Boot.php(67): CodeIgniter\Boot::runCodeIgniter(Object(CodeIgniter\CodeIgniter))
11 FCPATH\index.php(56): CodeIgniter\Boot::bootWeb(Object(Config\Paths))
CRITICAL - 2025-02-11 05:16:47 --> [Caused by] CodeIgniter\Database\Exceptions\DatabaseException: Column 'fullname' cannot be null
in SYSTEMPATH\Database\MySQLi\Connection.php on line 317.
 1 SYSTEMPATH\Database\BaseConnection.php(734): CodeIgniter\Database\MySQLi\Connection->execute('INSERT INTO `project` (`fullname`, `collegename`, `phonenumber`, `projectname`, `description`, `technology`, `cost`, `date`) VALUES (NULL, NULL, NULL, NULL, NULL, NULL, NULL, NULL)')
 2 SYSTEMPATH\Database\BaseConnection.php(648): CodeIgniter\Database\BaseConnection->simpleQuery('INSERT INTO `project` (`fullname`, `collegename`, `phonenumber`, `projectname`, `description`, `technology`, `cost`, `date`) VALUES (NULL, NULL, NULL, NULL, NULL, NULL, NULL, NULL)')
 3 SYSTEMPATH\Database\BaseBuilder.php(2340): CodeIgniter\Database\BaseConnection->query('INSERT INTO `project` (`fullname`, `collegename`, `phonenumber`, `projectname`, `description`, `technology`, `cost`, `date`) VALUES (:fullname:, :collegename:, :phonenumber:, :projectname:, :description:, :technology:, :cost:, :date:)', [...], false)
 4 SYSTEMPATH\Model.php(394): CodeIgniter\Database\BaseBuilder->insert()
 5 SYSTEMPATH\BaseModel.php(840): CodeIgniter\Model->doInsert([...])
 6 SYSTEMPATH\Model.php(802): CodeIgniter\BaseModel->insert([...], true)
 7 APPPATH\Controllers\ProjectMaster.php(41): CodeIgniter\Model->insert([...])
 8 SYSTEMPATH\CodeIgniter.php(933): App\Controllers\ProjectMaster->save()
 9 SYSTEMPATH\CodeIgniter.php(509): CodeIgniter\CodeIgniter->runController(Object(App\Controllers\ProjectMaster))
10 SYSTEMPATH\CodeIgniter.php(355): CodeIgniter\CodeIgniter->handleRequest(null, Object(Config\Cache), false)
11 SYSTEMPATH\Boot.php(325): CodeIgniter\CodeIgniter->run()
12 SYSTEMPATH\Boot.php(67): CodeIgniter\Boot::runCodeIgniter(Object(CodeIgniter\CodeIgniter))
13 FCPATH\index.php(56): CodeIgniter\Boot::bootWeb(Object(Config\Paths))
CRITICAL - 2025-02-11 05:16:47 --> [Caused by] mysqli_sql_exception: Column 'fullname' cannot be null
in SYSTEMPATH\Database\MySQLi\Connection.php on line 312.
 1 SYSTEMPATH\Database\MySQLi\Connection.php(312): mysqli->query('INSERT INTO `project` (`fullname`, `collegename`, `phonenumber`, `projectname`, `description`, `technology`, `cost`, `date`) VALUES (NULL, NULL, NULL, NULL, NULL, NULL, NULL, NULL)', 0)
 2 SYSTEMPATH\Database\BaseConnection.php(734): CodeIgniter\Database\MySQLi\Connection->execute('INSERT INTO `project` (`fullname`, `collegename`, `phonenumber`, `projectname`, `description`, `technology`, `cost`, `date`) VALUES (NULL, NULL, NULL, NULL, NULL, NULL, NULL, NULL)')
 3 SYSTEMPATH\Database\BaseConnection.php(648): CodeIgniter\Database\BaseConnection->simpleQuery('INSERT INTO `project` (`fullname`, `collegename`, `phonenumber`, `projectname`, `description`, `technology`, `cost`, `date`) VALUES (NULL, NULL, NULL, NULL, NULL, NULL, NULL, NULL)')
 4 SYSTEMPATH\Database\BaseBuilder.php(2340): CodeIgniter\Database\BaseConnection->query('INSERT INTO `project` (`fullname`, `collegename`, `phonenumber`, `projectname`, `description`, `technology`, `cost`, `date`) VALUES (:fullname:, :collegename:, :phonenumber:, :projectname:, :description:, :technology:, :cost:, :date:)', [...], false)
 5 SYSTEMPATH\Model.php(394): CodeIgniter\Database\BaseBuilder->insert()
 6 SYSTEMPATH\BaseModel.php(840): CodeIgniter\Model->doInsert([...])
 7 SYSTEMPATH\Model.php(802): CodeIgniter\BaseModel->insert([...], true)
 8 APPPATH\Controllers\ProjectMaster.php(41): CodeIgniter\Model->insert([...])
 9 SYSTEMPATH\CodeIgniter.php(933): App\Controllers\ProjectMaster->save()
10 SYSTEMPATH\CodeIgniter.php(509): CodeIgniter\CodeIgniter->runController(Object(App\Controllers\ProjectMaster))
11 SYSTEMPATH\CodeIgniter.php(355): CodeIgniter\CodeIgniter->handleRequest(null, Object(Config\Cache), false)
12 SYSTEMPATH\Boot.php(325): CodeIgniter\CodeIgniter->run()
13 SYSTEMPATH\Boot.php(67): CodeIgniter\Boot::runCodeIgniter(Object(CodeIgniter\CodeIgniter))
14 FCPATH\index.php(56): CodeIgniter\Boot::bootWeb(Object(Config\Paths))
ERROR - 2025-02-11 05:18:13 --> mysqli_sql_exception: Column 'fullname' cannot be null in C:\xampp\htdocs\Wolfox\system\Database\MySQLi\Connection.php:312
Stack trace:
#0 C:\xampp\htdocs\Wolfox\system\Database\MySQLi\Connection.php(312): mysqli->query('INSERT INTO `pr...', 0)
#1 C:\xampp\htdocs\Wolfox\system\Database\BaseConnection.php(734): CodeIgniter\Database\MySQLi\Connection->execute('INSERT INTO `pr...')
#2 C:\xampp\htdocs\Wolfox\system\Database\BaseConnection.php(648): CodeIgniter\Database\BaseConnection->simpleQuery('INSERT INTO `pr...')
#3 C:\xampp\htdocs\Wolfox\system\Database\BaseBuilder.php(2340): CodeIgniter\Database\BaseConnection->query('INSERT INTO `pr...', Array, false)
#4 C:\xampp\htdocs\Wolfox\system\Model.php(394): CodeIgniter\Database\BaseBuilder->insert()
#5 C:\xampp\htdocs\Wolfox\system\BaseModel.php(840): CodeIgniter\Model->doInsert(Array)
#6 C:\xampp\htdocs\Wolfox\system\Model.php(802): CodeIgniter\BaseModel->insert(Array, true)
#7 C:\xampp\htdocs\Wolfox\app\Controllers\ProjectMaster.php(41): CodeIgniter\Model->insert(Array)
#8 C:\xampp\htdocs\Wolfox\system\CodeIgniter.php(933): App\Controllers\ProjectMaster->save()
#9 C:\xampp\htdocs\Wolfox\system\CodeIgniter.php(509): CodeIgniter\CodeIgniter->runController(Object(App\Controllers\ProjectMaster))
#10 C:\xampp\htdocs\Wolfox\system\CodeIgniter.php(355): CodeIgniter\CodeIgniter->handleRequest(NULL, Object(Config\Cache), false)
#11 C:\xampp\htdocs\Wolfox\system\Boot.php(325): CodeIgniter\CodeIgniter->run()
#12 C:\xampp\htdocs\Wolfox\system\Boot.php(67): CodeIgniter\Boot::runCodeIgniter(Object(CodeIgniter\CodeIgniter))
#13 C:\xampp\htdocs\Wolfox\index.php(56): CodeIgniter\Boot::bootWeb(Object(Config\Paths))
#14 {main}
CRITICAL - 2025-02-11 05:18:13 --> CodeIgniter\Database\Exceptions\DatabaseException: Column 'fullname' cannot be null
[Method: POST, Route: Admin/Project/save]
in SYSTEMPATH\Database\BaseConnection.php on line 688.
 1 SYSTEMPATH\Database\BaseBuilder.php(2340): CodeIgniter\Database\BaseConnection->query('INSERT INTO `project` (`fullname`, `collegename`, `phonenumber`, `projectname`, `description`, `technology`, `cost`, `date`) VALUES (:fullname:, :collegename:, :phonenumber:, :projectname:, :description:, :technology:, :cost:, :date:)', [...], false)
 2 SYSTEMPATH\Model.php(394): CodeIgniter\Database\BaseBuilder->insert()
 3 SYSTEMPATH\BaseModel.php(840): CodeIgniter\Model->doInsert([...])
 4 SYSTEMPATH\Model.php(802): CodeIgniter\BaseModel->insert([...], true)
 5 APPPATH\Controllers\ProjectMaster.php(41): CodeIgniter\Model->insert([...])
 6 SYSTEMPATH\CodeIgniter.php(933): App\Controllers\ProjectMaster->save()
 7 SYSTEMPATH\CodeIgniter.php(509): CodeIgniter\CodeIgniter->runController(Object(App\Controllers\ProjectMaster))
 8 SYSTEMPATH\CodeIgniter.php(355): CodeIgniter\CodeIgniter->handleRequest(null, Object(Config\Cache), false)
 9 SYSTEMPATH\Boot.php(325): CodeIgniter\CodeIgniter->run()
10 SYSTEMPATH\Boot.php(67): CodeIgniter\Boot::runCodeIgniter(Object(CodeIgniter\CodeIgniter))
11 FCPATH\index.php(56): CodeIgniter\Boot::bootWeb(Object(Config\Paths))
CRITICAL - 2025-02-11 05:18:13 --> [Caused by] CodeIgniter\Database\Exceptions\DatabaseException: Column 'fullname' cannot be null
in SYSTEMPATH\Database\MySQLi\Connection.php on line 317.
 1 SYSTEMPATH\Database\BaseConnection.php(734): CodeIgniter\Database\MySQLi\Connection->execute('INSERT INTO `project` (`fullname`, `collegename`, `phonenumber`, `projectname`, `description`, `technology`, `cost`, `date`) VALUES (NULL, NULL, NULL, NULL, NULL, NULL, NULL, NULL)')
 2 SYSTEMPATH\Database\BaseConnection.php(648): CodeIgniter\Database\BaseConnection->simpleQuery('INSERT INTO `project` (`fullname`, `collegename`, `phonenumber`, `projectname`, `description`, `technology`, `cost`, `date`) VALUES (NULL, NULL, NULL, NULL, NULL, NULL, NULL, NULL)')
 3 SYSTEMPATH\Database\BaseBuilder.php(2340): CodeIgniter\Database\BaseConnection->query('INSERT INTO `project` (`fullname`, `collegename`, `phonenumber`, `projectname`, `description`, `technology`, `cost`, `date`) VALUES (:fullname:, :collegename:, :phonenumber:, :projectname:, :description:, :technology:, :cost:, :date:)', [...], false)
 4 SYSTEMPATH\Model.php(394): CodeIgniter\Database\BaseBuilder->insert()
 5 SYSTEMPATH\BaseModel.php(840): CodeIgniter\Model->doInsert([...])
 6 SYSTEMPATH\Model.php(802): CodeIgniter\BaseModel->insert([...], true)
 7 APPPATH\Controllers\ProjectMaster.php(41): CodeIgniter\Model->insert([...])
 8 SYSTEMPATH\CodeIgniter.php(933): App\Controllers\ProjectMaster->save()
 9 SYSTEMPATH\CodeIgniter.php(509): CodeIgniter\CodeIgniter->runController(Object(App\Controllers\ProjectMaster))
10 SYSTEMPATH\CodeIgniter.php(355): CodeIgniter\CodeIgniter->handleRequest(null, Object(Config\Cache), false)
11 SYSTEMPATH\Boot.php(325): CodeIgniter\CodeIgniter->run()
12 SYSTEMPATH\Boot.php(67): CodeIgniter\Boot::runCodeIgniter(Object(CodeIgniter\CodeIgniter))
13 FCPATH\index.php(56): CodeIgniter\Boot::bootWeb(Object(Config\Paths))
CRITICAL - 2025-02-11 05:18:13 --> [Caused by] mysqli_sql_exception: Column 'fullname' cannot be null
in SYSTEMPATH\Database\MySQLi\Connection.php on line 312.
 1 SYSTEMPATH\Database\MySQLi\Connection.php(312): mysqli->query('INSERT INTO `project` (`fullname`, `collegename`, `phonenumber`, `projectname`, `description`, `technology`, `cost`, `date`) VALUES (NULL, NULL, NULL, NULL, NULL, NULL, NULL, NULL)', 0)
 2 SYSTEMPATH\Database\BaseConnection.php(734): CodeIgniter\Database\MySQLi\Connection->execute('INSERT INTO `project` (`fullname`, `collegename`, `phonenumber`, `projectname`, `description`, `technology`, `cost`, `date`) VALUES (NULL, NULL, NULL, NULL, NULL, NULL, NULL, NULL)')
 3 SYSTEMPATH\Database\BaseConnection.php(648): CodeIgniter\Database\BaseConnection->simpleQuery('INSERT INTO `project` (`fullname`, `collegename`, `phonenumber`, `projectname`, `description`, `technology`, `cost`, `date`) VALUES (NULL, NULL, NULL, NULL, NULL, NULL, NULL, NULL)')
 4 SYSTEMPATH\Database\BaseBuilder.php(2340): CodeIgniter\Database\BaseConnection->query('INSERT INTO `project` (`fullname`, `collegename`, `phonenumber`, `projectname`, `description`, `technology`, `cost`, `date`) VALUES (:fullname:, :collegename:, :phonenumber:, :projectname:, :description:, :technology:, :cost:, :date:)', [...], false)
 5 SYSTEMPATH\Model.php(394): CodeIgniter\Database\BaseBuilder->insert()
 6 SYSTEMPATH\BaseModel.php(840): CodeIgniter\Model->doInsert([...])
 7 SYSTEMPATH\Model.php(802): CodeIgniter\BaseModel->insert([...], true)
 8 APPPATH\Controllers\ProjectMaster.php(41): CodeIgniter\Model->insert([...])
 9 SYSTEMPATH\CodeIgniter.php(933): App\Controllers\ProjectMaster->save()
10 SYSTEMPATH\CodeIgniter.php(509): CodeIgniter\CodeIgniter->runController(Object(App\Controllers\ProjectMaster))
11 SYSTEMPATH\CodeIgniter.php(355): CodeIgniter\CodeIgniter->handleRequest(null, Object(Config\Cache), false)
12 SYSTEMPATH\Boot.php(325): CodeIgniter\CodeIgniter->run()
13 SYSTEMPATH\Boot.php(67): CodeIgniter\Boot::runCodeIgniter(Object(CodeIgniter\CodeIgniter))
14 FCPATH\index.php(56): CodeIgniter\Boot::bootWeb(Object(Config\Paths))
ERROR - 2025-02-11 05:22:23 --> mysqli_sql_exception: Column 'fullname' cannot be null in C:\xampp\htdocs\Wolfox\system\Database\MySQLi\Connection.php:312
Stack trace:
#0 C:\xampp\htdocs\Wolfox\system\Database\MySQLi\Connection.php(312): mysqli->query('INSERT INTO `pr...', 0)
#1 C:\xampp\htdocs\Wolfox\system\Database\BaseConnection.php(734): CodeIgniter\Database\MySQLi\Connection->execute('INSERT INTO `pr...')
#2 C:\xampp\htdocs\Wolfox\system\Database\BaseConnection.php(648): CodeIgniter\Database\BaseConnection->simpleQuery('INSERT INTO `pr...')
#3 C:\xampp\htdocs\Wolfox\system\Database\BaseBuilder.php(2340): CodeIgniter\Database\BaseConnection->query('INSERT INTO `pr...', Array, false)
#4 C:\xampp\htdocs\Wolfox\system\Model.php(394): CodeIgniter\Database\BaseBuilder->insert()
#5 C:\xampp\htdocs\Wolfox\system\BaseModel.php(840): CodeIgniter\Model->doInsert(Array)
#6 C:\xampp\htdocs\Wolfox\system\Model.php(802): CodeIgniter\BaseModel->insert(Array, true)
#7 C:\xampp\htdocs\Wolfox\app\Controllers\ProjectMaster.php(41): CodeIgniter\Model->insert(Array)
#8 C:\xampp\htdocs\Wolfox\system\CodeIgniter.php(933): App\Controllers\ProjectMaster->save()
#9 C:\xampp\htdocs\Wolfox\system\CodeIgniter.php(509): CodeIgniter\CodeIgniter->runController(Object(App\Controllers\ProjectMaster))
#10 C:\xampp\htdocs\Wolfox\system\CodeIgniter.php(355): CodeIgniter\CodeIgniter->handleRequest(NULL, Object(Config\Cache), false)
#11 C:\xampp\htdocs\Wolfox\system\Boot.php(325): CodeIgniter\CodeIgniter->run()
#12 C:\xampp\htdocs\Wolfox\system\Boot.php(67): CodeIgniter\Boot::runCodeIgniter(Object(CodeIgniter\CodeIgniter))
#13 C:\xampp\htdocs\Wolfox\index.php(56): CodeIgniter\Boot::bootWeb(Object(Config\Paths))
#14 {main}
CRITICAL - 2025-02-11 05:22:23 --> CodeIgniter\Database\Exceptions\DatabaseException: Column 'fullname' cannot be null
[Method: POST, Route: Admin/Project/save]
in SYSTEMPATH\Database\BaseConnection.php on line 688.
 1 SYSTEMPATH\Database\BaseBuilder.php(2340): CodeIgniter\Database\BaseConnection->query('INSERT INTO `project` (`fullname`, `collegename`, `phonenumber`, `projectname`, `description`, `technology`, `cost`, `date`) VALUES (:fullname:, :collegename:, :phonenumber:, :projectname:, :description:, :technology:, :cost:, :date:)', [...], false)
 2 SYSTEMPATH\Model.php(394): CodeIgniter\Database\BaseBuilder->insert()
 3 SYSTEMPATH\BaseModel.php(840): CodeIgniter\Model->doInsert([...])
 4 SYSTEMPATH\Model.php(802): CodeIgniter\BaseModel->insert([...], true)
 5 APPPATH\Controllers\ProjectMaster.php(41): CodeIgniter\Model->insert([...])
 6 SYSTEMPATH\CodeIgniter.php(933): App\Controllers\ProjectMaster->save()
 7 SYSTEMPATH\CodeIgniter.php(509): CodeIgniter\CodeIgniter->runController(Object(App\Controllers\ProjectMaster))
 8 SYSTEMPATH\CodeIgniter.php(355): CodeIgniter\CodeIgniter->handleRequest(null, Object(Config\Cache), false)
 9 SYSTEMPATH\Boot.php(325): CodeIgniter\CodeIgniter->run()
10 SYSTEMPATH\Boot.php(67): CodeIgniter\Boot::runCodeIgniter(Object(CodeIgniter\CodeIgniter))
11 FCPATH\index.php(56): CodeIgniter\Boot::bootWeb(Object(Config\Paths))
CRITICAL - 2025-02-11 05:22:23 --> [Caused by] CodeIgniter\Database\Exceptions\DatabaseException: Column 'fullname' cannot be null
in SYSTEMPATH\Database\MySQLi\Connection.php on line 317.
 1 SYSTEMPATH\Database\BaseConnection.php(734): CodeIgniter\Database\MySQLi\Connection->execute('INSERT INTO `project` (`fullname`, `collegename`, `phonenumber`, `projectname`, `description`, `technology`, `cost`, `date`) VALUES (NULL, NULL, NULL, NULL, NULL, NULL, NULL, NULL)')
 2 SYSTEMPATH\Database\BaseConnection.php(648): CodeIgniter\Database\BaseConnection->simpleQuery('INSERT INTO `project` (`fullname`, `collegename`, `phonenumber`, `projectname`, `description`, `technology`, `cost`, `date`) VALUES (NULL, NULL, NULL, NULL, NULL, NULL, NULL, NULL)')
 3 SYSTEMPATH\Database\BaseBuilder.php(2340): CodeIgniter\Database\BaseConnection->query('INSERT INTO `project` (`fullname`, `collegename`, `phonenumber`, `projectname`, `description`, `technology`, `cost`, `date`) VALUES (:fullname:, :collegename:, :phonenumber:, :projectname:, :description:, :technology:, :cost:, :date:)', [...], false)
 4 SYSTEMPATH\Model.php(394): CodeIgniter\Database\BaseBuilder->insert()
 5 SYSTEMPATH\BaseModel.php(840): CodeIgniter\Model->doInsert([...])
 6 SYSTEMPATH\Model.php(802): CodeIgniter\BaseModel->insert([...], true)
 7 APPPATH\Controllers\ProjectMaster.php(41): CodeIgniter\Model->insert([...])
 8 SYSTEMPATH\CodeIgniter.php(933): App\Controllers\ProjectMaster->save()
 9 SYSTEMPATH\CodeIgniter.php(509): CodeIgniter\CodeIgniter->runController(Object(App\Controllers\ProjectMaster))
10 SYSTEMPATH\CodeIgniter.php(355): CodeIgniter\CodeIgniter->handleRequest(null, Object(Config\Cache), false)
11 SYSTEMPATH\Boot.php(325): CodeIgniter\CodeIgniter->run()
12 SYSTEMPATH\Boot.php(67): CodeIgniter\Boot::runCodeIgniter(Object(CodeIgniter\CodeIgniter))
13 FCPATH\index.php(56): CodeIgniter\Boot::bootWeb(Object(Config\Paths))
CRITICAL - 2025-02-11 05:22:23 --> [Caused by] mysqli_sql_exception: Column 'fullname' cannot be null
in SYSTEMPATH\Database\MySQLi\Connection.php on line 312.
 1 SYSTEMPATH\Database\MySQLi\Connection.php(312): mysqli->query('INSERT INTO `project` (`fullname`, `collegename`, `phonenumber`, `projectname`, `description`, `technology`, `cost`, `date`) VALUES (NULL, NULL, NULL, NULL, NULL, NULL, NULL, NULL)', 0)
 2 SYSTEMPATH\Database\BaseConnection.php(734): CodeIgniter\Database\MySQLi\Connection->execute('INSERT INTO `project` (`fullname`, `collegename`, `phonenumber`, `projectname`, `description`, `technology`, `cost`, `date`) VALUES (NULL, NULL, NULL, NULL, NULL, NULL, NULL, NULL)')
 3 SYSTEMPATH\Database\BaseConnection.php(648): CodeIgniter\Database\BaseConnection->simpleQuery('INSERT INTO `project` (`fullname`, `collegename`, `phonenumber`, `projectname`, `description`, `technology`, `cost`, `date`) VALUES (NULL, NULL, NULL, NULL, NULL, NULL, NULL, NULL)')
 4 SYSTEMPATH\Database\BaseBuilder.php(2340): CodeIgniter\Database\BaseConnection->query('INSERT INTO `project` (`fullname`, `collegename`, `phonenumber`, `projectname`, `description`, `technology`, `cost`, `date`) VALUES (:fullname:, :collegename:, :phonenumber:, :projectname:, :description:, :technology:, :cost:, :date:)', [...], false)
 5 SYSTEMPATH\Model.php(394): CodeIgniter\Database\BaseBuilder->insert()
 6 SYSTEMPATH\BaseModel.php(840): CodeIgniter\Model->doInsert([...])
 7 SYSTEMPATH\Model.php(802): CodeIgniter\BaseModel->insert([...], true)
 8 APPPATH\Controllers\ProjectMaster.php(41): CodeIgniter\Model->insert([...])
 9 SYSTEMPATH\CodeIgniter.php(933): App\Controllers\ProjectMaster->save()
10 SYSTEMPATH\CodeIgniter.php(509): CodeIgniter\CodeIgniter->runController(Object(App\Controllers\ProjectMaster))
11 SYSTEMPATH\CodeIgniter.php(355): CodeIgniter\CodeIgniter->handleRequest(null, Object(Config\Cache), false)
12 SYSTEMPATH\Boot.php(325): CodeIgniter\CodeIgniter->run()
13 SYSTEMPATH\Boot.php(67): CodeIgniter\Boot::runCodeIgniter(Object(CodeIgniter\CodeIgniter))
14 FCPATH\index.php(56): CodeIgniter\Boot::bootWeb(Object(Config\Paths))
CRITICAL - 2025-02-11 05:31:12 --> ErrorException: Undefined array key "id"
[Method: GET, Route: Admin/Batch/list]
in APPPATH\Views\Admin\Batch\list.php on line 46.
 1 APPPATH\Views\Admin\Batch\list.php(46): CodeIgniter\Debug\Exceptions->errorHandler(2, 'Undefined array key "id"', 'C:\\xampp\\htdocs\\Wolfox\\app\\Views\\Admin\\Batch\\list.php', 46)
 2 SYSTEMPATH\View\View.php(234): include('C:\\xampp\\htdocs\\Wolfox\\app\\Views\\Admin\\Batch\\list.php')
 3 SYSTEMPATH\View\View.php(237): CodeIgniter\View\View->CodeIgniter\View\{closure}()
 4 SYSTEMPATH\Common.php(1171): CodeIgniter\View\View->render('/Admin/Batch/list', [], true)
 5 APPPATH\Controllers\BatchMaster.php(62): view('/Admin/Batch/list', [...])
 6 SYSTEMPATH\CodeIgniter.php(933): App\Controllers\BatchMaster->list()
 7 SYSTEMPATH\CodeIgniter.php(509): CodeIgniter\CodeIgniter->runController(Object(App\Controllers\BatchMaster))
 8 SYSTEMPATH\CodeIgniter.php(355): CodeIgniter\CodeIgniter->handleRequest(null, Object(Config\Cache), false)
 9 SYSTEMPATH\Boot.php(325): CodeIgniter\CodeIgniter->run()
10 SYSTEMPATH\Boot.php(67): CodeIgniter\Boot::runCodeIgniter(Object(CodeIgniter\CodeIgniter))
11 FCPATH\index.php(56): CodeIgniter\Boot::bootWeb(Object(Config\Paths))
CRITICAL - 2025-02-11 05:32:39 --> ErrorException: Undefined array key "id"
[Method: GET, Route: Admin/Batch/list]
in APPPATH\Views\Admin\Batch\list.php on line 47.
 1 APPPATH\Views\Admin\Batch\list.php(47): CodeIgniter\Debug\Exceptions->errorHandler(2, 'Undefined array key "id"', 'C:\\xampp\\htdocs\\Wolfox\\app\\Views\\Admin\\Batch\\list.php', 47)
 2 SYSTEMPATH\View\View.php(234): include('C:\\xampp\\htdocs\\Wolfox\\app\\Views\\Admin\\Batch\\list.php')
 3 SYSTEMPATH\View\View.php(237): CodeIgniter\View\View->CodeIgniter\View\{closure}()
 4 SYSTEMPATH\Common.php(1171): CodeIgniter\View\View->render('/Admin/Batch/list', [], true)
 5 APPPATH\Controllers\BatchMaster.php(62): view('/Admin/Batch/list', [...])
 6 SYSTEMPATH\CodeIgniter.php(933): App\Controllers\BatchMaster->list()
 7 SYSTEMPATH\CodeIgniter.php(509): CodeIgniter\CodeIgniter->runController(Object(App\Controllers\BatchMaster))
 8 SYSTEMPATH\CodeIgniter.php(355): CodeIgniter\CodeIgniter->handleRequest(null, Object(Config\Cache), false)
 9 SYSTEMPATH\Boot.php(325): CodeIgniter\CodeIgniter->run()
10 SYSTEMPATH\Boot.php(67): CodeIgniter\Boot::runCodeIgniter(Object(CodeIgniter\CodeIgniter))
11 FCPATH\index.php(56): CodeIgniter\Boot::bootWeb(Object(Config\Paths))
ERROR - 2025-02-11 05:33:02 --> mysqli_sql_exception: Unknown column 'batch.id' in 'where clause' in C:\xampp\htdocs\Wolfox\system\Database\MySQLi\Connection.php:312
Stack trace:
#0 C:\xampp\htdocs\Wolfox\system\Database\MySQLi\Connection.php(312): mysqli->query('SELECT *\nFROM `...', 0)
#1 C:\xampp\htdocs\Wolfox\system\Database\BaseConnection.php(734): CodeIgniter\Database\MySQLi\Connection->execute('SELECT *\nFROM `...')
#2 C:\xampp\htdocs\Wolfox\system\Database\BaseConnection.php(648): CodeIgniter\Database\BaseConnection->simpleQuery('SELECT *\nFROM `...')
#3 C:\xampp\htdocs\Wolfox\system\Database\BaseBuilder.php(1644): CodeIgniter\Database\BaseConnection->query('SELECT *\nFROM `...', Array, false)
#4 C:\xampp\htdocs\Wolfox\system\Model.php(210): CodeIgniter\Database\BaseBuilder->get()
#5 C:\xampp\htdocs\Wolfox\system\BaseModel.php(610): CodeIgniter\Model->doFind(true, '1')
#6 C:\xampp\htdocs\Wolfox\app\Controllers\BatchMaster.php(71): CodeIgniter\BaseModel->find('1')
#7 C:\xampp\htdocs\Wolfox\system\CodeIgniter.php(933): App\Controllers\BatchMaster->edit('1')
#8 C:\xampp\htdocs\Wolfox\system\CodeIgniter.php(509): CodeIgniter\CodeIgniter->runController(Object(App\Controllers\BatchMaster))
#9 C:\xampp\htdocs\Wolfox\system\CodeIgniter.php(355): CodeIgniter\CodeIgniter->handleRequest(NULL, Object(Config\Cache), false)
#10 C:\xampp\htdocs\Wolfox\system\Boot.php(325): CodeIgniter\CodeIgniter->run()
#11 C:\xampp\htdocs\Wolfox\system\Boot.php(67): CodeIgniter\Boot::runCodeIgniter(Object(CodeIgniter\CodeIgniter))
#12 C:\xampp\htdocs\Wolfox\index.php(56): CodeIgniter\Boot::bootWeb(Object(Config\Paths))
#13 {main}
CRITICAL - 2025-02-11 05:33:02 --> CodeIgniter\Database\Exceptions\DatabaseException: Unknown column 'batch.id' in 'where clause'
[Method: GET, Route: Admin/Batch/edit/1]
in SYSTEMPATH\Database\BaseConnection.php on line 688.
 1 SYSTEMPATH\Database\BaseBuilder.php(1644): CodeIgniter\Database\BaseConnection->query('SELECT *
FROM `batch`
WHERE `batch`.`id` = :batch.id:', [...], false)
 2 SYSTEMPATH\Model.php(210): CodeIgniter\Database\BaseBuilder->get()
 3 SYSTEMPATH\BaseModel.php(610): CodeIgniter\Model->doFind(true, '1')
 4 APPPATH\Controllers\BatchMaster.php(71): CodeIgniter\BaseModel->find('1')
 5 SYSTEMPATH\CodeIgniter.php(933): App\Controllers\BatchMaster->edit('1')
 6 SYSTEMPATH\CodeIgniter.php(509): CodeIgniter\CodeIgniter->runController(Object(App\Controllers\BatchMaster))
 7 SYSTEMPATH\CodeIgniter.php(355): CodeIgniter\CodeIgniter->handleRequest(null, Object(Config\Cache), false)
 8 SYSTEMPATH\Boot.php(325): CodeIgniter\CodeIgniter->run()
 9 SYSTEMPATH\Boot.php(67): CodeIgniter\Boot::runCodeIgniter(Object(CodeIgniter\CodeIgniter))
10 FCPATH\index.php(56): CodeIgniter\Boot::bootWeb(Object(Config\Paths))
CRITICAL - 2025-02-11 05:33:02 --> [Caused by] CodeIgniter\Database\Exceptions\DatabaseException: Unknown column 'batch.id' in 'where clause'
in SYSTEMPATH\Database\MySQLi\Connection.php on line 317.
 1 SYSTEMPATH\Database\BaseConnection.php(734): CodeIgniter\Database\MySQLi\Connection->execute('SELECT *
FROM `batch`
WHERE `batch`.`id` = \'1\'')
 2 SYSTEMPATH\Database\BaseConnection.php(648): CodeIgniter\Database\BaseConnection->simpleQuery('SELECT *
FROM `batch`
WHERE `batch`.`id` = \'1\'')
 3 SYSTEMPATH\Database\BaseBuilder.php(1644): CodeIgniter\Database\BaseConnection->query('SELECT *
FROM `batch`
WHERE `batch`.`id` = :batch.id:', [...], false)
 4 SYSTEMPATH\Model.php(210): CodeIgniter\Database\BaseBuilder->get()
 5 SYSTEMPATH\BaseModel.php(610): CodeIgniter\Model->doFind(true, '1')
 6 APPPATH\Controllers\BatchMaster.php(71): CodeIgniter\BaseModel->find('1')
 7 SYSTEMPATH\CodeIgniter.php(933): App\Controllers\BatchMaster->edit('1')
 8 SYSTEMPATH\CodeIgniter.php(509): CodeIgniter\CodeIgniter->runController(Object(App\Controllers\BatchMaster))
 9 SYSTEMPATH\CodeIgniter.php(355): CodeIgniter\CodeIgniter->handleRequest(null, Object(Config\Cache), false)
10 SYSTEMPATH\Boot.php(325): CodeIgniter\CodeIgniter->run()
11 SYSTEMPATH\Boot.php(67): CodeIgniter\Boot::runCodeIgniter(Object(CodeIgniter\CodeIgniter))
12 FCPATH\index.php(56): CodeIgniter\Boot::bootWeb(Object(Config\Paths))
CRITICAL - 2025-02-11 05:33:02 --> [Caused by] mysqli_sql_exception: Unknown column 'batch.id' in 'where clause'
in SYSTEMPATH\Database\MySQLi\Connection.php on line 312.
 1 SYSTEMPATH\Database\MySQLi\Connection.php(312): mysqli->query('SELECT *
FROM `batch`
WHERE `batch`.`id` = \'1\'', 0)
 2 SYSTEMPATH\Database\BaseConnection.php(734): CodeIgniter\Database\MySQLi\Connection->execute('SELECT *
FROM `batch`
WHERE `batch`.`id` = \'1\'')
 3 SYSTEMPATH\Database\BaseConnection.php(648): CodeIgniter\Database\BaseConnection->simpleQuery('SELECT *
FROM `batch`
WHERE `batch`.`id` = \'1\'')
 4 SYSTEMPATH\Database\BaseBuilder.php(1644): CodeIgniter\Database\BaseConnection->query('SELECT *
FROM `batch`
WHERE `batch`.`id` = :batch.id:', [...], false)
 5 SYSTEMPATH\Model.php(210): CodeIgniter\Database\BaseBuilder->get()
 6 SYSTEMPATH\BaseModel.php(610): CodeIgniter\Model->doFind(true, '1')
 7 APPPATH\Controllers\BatchMaster.php(71): CodeIgniter\BaseModel->find('1')
 8 SYSTEMPATH\CodeIgniter.php(933): App\Controllers\BatchMaster->edit('1')
 9 SYSTEMPATH\CodeIgniter.php(509): CodeIgniter\CodeIgniter->runController(Object(App\Controllers\BatchMaster))
10 SYSTEMPATH\CodeIgniter.php(355): CodeIgniter\CodeIgniter->handleRequest(null, Object(Config\Cache), false)
11 SYSTEMPATH\Boot.php(325): CodeIgniter\CodeIgniter->run()
12 SYSTEMPATH\Boot.php(67): CodeIgniter\Boot::runCodeIgniter(Object(CodeIgniter\CodeIgniter))
13 FCPATH\index.php(56): CodeIgniter\Boot::bootWeb(Object(Config\Paths))
ERROR - 2025-02-11 05:33:28 --> mysqli_sql_exception: Unknown column 'batch.id' in 'where clause' in C:\xampp\htdocs\Wolfox\system\Database\MySQLi\Connection.php:312
Stack trace:
#0 C:\xampp\htdocs\Wolfox\system\Database\MySQLi\Connection.php(312): mysqli->query('SELECT *\nFROM `...', 0)
#1 C:\xampp\htdocs\Wolfox\system\Database\BaseConnection.php(734): CodeIgniter\Database\MySQLi\Connection->execute('SELECT *\nFROM `...')
#2 C:\xampp\htdocs\Wolfox\system\Database\BaseConnection.php(648): CodeIgniter\Database\BaseConnection->simpleQuery('SELECT *\nFROM `...')
#3 C:\xampp\htdocs\Wolfox\system\Database\BaseBuilder.php(1644): CodeIgniter\Database\BaseConnection->query('SELECT *\nFROM `...', Array, false)
#4 C:\xampp\htdocs\Wolfox\system\Model.php(210): CodeIgniter\Database\BaseBuilder->get()
#5 C:\xampp\htdocs\Wolfox\system\BaseModel.php(610): CodeIgniter\Model->doFind(true, '1')
#6 C:\xampp\htdocs\Wolfox\app\Controllers\BatchMaster.php(71): CodeIgniter\BaseModel->find('1')
#7 C:\xampp\htdocs\Wolfox\system\CodeIgniter.php(933): App\Controllers\BatchMaster->edit('1')
#8 C:\xampp\htdocs\Wolfox\system\CodeIgniter.php(509): CodeIgniter\CodeIgniter->runController(Object(App\Controllers\BatchMaster))
#9 C:\xampp\htdocs\Wolfox\system\CodeIgniter.php(355): CodeIgniter\CodeIgniter->handleRequest(NULL, Object(Config\Cache), false)
#10 C:\xampp\htdocs\Wolfox\system\Boot.php(325): CodeIgniter\CodeIgniter->run()
#11 C:\xampp\htdocs\Wolfox\system\Boot.php(67): CodeIgniter\Boot::runCodeIgniter(Object(CodeIgniter\CodeIgniter))
#12 C:\xampp\htdocs\Wolfox\index.php(56): CodeIgniter\Boot::bootWeb(Object(Config\Paths))
#13 {main}
CRITICAL - 2025-02-11 05:33:28 --> CodeIgniter\Database\Exceptions\DatabaseException: Unknown column 'batch.id' in 'where clause'
[Method: GET, Route: Admin/Batch/edit/1]
in SYSTEMPATH\Database\BaseConnection.php on line 688.
 1 SYSTEMPATH\Database\BaseBuilder.php(1644): CodeIgniter\Database\BaseConnection->query('SELECT *
FROM `batch`
WHERE `batch`.`id` = :batch.id:', [...], false)
 2 SYSTEMPATH\Model.php(210): CodeIgniter\Database\BaseBuilder->get()
 3 SYSTEMPATH\BaseModel.php(610): CodeIgniter\Model->doFind(true, '1')
 4 APPPATH\Controllers\BatchMaster.php(71): CodeIgniter\BaseModel->find('1')
 5 SYSTEMPATH\CodeIgniter.php(933): App\Controllers\BatchMaster->edit('1')
 6 SYSTEMPATH\CodeIgniter.php(509): CodeIgniter\CodeIgniter->runController(Object(App\Controllers\BatchMaster))
 7 SYSTEMPATH\CodeIgniter.php(355): CodeIgniter\CodeIgniter->handleRequest(null, Object(Config\Cache), false)
 8 SYSTEMPATH\Boot.php(325): CodeIgniter\CodeIgniter->run()
 9 SYSTEMPATH\Boot.php(67): CodeIgniter\Boot::runCodeIgniter(Object(CodeIgniter\CodeIgniter))
10 FCPATH\index.php(56): CodeIgniter\Boot::bootWeb(Object(Config\Paths))
CRITICAL - 2025-02-11 05:33:28 --> [Caused by] CodeIgniter\Database\Exceptions\DatabaseException: Unknown column 'batch.id' in 'where clause'
in SYSTEMPATH\Database\MySQLi\Connection.php on line 317.
 1 SYSTEMPATH\Database\BaseConnection.php(734): CodeIgniter\Database\MySQLi\Connection->execute('SELECT *
FROM `batch`
WHERE `batch`.`id` = \'1\'')
 2 SYSTEMPATH\Database\BaseConnection.php(648): CodeIgniter\Database\BaseConnection->simpleQuery('SELECT *
FROM `batch`
WHERE `batch`.`id` = \'1\'')
 3 SYSTEMPATH\Database\BaseBuilder.php(1644): CodeIgniter\Database\BaseConnection->query('SELECT *
FROM `batch`
WHERE `batch`.`id` = :batch.id:', [...], false)
 4 SYSTEMPATH\Model.php(210): CodeIgniter\Database\BaseBuilder->get()
 5 SYSTEMPATH\BaseModel.php(610): CodeIgniter\Model->doFind(true, '1')
 6 APPPATH\Controllers\BatchMaster.php(71): CodeIgniter\BaseModel->find('1')
 7 SYSTEMPATH\CodeIgniter.php(933): App\Controllers\BatchMaster->edit('1')
 8 SYSTEMPATH\CodeIgniter.php(509): CodeIgniter\CodeIgniter->runController(Object(App\Controllers\BatchMaster))
 9 SYSTEMPATH\CodeIgniter.php(355): CodeIgniter\CodeIgniter->handleRequest(null, Object(Config\Cache), false)
10 SYSTEMPATH\Boot.php(325): CodeIgniter\CodeIgniter->run()
11 SYSTEMPATH\Boot.php(67): CodeIgniter\Boot::runCodeIgniter(Object(CodeIgniter\CodeIgniter))
12 FCPATH\index.php(56): CodeIgniter\Boot::bootWeb(Object(Config\Paths))
CRITICAL - 2025-02-11 05:33:28 --> [Caused by] mysqli_sql_exception: Unknown column 'batch.id' in 'where clause'
in SYSTEMPATH\Database\MySQLi\Connection.php on line 312.
 1 SYSTEMPATH\Database\MySQLi\Connection.php(312): mysqli->query('SELECT *
FROM `batch`
WHERE `batch`.`id` = \'1\'', 0)
 2 SYSTEMPATH\Database\BaseConnection.php(734): CodeIgniter\Database\MySQLi\Connection->execute('SELECT *
FROM `batch`
WHERE `batch`.`id` = \'1\'')
 3 SYSTEMPATH\Database\BaseConnection.php(648): CodeIgniter\Database\BaseConnection->simpleQuery('SELECT *
FROM `batch`
WHERE `batch`.`id` = \'1\'')
 4 SYSTEMPATH\Database\BaseBuilder.php(1644): CodeIgniter\Database\BaseConnection->query('SELECT *
FROM `batch`
WHERE `batch`.`id` = :batch.id:', [...], false)
 5 SYSTEMPATH\Model.php(210): CodeIgniter\Database\BaseBuilder->get()
 6 SYSTEMPATH\BaseModel.php(610): CodeIgniter\Model->doFind(true, '1')
 7 APPPATH\Controllers\BatchMaster.php(71): CodeIgniter\BaseModel->find('1')
 8 SYSTEMPATH\CodeIgniter.php(933): App\Controllers\BatchMaster->edit('1')
 9 SYSTEMPATH\CodeIgniter.php(509): CodeIgniter\CodeIgniter->runController(Object(App\Controllers\BatchMaster))
10 SYSTEMPATH\CodeIgniter.php(355): CodeIgniter\CodeIgniter->handleRequest(null, Object(Config\Cache), false)
11 SYSTEMPATH\Boot.php(325): CodeIgniter\CodeIgniter->run()
12 SYSTEMPATH\Boot.php(67): CodeIgniter\Boot::runCodeIgniter(Object(CodeIgniter\CodeIgniter))
13 FCPATH\index.php(56): CodeIgniter\Boot::bootWeb(Object(Config\Paths))
ERROR - 2025-02-11 05:33:32 --> mysqli_sql_exception: Unknown column 'batch.id' in 'where clause' in C:\xampp\htdocs\Wolfox\system\Database\MySQLi\Connection.php:312
Stack trace:
#0 C:\xampp\htdocs\Wolfox\system\Database\MySQLi\Connection.php(312): mysqli->query('SELECT *\nFROM `...', 0)
#1 C:\xampp\htdocs\Wolfox\system\Database\BaseConnection.php(734): CodeIgniter\Database\MySQLi\Connection->execute('SELECT *\nFROM `...')
#2 C:\xampp\htdocs\Wolfox\system\Database\BaseConnection.php(648): CodeIgniter\Database\BaseConnection->simpleQuery('SELECT *\nFROM `...')
#3 C:\xampp\htdocs\Wolfox\system\Database\BaseBuilder.php(1644): CodeIgniter\Database\BaseConnection->query('SELECT *\nFROM `...', Array, false)
#4 C:\xampp\htdocs\Wolfox\system\Model.php(210): CodeIgniter\Database\BaseBuilder->get()
#5 C:\xampp\htdocs\Wolfox\system\BaseModel.php(610): CodeIgniter\Model->doFind(true, '1')
#6 C:\xampp\htdocs\Wolfox\app\Controllers\BatchMaster.php(71): CodeIgniter\BaseModel->find('1')
#7 C:\xampp\htdocs\Wolfox\system\CodeIgniter.php(933): App\Controllers\BatchMaster->edit('1')
#8 C:\xampp\htdocs\Wolfox\system\CodeIgniter.php(509): CodeIgniter\CodeIgniter->runController(Object(App\Controllers\BatchMaster))
#9 C:\xampp\htdocs\Wolfox\system\CodeIgniter.php(355): CodeIgniter\CodeIgniter->handleRequest(NULL, Object(Config\Cache), false)
#10 C:\xampp\htdocs\Wolfox\system\Boot.php(325): CodeIgniter\CodeIgniter->run()
#11 C:\xampp\htdocs\Wolfox\system\Boot.php(67): CodeIgniter\Boot::runCodeIgniter(Object(CodeIgniter\CodeIgniter))
#12 C:\xampp\htdocs\Wolfox\index.php(56): CodeIgniter\Boot::bootWeb(Object(Config\Paths))
#13 {main}
CRITICAL - 2025-02-11 05:33:32 --> CodeIgniter\Database\Exceptions\DatabaseException: Unknown column 'batch.id' in 'where clause'
[Method: GET, Route: Admin/Batch/edit/1]
in SYSTEMPATH\Database\BaseConnection.php on line 688.
 1 SYSTEMPATH\Database\BaseBuilder.php(1644): CodeIgniter\Database\BaseConnection->query('SELECT *
FROM `batch`
WHERE `batch`.`id` = :batch.id:', [...], false)
 2 SYSTEMPATH\Model.php(210): CodeIgniter\Database\BaseBuilder->get()
 3 SYSTEMPATH\BaseModel.php(610): CodeIgniter\Model->doFind(true, '1')
 4 APPPATH\Controllers\BatchMaster.php(71): CodeIgniter\BaseModel->find('1')
 5 SYSTEMPATH\CodeIgniter.php(933): App\Controllers\BatchMaster->edit('1')
 6 SYSTEMPATH\CodeIgniter.php(509): CodeIgniter\CodeIgniter->runController(Object(App\Controllers\BatchMaster))
 7 SYSTEMPATH\CodeIgniter.php(355): CodeIgniter\CodeIgniter->handleRequest(null, Object(Config\Cache), false)
 8 SYSTEMPATH\Boot.php(325): CodeIgniter\CodeIgniter->run()
 9 SYSTEMPATH\Boot.php(67): CodeIgniter\Boot::runCodeIgniter(Object(CodeIgniter\CodeIgniter))
10 FCPATH\index.php(56): CodeIgniter\Boot::bootWeb(Object(Config\Paths))
CRITICAL - 2025-02-11 05:33:32 --> [Caused by] CodeIgniter\Database\Exceptions\DatabaseException: Unknown column 'batch.id' in 'where clause'
in SYSTEMPATH\Database\MySQLi\Connection.php on line 317.
 1 SYSTEMPATH\Database\BaseConnection.php(734): CodeIgniter\Database\MySQLi\Connection->execute('SELECT *
FROM `batch`
WHERE `batch`.`id` = \'1\'')
 2 SYSTEMPATH\Database\BaseConnection.php(648): CodeIgniter\Database\BaseConnection->simpleQuery('SELECT *
FROM `batch`
WHERE `batch`.`id` = \'1\'')
 3 SYSTEMPATH\Database\BaseBuilder.php(1644): CodeIgniter\Database\BaseConnection->query('SELECT *
FROM `batch`
WHERE `batch`.`id` = :batch.id:', [...], false)
 4 SYSTEMPATH\Model.php(210): CodeIgniter\Database\BaseBuilder->get()
 5 SYSTEMPATH\BaseModel.php(610): CodeIgniter\Model->doFind(true, '1')
 6 APPPATH\Controllers\BatchMaster.php(71): CodeIgniter\BaseModel->find('1')
 7 SYSTEMPATH\CodeIgniter.php(933): App\Controllers\BatchMaster->edit('1')
 8 SYSTEMPATH\CodeIgniter.php(509): CodeIgniter\CodeIgniter->runController(Object(App\Controllers\BatchMaster))
 9 SYSTEMPATH\CodeIgniter.php(355): CodeIgniter\CodeIgniter->handleRequest(null, Object(Config\Cache), false)
10 SYSTEMPATH\Boot.php(325): CodeIgniter\CodeIgniter->run()
11 SYSTEMPATH\Boot.php(67): CodeIgniter\Boot::runCodeIgniter(Object(CodeIgniter\CodeIgniter))
12 FCPATH\index.php(56): CodeIgniter\Boot::bootWeb(Object(Config\Paths))
CRITICAL - 2025-02-11 05:33:32 --> [Caused by] mysqli_sql_exception: Unknown column 'batch.id' in 'where clause'
in SYSTEMPATH\Database\MySQLi\Connection.php on line 312.
 1 SYSTEMPATH\Database\MySQLi\Connection.php(312): mysqli->query('SELECT *
FROM `batch`
WHERE `batch`.`id` = \'1\'', 0)
 2 SYSTEMPATH\Database\BaseConnection.php(734): CodeIgniter\Database\MySQLi\Connection->execute('SELECT *
FROM `batch`
WHERE `batch`.`id` = \'1\'')
 3 SYSTEMPATH\Database\BaseConnection.php(648): CodeIgniter\Database\BaseConnection->simpleQuery('SELECT *
FROM `batch`
WHERE `batch`.`id` = \'1\'')
 4 SYSTEMPATH\Database\BaseBuilder.php(1644): CodeIgniter\Database\BaseConnection->query('SELECT *
FROM `batch`
WHERE `batch`.`id` = :batch.id:', [...], false)
 5 SYSTEMPATH\Model.php(210): CodeIgniter\Database\BaseBuilder->get()
 6 SYSTEMPATH\BaseModel.php(610): CodeIgniter\Model->doFind(true, '1')
 7 APPPATH\Controllers\BatchMaster.php(71): CodeIgniter\BaseModel->find('1')
 8 SYSTEMPATH\CodeIgniter.php(933): App\Controllers\BatchMaster->edit('1')
 9 SYSTEMPATH\CodeIgniter.php(509): CodeIgniter\CodeIgniter->runController(Object(App\Controllers\BatchMaster))
10 SYSTEMPATH\CodeIgniter.php(355): CodeIgniter\CodeIgniter->handleRequest(null, Object(Config\Cache), false)
11 SYSTEMPATH\Boot.php(325): CodeIgniter\CodeIgniter->run()
12 SYSTEMPATH\Boot.php(67): CodeIgniter\Boot::runCodeIgniter(Object(CodeIgniter\CodeIgniter))
13 FCPATH\index.php(56): CodeIgniter\Boot::bootWeb(Object(Config\Paths))
ERROR - 2025-02-11 05:33:37 --> mysqli_sql_exception: Unknown column 'batch.id' in 'where clause' in C:\xampp\htdocs\Wolfox\system\Database\MySQLi\Connection.php:312
Stack trace:
#0 C:\xampp\htdocs\Wolfox\system\Database\MySQLi\Connection.php(312): mysqli->query('SELECT *\nFROM `...', 0)
#1 C:\xampp\htdocs\Wolfox\system\Database\BaseConnection.php(734): CodeIgniter\Database\MySQLi\Connection->execute('SELECT *\nFROM `...')
#2 C:\xampp\htdocs\Wolfox\system\Database\BaseConnection.php(648): CodeIgniter\Database\BaseConnection->simpleQuery('SELECT *\nFROM `...')
#3 C:\xampp\htdocs\Wolfox\system\Database\BaseBuilder.php(1644): CodeIgniter\Database\BaseConnection->query('SELECT *\nFROM `...', Array, false)
#4 C:\xampp\htdocs\Wolfox\system\Model.php(210): CodeIgniter\Database\BaseBuilder->get()
#5 C:\xampp\htdocs\Wolfox\system\BaseModel.php(610): CodeIgniter\Model->doFind(true, '1')
#6 C:\xampp\htdocs\Wolfox\app\Controllers\BatchMaster.php(71): CodeIgniter\BaseModel->find('1')
#7 C:\xampp\htdocs\Wolfox\system\CodeIgniter.php(933): App\Controllers\BatchMaster->edit('1')
#8 C:\xampp\htdocs\Wolfox\system\CodeIgniter.php(509): CodeIgniter\CodeIgniter->runController(Object(App\Controllers\BatchMaster))
#9 C:\xampp\htdocs\Wolfox\system\CodeIgniter.php(355): CodeIgniter\CodeIgniter->handleRequest(NULL, Object(Config\Cache), false)
#10 C:\xampp\htdocs\Wolfox\system\Boot.php(325): CodeIgniter\CodeIgniter->run()
#11 C:\xampp\htdocs\Wolfox\system\Boot.php(67): CodeIgniter\Boot::runCodeIgniter(Object(CodeIgniter\CodeIgniter))
#12 C:\xampp\htdocs\Wolfox\index.php(56): CodeIgniter\Boot::bootWeb(Object(Config\Paths))
#13 {main}
CRITICAL - 2025-02-11 05:33:37 --> CodeIgniter\Database\Exceptions\DatabaseException: Unknown column 'batch.id' in 'where clause'
[Method: GET, Route: Admin/Batch/edit/1]
in SYSTEMPATH\Database\BaseConnection.php on line 688.
 1 SYSTEMPATH\Database\BaseBuilder.php(1644): CodeIgniter\Database\BaseConnection->query('SELECT *
FROM `batch`
WHERE `batch`.`id` = :batch.id:', [...], false)
 2 SYSTEMPATH\Model.php(210): CodeIgniter\Database\BaseBuilder->get()
 3 SYSTEMPATH\BaseModel.php(610): CodeIgniter\Model->doFind(true, '1')
 4 APPPATH\Controllers\BatchMaster.php(71): CodeIgniter\BaseModel->find('1')
 5 SYSTEMPATH\CodeIgniter.php(933): App\Controllers\BatchMaster->edit('1')
 6 SYSTEMPATH\CodeIgniter.php(509): CodeIgniter\CodeIgniter->runController(Object(App\Controllers\BatchMaster))
 7 SYSTEMPATH\CodeIgniter.php(355): CodeIgniter\CodeIgniter->handleRequest(null, Object(Config\Cache), false)
 8 SYSTEMPATH\Boot.php(325): CodeIgniter\CodeIgniter->run()
 9 SYSTEMPATH\Boot.php(67): CodeIgniter\Boot::runCodeIgniter(Object(CodeIgniter\CodeIgniter))
10 FCPATH\index.php(56): CodeIgniter\Boot::bootWeb(Object(Config\Paths))
CRITICAL - 2025-02-11 05:33:37 --> [Caused by] CodeIgniter\Database\Exceptions\DatabaseException: Unknown column 'batch.id' in 'where clause'
in SYSTEMPATH\Database\MySQLi\Connection.php on line 317.
 1 SYSTEMPATH\Database\BaseConnection.php(734): CodeIgniter\Database\MySQLi\Connection->execute('SELECT *
FROM `batch`
WHERE `batch`.`id` = \'1\'')
 2 SYSTEMPATH\Database\BaseConnection.php(648): CodeIgniter\Database\BaseConnection->simpleQuery('SELECT *
FROM `batch`
WHERE `batch`.`id` = \'1\'')
 3 SYSTEMPATH\Database\BaseBuilder.php(1644): CodeIgniter\Database\BaseConnection->query('SELECT *
FROM `batch`
WHERE `batch`.`id` = :batch.id:', [...], false)
 4 SYSTEMPATH\Model.php(210): CodeIgniter\Database\BaseBuilder->get()
 5 SYSTEMPATH\BaseModel.php(610): CodeIgniter\Model->doFind(true, '1')
 6 APPPATH\Controllers\BatchMaster.php(71): CodeIgniter\BaseModel->find('1')
 7 SYSTEMPATH\CodeIgniter.php(933): App\Controllers\BatchMaster->edit('1')
 8 SYSTEMPATH\CodeIgniter.php(509): CodeIgniter\CodeIgniter->runController(Object(App\Controllers\BatchMaster))
 9 SYSTEMPATH\CodeIgniter.php(355): CodeIgniter\CodeIgniter->handleRequest(null, Object(Config\Cache), false)
10 SYSTEMPATH\Boot.php(325): CodeIgniter\CodeIgniter->run()
11 SYSTEMPATH\Boot.php(67): CodeIgniter\Boot::runCodeIgniter(Object(CodeIgniter\CodeIgniter))
12 FCPATH\index.php(56): CodeIgniter\Boot::bootWeb(Object(Config\Paths))
CRITICAL - 2025-02-11 05:33:37 --> [Caused by] mysqli_sql_exception: Unknown column 'batch.id' in 'where clause'
in SYSTEMPATH\Database\MySQLi\Connection.php on line 312.
 1 SYSTEMPATH\Database\MySQLi\Connection.php(312): mysqli->query('SELECT *
FROM `batch`
WHERE `batch`.`id` = \'1\'', 0)
 2 SYSTEMPATH\Database\BaseConnection.php(734): CodeIgniter\Database\MySQLi\Connection->execute('SELECT *
FROM `batch`
WHERE `batch`.`id` = \'1\'')
 3 SYSTEMPATH\Database\BaseConnection.php(648): CodeIgniter\Database\BaseConnection->simpleQuery('SELECT *
FROM `batch`
WHERE `batch`.`id` = \'1\'')
 4 SYSTEMPATH\Database\BaseBuilder.php(1644): CodeIgniter\Database\BaseConnection->query('SELECT *
FROM `batch`
WHERE `batch`.`id` = :batch.id:', [...], false)
 5 SYSTEMPATH\Model.php(210): CodeIgniter\Database\BaseBuilder->get()
 6 SYSTEMPATH\BaseModel.php(610): CodeIgniter\Model->doFind(true, '1')
 7 APPPATH\Controllers\BatchMaster.php(71): CodeIgniter\BaseModel->find('1')
 8 SYSTEMPATH\CodeIgniter.php(933): App\Controllers\BatchMaster->edit('1')
 9 SYSTEMPATH\CodeIgniter.php(509): CodeIgniter\CodeIgniter->runController(Object(App\Controllers\BatchMaster))
10 SYSTEMPATH\CodeIgniter.php(355): CodeIgniter\CodeIgniter->handleRequest(null, Object(Config\Cache), false)
11 SYSTEMPATH\Boot.php(325): CodeIgniter\CodeIgniter->run()
12 SYSTEMPATH\Boot.php(67): CodeIgniter\Boot::runCodeIgniter(Object(CodeIgniter\CodeIgniter))
13 FCPATH\index.php(56): CodeIgniter\Boot::bootWeb(Object(Config\Paths))
ERROR - 2025-02-11 05:34:22 --> mysqli_sql_exception: Unknown column 'batch.id' in 'where clause' in C:\xampp\htdocs\Wolfox\system\Database\MySQLi\Connection.php:312
Stack trace:
#0 C:\xampp\htdocs\Wolfox\system\Database\MySQLi\Connection.php(312): mysqli->query('SELECT *\nFROM `...', 0)
#1 C:\xampp\htdocs\Wolfox\system\Database\BaseConnection.php(734): CodeIgniter\Database\MySQLi\Connection->execute('SELECT *\nFROM `...')
#2 C:\xampp\htdocs\Wolfox\system\Database\BaseConnection.php(648): CodeIgniter\Database\BaseConnection->simpleQuery('SELECT *\nFROM `...')
#3 C:\xampp\htdocs\Wolfox\system\Database\BaseBuilder.php(1644): CodeIgniter\Database\BaseConnection->query('SELECT *\nFROM `...', Array, false)
#4 C:\xampp\htdocs\Wolfox\system\Model.php(210): CodeIgniter\Database\BaseBuilder->get()
#5 C:\xampp\htdocs\Wolfox\system\BaseModel.php(610): CodeIgniter\Model->doFind(true, '1')
#6 C:\xampp\htdocs\Wolfox\app\Controllers\BatchMaster.php(71): CodeIgniter\BaseModel->find('1')
#7 C:\xampp\htdocs\Wolfox\system\CodeIgniter.php(933): App\Controllers\BatchMaster->edit('1')
#8 C:\xampp\htdocs\Wolfox\system\CodeIgniter.php(509): CodeIgniter\CodeIgniter->runController(Object(App\Controllers\BatchMaster))
#9 C:\xampp\htdocs\Wolfox\system\CodeIgniter.php(355): CodeIgniter\CodeIgniter->handleRequest(NULL, Object(Config\Cache), false)
#10 C:\xampp\htdocs\Wolfox\system\Boot.php(325): CodeIgniter\CodeIgniter->run()
#11 C:\xampp\htdocs\Wolfox\system\Boot.php(67): CodeIgniter\Boot::runCodeIgniter(Object(CodeIgniter\CodeIgniter))
#12 C:\xampp\htdocs\Wolfox\index.php(56): CodeIgniter\Boot::bootWeb(Object(Config\Paths))
#13 {main}
CRITICAL - 2025-02-11 05:34:22 --> CodeIgniter\Database\Exceptions\DatabaseException: Unknown column 'batch.id' in 'where clause'
[Method: GET, Route: Admin/Batch/edit/1]
in SYSTEMPATH\Database\BaseConnection.php on line 688.
 1 SYSTEMPATH\Database\BaseBuilder.php(1644): CodeIgniter\Database\BaseConnection->query('SELECT *
FROM `batch`
WHERE `batch`.`id` = :batch.id:', [...], false)
 2 SYSTEMPATH\Model.php(210): CodeIgniter\Database\BaseBuilder->get()
 3 SYSTEMPATH\BaseModel.php(610): CodeIgniter\Model->doFind(true, '1')
 4 APPPATH\Controllers\BatchMaster.php(71): CodeIgniter\BaseModel->find('1')
 5 SYSTEMPATH\CodeIgniter.php(933): App\Controllers\BatchMaster->edit('1')
 6 SYSTEMPATH\CodeIgniter.php(509): CodeIgniter\CodeIgniter->runController(Object(App\Controllers\BatchMaster))
 7 SYSTEMPATH\CodeIgniter.php(355): CodeIgniter\CodeIgniter->handleRequest(null, Object(Config\Cache), false)
 8 SYSTEMPATH\Boot.php(325): CodeIgniter\CodeIgniter->run()
 9 SYSTEMPATH\Boot.php(67): CodeIgniter\Boot::runCodeIgniter(Object(CodeIgniter\CodeIgniter))
10 FCPATH\index.php(56): CodeIgniter\Boot::bootWeb(Object(Config\Paths))
CRITICAL - 2025-02-11 05:34:22 --> [Caused by] CodeIgniter\Database\Exceptions\DatabaseException: Unknown column 'batch.id' in 'where clause'
in SYSTEMPATH\Database\MySQLi\Connection.php on line 317.
 1 SYSTEMPATH\Database\BaseConnection.php(734): CodeIgniter\Database\MySQLi\Connection->execute('SELECT *
FROM `batch`
WHERE `batch`.`id` = \'1\'')
 2 SYSTEMPATH\Database\BaseConnection.php(648): CodeIgniter\Database\BaseConnection->simpleQuery('SELECT *
FROM `batch`
WHERE `batch`.`id` = \'1\'')
 3 SYSTEMPATH\Database\BaseBuilder.php(1644): CodeIgniter\Database\BaseConnection->query('SELECT *
FROM `batch`
WHERE `batch`.`id` = :batch.id:', [...], false)
 4 SYSTEMPATH\Model.php(210): CodeIgniter\Database\BaseBuilder->get()
 5 SYSTEMPATH\BaseModel.php(610): CodeIgniter\Model->doFind(true, '1')
 6 APPPATH\Controllers\BatchMaster.php(71): CodeIgniter\BaseModel->find('1')
 7 SYSTEMPATH\CodeIgniter.php(933): App\Controllers\BatchMaster->edit('1')
 8 SYSTEMPATH\CodeIgniter.php(509): CodeIgniter\CodeIgniter->runController(Object(App\Controllers\BatchMaster))
 9 SYSTEMPATH\CodeIgniter.php(355): CodeIgniter\CodeIgniter->handleRequest(null, Object(Config\Cache), false)
10 SYSTEMPATH\Boot.php(325): CodeIgniter\CodeIgniter->run()
11 SYSTEMPATH\Boot.php(67): CodeIgniter\Boot::runCodeIgniter(Object(CodeIgniter\CodeIgniter))
12 FCPATH\index.php(56): CodeIgniter\Boot::bootWeb(Object(Config\Paths))
CRITICAL - 2025-02-11 05:34:22 --> [Caused by] mysqli_sql_exception: Unknown column 'batch.id' in 'where clause'
in SYSTEMPATH\Database\MySQLi\Connection.php on line 312.
 1 SYSTEMPATH\Database\MySQLi\Connection.php(312): mysqli->query('SELECT *
FROM `batch`
WHERE `batch`.`id` = \'1\'', 0)
 2 SYSTEMPATH\Database\BaseConnection.php(734): CodeIgniter\Database\MySQLi\Connection->execute('SELECT *
FROM `batch`
WHERE `batch`.`id` = \'1\'')
 3 SYSTEMPATH\Database\BaseConnection.php(648): CodeIgniter\Database\BaseConnection->simpleQuery('SELECT *
FROM `batch`
WHERE `batch`.`id` = \'1\'')
 4 SYSTEMPATH\Database\BaseBuilder.php(1644): CodeIgniter\Database\BaseConnection->query('SELECT *
FROM `batch`
WHERE `batch`.`id` = :batch.id:', [...], false)
 5 SYSTEMPATH\Model.php(210): CodeIgniter\Database\BaseBuilder->get()
 6 SYSTEMPATH\BaseModel.php(610): CodeIgniter\Model->doFind(true, '1')
 7 APPPATH\Controllers\BatchMaster.php(71): CodeIgniter\BaseModel->find('1')
 8 SYSTEMPATH\CodeIgniter.php(933): App\Controllers\BatchMaster->edit('1')
 9 SYSTEMPATH\CodeIgniter.php(509): CodeIgniter\CodeIgniter->runController(Object(App\Controllers\BatchMaster))
10 SYSTEMPATH\CodeIgniter.php(355): CodeIgniter\CodeIgniter->handleRequest(null, Object(Config\Cache), false)
11 SYSTEMPATH\Boot.php(325): CodeIgniter\CodeIgniter->run()
12 SYSTEMPATH\Boot.php(67): CodeIgniter\Boot::runCodeIgniter(Object(CodeIgniter\CodeIgniter))
13 FCPATH\index.php(56): CodeIgniter\Boot::bootWeb(Object(Config\Paths))
ERROR - 2025-02-11 05:34:25 --> mysqli_sql_exception: Unknown column 'batch.id' in 'where clause' in C:\xampp\htdocs\Wolfox\system\Database\MySQLi\Connection.php:312
Stack trace:
#0 C:\xampp\htdocs\Wolfox\system\Database\MySQLi\Connection.php(312): mysqli->query('SELECT *\nFROM `...', 0)
#1 C:\xampp\htdocs\Wolfox\system\Database\BaseConnection.php(734): CodeIgniter\Database\MySQLi\Connection->execute('SELECT *\nFROM `...')
#2 C:\xampp\htdocs\Wolfox\system\Database\BaseConnection.php(648): CodeIgniter\Database\BaseConnection->simpleQuery('SELECT *\nFROM `...')
#3 C:\xampp\htdocs\Wolfox\system\Database\BaseBuilder.php(1644): CodeIgniter\Database\BaseConnection->query('SELECT *\nFROM `...', Array, false)
#4 C:\xampp\htdocs\Wolfox\system\Model.php(210): CodeIgniter\Database\BaseBuilder->get()
#5 C:\xampp\htdocs\Wolfox\system\BaseModel.php(610): CodeIgniter\Model->doFind(true, '1')
#6 C:\xampp\htdocs\Wolfox\app\Controllers\BatchMaster.php(71): CodeIgniter\BaseModel->find('1')
#7 C:\xampp\htdocs\Wolfox\system\CodeIgniter.php(933): App\Controllers\BatchMaster->edit('1')
#8 C:\xampp\htdocs\Wolfox\system\CodeIgniter.php(509): CodeIgniter\CodeIgniter->runController(Object(App\Controllers\BatchMaster))
#9 C:\xampp\htdocs\Wolfox\system\CodeIgniter.php(355): CodeIgniter\CodeIgniter->handleRequest(NULL, Object(Config\Cache), false)
#10 C:\xampp\htdocs\Wolfox\system\Boot.php(325): CodeIgniter\CodeIgniter->run()
#11 C:\xampp\htdocs\Wolfox\system\Boot.php(67): CodeIgniter\Boot::runCodeIgniter(Object(CodeIgniter\CodeIgniter))
#12 C:\xampp\htdocs\Wolfox\index.php(56): CodeIgniter\Boot::bootWeb(Object(Config\Paths))
#13 {main}
CRITICAL - 2025-02-11 05:34:25 --> CodeIgniter\Database\Exceptions\DatabaseException: Unknown column 'batch.id' in 'where clause'
[Method: GET, Route: Admin/Batch/edit/1]
in SYSTEMPATH\Database\BaseConnection.php on line 688.
 1 SYSTEMPATH\Database\BaseBuilder.php(1644): CodeIgniter\Database\BaseConnection->query('SELECT *
FROM `batch`
WHERE `batch`.`id` = :batch.id:', [...], false)
 2 SYSTEMPATH\Model.php(210): CodeIgniter\Database\BaseBuilder->get()
 3 SYSTEMPATH\BaseModel.php(610): CodeIgniter\Model->doFind(true, '1')
 4 APPPATH\Controllers\BatchMaster.php(71): CodeIgniter\BaseModel->find('1')
 5 SYSTEMPATH\CodeIgniter.php(933): App\Controllers\BatchMaster->edit('1')
 6 SYSTEMPATH\CodeIgniter.php(509): CodeIgniter\CodeIgniter->runController(Object(App\Controllers\BatchMaster))
 7 SYSTEMPATH\CodeIgniter.php(355): CodeIgniter\CodeIgniter->handleRequest(null, Object(Config\Cache), false)
 8 SYSTEMPATH\Boot.php(325): CodeIgniter\CodeIgniter->run()
 9 SYSTEMPATH\Boot.php(67): CodeIgniter\Boot::runCodeIgniter(Object(CodeIgniter\CodeIgniter))
10 FCPATH\index.php(56): CodeIgniter\Boot::bootWeb(Object(Config\Paths))
CRITICAL - 2025-02-11 05:34:25 --> [Caused by] CodeIgniter\Database\Exceptions\DatabaseException: Unknown column 'batch.id' in 'where clause'
in SYSTEMPATH\Database\MySQLi\Connection.php on line 317.
 1 SYSTEMPATH\Database\BaseConnection.php(734): CodeIgniter\Database\MySQLi\Connection->execute('SELECT *
FROM `batch`
WHERE `batch`.`id` = \'1\'')
 2 SYSTEMPATH\Database\BaseConnection.php(648): CodeIgniter\Database\BaseConnection->simpleQuery('SELECT *
FROM `batch`
WHERE `batch`.`id` = \'1\'')
 3 SYSTEMPATH\Database\BaseBuilder.php(1644): CodeIgniter\Database\BaseConnection->query('SELECT *
FROM `batch`
WHERE `batch`.`id` = :batch.id:', [...], false)
 4 SYSTEMPATH\Model.php(210): CodeIgniter\Database\BaseBuilder->get()
 5 SYSTEMPATH\BaseModel.php(610): CodeIgniter\Model->doFind(true, '1')
 6 APPPATH\Controllers\BatchMaster.php(71): CodeIgniter\BaseModel->find('1')
 7 SYSTEMPATH\CodeIgniter.php(933): App\Controllers\BatchMaster->edit('1')
 8 SYSTEMPATH\CodeIgniter.php(509): CodeIgniter\CodeIgniter->runController(Object(App\Controllers\BatchMaster))
 9 SYSTEMPATH\CodeIgniter.php(355): CodeIgniter\CodeIgniter->handleRequest(null, Object(Config\Cache), false)
10 SYSTEMPATH\Boot.php(325): CodeIgniter\CodeIgniter->run()
11 SYSTEMPATH\Boot.php(67): CodeIgniter\Boot::runCodeIgniter(Object(CodeIgniter\CodeIgniter))
12 FCPATH\index.php(56): CodeIgniter\Boot::bootWeb(Object(Config\Paths))
CRITICAL - 2025-02-11 05:34:25 --> [Caused by] mysqli_sql_exception: Unknown column 'batch.id' in 'where clause'
in SYSTEMPATH\Database\MySQLi\Connection.php on line 312.
 1 SYSTEMPATH\Database\MySQLi\Connection.php(312): mysqli->query('SELECT *
FROM `batch`
WHERE `batch`.`id` = \'1\'', 0)
 2 SYSTEMPATH\Database\BaseConnection.php(734): CodeIgniter\Database\MySQLi\Connection->execute('SELECT *
FROM `batch`
WHERE `batch`.`id` = \'1\'')
 3 SYSTEMPATH\Database\BaseConnection.php(648): CodeIgniter\Database\BaseConnection->simpleQuery('SELECT *
FROM `batch`
WHERE `batch`.`id` = \'1\'')
 4 SYSTEMPATH\Database\BaseBuilder.php(1644): CodeIgniter\Database\BaseConnection->query('SELECT *
FROM `batch`
WHERE `batch`.`id` = :batch.id:', [...], false)
 5 SYSTEMPATH\Model.php(210): CodeIgniter\Database\BaseBuilder->get()
 6 SYSTEMPATH\BaseModel.php(610): CodeIgniter\Model->doFind(true, '1')
 7 APPPATH\Controllers\BatchMaster.php(71): CodeIgniter\BaseModel->find('1')
 8 SYSTEMPATH\CodeIgniter.php(933): App\Controllers\BatchMaster->edit('1')
 9 SYSTEMPATH\CodeIgniter.php(509): CodeIgniter\CodeIgniter->runController(Object(App\Controllers\BatchMaster))
10 SYSTEMPATH\CodeIgniter.php(355): CodeIgniter\CodeIgniter->handleRequest(null, Object(Config\Cache), false)
11 SYSTEMPATH\Boot.php(325): CodeIgniter\CodeIgniter->run()
12 SYSTEMPATH\Boot.php(67): CodeIgniter\Boot::runCodeIgniter(Object(CodeIgniter\CodeIgniter))
13 FCPATH\index.php(56): CodeIgniter\Boot::bootWeb(Object(Config\Paths))
ERROR - 2025-02-11 05:34:30 --> mysqli_sql_exception: Unknown column 'batch.id' in 'where clause' in C:\xampp\htdocs\Wolfox\system\Database\MySQLi\Connection.php:312
Stack trace:
#0 C:\xampp\htdocs\Wolfox\system\Database\MySQLi\Connection.php(312): mysqli->query('SELECT *\nFROM `...', 0)
#1 C:\xampp\htdocs\Wolfox\system\Database\BaseConnection.php(734): CodeIgniter\Database\MySQLi\Connection->execute('SELECT *\nFROM `...')
#2 C:\xampp\htdocs\Wolfox\system\Database\BaseConnection.php(648): CodeIgniter\Database\BaseConnection->simpleQuery('SELECT *\nFROM `...')
#3 C:\xampp\htdocs\Wolfox\system\Database\BaseBuilder.php(1644): CodeIgniter\Database\BaseConnection->query('SELECT *\nFROM `...', Array, false)
#4 C:\xampp\htdocs\Wolfox\system\Model.php(210): CodeIgniter\Database\BaseBuilder->get()
#5 C:\xampp\htdocs\Wolfox\system\BaseModel.php(610): CodeIgniter\Model->doFind(true, '1')
#6 C:\xampp\htdocs\Wolfox\app\Controllers\BatchMaster.php(71): CodeIgniter\BaseModel->find('1')
#7 C:\xampp\htdocs\Wolfox\system\CodeIgniter.php(933): App\Controllers\BatchMaster->edit('1')
#8 C:\xampp\htdocs\Wolfox\system\CodeIgniter.php(509): CodeIgniter\CodeIgniter->runController(Object(App\Controllers\BatchMaster))
#9 C:\xampp\htdocs\Wolfox\system\CodeIgniter.php(355): CodeIgniter\CodeIgniter->handleRequest(NULL, Object(Config\Cache), false)
#10 C:\xampp\htdocs\Wolfox\system\Boot.php(325): CodeIgniter\CodeIgniter->run()
#11 C:\xampp\htdocs\Wolfox\system\Boot.php(67): CodeIgniter\Boot::runCodeIgniter(Object(CodeIgniter\CodeIgniter))
#12 C:\xampp\htdocs\Wolfox\index.php(56): CodeIgniter\Boot::bootWeb(Object(Config\Paths))
#13 {main}
CRITICAL - 2025-02-11 05:34:30 --> CodeIgniter\Database\Exceptions\DatabaseException: Unknown column 'batch.id' in 'where clause'
[Method: GET, Route: Admin/Batch/edit/1]
in SYSTEMPATH\Database\BaseConnection.php on line 688.
 1 SYSTEMPATH\Database\BaseBuilder.php(1644): CodeIgniter\Database\BaseConnection->query('SELECT *
FROM `batch`
WHERE `batch`.`id` = :batch.id:', [...], false)
 2 SYSTEMPATH\Model.php(210): CodeIgniter\Database\BaseBuilder->get()
 3 SYSTEMPATH\BaseModel.php(610): CodeIgniter\Model->doFind(true, '1')
 4 APPPATH\Controllers\BatchMaster.php(71): CodeIgniter\BaseModel->find('1')
 5 SYSTEMPATH\CodeIgniter.php(933): App\Controllers\BatchMaster->edit('1')
 6 SYSTEMPATH\CodeIgniter.php(509): CodeIgniter\CodeIgniter->runController(Object(App\Controllers\BatchMaster))
 7 SYSTEMPATH\CodeIgniter.php(355): CodeIgniter\CodeIgniter->handleRequest(null, Object(Config\Cache), false)
 8 SYSTEMPATH\Boot.php(325): CodeIgniter\CodeIgniter->run()
 9 SYSTEMPATH\Boot.php(67): CodeIgniter\Boot::runCodeIgniter(Object(CodeIgniter\CodeIgniter))
10 FCPATH\index.php(56): CodeIgniter\Boot::bootWeb(Object(Config\Paths))
CRITICAL - 2025-02-11 05:34:30 --> [Caused by] CodeIgniter\Database\Exceptions\DatabaseException: Unknown column 'batch.id' in 'where clause'
in SYSTEMPATH\Database\MySQLi\Connection.php on line 317.
 1 SYSTEMPATH\Database\BaseConnection.php(734): CodeIgniter\Database\MySQLi\Connection->execute('SELECT *
FROM `batch`
WHERE `batch`.`id` = \'1\'')
 2 SYSTEMPATH\Database\BaseConnection.php(648): CodeIgniter\Database\BaseConnection->simpleQuery('SELECT *
FROM `batch`
WHERE `batch`.`id` = \'1\'')
 3 SYSTEMPATH\Database\BaseBuilder.php(1644): CodeIgniter\Database\BaseConnection->query('SELECT *
FROM `batch`
WHERE `batch`.`id` = :batch.id:', [...], false)
 4 SYSTEMPATH\Model.php(210): CodeIgniter\Database\BaseBuilder->get()
 5 SYSTEMPATH\BaseModel.php(610): CodeIgniter\Model->doFind(true, '1')
 6 APPPATH\Controllers\BatchMaster.php(71): CodeIgniter\BaseModel->find('1')
 7 SYSTEMPATH\CodeIgniter.php(933): App\Controllers\BatchMaster->edit('1')
 8 SYSTEMPATH\CodeIgniter.php(509): CodeIgniter\CodeIgniter->runController(Object(App\Controllers\BatchMaster))
 9 SYSTEMPATH\CodeIgniter.php(355): CodeIgniter\CodeIgniter->handleRequest(null, Object(Config\Cache), false)
10 SYSTEMPATH\Boot.php(325): CodeIgniter\CodeIgniter->run()
11 SYSTEMPATH\Boot.php(67): CodeIgniter\Boot::runCodeIgniter(Object(CodeIgniter\CodeIgniter))
12 FCPATH\index.php(56): CodeIgniter\Boot::bootWeb(Object(Config\Paths))
CRITICAL - 2025-02-11 05:34:30 --> [Caused by] mysqli_sql_exception: Unknown column 'batch.id' in 'where clause'
in SYSTEMPATH\Database\MySQLi\Connection.php on line 312.
 1 SYSTEMPATH\Database\MySQLi\Connection.php(312): mysqli->query('SELECT *
FROM `batch`
WHERE `batch`.`id` = \'1\'', 0)
 2 SYSTEMPATH\Database\BaseConnection.php(734): CodeIgniter\Database\MySQLi\Connection->execute('SELECT *
FROM `batch`
WHERE `batch`.`id` = \'1\'')
 3 SYSTEMPATH\Database\BaseConnection.php(648): CodeIgniter\Database\BaseConnection->simpleQuery('SELECT *
FROM `batch`
WHERE `batch`.`id` = \'1\'')
 4 SYSTEMPATH\Database\BaseBuilder.php(1644): CodeIgniter\Database\BaseConnection->query('SELECT *
FROM `batch`
WHERE `batch`.`id` = :batch.id:', [...], false)
 5 SYSTEMPATH\Model.php(210): CodeIgniter\Database\BaseBuilder->get()
 6 SYSTEMPATH\BaseModel.php(610): CodeIgniter\Model->doFind(true, '1')
 7 APPPATH\Controllers\BatchMaster.php(71): CodeIgniter\BaseModel->find('1')
 8 SYSTEMPATH\CodeIgniter.php(933): App\Controllers\BatchMaster->edit('1')
 9 SYSTEMPATH\CodeIgniter.php(509): CodeIgniter\CodeIgniter->runController(Object(App\Controllers\BatchMaster))
10 SYSTEMPATH\CodeIgniter.php(355): CodeIgniter\CodeIgniter->handleRequest(null, Object(Config\Cache), false)
11 SYSTEMPATH\Boot.php(325): CodeIgniter\CodeIgniter->run()
12 SYSTEMPATH\Boot.php(67): CodeIgniter\Boot::runCodeIgniter(Object(CodeIgniter\CodeIgniter))
13 FCPATH\index.php(56): CodeIgniter\Boot::bootWeb(Object(Config\Paths))
ERROR - 2025-02-11 05:35:06 --> mysqli_sql_exception: Unknown column 'batch.id' in 'where clause' in C:\xampp\htdocs\Wolfox\system\Database\MySQLi\Connection.php:312
Stack trace:
#0 C:\xampp\htdocs\Wolfox\system\Database\MySQLi\Connection.php(312): mysqli->query('SELECT *\nFROM `...', 0)
#1 C:\xampp\htdocs\Wolfox\system\Database\BaseConnection.php(734): CodeIgniter\Database\MySQLi\Connection->execute('SELECT *\nFROM `...')
#2 C:\xampp\htdocs\Wolfox\system\Database\BaseConnection.php(648): CodeIgniter\Database\BaseConnection->simpleQuery('SELECT *\nFROM `...')
#3 C:\xampp\htdocs\Wolfox\system\Database\BaseBuilder.php(1644): CodeIgniter\Database\BaseConnection->query('SELECT *\nFROM `...', Array, false)
#4 C:\xampp\htdocs\Wolfox\system\Model.php(210): CodeIgniter\Database\BaseBuilder->get()
#5 C:\xampp\htdocs\Wolfox\system\BaseModel.php(610): CodeIgniter\Model->doFind(true, '1')
#6 C:\xampp\htdocs\Wolfox\app\Controllers\BatchMaster.php(71): CodeIgniter\BaseModel->find('1')
#7 C:\xampp\htdocs\Wolfox\system\CodeIgniter.php(933): App\Controllers\BatchMaster->edit('1')
#8 C:\xampp\htdocs\Wolfox\system\CodeIgniter.php(509): CodeIgniter\CodeIgniter->runController(Object(App\Controllers\BatchMaster))
#9 C:\xampp\htdocs\Wolfox\system\CodeIgniter.php(355): CodeIgniter\CodeIgniter->handleRequest(NULL, Object(Config\Cache), false)
#10 C:\xampp\htdocs\Wolfox\system\Boot.php(325): CodeIgniter\CodeIgniter->run()
#11 C:\xampp\htdocs\Wolfox\system\Boot.php(67): CodeIgniter\Boot::runCodeIgniter(Object(CodeIgniter\CodeIgniter))
#12 C:\xampp\htdocs\Wolfox\index.php(56): CodeIgniter\Boot::bootWeb(Object(Config\Paths))
#13 {main}
CRITICAL - 2025-02-11 05:35:06 --> CodeIgniter\Database\Exceptions\DatabaseException: Unknown column 'batch.id' in 'where clause'
[Method: GET, Route: Admin/Batch/edit/1]
in SYSTEMPATH\Database\BaseConnection.php on line 688.
 1 SYSTEMPATH\Database\BaseBuilder.php(1644): CodeIgniter\Database\BaseConnection->query('SELECT *
FROM `batch`
WHERE `batch`.`id` = :batch.id:', [...], false)
 2 SYSTEMPATH\Model.php(210): CodeIgniter\Database\BaseBuilder->get()
 3 SYSTEMPATH\BaseModel.php(610): CodeIgniter\Model->doFind(true, '1')
 4 APPPATH\Controllers\BatchMaster.php(71): CodeIgniter\BaseModel->find('1')
 5 SYSTEMPATH\CodeIgniter.php(933): App\Controllers\BatchMaster->edit('1')
 6 SYSTEMPATH\CodeIgniter.php(509): CodeIgniter\CodeIgniter->runController(Object(App\Controllers\BatchMaster))
 7 SYSTEMPATH\CodeIgniter.php(355): CodeIgniter\CodeIgniter->handleRequest(null, Object(Config\Cache), false)
 8 SYSTEMPATH\Boot.php(325): CodeIgniter\CodeIgniter->run()
 9 SYSTEMPATH\Boot.php(67): CodeIgniter\Boot::runCodeIgniter(Object(CodeIgniter\CodeIgniter))
10 FCPATH\index.php(56): CodeIgniter\Boot::bootWeb(Object(Config\Paths))
CRITICAL - 2025-02-11 05:35:06 --> [Caused by] CodeIgniter\Database\Exceptions\DatabaseException: Unknown column 'batch.id' in 'where clause'
in SYSTEMPATH\Database\MySQLi\Connection.php on line 317.
 1 SYSTEMPATH\Database\BaseConnection.php(734): CodeIgniter\Database\MySQLi\Connection->execute('SELECT *
FROM `batch`
WHERE `batch`.`id` = \'1\'')
 2 SYSTEMPATH\Database\BaseConnection.php(648): CodeIgniter\Database\BaseConnection->simpleQuery('SELECT *
FROM `batch`
WHERE `batch`.`id` = \'1\'')
 3 SYSTEMPATH\Database\BaseBuilder.php(1644): CodeIgniter\Database\BaseConnection->query('SELECT *
FROM `batch`
WHERE `batch`.`id` = :batch.id:', [...], false)
 4 SYSTEMPATH\Model.php(210): CodeIgniter\Database\BaseBuilder->get()
 5 SYSTEMPATH\BaseModel.php(610): CodeIgniter\Model->doFind(true, '1')
 6 APPPATH\Controllers\BatchMaster.php(71): CodeIgniter\BaseModel->find('1')
 7 SYSTEMPATH\CodeIgniter.php(933): App\Controllers\BatchMaster->edit('1')
 8 SYSTEMPATH\CodeIgniter.php(509): CodeIgniter\CodeIgniter->runController(Object(App\Controllers\BatchMaster))
 9 SYSTEMPATH\CodeIgniter.php(355): CodeIgniter\CodeIgniter->handleRequest(null, Object(Config\Cache), false)
10 SYSTEMPATH\Boot.php(325): CodeIgniter\CodeIgniter->run()
11 SYSTEMPATH\Boot.php(67): CodeIgniter\Boot::runCodeIgniter(Object(CodeIgniter\CodeIgniter))
12 FCPATH\index.php(56): CodeIgniter\Boot::bootWeb(Object(Config\Paths))
CRITICAL - 2025-02-11 05:35:06 --> [Caused by] mysqli_sql_exception: Unknown column 'batch.id' in 'where clause'
in SYSTEMPATH\Database\MySQLi\Connection.php on line 312.
 1 SYSTEMPATH\Database\MySQLi\Connection.php(312): mysqli->query('SELECT *
FROM `batch`
WHERE `batch`.`id` = \'1\'', 0)
 2 SYSTEMPATH\Database\BaseConnection.php(734): CodeIgniter\Database\MySQLi\Connection->execute('SELECT *
FROM `batch`
WHERE `batch`.`id` = \'1\'')
 3 SYSTEMPATH\Database\BaseConnection.php(648): CodeIgniter\Database\BaseConnection->simpleQuery('SELECT *
FROM `batch`
WHERE `batch`.`id` = \'1\'')
 4 SYSTEMPATH\Database\BaseBuilder.php(1644): CodeIgniter\Database\BaseConnection->query('SELECT *
FROM `batch`
WHERE `batch`.`id` = :batch.id:', [...], false)
 5 SYSTEMPATH\Model.php(210): CodeIgniter\Database\BaseBuilder->get()
 6 SYSTEMPATH\BaseModel.php(610): CodeIgniter\Model->doFind(true, '1')
 7 APPPATH\Controllers\BatchMaster.php(71): CodeIgniter\BaseModel->find('1')
 8 SYSTEMPATH\CodeIgniter.php(933): App\Controllers\BatchMaster->edit('1')
 9 SYSTEMPATH\CodeIgniter.php(509): CodeIgniter\CodeIgniter->runController(Object(App\Controllers\BatchMaster))
10 SYSTEMPATH\CodeIgniter.php(355): CodeIgniter\CodeIgniter->handleRequest(null, Object(Config\Cache), false)
11 SYSTEMPATH\Boot.php(325): CodeIgniter\CodeIgniter->run()
12 SYSTEMPATH\Boot.php(67): CodeIgniter\Boot::runCodeIgniter(Object(CodeIgniter\CodeIgniter))
13 FCPATH\index.php(56): CodeIgniter\Boot::bootWeb(Object(Config\Paths))
ERROR - 2025-02-11 05:43:49 --> mysqli_sql_exception: Unknown column 'batch.id' in 'where clause' in C:\xampp\htdocs\Wolfox\system\Database\MySQLi\Connection.php:312
Stack trace:
#0 C:\xampp\htdocs\Wolfox\system\Database\MySQLi\Connection.php(312): mysqli->query('SELECT *\nFROM `...', 0)
#1 C:\xampp\htdocs\Wolfox\system\Database\BaseConnection.php(734): CodeIgniter\Database\MySQLi\Connection->execute('SELECT *\nFROM `...')
#2 C:\xampp\htdocs\Wolfox\system\Database\BaseConnection.php(648): CodeIgniter\Database\BaseConnection->simpleQuery('SELECT *\nFROM `...')
#3 C:\xampp\htdocs\Wolfox\system\Database\BaseBuilder.php(1644): CodeIgniter\Database\BaseConnection->query('SELECT *\nFROM `...', Array, false)
#4 C:\xampp\htdocs\Wolfox\system\Model.php(210): CodeIgniter\Database\BaseBuilder->get()
#5 C:\xampp\htdocs\Wolfox\system\BaseModel.php(610): CodeIgniter\Model->doFind(true, '2')
#6 C:\xampp\htdocs\Wolfox\app\Controllers\BatchMaster.php(71): CodeIgniter\BaseModel->find('2')
#7 C:\xampp\htdocs\Wolfox\system\CodeIgniter.php(933): App\Controllers\BatchMaster->edit('2')
#8 C:\xampp\htdocs\Wolfox\system\CodeIgniter.php(509): CodeIgniter\CodeIgniter->runController(Object(App\Controllers\BatchMaster))
#9 C:\xampp\htdocs\Wolfox\system\CodeIgniter.php(355): CodeIgniter\CodeIgniter->handleRequest(NULL, Object(Config\Cache), false)
#10 C:\xampp\htdocs\Wolfox\system\Boot.php(325): CodeIgniter\CodeIgniter->run()
#11 C:\xampp\htdocs\Wolfox\system\Boot.php(67): CodeIgniter\Boot::runCodeIgniter(Object(CodeIgniter\CodeIgniter))
#12 C:\xampp\htdocs\Wolfox\index.php(56): CodeIgniter\Boot::bootWeb(Object(Config\Paths))
#13 {main}
CRITICAL - 2025-02-11 05:43:49 --> CodeIgniter\Database\Exceptions\DatabaseException: Unknown column 'batch.id' in 'where clause'
[Method: GET, Route: Admin/Batch/edit/2]
in SYSTEMPATH\Database\BaseConnection.php on line 688.
 1 SYSTEMPATH\Database\BaseBuilder.php(1644): CodeIgniter\Database\BaseConnection->query('SELECT *
FROM `batch`
WHERE `batch`.`id` = :batch.id:', [...], false)
 2 SYSTEMPATH\Model.php(210): CodeIgniter\Database\BaseBuilder->get()
 3 SYSTEMPATH\BaseModel.php(610): CodeIgniter\Model->doFind(true, '2')
 4 APPPATH\Controllers\BatchMaster.php(71): CodeIgniter\BaseModel->find('2')
 5 SYSTEMPATH\CodeIgniter.php(933): App\Controllers\BatchMaster->edit('2')
 6 SYSTEMPATH\CodeIgniter.php(509): CodeIgniter\CodeIgniter->runController(Object(App\Controllers\BatchMaster))
 7 SYSTEMPATH\CodeIgniter.php(355): CodeIgniter\CodeIgniter->handleRequest(null, Object(Config\Cache), false)
 8 SYSTEMPATH\Boot.php(325): CodeIgniter\CodeIgniter->run()
 9 SYSTEMPATH\Boot.php(67): CodeIgniter\Boot::runCodeIgniter(Object(CodeIgniter\CodeIgniter))
10 FCPATH\index.php(56): CodeIgniter\Boot::bootWeb(Object(Config\Paths))
CRITICAL - 2025-02-11 05:43:49 --> [Caused by] CodeIgniter\Database\Exceptions\DatabaseException: Unknown column 'batch.id' in 'where clause'
in SYSTEMPATH\Database\MySQLi\Connection.php on line 317.
 1 SYSTEMPATH\Database\BaseConnection.php(734): CodeIgniter\Database\MySQLi\Connection->execute('SELECT *
FROM `batch`
WHERE `batch`.`id` = \'2\'')
 2 SYSTEMPATH\Database\BaseConnection.php(648): CodeIgniter\Database\BaseConnection->simpleQuery('SELECT *
FROM `batch`
WHERE `batch`.`id` = \'2\'')
 3 SYSTEMPATH\Database\BaseBuilder.php(1644): CodeIgniter\Database\BaseConnection->query('SELECT *
FROM `batch`
WHERE `batch`.`id` = :batch.id:', [...], false)
 4 SYSTEMPATH\Model.php(210): CodeIgniter\Database\BaseBuilder->get()
 5 SYSTEMPATH\BaseModel.php(610): CodeIgniter\Model->doFind(true, '2')
 6 APPPATH\Controllers\BatchMaster.php(71): CodeIgniter\BaseModel->find('2')
 7 SYSTEMPATH\CodeIgniter.php(933): App\Controllers\BatchMaster->edit('2')
 8 SYSTEMPATH\CodeIgniter.php(509): CodeIgniter\CodeIgniter->runController(Object(App\Controllers\BatchMaster))
 9 SYSTEMPATH\CodeIgniter.php(355): CodeIgniter\CodeIgniter->handleRequest(null, Object(Config\Cache), false)
10 SYSTEMPATH\Boot.php(325): CodeIgniter\CodeIgniter->run()
11 SYSTEMPATH\Boot.php(67): CodeIgniter\Boot::runCodeIgniter(Object(CodeIgniter\CodeIgniter))
12 FCPATH\index.php(56): CodeIgniter\Boot::bootWeb(Object(Config\Paths))
CRITICAL - 2025-02-11 05:43:49 --> [Caused by] mysqli_sql_exception: Unknown column 'batch.id' in 'where clause'
in SYSTEMPATH\Database\MySQLi\Connection.php on line 312.
 1 SYSTEMPATH\Database\MySQLi\Connection.php(312): mysqli->query('SELECT *
FROM `batch`
WHERE `batch`.`id` = \'2\'', 0)
 2 SYSTEMPATH\Database\BaseConnection.php(734): CodeIgniter\Database\MySQLi\Connection->execute('SELECT *
FROM `batch`
WHERE `batch`.`id` = \'2\'')
 3 SYSTEMPATH\Database\BaseConnection.php(648): CodeIgniter\Database\BaseConnection->simpleQuery('SELECT *
FROM `batch`
WHERE `batch`.`id` = \'2\'')
 4 SYSTEMPATH\Database\BaseBuilder.php(1644): CodeIgniter\Database\BaseConnection->query('SELECT *
FROM `batch`
WHERE `batch`.`id` = :batch.id:', [...], false)
 5 SYSTEMPATH\Model.php(210): CodeIgniter\Database\BaseBuilder->get()
 6 SYSTEMPATH\BaseModel.php(610): CodeIgniter\Model->doFind(true, '2')
 7 APPPATH\Controllers\BatchMaster.php(71): CodeIgniter\BaseModel->find('2')
 8 SYSTEMPATH\CodeIgniter.php(933): App\Controllers\BatchMaster->edit('2')
 9 SYSTEMPATH\CodeIgniter.php(509): CodeIgniter\CodeIgniter->runController(Object(App\Controllers\BatchMaster))
10 SYSTEMPATH\CodeIgniter.php(355): CodeIgniter\CodeIgniter->handleRequest(null, Object(Config\Cache), false)
11 SYSTEMPATH\Boot.php(325): CodeIgniter\CodeIgniter->run()
12 SYSTEMPATH\Boot.php(67): CodeIgniter\Boot::runCodeIgniter(Object(CodeIgniter\CodeIgniter))
13 FCPATH\index.php(56): CodeIgniter\Boot::bootWeb(Object(Config\Paths))
ERROR - 2025-02-11 05:46:34 --> mysqli_sql_exception: Unknown column 'batch.id' in 'where clause' in C:\xampp\htdocs\Wolfox\system\Database\MySQLi\Connection.php:312
Stack trace:
#0 C:\xampp\htdocs\Wolfox\system\Database\MySQLi\Connection.php(312): mysqli->query('SELECT *\nFROM `...', 0)
#1 C:\xampp\htdocs\Wolfox\system\Database\BaseConnection.php(734): CodeIgniter\Database\MySQLi\Connection->execute('SELECT *\nFROM `...')
#2 C:\xampp\htdocs\Wolfox\system\Database\BaseConnection.php(648): CodeIgniter\Database\BaseConnection->simpleQuery('SELECT *\nFROM `...')
#3 C:\xampp\htdocs\Wolfox\system\Database\BaseBuilder.php(1644): CodeIgniter\Database\BaseConnection->query('SELECT *\nFROM `...', Array, false)
#4 C:\xampp\htdocs\Wolfox\system\Model.php(210): CodeIgniter\Database\BaseBuilder->get()
#5 C:\xampp\htdocs\Wolfox\system\BaseModel.php(610): CodeIgniter\Model->doFind(true, '1')
#6 C:\xampp\htdocs\Wolfox\app\Controllers\BatchMaster.php(71): CodeIgniter\BaseModel->find('1')
#7 C:\xampp\htdocs\Wolfox\system\CodeIgniter.php(933): App\Controllers\BatchMaster->edit('1')
#8 C:\xampp\htdocs\Wolfox\system\CodeIgniter.php(509): CodeIgniter\CodeIgniter->runController(Object(App\Controllers\BatchMaster))
#9 C:\xampp\htdocs\Wolfox\system\CodeIgniter.php(355): CodeIgniter\CodeIgniter->handleRequest(NULL, Object(Config\Cache), false)
#10 C:\xampp\htdocs\Wolfox\system\Boot.php(325): CodeIgniter\CodeIgniter->run()
#11 C:\xampp\htdocs\Wolfox\system\Boot.php(67): CodeIgniter\Boot::runCodeIgniter(Object(CodeIgniter\CodeIgniter))
#12 C:\xampp\htdocs\Wolfox\index.php(56): CodeIgniter\Boot::bootWeb(Object(Config\Paths))
#13 {main}
CRITICAL - 2025-02-11 05:46:34 --> CodeIgniter\Database\Exceptions\DatabaseException: Unknown column 'batch.id' in 'where clause'
[Method: GET, Route: Admin/Batch/edit/1]
in SYSTEMPATH\Database\BaseConnection.php on line 688.
 1 SYSTEMPATH\Database\BaseBuilder.php(1644): CodeIgniter\Database\BaseConnection->query('SELECT *
FROM `batch`
WHERE `batch`.`id` = :batch.id:', [...], false)
 2 SYSTEMPATH\Model.php(210): CodeIgniter\Database\BaseBuilder->get()
 3 SYSTEMPATH\BaseModel.php(610): CodeIgniter\Model->doFind(true, '1')
 4 APPPATH\Controllers\BatchMaster.php(71): CodeIgniter\BaseModel->find('1')
 5 SYSTEMPATH\CodeIgniter.php(933): App\Controllers\BatchMaster->edit('1')
 6 SYSTEMPATH\CodeIgniter.php(509): CodeIgniter\CodeIgniter->runController(Object(App\Controllers\BatchMaster))
 7 SYSTEMPATH\CodeIgniter.php(355): CodeIgniter\CodeIgniter->handleRequest(null, Object(Config\Cache), false)
 8 SYSTEMPATH\Boot.php(325): CodeIgniter\CodeIgniter->run()
 9 SYSTEMPATH\Boot.php(67): CodeIgniter\Boot::runCodeIgniter(Object(CodeIgniter\CodeIgniter))
10 FCPATH\index.php(56): CodeIgniter\Boot::bootWeb(Object(Config\Paths))
CRITICAL - 2025-02-11 05:46:34 --> [Caused by] CodeIgniter\Database\Exceptions\DatabaseException: Unknown column 'batch.id' in 'where clause'
in SYSTEMPATH\Database\MySQLi\Connection.php on line 317.
 1 SYSTEMPATH\Database\BaseConnection.php(734): CodeIgniter\Database\MySQLi\Connection->execute('SELECT *
FROM `batch`
WHERE `batch`.`id` = \'1\'')
 2 SYSTEMPATH\Database\BaseConnection.php(648): CodeIgniter\Database\BaseConnection->simpleQuery('SELECT *
FROM `batch`
WHERE `batch`.`id` = \'1\'')
 3 SYSTEMPATH\Database\BaseBuilder.php(1644): CodeIgniter\Database\BaseConnection->query('SELECT *
FROM `batch`
WHERE `batch`.`id` = :batch.id:', [...], false)
 4 SYSTEMPATH\Model.php(210): CodeIgniter\Database\BaseBuilder->get()
 5 SYSTEMPATH\BaseModel.php(610): CodeIgniter\Model->doFind(true, '1')
 6 APPPATH\Controllers\BatchMaster.php(71): CodeIgniter\BaseModel->find('1')
 7 SYSTEMPATH\CodeIgniter.php(933): App\Controllers\BatchMaster->edit('1')
 8 SYSTEMPATH\CodeIgniter.php(509): CodeIgniter\CodeIgniter->runController(Object(App\Controllers\BatchMaster))
 9 SYSTEMPATH\CodeIgniter.php(355): CodeIgniter\CodeIgniter->handleRequest(null, Object(Config\Cache), false)
10 SYSTEMPATH\Boot.php(325): CodeIgniter\CodeIgniter->run()
11 SYSTEMPATH\Boot.php(67): CodeIgniter\Boot::runCodeIgniter(Object(CodeIgniter\CodeIgniter))
12 FCPATH\index.php(56): CodeIgniter\Boot::bootWeb(Object(Config\Paths))
CRITICAL - 2025-02-11 05:46:34 --> [Caused by] mysqli_sql_exception: Unknown column 'batch.id' in 'where clause'
in SYSTEMPATH\Database\MySQLi\Connection.php on line 312.
 1 SYSTEMPATH\Database\MySQLi\Connection.php(312): mysqli->query('SELECT *
FROM `batch`
WHERE `batch`.`id` = \'1\'', 0)
 2 SYSTEMPATH\Database\BaseConnection.php(734): CodeIgniter\Database\MySQLi\Connection->execute('SELECT *
FROM `batch`
WHERE `batch`.`id` = \'1\'')
 3 SYSTEMPATH\Database\BaseConnection.php(648): CodeIgniter\Database\BaseConnection->simpleQuery('SELECT *
FROM `batch`
WHERE `batch`.`id` = \'1\'')
 4 SYSTEMPATH\Database\BaseBuilder.php(1644): CodeIgniter\Database\BaseConnection->query('SELECT *
FROM `batch`
WHERE `batch`.`id` = :batch.id:', [...], false)
 5 SYSTEMPATH\Model.php(210): CodeIgniter\Database\BaseBuilder->get()
 6 SYSTEMPATH\BaseModel.php(610): CodeIgniter\Model->doFind(true, '1')
 7 APPPATH\Controllers\BatchMaster.php(71): CodeIgniter\BaseModel->find('1')
 8 SYSTEMPATH\CodeIgniter.php(933): App\Controllers\BatchMaster->edit('1')
 9 SYSTEMPATH\CodeIgniter.php(509): CodeIgniter\CodeIgniter->runController(Object(App\Controllers\BatchMaster))
10 SYSTEMPATH\CodeIgniter.php(355): CodeIgniter\CodeIgniter->handleRequest(null, Object(Config\Cache), false)
11 SYSTEMPATH\Boot.php(325): CodeIgniter\CodeIgniter->run()
12 SYSTEMPATH\Boot.php(67): CodeIgniter\Boot::runCodeIgniter(Object(CodeIgniter\CodeIgniter))
13 FCPATH\index.php(56): CodeIgniter\Boot::bootWeb(Object(Config\Paths))
ERROR - 2025-02-11 05:46:41 --> mysqli_sql_exception: Unknown column 'batch.id' in 'where clause' in C:\xampp\htdocs\Wolfox\system\Database\MySQLi\Connection.php:312
Stack trace:
#0 C:\xampp\htdocs\Wolfox\system\Database\MySQLi\Connection.php(312): mysqli->query('SELECT *\nFROM `...', 0)
#1 C:\xampp\htdocs\Wolfox\system\Database\BaseConnection.php(734): CodeIgniter\Database\MySQLi\Connection->execute('SELECT *\nFROM `...')
#2 C:\xampp\htdocs\Wolfox\system\Database\BaseConnection.php(648): CodeIgniter\Database\BaseConnection->simpleQuery('SELECT *\nFROM `...')
#3 C:\xampp\htdocs\Wolfox\system\Database\BaseBuilder.php(1644): CodeIgniter\Database\BaseConnection->query('SELECT *\nFROM `...', Array, false)
#4 C:\xampp\htdocs\Wolfox\system\Model.php(210): CodeIgniter\Database\BaseBuilder->get()
#5 C:\xampp\htdocs\Wolfox\system\BaseModel.php(610): CodeIgniter\Model->doFind(true, '1')
#6 C:\xampp\htdocs\Wolfox\app\Controllers\BatchMaster.php(120): CodeIgniter\BaseModel->find('1')
#7 C:\xampp\htdocs\Wolfox\system\CodeIgniter.php(933): App\Controllers\BatchMaster->delete('1')
#8 C:\xampp\htdocs\Wolfox\system\CodeIgniter.php(509): CodeIgniter\CodeIgniter->runController(Object(App\Controllers\BatchMaster))
#9 C:\xampp\htdocs\Wolfox\system\CodeIgniter.php(355): CodeIgniter\CodeIgniter->handleRequest(NULL, Object(Config\Cache), false)
#10 C:\xampp\htdocs\Wolfox\system\Boot.php(325): CodeIgniter\CodeIgniter->run()
#11 C:\xampp\htdocs\Wolfox\system\Boot.php(67): CodeIgniter\Boot::runCodeIgniter(Object(CodeIgniter\CodeIgniter))
#12 C:\xampp\htdocs\Wolfox\index.php(56): CodeIgniter\Boot::bootWeb(Object(Config\Paths))
#13 {main}
CRITICAL - 2025-02-11 05:46:41 --> CodeIgniter\Database\Exceptions\DatabaseException: Unknown column 'batch.id' in 'where clause'
[Method: GET, Route: Admin/Batch/delete/1]
in SYSTEMPATH\Database\BaseConnection.php on line 688.
 1 SYSTEMPATH\Database\BaseBuilder.php(1644): CodeIgniter\Database\BaseConnection->query('SELECT *
FROM `batch`
WHERE `batch`.`id` = :batch.id:', [...], false)
 2 SYSTEMPATH\Model.php(210): CodeIgniter\Database\BaseBuilder->get()
 3 SYSTEMPATH\BaseModel.php(610): CodeIgniter\Model->doFind(true, '1')
 4 APPPATH\Controllers\BatchMaster.php(120): CodeIgniter\BaseModel->find('1')
 5 SYSTEMPATH\CodeIgniter.php(933): App\Controllers\BatchMaster->delete('1')
 6 SYSTEMPATH\CodeIgniter.php(509): CodeIgniter\CodeIgniter->runController(Object(App\Controllers\BatchMaster))
 7 SYSTEMPATH\CodeIgniter.php(355): CodeIgniter\CodeIgniter->handleRequest(null, Object(Config\Cache), false)
 8 SYSTEMPATH\Boot.php(325): CodeIgniter\CodeIgniter->run()
 9 SYSTEMPATH\Boot.php(67): CodeIgniter\Boot::runCodeIgniter(Object(CodeIgniter\CodeIgniter))
10 FCPATH\index.php(56): CodeIgniter\Boot::bootWeb(Object(Config\Paths))
CRITICAL - 2025-02-11 05:46:41 --> [Caused by] CodeIgniter\Database\Exceptions\DatabaseException: Unknown column 'batch.id' in 'where clause'
in SYSTEMPATH\Database\MySQLi\Connection.php on line 317.
 1 SYSTEMPATH\Database\BaseConnection.php(734): CodeIgniter\Database\MySQLi\Connection->execute('SELECT *
FROM `batch`
WHERE `batch`.`id` = \'1\'')
 2 SYSTEMPATH\Database\BaseConnection.php(648): CodeIgniter\Database\BaseConnection->simpleQuery('SELECT *
FROM `batch`
WHERE `batch`.`id` = \'1\'')
 3 SYSTEMPATH\Database\BaseBuilder.php(1644): CodeIgniter\Database\BaseConnection->query('SELECT *
FROM `batch`
WHERE `batch`.`id` = :batch.id:', [...], false)
 4 SYSTEMPATH\Model.php(210): CodeIgniter\Database\BaseBuilder->get()
 5 SYSTEMPATH\BaseModel.php(610): CodeIgniter\Model->doFind(true, '1')
 6 APPPATH\Controllers\BatchMaster.php(120): CodeIgniter\BaseModel->find('1')
 7 SYSTEMPATH\CodeIgniter.php(933): App\Controllers\BatchMaster->delete('1')
 8 SYSTEMPATH\CodeIgniter.php(509): CodeIgniter\CodeIgniter->runController(Object(App\Controllers\BatchMaster))
 9 SYSTEMPATH\CodeIgniter.php(355): CodeIgniter\CodeIgniter->handleRequest(null, Object(Config\Cache), false)
10 SYSTEMPATH\Boot.php(325): CodeIgniter\CodeIgniter->run()
11 SYSTEMPATH\Boot.php(67): CodeIgniter\Boot::runCodeIgniter(Object(CodeIgniter\CodeIgniter))
12 FCPATH\index.php(56): CodeIgniter\Boot::bootWeb(Object(Config\Paths))
CRITICAL - 2025-02-11 05:46:41 --> [Caused by] mysqli_sql_exception: Unknown column 'batch.id' in 'where clause'
in SYSTEMPATH\Database\MySQLi\Connection.php on line 312.
 1 SYSTEMPATH\Database\MySQLi\Connection.php(312): mysqli->query('SELECT *
FROM `batch`
WHERE `batch`.`id` = \'1\'', 0)
 2 SYSTEMPATH\Database\BaseConnection.php(734): CodeIgniter\Database\MySQLi\Connection->execute('SELECT *
FROM `batch`
WHERE `batch`.`id` = \'1\'')
 3 SYSTEMPATH\Database\BaseConnection.php(648): CodeIgniter\Database\BaseConnection->simpleQuery('SELECT *
FROM `batch`
WHERE `batch`.`id` = \'1\'')
 4 SYSTEMPATH\Database\BaseBuilder.php(1644): CodeIgniter\Database\BaseConnection->query('SELECT *
FROM `batch`
WHERE `batch`.`id` = :batch.id:', [...], false)
 5 SYSTEMPATH\Model.php(210): CodeIgniter\Database\BaseBuilder->get()
 6 SYSTEMPATH\BaseModel.php(610): CodeIgniter\Model->doFind(true, '1')
 7 APPPATH\Controllers\BatchMaster.php(120): CodeIgniter\BaseModel->find('1')
 8 SYSTEMPATH\CodeIgniter.php(933): App\Controllers\BatchMaster->delete('1')
 9 SYSTEMPATH\CodeIgniter.php(509): CodeIgniter\CodeIgniter->runController(Object(App\Controllers\BatchMaster))
10 SYSTEMPATH\CodeIgniter.php(355): CodeIgniter\CodeIgniter->handleRequest(null, Object(Config\Cache), false)
11 SYSTEMPATH\Boot.php(325): CodeIgniter\CodeIgniter->run()
12 SYSTEMPATH\Boot.php(67): CodeIgniter\Boot::runCodeIgniter(Object(CodeIgniter\CodeIgniter))
13 FCPATH\index.php(56): CodeIgniter\Boot::bootWeb(Object(Config\Paths))
ERROR - 2025-02-11 05:49:57 --> mysqli_sql_exception: Unknown column 'batch.id' in 'where clause' in C:\xampp\htdocs\Wolfox\system\Database\MySQLi\Connection.php:312
Stack trace:
#0 C:\xampp\htdocs\Wolfox\system\Database\MySQLi\Connection.php(312): mysqli->query('SELECT *\nFROM `...', 0)
#1 C:\xampp\htdocs\Wolfox\system\Database\BaseConnection.php(734): CodeIgniter\Database\MySQLi\Connection->execute('SELECT *\nFROM `...')
#2 C:\xampp\htdocs\Wolfox\system\Database\BaseConnection.php(648): CodeIgniter\Database\BaseConnection->simpleQuery('SELECT *\nFROM `...')
#3 C:\xampp\htdocs\Wolfox\system\Database\BaseBuilder.php(1644): CodeIgniter\Database\BaseConnection->query('SELECT *\nFROM `...', Array, false)
#4 C:\xampp\htdocs\Wolfox\system\Model.php(210): CodeIgniter\Database\BaseBuilder->get()
#5 C:\xampp\htdocs\Wolfox\system\BaseModel.php(610): CodeIgniter\Model->doFind(true, '1')
#6 C:\xampp\htdocs\Wolfox\app\Controllers\BatchMaster.php(71): CodeIgniter\BaseModel->find('1')
#7 C:\xampp\htdocs\Wolfox\system\CodeIgniter.php(933): App\Controllers\BatchMaster->edit('1')
#8 C:\xampp\htdocs\Wolfox\system\CodeIgniter.php(509): CodeIgniter\CodeIgniter->runController(Object(App\Controllers\BatchMaster))
#9 C:\xampp\htdocs\Wolfox\system\CodeIgniter.php(355): CodeIgniter\CodeIgniter->handleRequest(NULL, Object(Config\Cache), false)
#10 C:\xampp\htdocs\Wolfox\system\Boot.php(325): CodeIgniter\CodeIgniter->run()
#11 C:\xampp\htdocs\Wolfox\system\Boot.php(67): CodeIgniter\Boot::runCodeIgniter(Object(CodeIgniter\CodeIgniter))
#12 C:\xampp\htdocs\Wolfox\index.php(56): CodeIgniter\Boot::bootWeb(Object(Config\Paths))
#13 {main}
CRITICAL - 2025-02-11 05:49:57 --> CodeIgniter\Database\Exceptions\DatabaseException: Unknown column 'batch.id' in 'where clause'
[Method: GET, Route: Admin/Batch/edit/1]
in SYSTEMPATH\Database\BaseConnection.php on line 688.
 1 SYSTEMPATH\Database\BaseBuilder.php(1644): CodeIgniter\Database\BaseConnection->query('SELECT *
FROM `batch`
WHERE `batch`.`id` = :batch.id:', [...], false)
 2 SYSTEMPATH\Model.php(210): CodeIgniter\Database\BaseBuilder->get()
 3 SYSTEMPATH\BaseModel.php(610): CodeIgniter\Model->doFind(true, '1')
 4 APPPATH\Controllers\BatchMaster.php(71): CodeIgniter\BaseModel->find('1')
 5 SYSTEMPATH\CodeIgniter.php(933): App\Controllers\BatchMaster->edit('1')
 6 SYSTEMPATH\CodeIgniter.php(509): CodeIgniter\CodeIgniter->runController(Object(App\Controllers\BatchMaster))
 7 SYSTEMPATH\CodeIgniter.php(355): CodeIgniter\CodeIgniter->handleRequest(null, Object(Config\Cache), false)
 8 SYSTEMPATH\Boot.php(325): CodeIgniter\CodeIgniter->run()
 9 SYSTEMPATH\Boot.php(67): CodeIgniter\Boot::runCodeIgniter(Object(CodeIgniter\CodeIgniter))
10 FCPATH\index.php(56): CodeIgniter\Boot::bootWeb(Object(Config\Paths))
CRITICAL - 2025-02-11 05:49:57 --> [Caused by] CodeIgniter\Database\Exceptions\DatabaseException: Unknown column 'batch.id' in 'where clause'
in SYSTEMPATH\Database\MySQLi\Connection.php on line 317.
 1 SYSTEMPATH\Database\BaseConnection.php(734): CodeIgniter\Database\MySQLi\Connection->execute('SELECT *
FROM `batch`
WHERE `batch`.`id` = \'1\'')
 2 SYSTEMPATH\Database\BaseConnection.php(648): CodeIgniter\Database\BaseConnection->simpleQuery('SELECT *
FROM `batch`
WHERE `batch`.`id` = \'1\'')
 3 SYSTEMPATH\Database\BaseBuilder.php(1644): CodeIgniter\Database\BaseConnection->query('SELECT *
FROM `batch`
WHERE `batch`.`id` = :batch.id:', [...], false)
 4 SYSTEMPATH\Model.php(210): CodeIgniter\Database\BaseBuilder->get()
 5 SYSTEMPATH\BaseModel.php(610): CodeIgniter\Model->doFind(true, '1')
 6 APPPATH\Controllers\BatchMaster.php(71): CodeIgniter\BaseModel->find('1')
 7 SYSTEMPATH\CodeIgniter.php(933): App\Controllers\BatchMaster->edit('1')
 8 SYSTEMPATH\CodeIgniter.php(509): CodeIgniter\CodeIgniter->runController(Object(App\Controllers\BatchMaster))
 9 SYSTEMPATH\CodeIgniter.php(355): CodeIgniter\CodeIgniter->handleRequest(null, Object(Config\Cache), false)
10 SYSTEMPATH\Boot.php(325): CodeIgniter\CodeIgniter->run()
11 SYSTEMPATH\Boot.php(67): CodeIgniter\Boot::runCodeIgniter(Object(CodeIgniter\CodeIgniter))
12 FCPATH\index.php(56): CodeIgniter\Boot::bootWeb(Object(Config\Paths))
CRITICAL - 2025-02-11 05:49:57 --> [Caused by] mysqli_sql_exception: Unknown column 'batch.id' in 'where clause'
in SYSTEMPATH\Database\MySQLi\Connection.php on line 312.
 1 SYSTEMPATH\Database\MySQLi\Connection.php(312): mysqli->query('SELECT *
FROM `batch`
WHERE `batch`.`id` = \'1\'', 0)
 2 SYSTEMPATH\Database\BaseConnection.php(734): CodeIgniter\Database\MySQLi\Connection->execute('SELECT *
FROM `batch`
WHERE `batch`.`id` = \'1\'')
 3 SYSTEMPATH\Database\BaseConnection.php(648): CodeIgniter\Database\BaseConnection->simpleQuery('SELECT *
FROM `batch`
WHERE `batch`.`id` = \'1\'')
 4 SYSTEMPATH\Database\BaseBuilder.php(1644): CodeIgniter\Database\BaseConnection->query('SELECT *
FROM `batch`
WHERE `batch`.`id` = :batch.id:', [...], false)
 5 SYSTEMPATH\Model.php(210): CodeIgniter\Database\BaseBuilder->get()
 6 SYSTEMPATH\BaseModel.php(610): CodeIgniter\Model->doFind(true, '1')
 7 APPPATH\Controllers\BatchMaster.php(71): CodeIgniter\BaseModel->find('1')
 8 SYSTEMPATH\CodeIgniter.php(933): App\Controllers\BatchMaster->edit('1')
 9 SYSTEMPATH\CodeIgniter.php(509): CodeIgniter\CodeIgniter->runController(Object(App\Controllers\BatchMaster))
10 SYSTEMPATH\CodeIgniter.php(355): CodeIgniter\CodeIgniter->handleRequest(null, Object(Config\Cache), false)
11 SYSTEMPATH\Boot.php(325): CodeIgniter\CodeIgniter->run()
12 SYSTEMPATH\Boot.php(67): CodeIgniter\Boot::runCodeIgniter(Object(CodeIgniter\CodeIgniter))
13 FCPATH\index.php(56): CodeIgniter\Boot::bootWeb(Object(Config\Paths))
ERROR - 2025-02-11 05:51:28 --> mysqli_sql_exception: Unknown column 'batch.id' in 'where clause' in C:\xampp\htdocs\Wolfox\system\Database\MySQLi\Connection.php:312
Stack trace:
#0 C:\xampp\htdocs\Wolfox\system\Database\MySQLi\Connection.php(312): mysqli->query('SELECT *\nFROM `...', 0)
#1 C:\xampp\htdocs\Wolfox\system\Database\BaseConnection.php(734): CodeIgniter\Database\MySQLi\Connection->execute('SELECT *\nFROM `...')
#2 C:\xampp\htdocs\Wolfox\system\Database\BaseConnection.php(648): CodeIgniter\Database\BaseConnection->simpleQuery('SELECT *\nFROM `...')
#3 C:\xampp\htdocs\Wolfox\system\Database\BaseBuilder.php(1644): CodeIgniter\Database\BaseConnection->query('SELECT *\nFROM `...', Array, false)
#4 C:\xampp\htdocs\Wolfox\system\Model.php(210): CodeIgniter\Database\BaseBuilder->get()
#5 C:\xampp\htdocs\Wolfox\system\BaseModel.php(610): CodeIgniter\Model->doFind(true, '1')
#6 C:\xampp\htdocs\Wolfox\app\Controllers\BatchMaster.php(71): CodeIgniter\BaseModel->find('1')
#7 C:\xampp\htdocs\Wolfox\system\CodeIgniter.php(933): App\Controllers\BatchMaster->edit('1')
#8 C:\xampp\htdocs\Wolfox\system\CodeIgniter.php(509): CodeIgniter\CodeIgniter->runController(Object(App\Controllers\BatchMaster))
#9 C:\xampp\htdocs\Wolfox\system\CodeIgniter.php(355): CodeIgniter\CodeIgniter->handleRequest(NULL, Object(Config\Cache), false)
#10 C:\xampp\htdocs\Wolfox\system\Boot.php(325): CodeIgniter\CodeIgniter->run()
#11 C:\xampp\htdocs\Wolfox\system\Boot.php(67): CodeIgniter\Boot::runCodeIgniter(Object(CodeIgniter\CodeIgniter))
#12 C:\xampp\htdocs\Wolfox\index.php(56): CodeIgniter\Boot::bootWeb(Object(Config\Paths))
#13 {main}
CRITICAL - 2025-02-11 05:51:28 --> CodeIgniter\Database\Exceptions\DatabaseException: Unknown column 'batch.id' in 'where clause'
[Method: GET, Route: Admin/Batch/edit/1]
in SYSTEMPATH\Database\BaseConnection.php on line 688.
 1 SYSTEMPATH\Database\BaseBuilder.php(1644): CodeIgniter\Database\BaseConnection->query('SELECT *
FROM `batch`
WHERE `batch`.`id` = :batch.id:', [...], false)
 2 SYSTEMPATH\Model.php(210): CodeIgniter\Database\BaseBuilder->get()
 3 SYSTEMPATH\BaseModel.php(610): CodeIgniter\Model->doFind(true, '1')
 4 APPPATH\Controllers\BatchMaster.php(71): CodeIgniter\BaseModel->find('1')
 5 SYSTEMPATH\CodeIgniter.php(933): App\Controllers\BatchMaster->edit('1')
 6 SYSTEMPATH\CodeIgniter.php(509): CodeIgniter\CodeIgniter->runController(Object(App\Controllers\BatchMaster))
 7 SYSTEMPATH\CodeIgniter.php(355): CodeIgniter\CodeIgniter->handleRequest(null, Object(Config\Cache), false)
 8 SYSTEMPATH\Boot.php(325): CodeIgniter\CodeIgniter->run()
 9 SYSTEMPATH\Boot.php(67): CodeIgniter\Boot::runCodeIgniter(Object(CodeIgniter\CodeIgniter))
10 FCPATH\index.php(56): CodeIgniter\Boot::bootWeb(Object(Config\Paths))
CRITICAL - 2025-02-11 05:51:28 --> [Caused by] CodeIgniter\Database\Exceptions\DatabaseException: Unknown column 'batch.id' in 'where clause'
in SYSTEMPATH\Database\MySQLi\Connection.php on line 317.
 1 SYSTEMPATH\Database\BaseConnection.php(734): CodeIgniter\Database\MySQLi\Connection->execute('SELECT *
FROM `batch`
WHERE `batch`.`id` = \'1\'')
 2 SYSTEMPATH\Database\BaseConnection.php(648): CodeIgniter\Database\BaseConnection->simpleQuery('SELECT *
FROM `batch`
WHERE `batch`.`id` = \'1\'')
 3 SYSTEMPATH\Database\BaseBuilder.php(1644): CodeIgniter\Database\BaseConnection->query('SELECT *
FROM `batch`
WHERE `batch`.`id` = :batch.id:', [...], false)
 4 SYSTEMPATH\Model.php(210): CodeIgniter\Database\BaseBuilder->get()
 5 SYSTEMPATH\BaseModel.php(610): CodeIgniter\Model->doFind(true, '1')
 6 APPPATH\Controllers\BatchMaster.php(71): CodeIgniter\BaseModel->find('1')
 7 SYSTEMPATH\CodeIgniter.php(933): App\Controllers\BatchMaster->edit('1')
 8 SYSTEMPATH\CodeIgniter.php(509): CodeIgniter\CodeIgniter->runController(Object(App\Controllers\BatchMaster))
 9 SYSTEMPATH\CodeIgniter.php(355): CodeIgniter\CodeIgniter->handleRequest(null, Object(Config\Cache), false)
10 SYSTEMPATH\Boot.php(325): CodeIgniter\CodeIgniter->run()
11 SYSTEMPATH\Boot.php(67): CodeIgniter\Boot::runCodeIgniter(Object(CodeIgniter\CodeIgniter))
12 FCPATH\index.php(56): CodeIgniter\Boot::bootWeb(Object(Config\Paths))
CRITICAL - 2025-02-11 05:51:28 --> [Caused by] mysqli_sql_exception: Unknown column 'batch.id' in 'where clause'
in SYSTEMPATH\Database\MySQLi\Connection.php on line 312.
 1 SYSTEMPATH\Database\MySQLi\Connection.php(312): mysqli->query('SELECT *
FROM `batch`
WHERE `batch`.`id` = \'1\'', 0)
 2 SYSTEMPATH\Database\BaseConnection.php(734): CodeIgniter\Database\MySQLi\Connection->execute('SELECT *
FROM `batch`
WHERE `batch`.`id` = \'1\'')
 3 SYSTEMPATH\Database\BaseConnection.php(648): CodeIgniter\Database\BaseConnection->simpleQuery('SELECT *
FROM `batch`
WHERE `batch`.`id` = \'1\'')
 4 SYSTEMPATH\Database\BaseBuilder.php(1644): CodeIgniter\Database\BaseConnection->query('SELECT *
FROM `batch`
WHERE `batch`.`id` = :batch.id:', [...], false)
 5 SYSTEMPATH\Model.php(210): CodeIgniter\Database\BaseBuilder->get()
 6 SYSTEMPATH\BaseModel.php(610): CodeIgniter\Model->doFind(true, '1')
 7 APPPATH\Controllers\BatchMaster.php(71): CodeIgniter\BaseModel->find('1')
 8 SYSTEMPATH\CodeIgniter.php(933): App\Controllers\BatchMaster->edit('1')
 9 SYSTEMPATH\CodeIgniter.php(509): CodeIgniter\CodeIgniter->runController(Object(App\Controllers\BatchMaster))
10 SYSTEMPATH\CodeIgniter.php(355): CodeIgniter\CodeIgniter->handleRequest(null, Object(Config\Cache), false)
11 SYSTEMPATH\Boot.php(325): CodeIgniter\CodeIgniter->run()
12 SYSTEMPATH\Boot.php(67): CodeIgniter\Boot::runCodeIgniter(Object(CodeIgniter\CodeIgniter))
13 FCPATH\index.php(56): CodeIgniter\Boot::bootWeb(Object(Config\Paths))
ERROR - 2025-02-11 05:52:22 --> mysqli_sql_exception: Unknown column 'batch.id' in 'where clause' in C:\xampp\htdocs\Wolfox\system\Database\MySQLi\Connection.php:312
Stack trace:
#0 C:\xampp\htdocs\Wolfox\system\Database\MySQLi\Connection.php(312): mysqli->query('SELECT *\nFROM `...', 0)
#1 C:\xampp\htdocs\Wolfox\system\Database\BaseConnection.php(734): CodeIgniter\Database\MySQLi\Connection->execute('SELECT *\nFROM `...')
#2 C:\xampp\htdocs\Wolfox\system\Database\BaseConnection.php(648): CodeIgniter\Database\BaseConnection->simpleQuery('SELECT *\nFROM `...')
#3 C:\xampp\htdocs\Wolfox\system\Database\BaseBuilder.php(1644): CodeIgniter\Database\BaseConnection->query('SELECT *\nFROM `...', Array, false)
#4 C:\xampp\htdocs\Wolfox\system\Model.php(210): CodeIgniter\Database\BaseBuilder->get()
#5 C:\xampp\htdocs\Wolfox\system\BaseModel.php(610): CodeIgniter\Model->doFind(true, '1')
#6 C:\xampp\htdocs\Wolfox\app\Controllers\BatchMaster.php(57): CodeIgniter\BaseModel->find('1')
#7 C:\xampp\htdocs\Wolfox\system\CodeIgniter.php(933): App\Controllers\BatchMaster->edit('1')
#8 C:\xampp\htdocs\Wolfox\system\CodeIgniter.php(509): CodeIgniter\CodeIgniter->runController(Object(App\Controllers\BatchMaster))
#9 C:\xampp\htdocs\Wolfox\system\CodeIgniter.php(355): CodeIgniter\CodeIgniter->handleRequest(NULL, Object(Config\Cache), false)
#10 C:\xampp\htdocs\Wolfox\system\Boot.php(325): CodeIgniter\CodeIgniter->run()
#11 C:\xampp\htdocs\Wolfox\system\Boot.php(67): CodeIgniter\Boot::runCodeIgniter(Object(CodeIgniter\CodeIgniter))
#12 C:\xampp\htdocs\Wolfox\index.php(56): CodeIgniter\Boot::bootWeb(Object(Config\Paths))
#13 {main}
CRITICAL - 2025-02-11 05:52:22 --> CodeIgniter\Database\Exceptions\DatabaseException: Unknown column 'batch.id' in 'where clause'
[Method: GET, Route: Admin/Batch/edit/1]
in SYSTEMPATH\Database\BaseConnection.php on line 688.
 1 SYSTEMPATH\Database\BaseBuilder.php(1644): CodeIgniter\Database\BaseConnection->query('SELECT *
FROM `batch`
WHERE `batch`.`id` = :batch.id:', [...], false)
 2 SYSTEMPATH\Model.php(210): CodeIgniter\Database\BaseBuilder->get()
 3 SYSTEMPATH\BaseModel.php(610): CodeIgniter\Model->doFind(true, '1')
 4 APPPATH\Controllers\BatchMaster.php(57): CodeIgniter\BaseModel->find('1')
 5 SYSTEMPATH\CodeIgniter.php(933): App\Controllers\BatchMaster->edit('1')
 6 SYSTEMPATH\CodeIgniter.php(509): CodeIgniter\CodeIgniter->runController(Object(App\Controllers\BatchMaster))
 7 SYSTEMPATH\CodeIgniter.php(355): CodeIgniter\CodeIgniter->handleRequest(null, Object(Config\Cache), false)
 8 SYSTEMPATH\Boot.php(325): CodeIgniter\CodeIgniter->run()
 9 SYSTEMPATH\Boot.php(67): CodeIgniter\Boot::runCodeIgniter(Object(CodeIgniter\CodeIgniter))
10 FCPATH\index.php(56): CodeIgniter\Boot::bootWeb(Object(Config\Paths))
CRITICAL - 2025-02-11 05:52:22 --> [Caused by] CodeIgniter\Database\Exceptions\DatabaseException: Unknown column 'batch.id' in 'where clause'
in SYSTEMPATH\Database\MySQLi\Connection.php on line 317.
 1 SYSTEMPATH\Database\BaseConnection.php(734): CodeIgniter\Database\MySQLi\Connection->execute('SELECT *
FROM `batch`
WHERE `batch`.`id` = \'1\'')
 2 SYSTEMPATH\Database\BaseConnection.php(648): CodeIgniter\Database\BaseConnection->simpleQuery('SELECT *
FROM `batch`
WHERE `batch`.`id` = \'1\'')
 3 SYSTEMPATH\Database\BaseBuilder.php(1644): CodeIgniter\Database\BaseConnection->query('SELECT *
FROM `batch`
WHERE `batch`.`id` = :batch.id:', [...], false)
 4 SYSTEMPATH\Model.php(210): CodeIgniter\Database\BaseBuilder->get()
 5 SYSTEMPATH\BaseModel.php(610): CodeIgniter\Model->doFind(true, '1')
 6 APPPATH\Controllers\BatchMaster.php(57): CodeIgniter\BaseModel->find('1')
 7 SYSTEMPATH\CodeIgniter.php(933): App\Controllers\BatchMaster->edit('1')
 8 SYSTEMPATH\CodeIgniter.php(509): CodeIgniter\CodeIgniter->runController(Object(App\Controllers\BatchMaster))
 9 SYSTEMPATH\CodeIgniter.php(355): CodeIgniter\CodeIgniter->handleRequest(null, Object(Config\Cache), false)
10 SYSTEMPATH\Boot.php(325): CodeIgniter\CodeIgniter->run()
11 SYSTEMPATH\Boot.php(67): CodeIgniter\Boot::runCodeIgniter(Object(CodeIgniter\CodeIgniter))
12 FCPATH\index.php(56): CodeIgniter\Boot::bootWeb(Object(Config\Paths))
CRITICAL - 2025-02-11 05:52:22 --> [Caused by] mysqli_sql_exception: Unknown column 'batch.id' in 'where clause'
in SYSTEMPATH\Database\MySQLi\Connection.php on line 312.
 1 SYSTEMPATH\Database\MySQLi\Connection.php(312): mysqli->query('SELECT *
FROM `batch`
WHERE `batch`.`id` = \'1\'', 0)
 2 SYSTEMPATH\Database\BaseConnection.php(734): CodeIgniter\Database\MySQLi\Connection->execute('SELECT *
FROM `batch`
WHERE `batch`.`id` = \'1\'')
 3 SYSTEMPATH\Database\BaseConnection.php(648): CodeIgniter\Database\BaseConnection->simpleQuery('SELECT *
FROM `batch`
WHERE `batch`.`id` = \'1\'')
 4 SYSTEMPATH\Database\BaseBuilder.php(1644): CodeIgniter\Database\BaseConnection->query('SELECT *
FROM `batch`
WHERE `batch`.`id` = :batch.id:', [...], false)
 5 SYSTEMPATH\Model.php(210): CodeIgniter\Database\BaseBuilder->get()
 6 SYSTEMPATH\BaseModel.php(610): CodeIgniter\Model->doFind(true, '1')
 7 APPPATH\Controllers\BatchMaster.php(57): CodeIgniter\BaseModel->find('1')
 8 SYSTEMPATH\CodeIgniter.php(933): App\Controllers\BatchMaster->edit('1')
 9 SYSTEMPATH\CodeIgniter.php(509): CodeIgniter\CodeIgniter->runController(Object(App\Controllers\BatchMaster))
10 SYSTEMPATH\CodeIgniter.php(355): CodeIgniter\CodeIgniter->handleRequest(null, Object(Config\Cache), false)
11 SYSTEMPATH\Boot.php(325): CodeIgniter\CodeIgniter->run()
12 SYSTEMPATH\Boot.php(67): CodeIgniter\Boot::runCodeIgniter(Object(CodeIgniter\CodeIgniter))
13 FCPATH\index.php(56): CodeIgniter\Boot::bootWeb(Object(Config\Paths))
CRITICAL - 2025-02-11 06:06:20 --> ErrorException: Undefined variable $BatchData
[Method: GET, Route: Admin/Document/list]
in APPPATH\Views\Admin\Document\list.php on line 43.
 1 APPPATH\Views\Admin\Document\list.php(43): CodeIgniter\Debug\Exceptions->errorHandler(2, 'Undefined variable $BatchData', 'C:\\xampp\\htdocs\\Wolfox\\app\\Views\\Admin\\Document\\list.php', 43)
 2 SYSTEMPATH\View\View.php(234): include('C:\\xampp\\htdocs\\Wolfox\\app\\Views\\Admin\\Document\\list.php')
 3 SYSTEMPATH\View\View.php(237): CodeIgniter\View\View->CodeIgniter\View\{closure}()
 4 SYSTEMPATH\Common.php(1171): CodeIgniter\View\View->render('/Admin/Document/list', [], true)
 5 APPPATH\Controllers\DocumentMaster.php(67): view('/Admin/Document/list', [...])
 6 SYSTEMPATH\CodeIgniter.php(933): App\Controllers\DocumentMaster->list()
 7 SYSTEMPATH\CodeIgniter.php(509): CodeIgniter\CodeIgniter->runController(Object(App\Controllers\DocumentMaster))
 8 SYSTEMPATH\CodeIgniter.php(355): CodeIgniter\CodeIgniter->handleRequest(null, Object(Config\Cache), false)
 9 SYSTEMPATH\Boot.php(325): CodeIgniter\CodeIgniter->run()
10 SYSTEMPATH\Boot.php(67): CodeIgniter\Boot::runCodeIgniter(Object(CodeIgniter\CodeIgniter))
11 FCPATH\index.php(56): CodeIgniter\Boot::bootWeb(Object(Config\Paths))
CRITICAL - 2025-02-11 06:06:35 --> ErrorException: Undefined array key "batchid"
[Method: GET, Route: Admin/Document/list]
in APPPATH\Views\Admin\Document\list.php on line 46.
 1 APPPATH\Views\Admin\Document\list.php(46): CodeIgniter\Debug\Exceptions->errorHandler(2, 'Undefined array key "batchid"', 'C:\\xampp\\htdocs\\Wolfox\\app\\Views\\Admin\\Document\\list.php', 46)
 2 SYSTEMPATH\View\View.php(234): include('C:\\xampp\\htdocs\\Wolfox\\app\\Views\\Admin\\Document\\list.php')
 3 SYSTEMPATH\View\View.php(237): CodeIgniter\View\View->CodeIgniter\View\{closure}()
 4 SYSTEMPATH\Common.php(1171): CodeIgniter\View\View->render('/Admin/Document/list', [], true)
 5 APPPATH\Controllers\DocumentMaster.php(67): view('/Admin/Document/list', [...])
 6 SYSTEMPATH\CodeIgniter.php(933): App\Controllers\DocumentMaster->list()
 7 SYSTEMPATH\CodeIgniter.php(509): CodeIgniter\CodeIgniter->runController(Object(App\Controllers\DocumentMaster))
 8 SYSTEMPATH\CodeIgniter.php(355): CodeIgniter\CodeIgniter->handleRequest(null, Object(Config\Cache), false)
 9 SYSTEMPATH\Boot.php(325): CodeIgniter\CodeIgniter->run()
10 SYSTEMPATH\Boot.php(67): CodeIgniter\Boot::runCodeIgniter(Object(CodeIgniter\CodeIgniter))
11 FCPATH\index.php(56): CodeIgniter\Boot::bootWeb(Object(Config\Paths))
CRITICAL - 2025-02-11 06:07:22 --> ErrorException: Undefined array key "batchid"
[Method: GET, Route: Admin/Document/list]
in APPPATH\Views\Admin\Document\list.php on line 47.
 1 APPPATH\Views\Admin\Document\list.php(47): CodeIgniter\Debug\Exceptions->errorHandler(2, 'Undefined array key "batchid"', 'C:\\xampp\\htdocs\\Wolfox\\app\\Views\\Admin\\Document\\list.php', 47)
 2 SYSTEMPATH\View\View.php(234): include('C:\\xampp\\htdocs\\Wolfox\\app\\Views\\Admin\\Document\\list.php')
 3 SYSTEMPATH\View\View.php(237): CodeIgniter\View\View->CodeIgniter\View\{closure}()
 4 SYSTEMPATH\Common.php(1171): CodeIgniter\View\View->render('/Admin/Document/list', [], true)
 5 APPPATH\Controllers\DocumentMaster.php(67): view('/Admin/Document/list', [...])
 6 SYSTEMPATH\CodeIgniter.php(933): App\Controllers\DocumentMaster->list()
 7 SYSTEMPATH\CodeIgniter.php(509): CodeIgniter\CodeIgniter->runController(Object(App\Controllers\DocumentMaster))
 8 SYSTEMPATH\CodeIgniter.php(355): CodeIgniter\CodeIgniter->handleRequest(null, Object(Config\Cache), false)
 9 SYSTEMPATH\Boot.php(325): CodeIgniter\CodeIgniter->run()
10 SYSTEMPATH\Boot.php(67): CodeIgniter\Boot::runCodeIgniter(Object(CodeIgniter\CodeIgniter))
11 FCPATH\index.php(56): CodeIgniter\Boot::bootWeb(Object(Config\Paths))
CRITICAL - 2025-02-11 06:07:35 --> ErrorException: Undefined array key "batchid"
[Method: GET, Route: Admin/Document/list]
in APPPATH\Views\Admin\Document\list.php on line 47.
 1 APPPATH\Views\Admin\Document\list.php(47): CodeIgniter\Debug\Exceptions->errorHandler(2, 'Undefined array key "batchid"', 'C:\\xampp\\htdocs\\Wolfox\\app\\Views\\Admin\\Document\\list.php', 47)
 2 SYSTEMPATH\View\View.php(234): include('C:\\xampp\\htdocs\\Wolfox\\app\\Views\\Admin\\Document\\list.php')
 3 SYSTEMPATH\View\View.php(237): CodeIgniter\View\View->CodeIgniter\View\{closure}()
 4 SYSTEMPATH\Common.php(1171): CodeIgniter\View\View->render('/Admin/Document/list', [], true)
 5 APPPATH\Controllers\DocumentMaster.php(67): view('/Admin/Document/list', [...])
 6 SYSTEMPATH\CodeIgniter.php(933): App\Controllers\DocumentMaster->list()
 7 SYSTEMPATH\CodeIgniter.php(509): CodeIgniter\CodeIgniter->runController(Object(App\Controllers\DocumentMaster))
 8 SYSTEMPATH\CodeIgniter.php(355): CodeIgniter\CodeIgniter->handleRequest(null, Object(Config\Cache), false)
 9 SYSTEMPATH\Boot.php(325): CodeIgniter\CodeIgniter->run()
10 SYSTEMPATH\Boot.php(67): CodeIgniter\Boot::runCodeIgniter(Object(CodeIgniter\CodeIgniter))
11 FCPATH\index.php(56): CodeIgniter\Boot::bootWeb(Object(Config\Paths))
CRITICAL - 2025-02-11 06:13:59 --> ErrorException: Undefined array key "batchid"
[Method: GET, Route: Admin/Document/list]
in APPPATH\Views\Admin\Document\list.php on line 47.
 1 APPPATH\Views\Admin\Document\list.php(47): CodeIgniter\Debug\Exceptions->errorHandler(2, 'Undefined array key "batchid"', 'C:\\xampp\\htdocs\\Wolfox\\app\\Views\\Admin\\Document\\list.php', 47)
 2 SYSTEMPATH\View\View.php(234): include('C:\\xampp\\htdocs\\Wolfox\\app\\Views\\Admin\\Document\\list.php')
 3 SYSTEMPATH\View\View.php(237): CodeIgniter\View\View->CodeIgniter\View\{closure}()
 4 SYSTEMPATH\Common.php(1171): CodeIgniter\View\View->render('/Admin/Document/list', [], true)
 5 APPPATH\Controllers\DocumentMaster.php(67): view('/Admin/Document/list', [...])
 6 SYSTEMPATH\CodeIgniter.php(933): App\Controllers\DocumentMaster->list()
 7 SYSTEMPATH\CodeIgniter.php(509): CodeIgniter\CodeIgniter->runController(Object(App\Controllers\DocumentMaster))
 8 SYSTEMPATH\CodeIgniter.php(355): CodeIgniter\CodeIgniter->handleRequest(null, Object(Config\Cache), false)
 9 SYSTEMPATH\Boot.php(325): CodeIgniter\CodeIgniter->run()
10 SYSTEMPATH\Boot.php(67): CodeIgniter\Boot::runCodeIgniter(Object(CodeIgniter\CodeIgniter))
11 FCPATH\index.php(56): CodeIgniter\Boot::bootWeb(Object(Config\Paths))
WARNING - 2025-02-11 06:14:58 --> [DEPRECATED] strtotime(): Passing null to parameter #1 ($datetime) of type string is deprecated in APPPATH\Views\Admin\Admission\list.php on line 96.
 1 APPPATH\Views\Admin\Admission\list.php(96): strtotime(null)
 2 SYSTEMPATH\View\View.php(234): include('C:\\xampp\\htdocs\\Wolfox\\app\\Views\\Admin\\Admission\\list.php')
 3 SYSTEMPATH\View\View.php(237): CodeIgniter\View\View->CodeIgniter\View\{closure}()
 4 SYSTEMPATH\Common.php(1171): CodeIgniter\View\View->render('/Admin/Admission/list', [], true)
 5 APPPATH\Controllers\AdmissionMaster.php(309): view('/Admin/Admission/list', [...])
 6 SYSTEMPATH\CodeIgniter.php(933): App\Controllers\AdmissionMaster->list()
 7 SYSTEMPATH\CodeIgniter.php(509): CodeIgniter\CodeIgniter->runController(Object(App\Controllers\AdmissionMaster))
 8 SYSTEMPATH\CodeIgniter.php(355): CodeIgniter\CodeIgniter->handleRequest(null, Object(Config\Cache), false)
 9 SYSTEMPATH\Boot.php(325): CodeIgniter\CodeIgniter->run()
10 SYSTEMPATH\Boot.php(67): CodeIgniter\Boot::runCodeIgniter(Object(CodeIgniter\CodeIgniter))
11 FCPATH\index.php(56): CodeIgniter\Boot::bootWeb(Object(Config\Paths))
WARNING - 2025-02-11 06:14:58 --> [DEPRECATED] strtotime(): Passing null to parameter #1 ($datetime) of type string is deprecated in APPPATH\Views\Admin\Admission\list.php on line 96.
 1 APPPATH\Views\Admin\Admission\list.php(96): strtotime(null)
 2 SYSTEMPATH\View\View.php(234): include('C:\\xampp\\htdocs\\Wolfox\\app\\Views\\Admin\\Admission\\list.php')
 3 SYSTEMPATH\View\View.php(237): CodeIgniter\View\View->CodeIgniter\View\{closure}()
 4 SYSTEMPATH\Common.php(1171): CodeIgniter\View\View->render('/Admin/Admission/list', [], true)
 5 APPPATH\Controllers\AdmissionMaster.php(309): view('/Admin/Admission/list', [...])
 6 SYSTEMPATH\CodeIgniter.php(933): App\Controllers\AdmissionMaster->list()
 7 SYSTEMPATH\CodeIgniter.php(509): CodeIgniter\CodeIgniter->runController(Object(App\Controllers\AdmissionMaster))
 8 SYSTEMPATH\CodeIgniter.php(355): CodeIgniter\CodeIgniter->handleRequest(null, Object(Config\Cache), false)
 9 SYSTEMPATH\Boot.php(325): CodeIgniter\CodeIgniter->run()
10 SYSTEMPATH\Boot.php(67): CodeIgniter\Boot::runCodeIgniter(Object(CodeIgniter\CodeIgniter))
11 FCPATH\index.php(56): CodeIgniter\Boot::bootWeb(Object(Config\Paths))
WARNING - 2025-02-11 06:14:58 --> [DEPRECATED] strtotime(): Passing null to parameter #1 ($datetime) of type string is deprecated in APPPATH\Views\Admin\Admission\list.php on line 96.
 1 APPPATH\Views\Admin\Admission\list.php(96): strtotime(null)
 2 SYSTEMPATH\View\View.php(234): include('C:\\xampp\\htdocs\\Wolfox\\app\\Views\\Admin\\Admission\\list.php')
 3 SYSTEMPATH\View\View.php(237): CodeIgniter\View\View->CodeIgniter\View\{closure}()
 4 SYSTEMPATH\Common.php(1171): CodeIgniter\View\View->render('/Admin/Admission/list', [], true)
 5 APPPATH\Controllers\AdmissionMaster.php(309): view('/Admin/Admission/list', [...])
 6 SYSTEMPATH\CodeIgniter.php(933): App\Controllers\AdmissionMaster->list()
 7 SYSTEMPATH\CodeIgniter.php(509): CodeIgniter\CodeIgniter->runController(Object(App\Controllers\AdmissionMaster))
 8 SYSTEMPATH\CodeIgniter.php(355): CodeIgniter\CodeIgniter->handleRequest(null, Object(Config\Cache), false)
 9 SYSTEMPATH\Boot.php(325): CodeIgniter\CodeIgniter->run()
10 SYSTEMPATH\Boot.php(67): CodeIgniter\Boot::runCodeIgniter(Object(CodeIgniter\CodeIgniter))
11 FCPATH\index.php(56): CodeIgniter\Boot::bootWeb(Object(Config\Paths))
WARNING - 2025-02-11 06:14:58 --> [DEPRECATED] strtotime(): Passing null to parameter #1 ($datetime) of type string is deprecated in APPPATH\Views\Admin\Admission\list.php on line 96.
 1 APPPATH\Views\Admin\Admission\list.php(96): strtotime(null)
 2 SYSTEMPATH\View\View.php(234): include('C:\\xampp\\htdocs\\Wolfox\\app\\Views\\Admin\\Admission\\list.php')
 3 SYSTEMPATH\View\View.php(237): CodeIgniter\View\View->CodeIgniter\View\{closure}()
 4 SYSTEMPATH\Common.php(1171): CodeIgniter\View\View->render('/Admin/Admission/list', [], true)
 5 APPPATH\Controllers\AdmissionMaster.php(309): view('/Admin/Admission/list', [...])
 6 SYSTEMPATH\CodeIgniter.php(933): App\Controllers\AdmissionMaster->list()
 7 SYSTEMPATH\CodeIgniter.php(509): CodeIgniter\CodeIgniter->runController(Object(App\Controllers\AdmissionMaster))
 8 SYSTEMPATH\CodeIgniter.php(355): CodeIgniter\CodeIgniter->handleRequest(null, Object(Config\Cache), false)
 9 SYSTEMPATH\Boot.php(325): CodeIgniter\CodeIgniter->run()
10 SYSTEMPATH\Boot.php(67): CodeIgniter\Boot::runCodeIgniter(Object(CodeIgniter\CodeIgniter))
11 FCPATH\index.php(56): CodeIgniter\Boot::bootWeb(Object(Config\Paths))
WARNING - 2025-02-11 06:14:58 --> [DEPRECATED] strtotime(): Passing null to parameter #1 ($datetime) of type string is deprecated in APPPATH\Views\Admin\Admission\list.php on line 96.
 1 APPPATH\Views\Admin\Admission\list.php(96): strtotime(null)
 2 SYSTEMPATH\View\View.php(234): include('C:\\xampp\\htdocs\\Wolfox\\app\\Views\\Admin\\Admission\\list.php')
 3 SYSTEMPATH\View\View.php(237): CodeIgniter\View\View->CodeIgniter\View\{closure}()
 4 SYSTEMPATH\Common.php(1171): CodeIgniter\View\View->render('/Admin/Admission/list', [], true)
 5 APPPATH\Controllers\AdmissionMaster.php(309): view('/Admin/Admission/list', [...])
 6 SYSTEMPATH\CodeIgniter.php(933): App\Controllers\AdmissionMaster->list()
 7 SYSTEMPATH\CodeIgniter.php(509): CodeIgniter\CodeIgniter->runController(Object(App\Controllers\AdmissionMaster))
 8 SYSTEMPATH\CodeIgniter.php(355): CodeIgniter\CodeIgniter->handleRequest(null, Object(Config\Cache), false)
 9 SYSTEMPATH\Boot.php(325): CodeIgniter\CodeIgniter->run()
10 SYSTEMPATH\Boot.php(67): CodeIgniter\Boot::runCodeIgniter(Object(CodeIgniter\CodeIgniter))
11 FCPATH\index.php(56): CodeIgniter\Boot::bootWeb(Object(Config\Paths))
WARNING - 2025-02-11 06:14:58 --> [DEPRECATED] strtotime(): Passing null to parameter #1 ($datetime) of type string is deprecated in APPPATH\Views\Admin\Admission\list.php on line 96.
 1 APPPATH\Views\Admin\Admission\list.php(96): strtotime(null)
 2 SYSTEMPATH\View\View.php(234): include('C:\\xampp\\htdocs\\Wolfox\\app\\Views\\Admin\\Admission\\list.php')
 3 SYSTEMPATH\View\View.php(237): CodeIgniter\View\View->CodeIgniter\View\{closure}()
 4 SYSTEMPATH\Common.php(1171): CodeIgniter\View\View->render('/Admin/Admission/list', [], true)
 5 APPPATH\Controllers\AdmissionMaster.php(309): view('/Admin/Admission/list', [...])
 6 SYSTEMPATH\CodeIgniter.php(933): App\Controllers\AdmissionMaster->list()
 7 SYSTEMPATH\CodeIgniter.php(509): CodeIgniter\CodeIgniter->runController(Object(App\Controllers\AdmissionMaster))
 8 SYSTEMPATH\CodeIgniter.php(355): CodeIgniter\CodeIgniter->handleRequest(null, Object(Config\Cache), false)
 9 SYSTEMPATH\Boot.php(325): CodeIgniter\CodeIgniter->run()
10 SYSTEMPATH\Boot.php(67): CodeIgniter\Boot::runCodeIgniter(Object(CodeIgniter\CodeIgniter))
11 FCPATH\index.php(56): CodeIgniter\Boot::bootWeb(Object(Config\Paths))
WARNING - 2025-02-11 06:14:58 --> [DEPRECATED] strtotime(): Passing null to parameter #1 ($datetime) of type string is deprecated in APPPATH\Views\Admin\Admission\list.php on line 96.
 1 APPPATH\Views\Admin\Admission\list.php(96): strtotime(null)
 2 SYSTEMPATH\View\View.php(234): include('C:\\xampp\\htdocs\\Wolfox\\app\\Views\\Admin\\Admission\\list.php')
 3 SYSTEMPATH\View\View.php(237): CodeIgniter\View\View->CodeIgniter\View\{closure}()
 4 SYSTEMPATH\Common.php(1171): CodeIgniter\View\View->render('/Admin/Admission/list', [], true)
 5 APPPATH\Controllers\AdmissionMaster.php(309): view('/Admin/Admission/list', [...])
 6 SYSTEMPATH\CodeIgniter.php(933): App\Controllers\AdmissionMaster->list()
 7 SYSTEMPATH\CodeIgniter.php(509): CodeIgniter\CodeIgniter->runController(Object(App\Controllers\AdmissionMaster))
 8 SYSTEMPATH\CodeIgniter.php(355): CodeIgniter\CodeIgniter->handleRequest(null, Object(Config\Cache), false)
 9 SYSTEMPATH\Boot.php(325): CodeIgniter\CodeIgniter->run()
10 SYSTEMPATH\Boot.php(67): CodeIgniter\Boot::runCodeIgniter(Object(CodeIgniter\CodeIgniter))
11 FCPATH\index.php(56): CodeIgniter\Boot::bootWeb(Object(Config\Paths))
WARNING - 2025-02-11 06:14:58 --> [DEPRECATED] strtotime(): Passing null to parameter #1 ($datetime) of type string is deprecated in APPPATH\Views\Admin\Admission\list.php on line 96.
 1 APPPATH\Views\Admin\Admission\list.php(96): strtotime(null)
 2 SYSTEMPATH\View\View.php(234): include('C:\\xampp\\htdocs\\Wolfox\\app\\Views\\Admin\\Admission\\list.php')
 3 SYSTEMPATH\View\View.php(237): CodeIgniter\View\View->CodeIgniter\View\{closure}()
 4 SYSTEMPATH\Common.php(1171): CodeIgniter\View\View->render('/Admin/Admission/list', [], true)
 5 APPPATH\Controllers\AdmissionMaster.php(309): view('/Admin/Admission/list', [...])
 6 SYSTEMPATH\CodeIgniter.php(933): App\Controllers\AdmissionMaster->list()
 7 SYSTEMPATH\CodeIgniter.php(509): CodeIgniter\CodeIgniter->runController(Object(App\Controllers\AdmissionMaster))
 8 SYSTEMPATH\CodeIgniter.php(355): CodeIgniter\CodeIgniter->handleRequest(null, Object(Config\Cache), false)
 9 SYSTEMPATH\Boot.php(325): CodeIgniter\CodeIgniter->run()
10 SYSTEMPATH\Boot.php(67): CodeIgniter\Boot::runCodeIgniter(Object(CodeIgniter\CodeIgniter))
11 FCPATH\index.php(56): CodeIgniter\Boot::bootWeb(Object(Config\Paths))
WARNING - 2025-02-11 06:14:58 --> [DEPRECATED] strtotime(): Passing null to parameter #1 ($datetime) of type string is deprecated in APPPATH\Views\Admin\Admission\list.php on line 96.
 1 APPPATH\Views\Admin\Admission\list.php(96): strtotime(null)
 2 SYSTEMPATH\View\View.php(234): include('C:\\xampp\\htdocs\\Wolfox\\app\\Views\\Admin\\Admission\\list.php')
 3 SYSTEMPATH\View\View.php(237): CodeIgniter\View\View->CodeIgniter\View\{closure}()
 4 SYSTEMPATH\Common.php(1171): CodeIgniter\View\View->render('/Admin/Admission/list', [], true)
 5 APPPATH\Controllers\AdmissionMaster.php(309): view('/Admin/Admission/list', [...])
 6 SYSTEMPATH\CodeIgniter.php(933): App\Controllers\AdmissionMaster->list()
 7 SYSTEMPATH\CodeIgniter.php(509): CodeIgniter\CodeIgniter->runController(Object(App\Controllers\AdmissionMaster))
 8 SYSTEMPATH\CodeIgniter.php(355): CodeIgniter\CodeIgniter->handleRequest(null, Object(Config\Cache), false)
 9 SYSTEMPATH\Boot.php(325): CodeIgniter\CodeIgniter->run()
10 SYSTEMPATH\Boot.php(67): CodeIgniter\Boot::runCodeIgniter(Object(CodeIgniter\CodeIgniter))
11 FCPATH\index.php(56): CodeIgniter\Boot::bootWeb(Object(Config\Paths))
WARNING - 2025-02-11 06:14:58 --> [DEPRECATED] strtotime(): Passing null to parameter #1 ($datetime) of type string is deprecated in APPPATH\Views\Admin\Admission\list.php on line 96.
 1 APPPATH\Views\Admin\Admission\list.php(96): strtotime(null)
 2 SYSTEMPATH\View\View.php(234): include('C:\\xampp\\htdocs\\Wolfox\\app\\Views\\Admin\\Admission\\list.php')
 3 SYSTEMPATH\View\View.php(237): CodeIgniter\View\View->CodeIgniter\View\{closure}()
 4 SYSTEMPATH\Common.php(1171): CodeIgniter\View\View->render('/Admin/Admission/list', [], true)
 5 APPPATH\Controllers\AdmissionMaster.php(309): view('/Admin/Admission/list', [...])
 6 SYSTEMPATH\CodeIgniter.php(933): App\Controllers\AdmissionMaster->list()
 7 SYSTEMPATH\CodeIgniter.php(509): CodeIgniter\CodeIgniter->runController(Object(App\Controllers\AdmissionMaster))
 8 SYSTEMPATH\CodeIgniter.php(355): CodeIgniter\CodeIgniter->handleRequest(null, Object(Config\Cache), false)
 9 SYSTEMPATH\Boot.php(325): CodeIgniter\CodeIgniter->run()
10 SYSTEMPATH\Boot.php(67): CodeIgniter\Boot::runCodeIgniter(Object(CodeIgniter\CodeIgniter))
11 FCPATH\index.php(56): CodeIgniter\Boot::bootWeb(Object(Config\Paths))
WARNING - 2025-02-11 06:14:58 --> [DEPRECATED] strtotime(): Passing null to parameter #1 ($datetime) of type string is deprecated in APPPATH\Views\Admin\Admission\list.php on line 96.
 1 APPPATH\Views\Admin\Admission\list.php(96): strtotime(null)
 2 SYSTEMPATH\View\View.php(234): include('C:\\xampp\\htdocs\\Wolfox\\app\\Views\\Admin\\Admission\\list.php')
 3 SYSTEMPATH\View\View.php(237): CodeIgniter\View\View->CodeIgniter\View\{closure}()
 4 SYSTEMPATH\Common.php(1171): CodeIgniter\View\View->render('/Admin/Admission/list', [], true)
 5 APPPATH\Controllers\AdmissionMaster.php(309): view('/Admin/Admission/list', [...])
 6 SYSTEMPATH\CodeIgniter.php(933): App\Controllers\AdmissionMaster->list()
 7 SYSTEMPATH\CodeIgniter.php(509): CodeIgniter\CodeIgniter->runController(Object(App\Controllers\AdmissionMaster))
 8 SYSTEMPATH\CodeIgniter.php(355): CodeIgniter\CodeIgniter->handleRequest(null, Object(Config\Cache), false)
 9 SYSTEMPATH\Boot.php(325): CodeIgniter\CodeIgniter->run()
10 SYSTEMPATH\Boot.php(67): CodeIgniter\Boot::runCodeIgniter(Object(CodeIgniter\CodeIgniter))
11 FCPATH\index.php(56): CodeIgniter\Boot::bootWeb(Object(Config\Paths))
WARNING - 2025-02-11 06:14:58 --> [DEPRECATED] strtotime(): Passing null to parameter #1 ($datetime) of type string is deprecated in APPPATH\Views\Admin\Admission\list.php on line 96.
 1 APPPATH\Views\Admin\Admission\list.php(96): strtotime(null)
 2 SYSTEMPATH\View\View.php(234): include('C:\\xampp\\htdocs\\Wolfox\\app\\Views\\Admin\\Admission\\list.php')
 3 SYSTEMPATH\View\View.php(237): CodeIgniter\View\View->CodeIgniter\View\{closure}()
 4 SYSTEMPATH\Common.php(1171): CodeIgniter\View\View->render('/Admin/Admission/list', [], true)
 5 APPPATH\Controllers\AdmissionMaster.php(309): view('/Admin/Admission/list', [...])
 6 SYSTEMPATH\CodeIgniter.php(933): App\Controllers\AdmissionMaster->list()
 7 SYSTEMPATH\CodeIgniter.php(509): CodeIgniter\CodeIgniter->runController(Object(App\Controllers\AdmissionMaster))
 8 SYSTEMPATH\CodeIgniter.php(355): CodeIgniter\CodeIgniter->handleRequest(null, Object(Config\Cache), false)
 9 SYSTEMPATH\Boot.php(325): CodeIgniter\CodeIgniter->run()
10 SYSTEMPATH\Boot.php(67): CodeIgniter\Boot::runCodeIgniter(Object(CodeIgniter\CodeIgniter))
11 FCPATH\index.php(56): CodeIgniter\Boot::bootWeb(Object(Config\Paths))
WARNING - 2025-02-11 06:28:43 --> [DEPRECATED] strtotime(): Passing null to parameter #1 ($datetime) of type string is deprecated in APPPATH\Views\Admin\Admission\list.php on line 96.
 1 APPPATH\Views\Admin\Admission\list.php(96): strtotime(null)
 2 SYSTEMPATH\View\View.php(234): include('C:\\xampp\\htdocs\\Wolfox\\app\\Views\\Admin\\Admission\\list.php')
 3 SYSTEMPATH\View\View.php(237): CodeIgniter\View\View->CodeIgniter\View\{closure}()
 4 SYSTEMPATH\Common.php(1171): CodeIgniter\View\View->render('/Admin/Admission/list', [], true)
 5 APPPATH\Controllers\AdmissionMaster.php(309): view('/Admin/Admission/list', [...])
 6 SYSTEMPATH\CodeIgniter.php(933): App\Controllers\AdmissionMaster->list()
 7 SYSTEMPATH\CodeIgniter.php(509): CodeIgniter\CodeIgniter->runController(Object(App\Controllers\AdmissionMaster))
 8 SYSTEMPATH\CodeIgniter.php(355): CodeIgniter\CodeIgniter->handleRequest(null, Object(Config\Cache), false)
 9 SYSTEMPATH\Boot.php(325): CodeIgniter\CodeIgniter->run()
10 SYSTEMPATH\Boot.php(67): CodeIgniter\Boot::runCodeIgniter(Object(CodeIgniter\CodeIgniter))
11 FCPATH\index.php(56): CodeIgniter\Boot::bootWeb(Object(Config\Paths))
WARNING - 2025-02-11 06:28:43 --> [DEPRECATED] strtotime(): Passing null to parameter #1 ($datetime) of type string is deprecated in APPPATH\Views\Admin\Admission\list.php on line 96.
 1 APPPATH\Views\Admin\Admission\list.php(96): strtotime(null)
 2 SYSTEMPATH\View\View.php(234): include('C:\\xampp\\htdocs\\Wolfox\\app\\Views\\Admin\\Admission\\list.php')
 3 SYSTEMPATH\View\View.php(237): CodeIgniter\View\View->CodeIgniter\View\{closure}()
 4 SYSTEMPATH\Common.php(1171): CodeIgniter\View\View->render('/Admin/Admission/list', [], true)
 5 APPPATH\Controllers\AdmissionMaster.php(309): view('/Admin/Admission/list', [...])
 6 SYSTEMPATH\CodeIgniter.php(933): App\Controllers\AdmissionMaster->list()
 7 SYSTEMPATH\CodeIgniter.php(509): CodeIgniter\CodeIgniter->runController(Object(App\Controllers\AdmissionMaster))
 8 SYSTEMPATH\CodeIgniter.php(355): CodeIgniter\CodeIgniter->handleRequest(null, Object(Config\Cache), false)
 9 SYSTEMPATH\Boot.php(325): CodeIgniter\CodeIgniter->run()
10 SYSTEMPATH\Boot.php(67): CodeIgniter\Boot::runCodeIgniter(Object(CodeIgniter\CodeIgniter))
11 FCPATH\index.php(56): CodeIgniter\Boot::bootWeb(Object(Config\Paths))
WARNING - 2025-02-11 06:28:43 --> [DEPRECATED] strtotime(): Passing null to parameter #1 ($datetime) of type string is deprecated in APPPATH\Views\Admin\Admission\list.php on line 96.
 1 APPPATH\Views\Admin\Admission\list.php(96): strtotime(null)
 2 SYSTEMPATH\View\View.php(234): include('C:\\xampp\\htdocs\\Wolfox\\app\\Views\\Admin\\Admission\\list.php')
 3 SYSTEMPATH\View\View.php(237): CodeIgniter\View\View->CodeIgniter\View\{closure}()
 4 SYSTEMPATH\Common.php(1171): CodeIgniter\View\View->render('/Admin/Admission/list', [], true)
 5 APPPATH\Controllers\AdmissionMaster.php(309): view('/Admin/Admission/list', [...])
 6 SYSTEMPATH\CodeIgniter.php(933): App\Controllers\AdmissionMaster->list()
 7 SYSTEMPATH\CodeIgniter.php(509): CodeIgniter\CodeIgniter->runController(Object(App\Controllers\AdmissionMaster))
 8 SYSTEMPATH\CodeIgniter.php(355): CodeIgniter\CodeIgniter->handleRequest(null, Object(Config\Cache), false)
 9 SYSTEMPATH\Boot.php(325): CodeIgniter\CodeIgniter->run()
10 SYSTEMPATH\Boot.php(67): CodeIgniter\Boot::runCodeIgniter(Object(CodeIgniter\CodeIgniter))
11 FCPATH\index.php(56): CodeIgniter\Boot::bootWeb(Object(Config\Paths))
WARNING - 2025-02-11 06:28:43 --> [DEPRECATED] strtotime(): Passing null to parameter #1 ($datetime) of type string is deprecated in APPPATH\Views\Admin\Admission\list.php on line 96.
 1 APPPATH\Views\Admin\Admission\list.php(96): strtotime(null)
 2 SYSTEMPATH\View\View.php(234): include('C:\\xampp\\htdocs\\Wolfox\\app\\Views\\Admin\\Admission\\list.php')
 3 SYSTEMPATH\View\View.php(237): CodeIgniter\View\View->CodeIgniter\View\{closure}()
 4 SYSTEMPATH\Common.php(1171): CodeIgniter\View\View->render('/Admin/Admission/list', [], true)
 5 APPPATH\Controllers\AdmissionMaster.php(309): view('/Admin/Admission/list', [...])
 6 SYSTEMPATH\CodeIgniter.php(933): App\Controllers\AdmissionMaster->list()
 7 SYSTEMPATH\CodeIgniter.php(509): CodeIgniter\CodeIgniter->runController(Object(App\Controllers\AdmissionMaster))
 8 SYSTEMPATH\CodeIgniter.php(355): CodeIgniter\CodeIgniter->handleRequest(null, Object(Config\Cache), false)
 9 SYSTEMPATH\Boot.php(325): CodeIgniter\CodeIgniter->run()
10 SYSTEMPATH\Boot.php(67): CodeIgniter\Boot::runCodeIgniter(Object(CodeIgniter\CodeIgniter))
11 FCPATH\index.php(56): CodeIgniter\Boot::bootWeb(Object(Config\Paths))
WARNING - 2025-02-11 06:28:43 --> [DEPRECATED] strtotime(): Passing null to parameter #1 ($datetime) of type string is deprecated in APPPATH\Views\Admin\Admission\list.php on line 96.
 1 APPPATH\Views\Admin\Admission\list.php(96): strtotime(null)
 2 SYSTEMPATH\View\View.php(234): include('C:\\xampp\\htdocs\\Wolfox\\app\\Views\\Admin\\Admission\\list.php')
 3 SYSTEMPATH\View\View.php(237): CodeIgniter\View\View->CodeIgniter\View\{closure}()
 4 SYSTEMPATH\Common.php(1171): CodeIgniter\View\View->render('/Admin/Admission/list', [], true)
 5 APPPATH\Controllers\AdmissionMaster.php(309): view('/Admin/Admission/list', [...])
 6 SYSTEMPATH\CodeIgniter.php(933): App\Controllers\AdmissionMaster->list()
 7 SYSTEMPATH\CodeIgniter.php(509): CodeIgniter\CodeIgniter->runController(Object(App\Controllers\AdmissionMaster))
 8 SYSTEMPATH\CodeIgniter.php(355): CodeIgniter\CodeIgniter->handleRequest(null, Object(Config\Cache), false)
 9 SYSTEMPATH\Boot.php(325): CodeIgniter\CodeIgniter->run()
10 SYSTEMPATH\Boot.php(67): CodeIgniter\Boot::runCodeIgniter(Object(CodeIgniter\CodeIgniter))
11 FCPATH\index.php(56): CodeIgniter\Boot::bootWeb(Object(Config\Paths))
WARNING - 2025-02-11 06:28:43 --> [DEPRECATED] strtotime(): Passing null to parameter #1 ($datetime) of type string is deprecated in APPPATH\Views\Admin\Admission\list.php on line 96.
 1 APPPATH\Views\Admin\Admission\list.php(96): strtotime(null)
 2 SYSTEMPATH\View\View.php(234): include('C:\\xampp\\htdocs\\Wolfox\\app\\Views\\Admin\\Admission\\list.php')
 3 SYSTEMPATH\View\View.php(237): CodeIgniter\View\View->CodeIgniter\View\{closure}()
 4 SYSTEMPATH\Common.php(1171): CodeIgniter\View\View->render('/Admin/Admission/list', [], true)
 5 APPPATH\Controllers\AdmissionMaster.php(309): view('/Admin/Admission/list', [...])
 6 SYSTEMPATH\CodeIgniter.php(933): App\Controllers\AdmissionMaster->list()
 7 SYSTEMPATH\CodeIgniter.php(509): CodeIgniter\CodeIgniter->runController(Object(App\Controllers\AdmissionMaster))
 8 SYSTEMPATH\CodeIgniter.php(355): CodeIgniter\CodeIgniter->handleRequest(null, Object(Config\Cache), false)
 9 SYSTEMPATH\Boot.php(325): CodeIgniter\CodeIgniter->run()
10 SYSTEMPATH\Boot.php(67): CodeIgniter\Boot::runCodeIgniter(Object(CodeIgniter\CodeIgniter))
11 FCPATH\index.php(56): CodeIgniter\Boot::bootWeb(Object(Config\Paths))
WARNING - 2025-02-11 06:28:43 --> [DEPRECATED] strtotime(): Passing null to parameter #1 ($datetime) of type string is deprecated in APPPATH\Views\Admin\Admission\list.php on line 96.
 1 APPPATH\Views\Admin\Admission\list.php(96): strtotime(null)
 2 SYSTEMPATH\View\View.php(234): include('C:\\xampp\\htdocs\\Wolfox\\app\\Views\\Admin\\Admission\\list.php')
 3 SYSTEMPATH\View\View.php(237): CodeIgniter\View\View->CodeIgniter\View\{closure}()
 4 SYSTEMPATH\Common.php(1171): CodeIgniter\View\View->render('/Admin/Admission/list', [], true)
 5 APPPATH\Controllers\AdmissionMaster.php(309): view('/Admin/Admission/list', [...])
 6 SYSTEMPATH\CodeIgniter.php(933): App\Controllers\AdmissionMaster->list()
 7 SYSTEMPATH\CodeIgniter.php(509): CodeIgniter\CodeIgniter->runController(Object(App\Controllers\AdmissionMaster))
 8 SYSTEMPATH\CodeIgniter.php(355): CodeIgniter\CodeIgniter->handleRequest(null, Object(Config\Cache), false)
 9 SYSTEMPATH\Boot.php(325): CodeIgniter\CodeIgniter->run()
10 SYSTEMPATH\Boot.php(67): CodeIgniter\Boot::runCodeIgniter(Object(CodeIgniter\CodeIgniter))
11 FCPATH\index.php(56): CodeIgniter\Boot::bootWeb(Object(Config\Paths))
WARNING - 2025-02-11 06:28:43 --> [DEPRECATED] strtotime(): Passing null to parameter #1 ($datetime) of type string is deprecated in APPPATH\Views\Admin\Admission\list.php on line 96.
 1 APPPATH\Views\Admin\Admission\list.php(96): strtotime(null)
 2 SYSTEMPATH\View\View.php(234): include('C:\\xampp\\htdocs\\Wolfox\\app\\Views\\Admin\\Admission\\list.php')
 3 SYSTEMPATH\View\View.php(237): CodeIgniter\View\View->CodeIgniter\View\{closure}()
 4 SYSTEMPATH\Common.php(1171): CodeIgniter\View\View->render('/Admin/Admission/list', [], true)
 5 APPPATH\Controllers\AdmissionMaster.php(309): view('/Admin/Admission/list', [...])
 6 SYSTEMPATH\CodeIgniter.php(933): App\Controllers\AdmissionMaster->list()
 7 SYSTEMPATH\CodeIgniter.php(509): CodeIgniter\CodeIgniter->runController(Object(App\Controllers\AdmissionMaster))
 8 SYSTEMPATH\CodeIgniter.php(355): CodeIgniter\CodeIgniter->handleRequest(null, Object(Config\Cache), false)
 9 SYSTEMPATH\Boot.php(325): CodeIgniter\CodeIgniter->run()
10 SYSTEMPATH\Boot.php(67): CodeIgniter\Boot::runCodeIgniter(Object(CodeIgniter\CodeIgniter))
11 FCPATH\index.php(56): CodeIgniter\Boot::bootWeb(Object(Config\Paths))
WARNING - 2025-02-11 06:28:43 --> [DEPRECATED] strtotime(): Passing null to parameter #1 ($datetime) of type string is deprecated in APPPATH\Views\Admin\Admission\list.php on line 96.
 1 APPPATH\Views\Admin\Admission\list.php(96): strtotime(null)
 2 SYSTEMPATH\View\View.php(234): include('C:\\xampp\\htdocs\\Wolfox\\app\\Views\\Admin\\Admission\\list.php')
 3 SYSTEMPATH\View\View.php(237): CodeIgniter\View\View->CodeIgniter\View\{closure}()
 4 SYSTEMPATH\Common.php(1171): CodeIgniter\View\View->render('/Admin/Admission/list', [], true)
 5 APPPATH\Controllers\AdmissionMaster.php(309): view('/Admin/Admission/list', [...])
 6 SYSTEMPATH\CodeIgniter.php(933): App\Controllers\AdmissionMaster->list()
 7 SYSTEMPATH\CodeIgniter.php(509): CodeIgniter\CodeIgniter->runController(Object(App\Controllers\AdmissionMaster))
 8 SYSTEMPATH\CodeIgniter.php(355): CodeIgniter\CodeIgniter->handleRequest(null, Object(Config\Cache), false)
 9 SYSTEMPATH\Boot.php(325): CodeIgniter\CodeIgniter->run()
10 SYSTEMPATH\Boot.php(67): CodeIgniter\Boot::runCodeIgniter(Object(CodeIgniter\CodeIgniter))
11 FCPATH\index.php(56): CodeIgniter\Boot::bootWeb(Object(Config\Paths))
WARNING - 2025-02-11 06:28:43 --> [DEPRECATED] strtotime(): Passing null to parameter #1 ($datetime) of type string is deprecated in APPPATH\Views\Admin\Admission\list.php on line 96.
 1 APPPATH\Views\Admin\Admission\list.php(96): strtotime(null)
 2 SYSTEMPATH\View\View.php(234): include('C:\\xampp\\htdocs\\Wolfox\\app\\Views\\Admin\\Admission\\list.php')
 3 SYSTEMPATH\View\View.php(237): CodeIgniter\View\View->CodeIgniter\View\{closure}()
 4 SYSTEMPATH\Common.php(1171): CodeIgniter\View\View->render('/Admin/Admission/list', [], true)
 5 APPPATH\Controllers\AdmissionMaster.php(309): view('/Admin/Admission/list', [...])
 6 SYSTEMPATH\CodeIgniter.php(933): App\Controllers\AdmissionMaster->list()
 7 SYSTEMPATH\CodeIgniter.php(509): CodeIgniter\CodeIgniter->runController(Object(App\Controllers\AdmissionMaster))
 8 SYSTEMPATH\CodeIgniter.php(355): CodeIgniter\CodeIgniter->handleRequest(null, Object(Config\Cache), false)
 9 SYSTEMPATH\Boot.php(325): CodeIgniter\CodeIgniter->run()
10 SYSTEMPATH\Boot.php(67): CodeIgniter\Boot::runCodeIgniter(Object(CodeIgniter\CodeIgniter))
11 FCPATH\index.php(56): CodeIgniter\Boot::bootWeb(Object(Config\Paths))
WARNING - 2025-02-11 06:28:43 --> [DEPRECATED] strtotime(): Passing null to parameter #1 ($datetime) of type string is deprecated in APPPATH\Views\Admin\Admission\list.php on line 96.
 1 APPPATH\Views\Admin\Admission\list.php(96): strtotime(null)
 2 SYSTEMPATH\View\View.php(234): include('C:\\xampp\\htdocs\\Wolfox\\app\\Views\\Admin\\Admission\\list.php')
 3 SYSTEMPATH\View\View.php(237): CodeIgniter\View\View->CodeIgniter\View\{closure}()
 4 SYSTEMPATH\Common.php(1171): CodeIgniter\View\View->render('/Admin/Admission/list', [], true)
 5 APPPATH\Controllers\AdmissionMaster.php(309): view('/Admin/Admission/list', [...])
 6 SYSTEMPATH\CodeIgniter.php(933): App\Controllers\AdmissionMaster->list()
 7 SYSTEMPATH\CodeIgniter.php(509): CodeIgniter\CodeIgniter->runController(Object(App\Controllers\AdmissionMaster))
 8 SYSTEMPATH\CodeIgniter.php(355): CodeIgniter\CodeIgniter->handleRequest(null, Object(Config\Cache), false)
 9 SYSTEMPATH\Boot.php(325): CodeIgniter\CodeIgniter->run()
10 SYSTEMPATH\Boot.php(67): CodeIgniter\Boot::runCodeIgniter(Object(CodeIgniter\CodeIgniter))
11 FCPATH\index.php(56): CodeIgniter\Boot::bootWeb(Object(Config\Paths))
WARNING - 2025-02-11 06:28:43 --> [DEPRECATED] strtotime(): Passing null to parameter #1 ($datetime) of type string is deprecated in APPPATH\Views\Admin\Admission\list.php on line 96.
 1 APPPATH\Views\Admin\Admission\list.php(96): strtotime(null)
 2 SYSTEMPATH\View\View.php(234): include('C:\\xampp\\htdocs\\Wolfox\\app\\Views\\Admin\\Admission\\list.php')
 3 SYSTEMPATH\View\View.php(237): CodeIgniter\View\View->CodeIgniter\View\{closure}()
 4 SYSTEMPATH\Common.php(1171): CodeIgniter\View\View->render('/Admin/Admission/list', [], true)
 5 APPPATH\Controllers\AdmissionMaster.php(309): view('/Admin/Admission/list', [...])
 6 SYSTEMPATH\CodeIgniter.php(933): App\Controllers\AdmissionMaster->list()
 7 SYSTEMPATH\CodeIgniter.php(509): CodeIgniter\CodeIgniter->runController(Object(App\Controllers\AdmissionMaster))
 8 SYSTEMPATH\CodeIgniter.php(355): CodeIgniter\CodeIgniter->handleRequest(null, Object(Config\Cache), false)
 9 SYSTEMPATH\Boot.php(325): CodeIgniter\CodeIgniter->run()
10 SYSTEMPATH\Boot.php(67): CodeIgniter\Boot::runCodeIgniter(Object(CodeIgniter\CodeIgniter))
11 FCPATH\index.php(56): CodeIgniter\Boot::bootWeb(Object(Config\Paths))
CRITICAL - 2025-02-11 06:30:35 --> ErrorException: Undefined array key "file"
[Method: GET, Route: Admin/Admission/List]
in APPPATH\Views\Admin\Admission\list.php on line 76.
 1 APPPATH\Views\Admin\Admission\list.php(76): CodeIgniter\Debug\Exceptions->errorHandler(2, 'Undefined array key "file"', 'C:\\xampp\\htdocs\\Wolfox\\app\\Views\\Admin\\Admission\\list.php', 76)
 2 SYSTEMPATH\View\View.php(234): include('C:\\xampp\\htdocs\\Wolfox\\app\\Views\\Admin\\Admission\\list.php')
 3 SYSTEMPATH\View\View.php(237): CodeIgniter\View\View->CodeIgniter\View\{closure}()
 4 SYSTEMPATH\Common.php(1171): CodeIgniter\View\View->render('/Admin/Admission/list', [], true)
 5 APPPATH\Controllers\AdmissionMaster.php(309): view('/Admin/Admission/list', [...])
 6 SYSTEMPATH\CodeIgniter.php(933): App\Controllers\AdmissionMaster->list()
 7 SYSTEMPATH\CodeIgniter.php(509): CodeIgniter\CodeIgniter->runController(Object(App\Controllers\AdmissionMaster))
 8 SYSTEMPATH\CodeIgniter.php(355): CodeIgniter\CodeIgniter->handleRequest(null, Object(Config\Cache), false)
 9 SYSTEMPATH\Boot.php(325): CodeIgniter\CodeIgniter->run()
10 SYSTEMPATH\Boot.php(67): CodeIgniter\Boot::runCodeIgniter(Object(CodeIgniter\CodeIgniter))
11 FCPATH\index.php(56): CodeIgniter\Boot::bootWeb(Object(Config\Paths))
WARNING - 2025-02-11 06:32:25 --> [DEPRECATED] strtotime(): Passing null to parameter #1 ($datetime) of type string is deprecated in APPPATH\Views\Admin\Admission\list.php on line 96.
 1 APPPATH\Views\Admin\Admission\list.php(96): strtotime(null)
 2 SYSTEMPATH\View\View.php(234): include('C:\\xampp\\htdocs\\Wolfox\\app\\Views\\Admin\\Admission\\list.php')
 3 SYSTEMPATH\View\View.php(237): CodeIgniter\View\View->CodeIgniter\View\{closure}()
 4 SYSTEMPATH\Common.php(1171): CodeIgniter\View\View->render('/Admin/Admission/list', [], true)
 5 APPPATH\Controllers\AdmissionMaster.php(309): view('/Admin/Admission/list', [...])
 6 SYSTEMPATH\CodeIgniter.php(933): App\Controllers\AdmissionMaster->list()
 7 SYSTEMPATH\CodeIgniter.php(509): CodeIgniter\CodeIgniter->runController(Object(App\Controllers\AdmissionMaster))
 8 SYSTEMPATH\CodeIgniter.php(355): CodeIgniter\CodeIgniter->handleRequest(null, Object(Config\Cache), false)
 9 SYSTEMPATH\Boot.php(325): CodeIgniter\CodeIgniter->run()
10 SYSTEMPATH\Boot.php(67): CodeIgniter\Boot::runCodeIgniter(Object(CodeIgniter\CodeIgniter))
11 FCPATH\index.php(56): CodeIgniter\Boot::bootWeb(Object(Config\Paths))
WARNING - 2025-02-11 06:32:25 --> [DEPRECATED] strtotime(): Passing null to parameter #1 ($datetime) of type string is deprecated in APPPATH\Views\Admin\Admission\list.php on line 96.
 1 APPPATH\Views\Admin\Admission\list.php(96): strtotime(null)
 2 SYSTEMPATH\View\View.php(234): include('C:\\xampp\\htdocs\\Wolfox\\app\\Views\\Admin\\Admission\\list.php')
 3 SYSTEMPATH\View\View.php(237): CodeIgniter\View\View->CodeIgniter\View\{closure}()
 4 SYSTEMPATH\Common.php(1171): CodeIgniter\View\View->render('/Admin/Admission/list', [], true)
 5 APPPATH\Controllers\AdmissionMaster.php(309): view('/Admin/Admission/list', [...])
 6 SYSTEMPATH\CodeIgniter.php(933): App\Controllers\AdmissionMaster->list()
 7 SYSTEMPATH\CodeIgniter.php(509): CodeIgniter\CodeIgniter->runController(Object(App\Controllers\AdmissionMaster))
 8 SYSTEMPATH\CodeIgniter.php(355): CodeIgniter\CodeIgniter->handleRequest(null, Object(Config\Cache), false)
 9 SYSTEMPATH\Boot.php(325): CodeIgniter\CodeIgniter->run()
10 SYSTEMPATH\Boot.php(67): CodeIgniter\Boot::runCodeIgniter(Object(CodeIgniter\CodeIgniter))
11 FCPATH\index.php(56): CodeIgniter\Boot::bootWeb(Object(Config\Paths))
WARNING - 2025-02-11 06:32:25 --> [DEPRECATED] strtotime(): Passing null to parameter #1 ($datetime) of type string is deprecated in APPPATH\Views\Admin\Admission\list.php on line 96.
 1 APPPATH\Views\Admin\Admission\list.php(96): strtotime(null)
 2 SYSTEMPATH\View\View.php(234): include('C:\\xampp\\htdocs\\Wolfox\\app\\Views\\Admin\\Admission\\list.php')
 3 SYSTEMPATH\View\View.php(237): CodeIgniter\View\View->CodeIgniter\View\{closure}()
 4 SYSTEMPATH\Common.php(1171): CodeIgniter\View\View->render('/Admin/Admission/list', [], true)
 5 APPPATH\Controllers\AdmissionMaster.php(309): view('/Admin/Admission/list', [...])
 6 SYSTEMPATH\CodeIgniter.php(933): App\Controllers\AdmissionMaster->list()
 7 SYSTEMPATH\CodeIgniter.php(509): CodeIgniter\CodeIgniter->runController(Object(App\Controllers\AdmissionMaster))
 8 SYSTEMPATH\CodeIgniter.php(355): CodeIgniter\CodeIgniter->handleRequest(null, Object(Config\Cache), false)
 9 SYSTEMPATH\Boot.php(325): CodeIgniter\CodeIgniter->run()
10 SYSTEMPATH\Boot.php(67): CodeIgniter\Boot::runCodeIgniter(Object(CodeIgniter\CodeIgniter))
11 FCPATH\index.php(56): CodeIgniter\Boot::bootWeb(Object(Config\Paths))
WARNING - 2025-02-11 06:32:25 --> [DEPRECATED] strtotime(): Passing null to parameter #1 ($datetime) of type string is deprecated in APPPATH\Views\Admin\Admission\list.php on line 96.
 1 APPPATH\Views\Admin\Admission\list.php(96): strtotime(null)
 2 SYSTEMPATH\View\View.php(234): include('C:\\xampp\\htdocs\\Wolfox\\app\\Views\\Admin\\Admission\\list.php')
 3 SYSTEMPATH\View\View.php(237): CodeIgniter\View\View->CodeIgniter\View\{closure}()
 4 SYSTEMPATH\Common.php(1171): CodeIgniter\View\View->render('/Admin/Admission/list', [], true)
 5 APPPATH\Controllers\AdmissionMaster.php(309): view('/Admin/Admission/list', [...])
 6 SYSTEMPATH\CodeIgniter.php(933): App\Controllers\AdmissionMaster->list()
 7 SYSTEMPATH\CodeIgniter.php(509): CodeIgniter\CodeIgniter->runController(Object(App\Controllers\AdmissionMaster))
 8 SYSTEMPATH\CodeIgniter.php(355): CodeIgniter\CodeIgniter->handleRequest(null, Object(Config\Cache), false)
 9 SYSTEMPATH\Boot.php(325): CodeIgniter\CodeIgniter->run()
10 SYSTEMPATH\Boot.php(67): CodeIgniter\Boot::runCodeIgniter(Object(CodeIgniter\CodeIgniter))
11 FCPATH\index.php(56): CodeIgniter\Boot::bootWeb(Object(Config\Paths))
WARNING - 2025-02-11 06:32:25 --> [DEPRECATED] strtotime(): Passing null to parameter #1 ($datetime) of type string is deprecated in APPPATH\Views\Admin\Admission\list.php on line 96.
 1 APPPATH\Views\Admin\Admission\list.php(96): strtotime(null)
 2 SYSTEMPATH\View\View.php(234): include('C:\\xampp\\htdocs\\Wolfox\\app\\Views\\Admin\\Admission\\list.php')
 3 SYSTEMPATH\View\View.php(237): CodeIgniter\View\View->CodeIgniter\View\{closure}()
 4 SYSTEMPATH\Common.php(1171): CodeIgniter\View\View->render('/Admin/Admission/list', [], true)
 5 APPPATH\Controllers\AdmissionMaster.php(309): view('/Admin/Admission/list', [...])
 6 SYSTEMPATH\CodeIgniter.php(933): App\Controllers\AdmissionMaster->list()
 7 SYSTEMPATH\CodeIgniter.php(509): CodeIgniter\CodeIgniter->runController(Object(App\Controllers\AdmissionMaster))
 8 SYSTEMPATH\CodeIgniter.php(355): CodeIgniter\CodeIgniter->handleRequest(null, Object(Config\Cache), false)
 9 SYSTEMPATH\Boot.php(325): CodeIgniter\CodeIgniter->run()
10 SYSTEMPATH\Boot.php(67): CodeIgniter\Boot::runCodeIgniter(Object(CodeIgniter\CodeIgniter))
11 FCPATH\index.php(56): CodeIgniter\Boot::bootWeb(Object(Config\Paths))
WARNING - 2025-02-11 06:32:25 --> [DEPRECATED] strtotime(): Passing null to parameter #1 ($datetime) of type string is deprecated in APPPATH\Views\Admin\Admission\list.php on line 96.
 1 APPPATH\Views\Admin\Admission\list.php(96): strtotime(null)
 2 SYSTEMPATH\View\View.php(234): include('C:\\xampp\\htdocs\\Wolfox\\app\\Views\\Admin\\Admission\\list.php')
 3 SYSTEMPATH\View\View.php(237): CodeIgniter\View\View->CodeIgniter\View\{closure}()
 4 SYSTEMPATH\Common.php(1171): CodeIgniter\View\View->render('/Admin/Admission/list', [], true)
 5 APPPATH\Controllers\AdmissionMaster.php(309): view('/Admin/Admission/list', [...])
 6 SYSTEMPATH\CodeIgniter.php(933): App\Controllers\AdmissionMaster->list()
 7 SYSTEMPATH\CodeIgniter.php(509): CodeIgniter\CodeIgniter->runController(Object(App\Controllers\AdmissionMaster))
 8 SYSTEMPATH\CodeIgniter.php(355): CodeIgniter\CodeIgniter->handleRequest(null, Object(Config\Cache), false)
 9 SYSTEMPATH\Boot.php(325): CodeIgniter\CodeIgniter->run()
10 SYSTEMPATH\Boot.php(67): CodeIgniter\Boot::runCodeIgniter(Object(CodeIgniter\CodeIgniter))
11 FCPATH\index.php(56): CodeIgniter\Boot::bootWeb(Object(Config\Paths))
WARNING - 2025-02-11 06:32:25 --> [DEPRECATED] strtotime(): Passing null to parameter #1 ($datetime) of type string is deprecated in APPPATH\Views\Admin\Admission\list.php on line 96.
 1 APPPATH\Views\Admin\Admission\list.php(96): strtotime(null)
 2 SYSTEMPATH\View\View.php(234): include('C:\\xampp\\htdocs\\Wolfox\\app\\Views\\Admin\\Admission\\list.php')
 3 SYSTEMPATH\View\View.php(237): CodeIgniter\View\View->CodeIgniter\View\{closure}()
 4 SYSTEMPATH\Common.php(1171): CodeIgniter\View\View->render('/Admin/Admission/list', [], true)
 5 APPPATH\Controllers\AdmissionMaster.php(309): view('/Admin/Admission/list', [...])
 6 SYSTEMPATH\CodeIgniter.php(933): App\Controllers\AdmissionMaster->list()
 7 SYSTEMPATH\CodeIgniter.php(509): CodeIgniter\CodeIgniter->runController(Object(App\Controllers\AdmissionMaster))
 8 SYSTEMPATH\CodeIgniter.php(355): CodeIgniter\CodeIgniter->handleRequest(null, Object(Config\Cache), false)
 9 SYSTEMPATH\Boot.php(325): CodeIgniter\CodeIgniter->run()
10 SYSTEMPATH\Boot.php(67): CodeIgniter\Boot::runCodeIgniter(Object(CodeIgniter\CodeIgniter))
11 FCPATH\index.php(56): CodeIgniter\Boot::bootWeb(Object(Config\Paths))
WARNING - 2025-02-11 06:32:25 --> [DEPRECATED] strtotime(): Passing null to parameter #1 ($datetime) of type string is deprecated in APPPATH\Views\Admin\Admission\list.php on line 96.
 1 APPPATH\Views\Admin\Admission\list.php(96): strtotime(null)
 2 SYSTEMPATH\View\View.php(234): include('C:\\xampp\\htdocs\\Wolfox\\app\\Views\\Admin\\Admission\\list.php')
 3 SYSTEMPATH\View\View.php(237): CodeIgniter\View\View->CodeIgniter\View\{closure}()
 4 SYSTEMPATH\Common.php(1171): CodeIgniter\View\View->render('/Admin/Admission/list', [], true)
 5 APPPATH\Controllers\AdmissionMaster.php(309): view('/Admin/Admission/list', [...])
 6 SYSTEMPATH\CodeIgniter.php(933): App\Controllers\AdmissionMaster->list()
 7 SYSTEMPATH\CodeIgniter.php(509): CodeIgniter\CodeIgniter->runController(Object(App\Controllers\AdmissionMaster))
 8 SYSTEMPATH\CodeIgniter.php(355): CodeIgniter\CodeIgniter->handleRequest(null, Object(Config\Cache), false)
 9 SYSTEMPATH\Boot.php(325): CodeIgniter\CodeIgniter->run()
10 SYSTEMPATH\Boot.php(67): CodeIgniter\Boot::runCodeIgniter(Object(CodeIgniter\CodeIgniter))
11 FCPATH\index.php(56): CodeIgniter\Boot::bootWeb(Object(Config\Paths))
WARNING - 2025-02-11 06:32:25 --> [DEPRECATED] strtotime(): Passing null to parameter #1 ($datetime) of type string is deprecated in APPPATH\Views\Admin\Admission\list.php on line 96.
 1 APPPATH\Views\Admin\Admission\list.php(96): strtotime(null)
 2 SYSTEMPATH\View\View.php(234): include('C:\\xampp\\htdocs\\Wolfox\\app\\Views\\Admin\\Admission\\list.php')
 3 SYSTEMPATH\View\View.php(237): CodeIgniter\View\View->CodeIgniter\View\{closure}()
 4 SYSTEMPATH\Common.php(1171): CodeIgniter\View\View->render('/Admin/Admission/list', [], true)
 5 APPPATH\Controllers\AdmissionMaster.php(309): view('/Admin/Admission/list', [...])
 6 SYSTEMPATH\CodeIgniter.php(933): App\Controllers\AdmissionMaster->list()
 7 SYSTEMPATH\CodeIgniter.php(509): CodeIgniter\CodeIgniter->runController(Object(App\Controllers\AdmissionMaster))
 8 SYSTEMPATH\CodeIgniter.php(355): CodeIgniter\CodeIgniter->handleRequest(null, Object(Config\Cache), false)
 9 SYSTEMPATH\Boot.php(325): CodeIgniter\CodeIgniter->run()
10 SYSTEMPATH\Boot.php(67): CodeIgniter\Boot::runCodeIgniter(Object(CodeIgniter\CodeIgniter))
11 FCPATH\index.php(56): CodeIgniter\Boot::bootWeb(Object(Config\Paths))
WARNING - 2025-02-11 06:32:25 --> [DEPRECATED] strtotime(): Passing null to parameter #1 ($datetime) of type string is deprecated in APPPATH\Views\Admin\Admission\list.php on line 96.
 1 APPPATH\Views\Admin\Admission\list.php(96): strtotime(null)
 2 SYSTEMPATH\View\View.php(234): include('C:\\xampp\\htdocs\\Wolfox\\app\\Views\\Admin\\Admission\\list.php')
 3 SYSTEMPATH\View\View.php(237): CodeIgniter\View\View->CodeIgniter\View\{closure}()
 4 SYSTEMPATH\Common.php(1171): CodeIgniter\View\View->render('/Admin/Admission/list', [], true)
 5 APPPATH\Controllers\AdmissionMaster.php(309): view('/Admin/Admission/list', [...])
 6 SYSTEMPATH\CodeIgniter.php(933): App\Controllers\AdmissionMaster->list()
 7 SYSTEMPATH\CodeIgniter.php(509): CodeIgniter\CodeIgniter->runController(Object(App\Controllers\AdmissionMaster))
 8 SYSTEMPATH\CodeIgniter.php(355): CodeIgniter\CodeIgniter->handleRequest(null, Object(Config\Cache), false)
 9 SYSTEMPATH\Boot.php(325): CodeIgniter\CodeIgniter->run()
10 SYSTEMPATH\Boot.php(67): CodeIgniter\Boot::runCodeIgniter(Object(CodeIgniter\CodeIgniter))
11 FCPATH\index.php(56): CodeIgniter\Boot::bootWeb(Object(Config\Paths))
WARNING - 2025-02-11 06:32:25 --> [DEPRECATED] strtotime(): Passing null to parameter #1 ($datetime) of type string is deprecated in APPPATH\Views\Admin\Admission\list.php on line 96.
 1 APPPATH\Views\Admin\Admission\list.php(96): strtotime(null)
 2 SYSTEMPATH\View\View.php(234): include('C:\\xampp\\htdocs\\Wolfox\\app\\Views\\Admin\\Admission\\list.php')
 3 SYSTEMPATH\View\View.php(237): CodeIgniter\View\View->CodeIgniter\View\{closure}()
 4 SYSTEMPATH\Common.php(1171): CodeIgniter\View\View->render('/Admin/Admission/list', [], true)
 5 APPPATH\Controllers\AdmissionMaster.php(309): view('/Admin/Admission/list', [...])
 6 SYSTEMPATH\CodeIgniter.php(933): App\Controllers\AdmissionMaster->list()
 7 SYSTEMPATH\CodeIgniter.php(509): CodeIgniter\CodeIgniter->runController(Object(App\Controllers\AdmissionMaster))
 8 SYSTEMPATH\CodeIgniter.php(355): CodeIgniter\CodeIgniter->handleRequest(null, Object(Config\Cache), false)
 9 SYSTEMPATH\Boot.php(325): CodeIgniter\CodeIgniter->run()
10 SYSTEMPATH\Boot.php(67): CodeIgniter\Boot::runCodeIgniter(Object(CodeIgniter\CodeIgniter))
11 FCPATH\index.php(56): CodeIgniter\Boot::bootWeb(Object(Config\Paths))
WARNING - 2025-02-11 06:32:25 --> [DEPRECATED] strtotime(): Passing null to parameter #1 ($datetime) of type string is deprecated in APPPATH\Views\Admin\Admission\list.php on line 96.
 1 APPPATH\Views\Admin\Admission\list.php(96): strtotime(null)
 2 SYSTEMPATH\View\View.php(234): include('C:\\xampp\\htdocs\\Wolfox\\app\\Views\\Admin\\Admission\\list.php')
 3 SYSTEMPATH\View\View.php(237): CodeIgniter\View\View->CodeIgniter\View\{closure}()
 4 SYSTEMPATH\Common.php(1171): CodeIgniter\View\View->render('/Admin/Admission/list', [], true)
 5 APPPATH\Controllers\AdmissionMaster.php(309): view('/Admin/Admission/list', [...])
 6 SYSTEMPATH\CodeIgniter.php(933): App\Controllers\AdmissionMaster->list()
 7 SYSTEMPATH\CodeIgniter.php(509): CodeIgniter\CodeIgniter->runController(Object(App\Controllers\AdmissionMaster))
 8 SYSTEMPATH\CodeIgniter.php(355): CodeIgniter\CodeIgniter->handleRequest(null, Object(Config\Cache), false)
 9 SYSTEMPATH\Boot.php(325): CodeIgniter\CodeIgniter->run()
10 SYSTEMPATH\Boot.php(67): CodeIgniter\Boot::runCodeIgniter(Object(CodeIgniter\CodeIgniter))
11 FCPATH\index.php(56): CodeIgniter\Boot::bootWeb(Object(Config\Paths))
WARNING - 2025-02-11 06:32:31 --> [DEPRECATED] strtotime(): Passing null to parameter #1 ($datetime) of type string is deprecated in APPPATH\Views\Admin\Admission\list.php on line 96.
 1 APPPATH\Views\Admin\Admission\list.php(96): strtotime(null)
 2 SYSTEMPATH\View\View.php(234): include('C:\\xampp\\htdocs\\Wolfox\\app\\Views\\Admin\\Admission\\list.php')
 3 SYSTEMPATH\View\View.php(237): CodeIgniter\View\View->CodeIgniter\View\{closure}()
 4 SYSTEMPATH\Common.php(1171): CodeIgniter\View\View->render('/Admin/Admission/list', [], true)
 5 APPPATH\Controllers\AdmissionMaster.php(309): view('/Admin/Admission/list', [...])
 6 SYSTEMPATH\CodeIgniter.php(933): App\Controllers\AdmissionMaster->list()
 7 SYSTEMPATH\CodeIgniter.php(509): CodeIgniter\CodeIgniter->runController(Object(App\Controllers\AdmissionMaster))
 8 SYSTEMPATH\CodeIgniter.php(355): CodeIgniter\CodeIgniter->handleRequest(null, Object(Config\Cache), false)
 9 SYSTEMPATH\Boot.php(325): CodeIgniter\CodeIgniter->run()
10 SYSTEMPATH\Boot.php(67): CodeIgniter\Boot::runCodeIgniter(Object(CodeIgniter\CodeIgniter))
11 FCPATH\index.php(56): CodeIgniter\Boot::bootWeb(Object(Config\Paths))
WARNING - 2025-02-11 06:32:31 --> [DEPRECATED] strtotime(): Passing null to parameter #1 ($datetime) of type string is deprecated in APPPATH\Views\Admin\Admission\list.php on line 96.
 1 APPPATH\Views\Admin\Admission\list.php(96): strtotime(null)
 2 SYSTEMPATH\View\View.php(234): include('C:\\xampp\\htdocs\\Wolfox\\app\\Views\\Admin\\Admission\\list.php')
 3 SYSTEMPATH\View\View.php(237): CodeIgniter\View\View->CodeIgniter\View\{closure}()
 4 SYSTEMPATH\Common.php(1171): CodeIgniter\View\View->render('/Admin/Admission/list', [], true)
 5 APPPATH\Controllers\AdmissionMaster.php(309): view('/Admin/Admission/list', [...])
 6 SYSTEMPATH\CodeIgniter.php(933): App\Controllers\AdmissionMaster->list()
 7 SYSTEMPATH\CodeIgniter.php(509): CodeIgniter\CodeIgniter->runController(Object(App\Controllers\AdmissionMaster))
 8 SYSTEMPATH\CodeIgniter.php(355): CodeIgniter\CodeIgniter->handleRequest(null, Object(Config\Cache), false)
 9 SYSTEMPATH\Boot.php(325): CodeIgniter\CodeIgniter->run()
10 SYSTEMPATH\Boot.php(67): CodeIgniter\Boot::runCodeIgniter(Object(CodeIgniter\CodeIgniter))
11 FCPATH\index.php(56): CodeIgniter\Boot::bootWeb(Object(Config\Paths))
WARNING - 2025-02-11 06:32:31 --> [DEPRECATED] strtotime(): Passing null to parameter #1 ($datetime) of type string is deprecated in APPPATH\Views\Admin\Admission\list.php on line 96.
 1 APPPATH\Views\Admin\Admission\list.php(96): strtotime(null)
 2 SYSTEMPATH\View\View.php(234): include('C:\\xampp\\htdocs\\Wolfox\\app\\Views\\Admin\\Admission\\list.php')
 3 SYSTEMPATH\View\View.php(237): CodeIgniter\View\View->CodeIgniter\View\{closure}()
 4 SYSTEMPATH\Common.php(1171): CodeIgniter\View\View->render('/Admin/Admission/list', [], true)
 5 APPPATH\Controllers\AdmissionMaster.php(309): view('/Admin/Admission/list', [...])
 6 SYSTEMPATH\CodeIgniter.php(933): App\Controllers\AdmissionMaster->list()
 7 SYSTEMPATH\CodeIgniter.php(509): CodeIgniter\CodeIgniter->runController(Object(App\Controllers\AdmissionMaster))
 8 SYSTEMPATH\CodeIgniter.php(355): CodeIgniter\CodeIgniter->handleRequest(null, Object(Config\Cache), false)
 9 SYSTEMPATH\Boot.php(325): CodeIgniter\CodeIgniter->run()
10 SYSTEMPATH\Boot.php(67): CodeIgniter\Boot::runCodeIgniter(Object(CodeIgniter\CodeIgniter))
11 FCPATH\index.php(56): CodeIgniter\Boot::bootWeb(Object(Config\Paths))
WARNING - 2025-02-11 06:32:31 --> [DEPRECATED] strtotime(): Passing null to parameter #1 ($datetime) of type string is deprecated in APPPATH\Views\Admin\Admission\list.php on line 96.
 1 APPPATH\Views\Admin\Admission\list.php(96): strtotime(null)
 2 SYSTEMPATH\View\View.php(234): include('C:\\xampp\\htdocs\\Wolfox\\app\\Views\\Admin\\Admission\\list.php')
 3 SYSTEMPATH\View\View.php(237): CodeIgniter\View\View->CodeIgniter\View\{closure}()
 4 SYSTEMPATH\Common.php(1171): CodeIgniter\View\View->render('/Admin/Admission/list', [], true)
 5 APPPATH\Controllers\AdmissionMaster.php(309): view('/Admin/Admission/list', [...])
 6 SYSTEMPATH\CodeIgniter.php(933): App\Controllers\AdmissionMaster->list()
 7 SYSTEMPATH\CodeIgniter.php(509): CodeIgniter\CodeIgniter->runController(Object(App\Controllers\AdmissionMaster))
 8 SYSTEMPATH\CodeIgniter.php(355): CodeIgniter\CodeIgniter->handleRequest(null, Object(Config\Cache), false)
 9 SYSTEMPATH\Boot.php(325): CodeIgniter\CodeIgniter->run()
10 SYSTEMPATH\Boot.php(67): CodeIgniter\Boot::runCodeIgniter(Object(CodeIgniter\CodeIgniter))
11 FCPATH\index.php(56): CodeIgniter\Boot::bootWeb(Object(Config\Paths))
WARNING - 2025-02-11 06:32:31 --> [DEPRECATED] strtotime(): Passing null to parameter #1 ($datetime) of type string is deprecated in APPPATH\Views\Admin\Admission\list.php on line 96.
 1 APPPATH\Views\Admin\Admission\list.php(96): strtotime(null)
 2 SYSTEMPATH\View\View.php(234): include('C:\\xampp\\htdocs\\Wolfox\\app\\Views\\Admin\\Admission\\list.php')
 3 SYSTEMPATH\View\View.php(237): CodeIgniter\View\View->CodeIgniter\View\{closure}()
 4 SYSTEMPATH\Common.php(1171): CodeIgniter\View\View->render('/Admin/Admission/list', [], true)
 5 APPPATH\Controllers\AdmissionMaster.php(309): view('/Admin/Admission/list', [...])
 6 SYSTEMPATH\CodeIgniter.php(933): App\Controllers\AdmissionMaster->list()
 7 SYSTEMPATH\CodeIgniter.php(509): CodeIgniter\CodeIgniter->runController(Object(App\Controllers\AdmissionMaster))
 8 SYSTEMPATH\CodeIgniter.php(355): CodeIgniter\CodeIgniter->handleRequest(null, Object(Config\Cache), false)
 9 SYSTEMPATH\Boot.php(325): CodeIgniter\CodeIgniter->run()
10 SYSTEMPATH\Boot.php(67): CodeIgniter\Boot::runCodeIgniter(Object(CodeIgniter\CodeIgniter))
11 FCPATH\index.php(56): CodeIgniter\Boot::bootWeb(Object(Config\Paths))
WARNING - 2025-02-11 06:32:31 --> [DEPRECATED] strtotime(): Passing null to parameter #1 ($datetime) of type string is deprecated in APPPATH\Views\Admin\Admission\list.php on line 96.
 1 APPPATH\Views\Admin\Admission\list.php(96): strtotime(null)
 2 SYSTEMPATH\View\View.php(234): include('C:\\xampp\\htdocs\\Wolfox\\app\\Views\\Admin\\Admission\\list.php')
 3 SYSTEMPATH\View\View.php(237): CodeIgniter\View\View->CodeIgniter\View\{closure}()
 4 SYSTEMPATH\Common.php(1171): CodeIgniter\View\View->render('/Admin/Admission/list', [], true)
 5 APPPATH\Controllers\AdmissionMaster.php(309): view('/Admin/Admission/list', [...])
 6 SYSTEMPATH\CodeIgniter.php(933): App\Controllers\AdmissionMaster->list()
 7 SYSTEMPATH\CodeIgniter.php(509): CodeIgniter\CodeIgniter->runController(Object(App\Controllers\AdmissionMaster))
 8 SYSTEMPATH\CodeIgniter.php(355): CodeIgniter\CodeIgniter->handleRequest(null, Object(Config\Cache), false)
 9 SYSTEMPATH\Boot.php(325): CodeIgniter\CodeIgniter->run()
10 SYSTEMPATH\Boot.php(67): CodeIgniter\Boot::runCodeIgniter(Object(CodeIgniter\CodeIgniter))
11 FCPATH\index.php(56): CodeIgniter\Boot::bootWeb(Object(Config\Paths))
WARNING - 2025-02-11 06:32:31 --> [DEPRECATED] strtotime(): Passing null to parameter #1 ($datetime) of type string is deprecated in APPPATH\Views\Admin\Admission\list.php on line 96.
 1 APPPATH\Views\Admin\Admission\list.php(96): strtotime(null)
 2 SYSTEMPATH\View\View.php(234): include('C:\\xampp\\htdocs\\Wolfox\\app\\Views\\Admin\\Admission\\list.php')
 3 SYSTEMPATH\View\View.php(237): CodeIgniter\View\View->CodeIgniter\View\{closure}()
 4 SYSTEMPATH\Common.php(1171): CodeIgniter\View\View->render('/Admin/Admission/list', [], true)
 5 APPPATH\Controllers\AdmissionMaster.php(309): view('/Admin/Admission/list', [...])
 6 SYSTEMPATH\CodeIgniter.php(933): App\Controllers\AdmissionMaster->list()
 7 SYSTEMPATH\CodeIgniter.php(509): CodeIgniter\CodeIgniter->runController(Object(App\Controllers\AdmissionMaster))
 8 SYSTEMPATH\CodeIgniter.php(355): CodeIgniter\CodeIgniter->handleRequest(null, Object(Config\Cache), false)
 9 SYSTEMPATH\Boot.php(325): CodeIgniter\CodeIgniter->run()
10 SYSTEMPATH\Boot.php(67): CodeIgniter\Boot::runCodeIgniter(Object(CodeIgniter\CodeIgniter))
11 FCPATH\index.php(56): CodeIgniter\Boot::bootWeb(Object(Config\Paths))
WARNING - 2025-02-11 06:32:31 --> [DEPRECATED] strtotime(): Passing null to parameter #1 ($datetime) of type string is deprecated in APPPATH\Views\Admin\Admission\list.php on line 96.
 1 APPPATH\Views\Admin\Admission\list.php(96): strtotime(null)
 2 SYSTEMPATH\View\View.php(234): include('C:\\xampp\\htdocs\\Wolfox\\app\\Views\\Admin\\Admission\\list.php')
 3 SYSTEMPATH\View\View.php(237): CodeIgniter\View\View->CodeIgniter\View\{closure}()
 4 SYSTEMPATH\Common.php(1171): CodeIgniter\View\View->render('/Admin/Admission/list', [], true)
 5 APPPATH\Controllers\AdmissionMaster.php(309): view('/Admin/Admission/list', [...])
 6 SYSTEMPATH\CodeIgniter.php(933): App\Controllers\AdmissionMaster->list()
 7 SYSTEMPATH\CodeIgniter.php(509): CodeIgniter\CodeIgniter->runController(Object(App\Controllers\AdmissionMaster))
 8 SYSTEMPATH\CodeIgniter.php(355): CodeIgniter\CodeIgniter->handleRequest(null, Object(Config\Cache), false)
 9 SYSTEMPATH\Boot.php(325): CodeIgniter\CodeIgniter->run()
10 SYSTEMPATH\Boot.php(67): CodeIgniter\Boot::runCodeIgniter(Object(CodeIgniter\CodeIgniter))
11 FCPATH\index.php(56): CodeIgniter\Boot::bootWeb(Object(Config\Paths))
WARNING - 2025-02-11 06:32:31 --> [DEPRECATED] strtotime(): Passing null to parameter #1 ($datetime) of type string is deprecated in APPPATH\Views\Admin\Admission\list.php on line 96.
 1 APPPATH\Views\Admin\Admission\list.php(96): strtotime(null)
 2 SYSTEMPATH\View\View.php(234): include('C:\\xampp\\htdocs\\Wolfox\\app\\Views\\Admin\\Admission\\list.php')
 3 SYSTEMPATH\View\View.php(237): CodeIgniter\View\View->CodeIgniter\View\{closure}()
 4 SYSTEMPATH\Common.php(1171): CodeIgniter\View\View->render('/Admin/Admission/list', [], true)
 5 APPPATH\Controllers\AdmissionMaster.php(309): view('/Admin/Admission/list', [...])
 6 SYSTEMPATH\CodeIgniter.php(933): App\Controllers\AdmissionMaster->list()
 7 SYSTEMPATH\CodeIgniter.php(509): CodeIgniter\CodeIgniter->runController(Object(App\Controllers\AdmissionMaster))
 8 SYSTEMPATH\CodeIgniter.php(355): CodeIgniter\CodeIgniter->handleRequest(null, Object(Config\Cache), false)
 9 SYSTEMPATH\Boot.php(325): CodeIgniter\CodeIgniter->run()
10 SYSTEMPATH\Boot.php(67): CodeIgniter\Boot::runCodeIgniter(Object(CodeIgniter\CodeIgniter))
11 FCPATH\index.php(56): CodeIgniter\Boot::bootWeb(Object(Config\Paths))
WARNING - 2025-02-11 06:32:31 --> [DEPRECATED] strtotime(): Passing null to parameter #1 ($datetime) of type string is deprecated in APPPATH\Views\Admin\Admission\list.php on line 96.
 1 APPPATH\Views\Admin\Admission\list.php(96): strtotime(null)
 2 SYSTEMPATH\View\View.php(234): include('C:\\xampp\\htdocs\\Wolfox\\app\\Views\\Admin\\Admission\\list.php')
 3 SYSTEMPATH\View\View.php(237): CodeIgniter\View\View->CodeIgniter\View\{closure}()
 4 SYSTEMPATH\Common.php(1171): CodeIgniter\View\View->render('/Admin/Admission/list', [], true)
 5 APPPATH\Controllers\AdmissionMaster.php(309): view('/Admin/Admission/list', [...])
 6 SYSTEMPATH\CodeIgniter.php(933): App\Controllers\AdmissionMaster->list()
 7 SYSTEMPATH\CodeIgniter.php(509): CodeIgniter\CodeIgniter->runController(Object(App\Controllers\AdmissionMaster))
 8 SYSTEMPATH\CodeIgniter.php(355): CodeIgniter\CodeIgniter->handleRequest(null, Object(Config\Cache), false)
 9 SYSTEMPATH\Boot.php(325): CodeIgniter\CodeIgniter->run()
10 SYSTEMPATH\Boot.php(67): CodeIgniter\Boot::runCodeIgniter(Object(CodeIgniter\CodeIgniter))
11 FCPATH\index.php(56): CodeIgniter\Boot::bootWeb(Object(Config\Paths))
WARNING - 2025-02-11 06:32:31 --> [DEPRECATED] strtotime(): Passing null to parameter #1 ($datetime) of type string is deprecated in APPPATH\Views\Admin\Admission\list.php on line 96.
 1 APPPATH\Views\Admin\Admission\list.php(96): strtotime(null)
 2 SYSTEMPATH\View\View.php(234): include('C:\\xampp\\htdocs\\Wolfox\\app\\Views\\Admin\\Admission\\list.php')
 3 SYSTEMPATH\View\View.php(237): CodeIgniter\View\View->CodeIgniter\View\{closure}()
 4 SYSTEMPATH\Common.php(1171): CodeIgniter\View\View->render('/Admin/Admission/list', [], true)
 5 APPPATH\Controllers\AdmissionMaster.php(309): view('/Admin/Admission/list', [...])
 6 SYSTEMPATH\CodeIgniter.php(933): App\Controllers\AdmissionMaster->list()
 7 SYSTEMPATH\CodeIgniter.php(509): CodeIgniter\CodeIgniter->runController(Object(App\Controllers\AdmissionMaster))
 8 SYSTEMPATH\CodeIgniter.php(355): CodeIgniter\CodeIgniter->handleRequest(null, Object(Config\Cache), false)
 9 SYSTEMPATH\Boot.php(325): CodeIgniter\CodeIgniter->run()
10 SYSTEMPATH\Boot.php(67): CodeIgniter\Boot::runCodeIgniter(Object(CodeIgniter\CodeIgniter))
11 FCPATH\index.php(56): CodeIgniter\Boot::bootWeb(Object(Config\Paths))
WARNING - 2025-02-11 06:32:31 --> [DEPRECATED] strtotime(): Passing null to parameter #1 ($datetime) of type string is deprecated in APPPATH\Views\Admin\Admission\list.php on line 96.
 1 APPPATH\Views\Admin\Admission\list.php(96): strtotime(null)
 2 SYSTEMPATH\View\View.php(234): include('C:\\xampp\\htdocs\\Wolfox\\app\\Views\\Admin\\Admission\\list.php')
 3 SYSTEMPATH\View\View.php(237): CodeIgniter\View\View->CodeIgniter\View\{closure}()
 4 SYSTEMPATH\Common.php(1171): CodeIgniter\View\View->render('/Admin/Admission/list', [], true)
 5 APPPATH\Controllers\AdmissionMaster.php(309): view('/Admin/Admission/list', [...])
 6 SYSTEMPATH\CodeIgniter.php(933): App\Controllers\AdmissionMaster->list()
 7 SYSTEMPATH\CodeIgniter.php(509): CodeIgniter\CodeIgniter->runController(Object(App\Controllers\AdmissionMaster))
 8 SYSTEMPATH\CodeIgniter.php(355): CodeIgniter\CodeIgniter->handleRequest(null, Object(Config\Cache), false)
 9 SYSTEMPATH\Boot.php(325): CodeIgniter\CodeIgniter->run()
10 SYSTEMPATH\Boot.php(67): CodeIgniter\Boot::runCodeIgniter(Object(CodeIgniter\CodeIgniter))
11 FCPATH\index.php(56): CodeIgniter\Boot::bootWeb(Object(Config\Paths))
WARNING - 2025-02-11 06:44:00 --> [DEPRECATED] strtotime(): Passing null to parameter #1 ($datetime) of type string is deprecated in APPPATH\Views\Admin\Admission\list.php on line 96.
 1 APPPATH\Views\Admin\Admission\list.php(96): strtotime(null)
 2 SYSTEMPATH\View\View.php(234): include('C:\\xampp\\htdocs\\Wolfox\\app\\Views\\Admin\\Admission\\list.php')
 3 SYSTEMPATH\View\View.php(237): CodeIgniter\View\View->CodeIgniter\View\{closure}()
 4 SYSTEMPATH\Common.php(1171): CodeIgniter\View\View->render('/Admin/Admission/list', [], true)
 5 APPPATH\Controllers\AdmissionMaster.php(309): view('/Admin/Admission/list', [...])
 6 SYSTEMPATH\CodeIgniter.php(933): App\Controllers\AdmissionMaster->list()
 7 SYSTEMPATH\CodeIgniter.php(509): CodeIgniter\CodeIgniter->runController(Object(App\Controllers\AdmissionMaster))
 8 SYSTEMPATH\CodeIgniter.php(355): CodeIgniter\CodeIgniter->handleRequest(null, Object(Config\Cache), false)
 9 SYSTEMPATH\Boot.php(325): CodeIgniter\CodeIgniter->run()
10 SYSTEMPATH\Boot.php(67): CodeIgniter\Boot::runCodeIgniter(Object(CodeIgniter\CodeIgniter))
11 FCPATH\index.php(56): CodeIgniter\Boot::bootWeb(Object(Config\Paths))
WARNING - 2025-02-11 06:44:00 --> [DEPRECATED] strtotime(): Passing null to parameter #1 ($datetime) of type string is deprecated in APPPATH\Views\Admin\Admission\list.php on line 96.
 1 APPPATH\Views\Admin\Admission\list.php(96): strtotime(null)
 2 SYSTEMPATH\View\View.php(234): include('C:\\xampp\\htdocs\\Wolfox\\app\\Views\\Admin\\Admission\\list.php')
 3 SYSTEMPATH\View\View.php(237): CodeIgniter\View\View->CodeIgniter\View\{closure}()
 4 SYSTEMPATH\Common.php(1171): CodeIgniter\View\View->render('/Admin/Admission/list', [], true)
 5 APPPATH\Controllers\AdmissionMaster.php(309): view('/Admin/Admission/list', [...])
 6 SYSTEMPATH\CodeIgniter.php(933): App\Controllers\AdmissionMaster->list()
 7 SYSTEMPATH\CodeIgniter.php(509): CodeIgniter\CodeIgniter->runController(Object(App\Controllers\AdmissionMaster))
 8 SYSTEMPATH\CodeIgniter.php(355): CodeIgniter\CodeIgniter->handleRequest(null, Object(Config\Cache), false)
 9 SYSTEMPATH\Boot.php(325): CodeIgniter\CodeIgniter->run()
10 SYSTEMPATH\Boot.php(67): CodeIgniter\Boot::runCodeIgniter(Object(CodeIgniter\CodeIgniter))
11 FCPATH\index.php(56): CodeIgniter\Boot::bootWeb(Object(Config\Paths))
WARNING - 2025-02-11 06:44:00 --> [DEPRECATED] strtotime(): Passing null to parameter #1 ($datetime) of type string is deprecated in APPPATH\Views\Admin\Admission\list.php on line 96.
 1 APPPATH\Views\Admin\Admission\list.php(96): strtotime(null)
 2 SYSTEMPATH\View\View.php(234): include('C:\\xampp\\htdocs\\Wolfox\\app\\Views\\Admin\\Admission\\list.php')
 3 SYSTEMPATH\View\View.php(237): CodeIgniter\View\View->CodeIgniter\View\{closure}()
 4 SYSTEMPATH\Common.php(1171): CodeIgniter\View\View->render('/Admin/Admission/list', [], true)
 5 APPPATH\Controllers\AdmissionMaster.php(309): view('/Admin/Admission/list', [...])
 6 SYSTEMPATH\CodeIgniter.php(933): App\Controllers\AdmissionMaster->list()
 7 SYSTEMPATH\CodeIgniter.php(509): CodeIgniter\CodeIgniter->runController(Object(App\Controllers\AdmissionMaster))
 8 SYSTEMPATH\CodeIgniter.php(355): CodeIgniter\CodeIgniter->handleRequest(null, Object(Config\Cache), false)
 9 SYSTEMPATH\Boot.php(325): CodeIgniter\CodeIgniter->run()
10 SYSTEMPATH\Boot.php(67): CodeIgniter\Boot::runCodeIgniter(Object(CodeIgniter\CodeIgniter))
11 FCPATH\index.php(56): CodeIgniter\Boot::bootWeb(Object(Config\Paths))
WARNING - 2025-02-11 06:44:00 --> [DEPRECATED] strtotime(): Passing null to parameter #1 ($datetime) of type string is deprecated in APPPATH\Views\Admin\Admission\list.php on line 96.
 1 APPPATH\Views\Admin\Admission\list.php(96): strtotime(null)
 2 SYSTEMPATH\View\View.php(234): include('C:\\xampp\\htdocs\\Wolfox\\app\\Views\\Admin\\Admission\\list.php')
 3 SYSTEMPATH\View\View.php(237): CodeIgniter\View\View->CodeIgniter\View\{closure}()
 4 SYSTEMPATH\Common.php(1171): CodeIgniter\View\View->render('/Admin/Admission/list', [], true)
 5 APPPATH\Controllers\AdmissionMaster.php(309): view('/Admin/Admission/list', [...])
 6 SYSTEMPATH\CodeIgniter.php(933): App\Controllers\AdmissionMaster->list()
 7 SYSTEMPATH\CodeIgniter.php(509): CodeIgniter\CodeIgniter->runController(Object(App\Controllers\AdmissionMaster))
 8 SYSTEMPATH\CodeIgniter.php(355): CodeIgniter\CodeIgniter->handleRequest(null, Object(Config\Cache), false)
 9 SYSTEMPATH\Boot.php(325): CodeIgniter\CodeIgniter->run()
10 SYSTEMPATH\Boot.php(67): CodeIgniter\Boot::runCodeIgniter(Object(CodeIgniter\CodeIgniter))
11 FCPATH\index.php(56): CodeIgniter\Boot::bootWeb(Object(Config\Paths))
WARNING - 2025-02-11 06:44:00 --> [DEPRECATED] strtotime(): Passing null to parameter #1 ($datetime) of type string is deprecated in APPPATH\Views\Admin\Admission\list.php on line 96.
 1 APPPATH\Views\Admin\Admission\list.php(96): strtotime(null)
 2 SYSTEMPATH\View\View.php(234): include('C:\\xampp\\htdocs\\Wolfox\\app\\Views\\Admin\\Admission\\list.php')
 3 SYSTEMPATH\View\View.php(237): CodeIgniter\View\View->CodeIgniter\View\{closure}()
 4 SYSTEMPATH\Common.php(1171): CodeIgniter\View\View->render('/Admin/Admission/list', [], true)
 5 APPPATH\Controllers\AdmissionMaster.php(309): view('/Admin/Admission/list', [...])
 6 SYSTEMPATH\CodeIgniter.php(933): App\Controllers\AdmissionMaster->list()
 7 SYSTEMPATH\CodeIgniter.php(509): CodeIgniter\CodeIgniter->runController(Object(App\Controllers\AdmissionMaster))
 8 SYSTEMPATH\CodeIgniter.php(355): CodeIgniter\CodeIgniter->handleRequest(null, Object(Config\Cache), false)
 9 SYSTEMPATH\Boot.php(325): CodeIgniter\CodeIgniter->run()
10 SYSTEMPATH\Boot.php(67): CodeIgniter\Boot::runCodeIgniter(Object(CodeIgniter\CodeIgniter))
11 FCPATH\index.php(56): CodeIgniter\Boot::bootWeb(Object(Config\Paths))
WARNING - 2025-02-11 06:44:00 --> [DEPRECATED] strtotime(): Passing null to parameter #1 ($datetime) of type string is deprecated in APPPATH\Views\Admin\Admission\list.php on line 96.
 1 APPPATH\Views\Admin\Admission\list.php(96): strtotime(null)
 2 SYSTEMPATH\View\View.php(234): include('C:\\xampp\\htdocs\\Wolfox\\app\\Views\\Admin\\Admission\\list.php')
 3 SYSTEMPATH\View\View.php(237): CodeIgniter\View\View->CodeIgniter\View\{closure}()
 4 SYSTEMPATH\Common.php(1171): CodeIgniter\View\View->render('/Admin/Admission/list', [], true)
 5 APPPATH\Controllers\AdmissionMaster.php(309): view('/Admin/Admission/list', [...])
 6 SYSTEMPATH\CodeIgniter.php(933): App\Controllers\AdmissionMaster->list()
 7 SYSTEMPATH\CodeIgniter.php(509): CodeIgniter\CodeIgniter->runController(Object(App\Controllers\AdmissionMaster))
 8 SYSTEMPATH\CodeIgniter.php(355): CodeIgniter\CodeIgniter->handleRequest(null, Object(Config\Cache), false)
 9 SYSTEMPATH\Boot.php(325): CodeIgniter\CodeIgniter->run()
10 SYSTEMPATH\Boot.php(67): CodeIgniter\Boot::runCodeIgniter(Object(CodeIgniter\CodeIgniter))
11 FCPATH\index.php(56): CodeIgniter\Boot::bootWeb(Object(Config\Paths))
WARNING - 2025-02-11 06:44:00 --> [DEPRECATED] strtotime(): Passing null to parameter #1 ($datetime) of type string is deprecated in APPPATH\Views\Admin\Admission\list.php on line 96.
 1 APPPATH\Views\Admin\Admission\list.php(96): strtotime(null)
 2 SYSTEMPATH\View\View.php(234): include('C:\\xampp\\htdocs\\Wolfox\\app\\Views\\Admin\\Admission\\list.php')
 3 SYSTEMPATH\View\View.php(237): CodeIgniter\View\View->CodeIgniter\View\{closure}()
 4 SYSTEMPATH\Common.php(1171): CodeIgniter\View\View->render('/Admin/Admission/list', [], true)
 5 APPPATH\Controllers\AdmissionMaster.php(309): view('/Admin/Admission/list', [...])
 6 SYSTEMPATH\CodeIgniter.php(933): App\Controllers\AdmissionMaster->list()
 7 SYSTEMPATH\CodeIgniter.php(509): CodeIgniter\CodeIgniter->runController(Object(App\Controllers\AdmissionMaster))
 8 SYSTEMPATH\CodeIgniter.php(355): CodeIgniter\CodeIgniter->handleRequest(null, Object(Config\Cache), false)
 9 SYSTEMPATH\Boot.php(325): CodeIgniter\CodeIgniter->run()
10 SYSTEMPATH\Boot.php(67): CodeIgniter\Boot::runCodeIgniter(Object(CodeIgniter\CodeIgniter))
11 FCPATH\index.php(56): CodeIgniter\Boot::bootWeb(Object(Config\Paths))
WARNING - 2025-02-11 06:44:00 --> [DEPRECATED] strtotime(): Passing null to parameter #1 ($datetime) of type string is deprecated in APPPATH\Views\Admin\Admission\list.php on line 96.
 1 APPPATH\Views\Admin\Admission\list.php(96): strtotime(null)
 2 SYSTEMPATH\View\View.php(234): include('C:\\xampp\\htdocs\\Wolfox\\app\\Views\\Admin\\Admission\\list.php')
 3 SYSTEMPATH\View\View.php(237): CodeIgniter\View\View->CodeIgniter\View\{closure}()
 4 SYSTEMPATH\Common.php(1171): CodeIgniter\View\View->render('/Admin/Admission/list', [], true)
 5 APPPATH\Controllers\AdmissionMaster.php(309): view('/Admin/Admission/list', [...])
 6 SYSTEMPATH\CodeIgniter.php(933): App\Controllers\AdmissionMaster->list()
 7 SYSTEMPATH\CodeIgniter.php(509): CodeIgniter\CodeIgniter->runController(Object(App\Controllers\AdmissionMaster))
 8 SYSTEMPATH\CodeIgniter.php(355): CodeIgniter\CodeIgniter->handleRequest(null, Object(Config\Cache), false)
 9 SYSTEMPATH\Boot.php(325): CodeIgniter\CodeIgniter->run()
10 SYSTEMPATH\Boot.php(67): CodeIgniter\Boot::runCodeIgniter(Object(CodeIgniter\CodeIgniter))
11 FCPATH\index.php(56): CodeIgniter\Boot::bootWeb(Object(Config\Paths))
WARNING - 2025-02-11 06:44:00 --> [DEPRECATED] strtotime(): Passing null to parameter #1 ($datetime) of type string is deprecated in APPPATH\Views\Admin\Admission\list.php on line 96.
 1 APPPATH\Views\Admin\Admission\list.php(96): strtotime(null)
 2 SYSTEMPATH\View\View.php(234): include('C:\\xampp\\htdocs\\Wolfox\\app\\Views\\Admin\\Admission\\list.php')
 3 SYSTEMPATH\View\View.php(237): CodeIgniter\View\View->CodeIgniter\View\{closure}()
 4 SYSTEMPATH\Common.php(1171): CodeIgniter\View\View->render('/Admin/Admission/list', [], true)
 5 APPPATH\Controllers\AdmissionMaster.php(309): view('/Admin/Admission/list', [...])
 6 SYSTEMPATH\CodeIgniter.php(933): App\Controllers\AdmissionMaster->list()
 7 SYSTEMPATH\CodeIgniter.php(509): CodeIgniter\CodeIgniter->runController(Object(App\Controllers\AdmissionMaster))
 8 SYSTEMPATH\CodeIgniter.php(355): CodeIgniter\CodeIgniter->handleRequest(null, Object(Config\Cache), false)
 9 SYSTEMPATH\Boot.php(325): CodeIgniter\CodeIgniter->run()
10 SYSTEMPATH\Boot.php(67): CodeIgniter\Boot::runCodeIgniter(Object(CodeIgniter\CodeIgniter))
11 FCPATH\index.php(56): CodeIgniter\Boot::bootWeb(Object(Config\Paths))
WARNING - 2025-02-11 06:44:00 --> [DEPRECATED] strtotime(): Passing null to parameter #1 ($datetime) of type string is deprecated in APPPATH\Views\Admin\Admission\list.php on line 96.
 1 APPPATH\Views\Admin\Admission\list.php(96): strtotime(null)
 2 SYSTEMPATH\View\View.php(234): include('C:\\xampp\\htdocs\\Wolfox\\app\\Views\\Admin\\Admission\\list.php')
 3 SYSTEMPATH\View\View.php(237): CodeIgniter\View\View->CodeIgniter\View\{closure}()
 4 SYSTEMPATH\Common.php(1171): CodeIgniter\View\View->render('/Admin/Admission/list', [], true)
 5 APPPATH\Controllers\AdmissionMaster.php(309): view('/Admin/Admission/list', [...])
 6 SYSTEMPATH\CodeIgniter.php(933): App\Controllers\AdmissionMaster->list()
 7 SYSTEMPATH\CodeIgniter.php(509): CodeIgniter\CodeIgniter->runController(Object(App\Controllers\AdmissionMaster))
 8 SYSTEMPATH\CodeIgniter.php(355): CodeIgniter\CodeIgniter->handleRequest(null, Object(Config\Cache), false)
 9 SYSTEMPATH\Boot.php(325): CodeIgniter\CodeIgniter->run()
10 SYSTEMPATH\Boot.php(67): CodeIgniter\Boot::runCodeIgniter(Object(CodeIgniter\CodeIgniter))
11 FCPATH\index.php(56): CodeIgniter\Boot::bootWeb(Object(Config\Paths))
WARNING - 2025-02-11 06:44:00 --> [DEPRECATED] strtotime(): Passing null to parameter #1 ($datetime) of type string is deprecated in APPPATH\Views\Admin\Admission\list.php on line 96.
 1 APPPATH\Views\Admin\Admission\list.php(96): strtotime(null)
 2 SYSTEMPATH\View\View.php(234): include('C:\\xampp\\htdocs\\Wolfox\\app\\Views\\Admin\\Admission\\list.php')
 3 SYSTEMPATH\View\View.php(237): CodeIgniter\View\View->CodeIgniter\View\{closure}()
 4 SYSTEMPATH\Common.php(1171): CodeIgniter\View\View->render('/Admin/Admission/list', [], true)
 5 APPPATH\Controllers\AdmissionMaster.php(309): view('/Admin/Admission/list', [...])
 6 SYSTEMPATH\CodeIgniter.php(933): App\Controllers\AdmissionMaster->list()
 7 SYSTEMPATH\CodeIgniter.php(509): CodeIgniter\CodeIgniter->runController(Object(App\Controllers\AdmissionMaster))
 8 SYSTEMPATH\CodeIgniter.php(355): CodeIgniter\CodeIgniter->handleRequest(null, Object(Config\Cache), false)
 9 SYSTEMPATH\Boot.php(325): CodeIgniter\CodeIgniter->run()
10 SYSTEMPATH\Boot.php(67): CodeIgniter\Boot::runCodeIgniter(Object(CodeIgniter\CodeIgniter))
11 FCPATH\index.php(56): CodeIgniter\Boot::bootWeb(Object(Config\Paths))
WARNING - 2025-02-11 06:44:00 --> [DEPRECATED] strtotime(): Passing null to parameter #1 ($datetime) of type string is deprecated in APPPATH\Views\Admin\Admission\list.php on line 96.
 1 APPPATH\Views\Admin\Admission\list.php(96): strtotime(null)
 2 SYSTEMPATH\View\View.php(234): include('C:\\xampp\\htdocs\\Wolfox\\app\\Views\\Admin\\Admission\\list.php')
 3 SYSTEMPATH\View\View.php(237): CodeIgniter\View\View->CodeIgniter\View\{closure}()
 4 SYSTEMPATH\Common.php(1171): CodeIgniter\View\View->render('/Admin/Admission/list', [], true)
 5 APPPATH\Controllers\AdmissionMaster.php(309): view('/Admin/Admission/list', [...])
 6 SYSTEMPATH\CodeIgniter.php(933): App\Controllers\AdmissionMaster->list()
 7 SYSTEMPATH\CodeIgniter.php(509): CodeIgniter\CodeIgniter->runController(Object(App\Controllers\AdmissionMaster))
 8 SYSTEMPATH\CodeIgniter.php(355): CodeIgniter\CodeIgniter->handleRequest(null, Object(Config\Cache), false)
 9 SYSTEMPATH\Boot.php(325): CodeIgniter\CodeIgniter->run()
10 SYSTEMPATH\Boot.php(67): CodeIgniter\Boot::runCodeIgniter(Object(CodeIgniter\CodeIgniter))
11 FCPATH\index.php(56): CodeIgniter\Boot::bootWeb(Object(Config\Paths))
WARNING - 2025-02-11 06:59:39 --> [DEPRECATED] strtotime(): Passing null to parameter #1 ($datetime) of type string is deprecated in APPPATH\Views\Admin\Admission\list.php on line 96.
 1 APPPATH\Views\Admin\Admission\list.php(96): strtotime(null)
 2 SYSTEMPATH\View\View.php(234): include('C:\\xampp\\htdocs\\Wolfox\\app\\Views\\Admin\\Admission\\list.php')
 3 SYSTEMPATH\View\View.php(237): CodeIgniter\View\View->CodeIgniter\View\{closure}()
 4 SYSTEMPATH\Common.php(1171): CodeIgniter\View\View->render('/Admin/Admission/list', [], true)
 5 APPPATH\Controllers\AdmissionMaster.php(309): view('/Admin/Admission/list', [...])
 6 SYSTEMPATH\CodeIgniter.php(933): App\Controllers\AdmissionMaster->list()
 7 SYSTEMPATH\CodeIgniter.php(509): CodeIgniter\CodeIgniter->runController(Object(App\Controllers\AdmissionMaster))
 8 SYSTEMPATH\CodeIgniter.php(355): CodeIgniter\CodeIgniter->handleRequest(null, Object(Config\Cache), false)
 9 SYSTEMPATH\Boot.php(325): CodeIgniter\CodeIgniter->run()
10 SYSTEMPATH\Boot.php(67): CodeIgniter\Boot::runCodeIgniter(Object(CodeIgniter\CodeIgniter))
11 FCPATH\index.php(56): CodeIgniter\Boot::bootWeb(Object(Config\Paths))
WARNING - 2025-02-11 06:59:39 --> [DEPRECATED] strtotime(): Passing null to parameter #1 ($datetime) of type string is deprecated in APPPATH\Views\Admin\Admission\list.php on line 96.
 1 APPPATH\Views\Admin\Admission\list.php(96): strtotime(null)
 2 SYSTEMPATH\View\View.php(234): include('C:\\xampp\\htdocs\\Wolfox\\app\\Views\\Admin\\Admission\\list.php')
 3 SYSTEMPATH\View\View.php(237): CodeIgniter\View\View->CodeIgniter\View\{closure}()
 4 SYSTEMPATH\Common.php(1171): CodeIgniter\View\View->render('/Admin/Admission/list', [], true)
 5 APPPATH\Controllers\AdmissionMaster.php(309): view('/Admin/Admission/list', [...])
 6 SYSTEMPATH\CodeIgniter.php(933): App\Controllers\AdmissionMaster->list()
 7 SYSTEMPATH\CodeIgniter.php(509): CodeIgniter\CodeIgniter->runController(Object(App\Controllers\AdmissionMaster))
 8 SYSTEMPATH\CodeIgniter.php(355): CodeIgniter\CodeIgniter->handleRequest(null, Object(Config\Cache), false)
 9 SYSTEMPATH\Boot.php(325): CodeIgniter\CodeIgniter->run()
10 SYSTEMPATH\Boot.php(67): CodeIgniter\Boot::runCodeIgniter(Object(CodeIgniter\CodeIgniter))
11 FCPATH\index.php(56): CodeIgniter\Boot::bootWeb(Object(Config\Paths))
WARNING - 2025-02-11 06:59:39 --> [DEPRECATED] strtotime(): Passing null to parameter #1 ($datetime) of type string is deprecated in APPPATH\Views\Admin\Admission\list.php on line 96.
 1 APPPATH\Views\Admin\Admission\list.php(96): strtotime(null)
 2 SYSTEMPATH\View\View.php(234): include('C:\\xampp\\htdocs\\Wolfox\\app\\Views\\Admin\\Admission\\list.php')
 3 SYSTEMPATH\View\View.php(237): CodeIgniter\View\View->CodeIgniter\View\{closure}()
 4 SYSTEMPATH\Common.php(1171): CodeIgniter\View\View->render('/Admin/Admission/list', [], true)
 5 APPPATH\Controllers\AdmissionMaster.php(309): view('/Admin/Admission/list', [...])
 6 SYSTEMPATH\CodeIgniter.php(933): App\Controllers\AdmissionMaster->list()
 7 SYSTEMPATH\CodeIgniter.php(509): CodeIgniter\CodeIgniter->runController(Object(App\Controllers\AdmissionMaster))
 8 SYSTEMPATH\CodeIgniter.php(355): CodeIgniter\CodeIgniter->handleRequest(null, Object(Config\Cache), false)
 9 SYSTEMPATH\Boot.php(325): CodeIgniter\CodeIgniter->run()
10 SYSTEMPATH\Boot.php(67): CodeIgniter\Boot::runCodeIgniter(Object(CodeIgniter\CodeIgniter))
11 FCPATH\index.php(56): CodeIgniter\Boot::bootWeb(Object(Config\Paths))
WARNING - 2025-02-11 06:59:39 --> [DEPRECATED] strtotime(): Passing null to parameter #1 ($datetime) of type string is deprecated in APPPATH\Views\Admin\Admission\list.php on line 96.
 1 APPPATH\Views\Admin\Admission\list.php(96): strtotime(null)
 2 SYSTEMPATH\View\View.php(234): include('C:\\xampp\\htdocs\\Wolfox\\app\\Views\\Admin\\Admission\\list.php')
 3 SYSTEMPATH\View\View.php(237): CodeIgniter\View\View->CodeIgniter\View\{closure}()
 4 SYSTEMPATH\Common.php(1171): CodeIgniter\View\View->render('/Admin/Admission/list', [], true)
 5 APPPATH\Controllers\AdmissionMaster.php(309): view('/Admin/Admission/list', [...])
 6 SYSTEMPATH\CodeIgniter.php(933): App\Controllers\AdmissionMaster->list()
 7 SYSTEMPATH\CodeIgniter.php(509): CodeIgniter\CodeIgniter->runController(Object(App\Controllers\AdmissionMaster))
 8 SYSTEMPATH\CodeIgniter.php(355): CodeIgniter\CodeIgniter->handleRequest(null, Object(Config\Cache), false)
 9 SYSTEMPATH\Boot.php(325): CodeIgniter\CodeIgniter->run()
10 SYSTEMPATH\Boot.php(67): CodeIgniter\Boot::runCodeIgniter(Object(CodeIgniter\CodeIgniter))
11 FCPATH\index.php(56): CodeIgniter\Boot::bootWeb(Object(Config\Paths))
WARNING - 2025-02-11 06:59:39 --> [DEPRECATED] strtotime(): Passing null to parameter #1 ($datetime) of type string is deprecated in APPPATH\Views\Admin\Admission\list.php on line 96.
 1 APPPATH\Views\Admin\Admission\list.php(96): strtotime(null)
 2 SYSTEMPATH\View\View.php(234): include('C:\\xampp\\htdocs\\Wolfox\\app\\Views\\Admin\\Admission\\list.php')
 3 SYSTEMPATH\View\View.php(237): CodeIgniter\View\View->CodeIgniter\View\{closure}()
 4 SYSTEMPATH\Common.php(1171): CodeIgniter\View\View->render('/Admin/Admission/list', [], true)
 5 APPPATH\Controllers\AdmissionMaster.php(309): view('/Admin/Admission/list', [...])
 6 SYSTEMPATH\CodeIgniter.php(933): App\Controllers\AdmissionMaster->list()
 7 SYSTEMPATH\CodeIgniter.php(509): CodeIgniter\CodeIgniter->runController(Object(App\Controllers\AdmissionMaster))
 8 SYSTEMPATH\CodeIgniter.php(355): CodeIgniter\CodeIgniter->handleRequest(null, Object(Config\Cache), false)
 9 SYSTEMPATH\Boot.php(325): CodeIgniter\CodeIgniter->run()
10 SYSTEMPATH\Boot.php(67): CodeIgniter\Boot::runCodeIgniter(Object(CodeIgniter\CodeIgniter))
11 FCPATH\index.php(56): CodeIgniter\Boot::bootWeb(Object(Config\Paths))
WARNING - 2025-02-11 06:59:39 --> [DEPRECATED] strtotime(): Passing null to parameter #1 ($datetime) of type string is deprecated in APPPATH\Views\Admin\Admission\list.php on line 96.
 1 APPPATH\Views\Admin\Admission\list.php(96): strtotime(null)
 2 SYSTEMPATH\View\View.php(234): include('C:\\xampp\\htdocs\\Wolfox\\app\\Views\\Admin\\Admission\\list.php')
 3 SYSTEMPATH\View\View.php(237): CodeIgniter\View\View->CodeIgniter\View\{closure}()
 4 SYSTEMPATH\Common.php(1171): CodeIgniter\View\View->render('/Admin/Admission/list', [], true)
 5 APPPATH\Controllers\AdmissionMaster.php(309): view('/Admin/Admission/list', [...])
 6 SYSTEMPATH\CodeIgniter.php(933): App\Controllers\AdmissionMaster->list()
 7 SYSTEMPATH\CodeIgniter.php(509): CodeIgniter\CodeIgniter->runController(Object(App\Controllers\AdmissionMaster))
 8 SYSTEMPATH\CodeIgniter.php(355): CodeIgniter\CodeIgniter->handleRequest(null, Object(Config\Cache), false)
 9 SYSTEMPATH\Boot.php(325): CodeIgniter\CodeIgniter->run()
10 SYSTEMPATH\Boot.php(67): CodeIgniter\Boot::runCodeIgniter(Object(CodeIgniter\CodeIgniter))
11 FCPATH\index.php(56): CodeIgniter\Boot::bootWeb(Object(Config\Paths))
WARNING - 2025-02-11 06:59:39 --> [DEPRECATED] strtotime(): Passing null to parameter #1 ($datetime) of type string is deprecated in APPPATH\Views\Admin\Admission\list.php on line 96.
 1 APPPATH\Views\Admin\Admission\list.php(96): strtotime(null)
 2 SYSTEMPATH\View\View.php(234): include('C:\\xampp\\htdocs\\Wolfox\\app\\Views\\Admin\\Admission\\list.php')
 3 SYSTEMPATH\View\View.php(237): CodeIgniter\View\View->CodeIgniter\View\{closure}()
 4 SYSTEMPATH\Common.php(1171): CodeIgniter\View\View->render('/Admin/Admission/list', [], true)
 5 APPPATH\Controllers\AdmissionMaster.php(309): view('/Admin/Admission/list', [...])
 6 SYSTEMPATH\CodeIgniter.php(933): App\Controllers\AdmissionMaster->list()
 7 SYSTEMPATH\CodeIgniter.php(509): CodeIgniter\CodeIgniter->runController(Object(App\Controllers\AdmissionMaster))
 8 SYSTEMPATH\CodeIgniter.php(355): CodeIgniter\CodeIgniter->handleRequest(null, Object(Config\Cache), false)
 9 SYSTEMPATH\Boot.php(325): CodeIgniter\CodeIgniter->run()
10 SYSTEMPATH\Boot.php(67): CodeIgniter\Boot::runCodeIgniter(Object(CodeIgniter\CodeIgniter))
11 FCPATH\index.php(56): CodeIgniter\Boot::bootWeb(Object(Config\Paths))
WARNING - 2025-02-11 06:59:39 --> [DEPRECATED] strtotime(): Passing null to parameter #1 ($datetime) of type string is deprecated in APPPATH\Views\Admin\Admission\list.php on line 96.
 1 APPPATH\Views\Admin\Admission\list.php(96): strtotime(null)
 2 SYSTEMPATH\View\View.php(234): include('C:\\xampp\\htdocs\\Wolfox\\app\\Views\\Admin\\Admission\\list.php')
 3 SYSTEMPATH\View\View.php(237): CodeIgniter\View\View->CodeIgniter\View\{closure}()
 4 SYSTEMPATH\Common.php(1171): CodeIgniter\View\View->render('/Admin/Admission/list', [], true)
 5 APPPATH\Controllers\AdmissionMaster.php(309): view('/Admin/Admission/list', [...])
 6 SYSTEMPATH\CodeIgniter.php(933): App\Controllers\AdmissionMaster->list()
 7 SYSTEMPATH\CodeIgniter.php(509): CodeIgniter\CodeIgniter->runController(Object(App\Controllers\AdmissionMaster))
 8 SYSTEMPATH\CodeIgniter.php(355): CodeIgniter\CodeIgniter->handleRequest(null, Object(Config\Cache), false)
 9 SYSTEMPATH\Boot.php(325): CodeIgniter\CodeIgniter->run()
10 SYSTEMPATH\Boot.php(67): CodeIgniter\Boot::runCodeIgniter(Object(CodeIgniter\CodeIgniter))
11 FCPATH\index.php(56): CodeIgniter\Boot::bootWeb(Object(Config\Paths))
WARNING - 2025-02-11 06:59:39 --> [DEPRECATED] strtotime(): Passing null to parameter #1 ($datetime) of type string is deprecated in APPPATH\Views\Admin\Admission\list.php on line 96.
 1 APPPATH\Views\Admin\Admission\list.php(96): strtotime(null)
 2 SYSTEMPATH\View\View.php(234): include('C:\\xampp\\htdocs\\Wolfox\\app\\Views\\Admin\\Admission\\list.php')
 3 SYSTEMPATH\View\View.php(237): CodeIgniter\View\View->CodeIgniter\View\{closure}()
 4 SYSTEMPATH\Common.php(1171): CodeIgniter\View\View->render('/Admin/Admission/list', [], true)
 5 APPPATH\Controllers\AdmissionMaster.php(309): view('/Admin/Admission/list', [...])
 6 SYSTEMPATH\CodeIgniter.php(933): App\Controllers\AdmissionMaster->list()
 7 SYSTEMPATH\CodeIgniter.php(509): CodeIgniter\CodeIgniter->runController(Object(App\Controllers\AdmissionMaster))
 8 SYSTEMPATH\CodeIgniter.php(355): CodeIgniter\CodeIgniter->handleRequest(null, Object(Config\Cache), false)
 9 SYSTEMPATH\Boot.php(325): CodeIgniter\CodeIgniter->run()
10 SYSTEMPATH\Boot.php(67): CodeIgniter\Boot::runCodeIgniter(Object(CodeIgniter\CodeIgniter))
11 FCPATH\index.php(56): CodeIgniter\Boot::bootWeb(Object(Config\Paths))
WARNING - 2025-02-11 06:59:39 --> [DEPRECATED] strtotime(): Passing null to parameter #1 ($datetime) of type string is deprecated in APPPATH\Views\Admin\Admission\list.php on line 96.
 1 APPPATH\Views\Admin\Admission\list.php(96): strtotime(null)
 2 SYSTEMPATH\View\View.php(234): include('C:\\xampp\\htdocs\\Wolfox\\app\\Views\\Admin\\Admission\\list.php')
 3 SYSTEMPATH\View\View.php(237): CodeIgniter\View\View->CodeIgniter\View\{closure}()
 4 SYSTEMPATH\Common.php(1171): CodeIgniter\View\View->render('/Admin/Admission/list', [], true)
 5 APPPATH\Controllers\AdmissionMaster.php(309): view('/Admin/Admission/list', [...])
 6 SYSTEMPATH\CodeIgniter.php(933): App\Controllers\AdmissionMaster->list()
 7 SYSTEMPATH\CodeIgniter.php(509): CodeIgniter\CodeIgniter->runController(Object(App\Controllers\AdmissionMaster))
 8 SYSTEMPATH\CodeIgniter.php(355): CodeIgniter\CodeIgniter->handleRequest(null, Object(Config\Cache), false)
 9 SYSTEMPATH\Boot.php(325): CodeIgniter\CodeIgniter->run()
10 SYSTEMPATH\Boot.php(67): CodeIgniter\Boot::runCodeIgniter(Object(CodeIgniter\CodeIgniter))
11 FCPATH\index.php(56): CodeIgniter\Boot::bootWeb(Object(Config\Paths))
WARNING - 2025-02-11 06:59:39 --> [DEPRECATED] strtotime(): Passing null to parameter #1 ($datetime) of type string is deprecated in APPPATH\Views\Admin\Admission\list.php on line 96.
 1 APPPATH\Views\Admin\Admission\list.php(96): strtotime(null)
 2 SYSTEMPATH\View\View.php(234): include('C:\\xampp\\htdocs\\Wolfox\\app\\Views\\Admin\\Admission\\list.php')
 3 SYSTEMPATH\View\View.php(237): CodeIgniter\View\View->CodeIgniter\View\{closure}()
 4 SYSTEMPATH\Common.php(1171): CodeIgniter\View\View->render('/Admin/Admission/list', [], true)
 5 APPPATH\Controllers\AdmissionMaster.php(309): view('/Admin/Admission/list', [...])
 6 SYSTEMPATH\CodeIgniter.php(933): App\Controllers\AdmissionMaster->list()
 7 SYSTEMPATH\CodeIgniter.php(509): CodeIgniter\CodeIgniter->runController(Object(App\Controllers\AdmissionMaster))
 8 SYSTEMPATH\CodeIgniter.php(355): CodeIgniter\CodeIgniter->handleRequest(null, Object(Config\Cache), false)
 9 SYSTEMPATH\Boot.php(325): CodeIgniter\CodeIgniter->run()
10 SYSTEMPATH\Boot.php(67): CodeIgniter\Boot::runCodeIgniter(Object(CodeIgniter\CodeIgniter))
11 FCPATH\index.php(56): CodeIgniter\Boot::bootWeb(Object(Config\Paths))
WARNING - 2025-02-11 06:59:39 --> [DEPRECATED] strtotime(): Passing null to parameter #1 ($datetime) of type string is deprecated in APPPATH\Views\Admin\Admission\list.php on line 96.
 1 APPPATH\Views\Admin\Admission\list.php(96): strtotime(null)
 2 SYSTEMPATH\View\View.php(234): include('C:\\xampp\\htdocs\\Wolfox\\app\\Views\\Admin\\Admission\\list.php')
 3 SYSTEMPATH\View\View.php(237): CodeIgniter\View\View->CodeIgniter\View\{closure}()
 4 SYSTEMPATH\Common.php(1171): CodeIgniter\View\View->render('/Admin/Admission/list', [], true)
 5 APPPATH\Controllers\AdmissionMaster.php(309): view('/Admin/Admission/list', [...])
 6 SYSTEMPATH\CodeIgniter.php(933): App\Controllers\AdmissionMaster->list()
 7 SYSTEMPATH\CodeIgniter.php(509): CodeIgniter\CodeIgniter->runController(Object(App\Controllers\AdmissionMaster))
 8 SYSTEMPATH\CodeIgniter.php(355): CodeIgniter\CodeIgniter->handleRequest(null, Object(Config\Cache), false)
 9 SYSTEMPATH\Boot.php(325): CodeIgniter\CodeIgniter->run()
10 SYSTEMPATH\Boot.php(67): CodeIgniter\Boot::runCodeIgniter(Object(CodeIgniter\CodeIgniter))
11 FCPATH\index.php(56): CodeIgniter\Boot::bootWeb(Object(Config\Paths))
WARNING - 2025-02-11 07:13:59 --> [DEPRECATED] strtotime(): Passing null to parameter #1 ($datetime) of type string is deprecated in APPPATH\Views\Admin\Admission\list.php on line 96.
 1 APPPATH\Views\Admin\Admission\list.php(96): strtotime(null)
 2 SYSTEMPATH\View\View.php(234): include('C:\\xampp\\htdocs\\Wolfox\\app\\Views\\Admin\\Admission\\list.php')
 3 SYSTEMPATH\View\View.php(237): CodeIgniter\View\View->CodeIgniter\View\{closure}()
 4 SYSTEMPATH\Common.php(1171): CodeIgniter\View\View->render('/Admin/Admission/list', [], true)
 5 APPPATH\Controllers\AdmissionMaster.php(309): view('/Admin/Admission/list', [...])
 6 SYSTEMPATH\CodeIgniter.php(933): App\Controllers\AdmissionMaster->list()
 7 SYSTEMPATH\CodeIgniter.php(509): CodeIgniter\CodeIgniter->runController(Object(App\Controllers\AdmissionMaster))
 8 SYSTEMPATH\CodeIgniter.php(355): CodeIgniter\CodeIgniter->handleRequest(null, Object(Config\Cache), false)
 9 SYSTEMPATH\Boot.php(325): CodeIgniter\CodeIgniter->run()
10 SYSTEMPATH\Boot.php(67): CodeIgniter\Boot::runCodeIgniter(Object(CodeIgniter\CodeIgniter))
11 FCPATH\index.php(56): CodeIgniter\Boot::bootWeb(Object(Config\Paths))
WARNING - 2025-02-11 07:13:59 --> [DEPRECATED] strtotime(): Passing null to parameter #1 ($datetime) of type string is deprecated in APPPATH\Views\Admin\Admission\list.php on line 96.
 1 APPPATH\Views\Admin\Admission\list.php(96): strtotime(null)
 2 SYSTEMPATH\View\View.php(234): include('C:\\xampp\\htdocs\\Wolfox\\app\\Views\\Admin\\Admission\\list.php')
 3 SYSTEMPATH\View\View.php(237): CodeIgniter\View\View->CodeIgniter\View\{closure}()
 4 SYSTEMPATH\Common.php(1171): CodeIgniter\View\View->render('/Admin/Admission/list', [], true)
 5 APPPATH\Controllers\AdmissionMaster.php(309): view('/Admin/Admission/list', [...])
 6 SYSTEMPATH\CodeIgniter.php(933): App\Controllers\AdmissionMaster->list()
 7 SYSTEMPATH\CodeIgniter.php(509): CodeIgniter\CodeIgniter->runController(Object(App\Controllers\AdmissionMaster))
 8 SYSTEMPATH\CodeIgniter.php(355): CodeIgniter\CodeIgniter->handleRequest(null, Object(Config\Cache), false)
 9 SYSTEMPATH\Boot.php(325): CodeIgniter\CodeIgniter->run()
10 SYSTEMPATH\Boot.php(67): CodeIgniter\Boot::runCodeIgniter(Object(CodeIgniter\CodeIgniter))
11 FCPATH\index.php(56): CodeIgniter\Boot::bootWeb(Object(Config\Paths))
WARNING - 2025-02-11 07:13:59 --> [DEPRECATED] strtotime(): Passing null to parameter #1 ($datetime) of type string is deprecated in APPPATH\Views\Admin\Admission\list.php on line 96.
 1 APPPATH\Views\Admin\Admission\list.php(96): strtotime(null)
 2 SYSTEMPATH\View\View.php(234): include('C:\\xampp\\htdocs\\Wolfox\\app\\Views\\Admin\\Admission\\list.php')
 3 SYSTEMPATH\View\View.php(237): CodeIgniter\View\View->CodeIgniter\View\{closure}()
 4 SYSTEMPATH\Common.php(1171): CodeIgniter\View\View->render('/Admin/Admission/list', [], true)
 5 APPPATH\Controllers\AdmissionMaster.php(309): view('/Admin/Admission/list', [...])
 6 SYSTEMPATH\CodeIgniter.php(933): App\Controllers\AdmissionMaster->list()
 7 SYSTEMPATH\CodeIgniter.php(509): CodeIgniter\CodeIgniter->runController(Object(App\Controllers\AdmissionMaster))
 8 SYSTEMPATH\CodeIgniter.php(355): CodeIgniter\CodeIgniter->handleRequest(null, Object(Config\Cache), false)
 9 SYSTEMPATH\Boot.php(325): CodeIgniter\CodeIgniter->run()
10 SYSTEMPATH\Boot.php(67): CodeIgniter\Boot::runCodeIgniter(Object(CodeIgniter\CodeIgniter))
11 FCPATH\index.php(56): CodeIgniter\Boot::bootWeb(Object(Config\Paths))
WARNING - 2025-02-11 07:13:59 --> [DEPRECATED] strtotime(): Passing null to parameter #1 ($datetime) of type string is deprecated in APPPATH\Views\Admin\Admission\list.php on line 96.
 1 APPPATH\Views\Admin\Admission\list.php(96): strtotime(null)
 2 SYSTEMPATH\View\View.php(234): include('C:\\xampp\\htdocs\\Wolfox\\app\\Views\\Admin\\Admission\\list.php')
 3 SYSTEMPATH\View\View.php(237): CodeIgniter\View\View->CodeIgniter\View\{closure}()
 4 SYSTEMPATH\Common.php(1171): CodeIgniter\View\View->render('/Admin/Admission/list', [], true)
 5 APPPATH\Controllers\AdmissionMaster.php(309): view('/Admin/Admission/list', [...])
 6 SYSTEMPATH\CodeIgniter.php(933): App\Controllers\AdmissionMaster->list()
 7 SYSTEMPATH\CodeIgniter.php(509): CodeIgniter\CodeIgniter->runController(Object(App\Controllers\AdmissionMaster))
 8 SYSTEMPATH\CodeIgniter.php(355): CodeIgniter\CodeIgniter->handleRequest(null, Object(Config\Cache), false)
 9 SYSTEMPATH\Boot.php(325): CodeIgniter\CodeIgniter->run()
10 SYSTEMPATH\Boot.php(67): CodeIgniter\Boot::runCodeIgniter(Object(CodeIgniter\CodeIgniter))
11 FCPATH\index.php(56): CodeIgniter\Boot::bootWeb(Object(Config\Paths))
WARNING - 2025-02-11 07:13:59 --> [DEPRECATED] strtotime(): Passing null to parameter #1 ($datetime) of type string is deprecated in APPPATH\Views\Admin\Admission\list.php on line 96.
 1 APPPATH\Views\Admin\Admission\list.php(96): strtotime(null)
 2 SYSTEMPATH\View\View.php(234): include('C:\\xampp\\htdocs\\Wolfox\\app\\Views\\Admin\\Admission\\list.php')
 3 SYSTEMPATH\View\View.php(237): CodeIgniter\View\View->CodeIgniter\View\{closure}()
 4 SYSTEMPATH\Common.php(1171): CodeIgniter\View\View->render('/Admin/Admission/list', [], true)
 5 APPPATH\Controllers\AdmissionMaster.php(309): view('/Admin/Admission/list', [...])
 6 SYSTEMPATH\CodeIgniter.php(933): App\Controllers\AdmissionMaster->list()
 7 SYSTEMPATH\CodeIgniter.php(509): CodeIgniter\CodeIgniter->runController(Object(App\Controllers\AdmissionMaster))
 8 SYSTEMPATH\CodeIgniter.php(355): CodeIgniter\CodeIgniter->handleRequest(null, Object(Config\Cache), false)
 9 SYSTEMPATH\Boot.php(325): CodeIgniter\CodeIgniter->run()
10 SYSTEMPATH\Boot.php(67): CodeIgniter\Boot::runCodeIgniter(Object(CodeIgniter\CodeIgniter))
11 FCPATH\index.php(56): CodeIgniter\Boot::bootWeb(Object(Config\Paths))
WARNING - 2025-02-11 07:13:59 --> [DEPRECATED] strtotime(): Passing null to parameter #1 ($datetime) of type string is deprecated in APPPATH\Views\Admin\Admission\list.php on line 96.
 1 APPPATH\Views\Admin\Admission\list.php(96): strtotime(null)
 2 SYSTEMPATH\View\View.php(234): include('C:\\xampp\\htdocs\\Wolfox\\app\\Views\\Admin\\Admission\\list.php')
 3 SYSTEMPATH\View\View.php(237): CodeIgniter\View\View->CodeIgniter\View\{closure}()
 4 SYSTEMPATH\Common.php(1171): CodeIgniter\View\View->render('/Admin/Admission/list', [], true)
 5 APPPATH\Controllers\AdmissionMaster.php(309): view('/Admin/Admission/list', [...])
 6 SYSTEMPATH\CodeIgniter.php(933): App\Controllers\AdmissionMaster->list()
 7 SYSTEMPATH\CodeIgniter.php(509): CodeIgniter\CodeIgniter->runController(Object(App\Controllers\AdmissionMaster))
 8 SYSTEMPATH\CodeIgniter.php(355): CodeIgniter\CodeIgniter->handleRequest(null, Object(Config\Cache), false)
 9 SYSTEMPATH\Boot.php(325): CodeIgniter\CodeIgniter->run()
10 SYSTEMPATH\Boot.php(67): CodeIgniter\Boot::runCodeIgniter(Object(CodeIgniter\CodeIgniter))
11 FCPATH\index.php(56): CodeIgniter\Boot::bootWeb(Object(Config\Paths))
WARNING - 2025-02-11 07:13:59 --> [DEPRECATED] strtotime(): Passing null to parameter #1 ($datetime) of type string is deprecated in APPPATH\Views\Admin\Admission\list.php on line 96.
 1 APPPATH\Views\Admin\Admission\list.php(96): strtotime(null)
 2 SYSTEMPATH\View\View.php(234): include('C:\\xampp\\htdocs\\Wolfox\\app\\Views\\Admin\\Admission\\list.php')
 3 SYSTEMPATH\View\View.php(237): CodeIgniter\View\View->CodeIgniter\View\{closure}()
 4 SYSTEMPATH\Common.php(1171): CodeIgniter\View\View->render('/Admin/Admission/list', [], true)
 5 APPPATH\Controllers\AdmissionMaster.php(309): view('/Admin/Admission/list', [...])
 6 SYSTEMPATH\CodeIgniter.php(933): App\Controllers\AdmissionMaster->list()
 7 SYSTEMPATH\CodeIgniter.php(509): CodeIgniter\CodeIgniter->runController(Object(App\Controllers\AdmissionMaster))
 8 SYSTEMPATH\CodeIgniter.php(355): CodeIgniter\CodeIgniter->handleRequest(null, Object(Config\Cache), false)
 9 SYSTEMPATH\Boot.php(325): CodeIgniter\CodeIgniter->run()
10 SYSTEMPATH\Boot.php(67): CodeIgniter\Boot::runCodeIgniter(Object(CodeIgniter\CodeIgniter))
11 FCPATH\index.php(56): CodeIgniter\Boot::bootWeb(Object(Config\Paths))
WARNING - 2025-02-11 07:13:59 --> [DEPRECATED] strtotime(): Passing null to parameter #1 ($datetime) of type string is deprecated in APPPATH\Views\Admin\Admission\list.php on line 96.
 1 APPPATH\Views\Admin\Admission\list.php(96): strtotime(null)
 2 SYSTEMPATH\View\View.php(234): include('C:\\xampp\\htdocs\\Wolfox\\app\\Views\\Admin\\Admission\\list.php')
 3 SYSTEMPATH\View\View.php(237): CodeIgniter\View\View->CodeIgniter\View\{closure}()
 4 SYSTEMPATH\Common.php(1171): CodeIgniter\View\View->render('/Admin/Admission/list', [], true)
 5 APPPATH\Controllers\AdmissionMaster.php(309): view('/Admin/Admission/list', [...])
 6 SYSTEMPATH\CodeIgniter.php(933): App\Controllers\AdmissionMaster->list()
 7 SYSTEMPATH\CodeIgniter.php(509): CodeIgniter\CodeIgniter->runController(Object(App\Controllers\AdmissionMaster))
 8 SYSTEMPATH\CodeIgniter.php(355): CodeIgniter\CodeIgniter->handleRequest(null, Object(Config\Cache), false)
 9 SYSTEMPATH\Boot.php(325): CodeIgniter\CodeIgniter->run()
10 SYSTEMPATH\Boot.php(67): CodeIgniter\Boot::runCodeIgniter(Object(CodeIgniter\CodeIgniter))
11 FCPATH\index.php(56): CodeIgniter\Boot::bootWeb(Object(Config\Paths))
WARNING - 2025-02-11 07:13:59 --> [DEPRECATED] strtotime(): Passing null to parameter #1 ($datetime) of type string is deprecated in APPPATH\Views\Admin\Admission\list.php on line 96.
 1 APPPATH\Views\Admin\Admission\list.php(96): strtotime(null)
 2 SYSTEMPATH\View\View.php(234): include('C:\\xampp\\htdocs\\Wolfox\\app\\Views\\Admin\\Admission\\list.php')
 3 SYSTEMPATH\View\View.php(237): CodeIgniter\View\View->CodeIgniter\View\{closure}()
 4 SYSTEMPATH\Common.php(1171): CodeIgniter\View\View->render('/Admin/Admission/list', [], true)
 5 APPPATH\Controllers\AdmissionMaster.php(309): view('/Admin/Admission/list', [...])
 6 SYSTEMPATH\CodeIgniter.php(933): App\Controllers\AdmissionMaster->list()
 7 SYSTEMPATH\CodeIgniter.php(509): CodeIgniter\CodeIgniter->runController(Object(App\Controllers\AdmissionMaster))
 8 SYSTEMPATH\CodeIgniter.php(355): CodeIgniter\CodeIgniter->handleRequest(null, Object(Config\Cache), false)
 9 SYSTEMPATH\Boot.php(325): CodeIgniter\CodeIgniter->run()
10 SYSTEMPATH\Boot.php(67): CodeIgniter\Boot::runCodeIgniter(Object(CodeIgniter\CodeIgniter))
11 FCPATH\index.php(56): CodeIgniter\Boot::bootWeb(Object(Config\Paths))
WARNING - 2025-02-11 07:13:59 --> [DEPRECATED] strtotime(): Passing null to parameter #1 ($datetime) of type string is deprecated in APPPATH\Views\Admin\Admission\list.php on line 96.
 1 APPPATH\Views\Admin\Admission\list.php(96): strtotime(null)
 2 SYSTEMPATH\View\View.php(234): include('C:\\xampp\\htdocs\\Wolfox\\app\\Views\\Admin\\Admission\\list.php')
 3 SYSTEMPATH\View\View.php(237): CodeIgniter\View\View->CodeIgniter\View\{closure}()
 4 SYSTEMPATH\Common.php(1171): CodeIgniter\View\View->render('/Admin/Admission/list', [], true)
 5 APPPATH\Controllers\AdmissionMaster.php(309): view('/Admin/Admission/list', [...])
 6 SYSTEMPATH\CodeIgniter.php(933): App\Controllers\AdmissionMaster->list()
 7 SYSTEMPATH\CodeIgniter.php(509): CodeIgniter\CodeIgniter->runController(Object(App\Controllers\AdmissionMaster))
 8 SYSTEMPATH\CodeIgniter.php(355): CodeIgniter\CodeIgniter->handleRequest(null, Object(Config\Cache), false)
 9 SYSTEMPATH\Boot.php(325): CodeIgniter\CodeIgniter->run()
10 SYSTEMPATH\Boot.php(67): CodeIgniter\Boot::runCodeIgniter(Object(CodeIgniter\CodeIgniter))
11 FCPATH\index.php(56): CodeIgniter\Boot::bootWeb(Object(Config\Paths))
WARNING - 2025-02-11 07:13:59 --> [DEPRECATED] strtotime(): Passing null to parameter #1 ($datetime) of type string is deprecated in APPPATH\Views\Admin\Admission\list.php on line 96.
 1 APPPATH\Views\Admin\Admission\list.php(96): strtotime(null)
 2 SYSTEMPATH\View\View.php(234): include('C:\\xampp\\htdocs\\Wolfox\\app\\Views\\Admin\\Admission\\list.php')
 3 SYSTEMPATH\View\View.php(237): CodeIgniter\View\View->CodeIgniter\View\{closure}()
 4 SYSTEMPATH\Common.php(1171): CodeIgniter\View\View->render('/Admin/Admission/list', [], true)
 5 APPPATH\Controllers\AdmissionMaster.php(309): view('/Admin/Admission/list', [...])
 6 SYSTEMPATH\CodeIgniter.php(933): App\Controllers\AdmissionMaster->list()
 7 SYSTEMPATH\CodeIgniter.php(509): CodeIgniter\CodeIgniter->runController(Object(App\Controllers\AdmissionMaster))
 8 SYSTEMPATH\CodeIgniter.php(355): CodeIgniter\CodeIgniter->handleRequest(null, Object(Config\Cache), false)
 9 SYSTEMPATH\Boot.php(325): CodeIgniter\CodeIgniter->run()
10 SYSTEMPATH\Boot.php(67): CodeIgniter\Boot::runCodeIgniter(Object(CodeIgniter\CodeIgniter))
11 FCPATH\index.php(56): CodeIgniter\Boot::bootWeb(Object(Config\Paths))
WARNING - 2025-02-11 07:13:59 --> [DEPRECATED] strtotime(): Passing null to parameter #1 ($datetime) of type string is deprecated in APPPATH\Views\Admin\Admission\list.php on line 96.
 1 APPPATH\Views\Admin\Admission\list.php(96): strtotime(null)
 2 SYSTEMPATH\View\View.php(234): include('C:\\xampp\\htdocs\\Wolfox\\app\\Views\\Admin\\Admission\\list.php')
 3 SYSTEMPATH\View\View.php(237): CodeIgniter\View\View->CodeIgniter\View\{closure}()
 4 SYSTEMPATH\Common.php(1171): CodeIgniter\View\View->render('/Admin/Admission/list', [], true)
 5 APPPATH\Controllers\AdmissionMaster.php(309): view('/Admin/Admission/list', [...])
 6 SYSTEMPATH\CodeIgniter.php(933): App\Controllers\AdmissionMaster->list()
 7 SYSTEMPATH\CodeIgniter.php(509): CodeIgniter\CodeIgniter->runController(Object(App\Controllers\AdmissionMaster))
 8 SYSTEMPATH\CodeIgniter.php(355): CodeIgniter\CodeIgniter->handleRequest(null, Object(Config\Cache), false)
 9 SYSTEMPATH\Boot.php(325): CodeIgniter\CodeIgniter->run()
10 SYSTEMPATH\Boot.php(67): CodeIgniter\Boot::runCodeIgniter(Object(CodeIgniter\CodeIgniter))
11 FCPATH\index.php(56): CodeIgniter\Boot::bootWeb(Object(Config\Paths))
WARNING - 2025-02-11 07:18:20 --> [DEPRECATED] strtotime(): Passing null to parameter #1 ($datetime) of type string is deprecated in APPPATH\Views\Admin\Admission\list.php on line 96.
 1 APPPATH\Views\Admin\Admission\list.php(96): strtotime(null)
 2 SYSTEMPATH\View\View.php(234): include('C:\\xampp\\htdocs\\Wolfox\\app\\Views\\Admin\\Admission\\list.php')
 3 SYSTEMPATH\View\View.php(237): CodeIgniter\View\View->CodeIgniter\View\{closure}()
 4 SYSTEMPATH\Common.php(1171): CodeIgniter\View\View->render('/Admin/Admission/list', [], true)
 5 APPPATH\Controllers\AdmissionMaster.php(309): view('/Admin/Admission/list', [...])
 6 SYSTEMPATH\CodeIgniter.php(933): App\Controllers\AdmissionMaster->list()
 7 SYSTEMPATH\CodeIgniter.php(509): CodeIgniter\CodeIgniter->runController(Object(App\Controllers\AdmissionMaster))
 8 SYSTEMPATH\CodeIgniter.php(355): CodeIgniter\CodeIgniter->handleRequest(null, Object(Config\Cache), false)
 9 SYSTEMPATH\Boot.php(325): CodeIgniter\CodeIgniter->run()
10 SYSTEMPATH\Boot.php(67): CodeIgniter\Boot::runCodeIgniter(Object(CodeIgniter\CodeIgniter))
11 FCPATH\index.php(56): CodeIgniter\Boot::bootWeb(Object(Config\Paths))
WARNING - 2025-02-11 07:18:20 --> [DEPRECATED] strtotime(): Passing null to parameter #1 ($datetime) of type string is deprecated in APPPATH\Views\Admin\Admission\list.php on line 96.
 1 APPPATH\Views\Admin\Admission\list.php(96): strtotime(null)
 2 SYSTEMPATH\View\View.php(234): include('C:\\xampp\\htdocs\\Wolfox\\app\\Views\\Admin\\Admission\\list.php')
 3 SYSTEMPATH\View\View.php(237): CodeIgniter\View\View->CodeIgniter\View\{closure}()
 4 SYSTEMPATH\Common.php(1171): CodeIgniter\View\View->render('/Admin/Admission/list', [], true)
 5 APPPATH\Controllers\AdmissionMaster.php(309): view('/Admin/Admission/list', [...])
 6 SYSTEMPATH\CodeIgniter.php(933): App\Controllers\AdmissionMaster->list()
 7 SYSTEMPATH\CodeIgniter.php(509): CodeIgniter\CodeIgniter->runController(Object(App\Controllers\AdmissionMaster))
 8 SYSTEMPATH\CodeIgniter.php(355): CodeIgniter\CodeIgniter->handleRequest(null, Object(Config\Cache), false)
 9 SYSTEMPATH\Boot.php(325): CodeIgniter\CodeIgniter->run()
10 SYSTEMPATH\Boot.php(67): CodeIgniter\Boot::runCodeIgniter(Object(CodeIgniter\CodeIgniter))
11 FCPATH\index.php(56): CodeIgniter\Boot::bootWeb(Object(Config\Paths))
WARNING - 2025-02-11 07:18:20 --> [DEPRECATED] strtotime(): Passing null to parameter #1 ($datetime) of type string is deprecated in APPPATH\Views\Admin\Admission\list.php on line 96.
 1 APPPATH\Views\Admin\Admission\list.php(96): strtotime(null)
 2 SYSTEMPATH\View\View.php(234): include('C:\\xampp\\htdocs\\Wolfox\\app\\Views\\Admin\\Admission\\list.php')
 3 SYSTEMPATH\View\View.php(237): CodeIgniter\View\View->CodeIgniter\View\{closure}()
 4 SYSTEMPATH\Common.php(1171): CodeIgniter\View\View->render('/Admin/Admission/list', [], true)
 5 APPPATH\Controllers\AdmissionMaster.php(309): view('/Admin/Admission/list', [...])
 6 SYSTEMPATH\CodeIgniter.php(933): App\Controllers\AdmissionMaster->list()
 7 SYSTEMPATH\CodeIgniter.php(509): CodeIgniter\CodeIgniter->runController(Object(App\Controllers\AdmissionMaster))
 8 SYSTEMPATH\CodeIgniter.php(355): CodeIgniter\CodeIgniter->handleRequest(null, Object(Config\Cache), false)
 9 SYSTEMPATH\Boot.php(325): CodeIgniter\CodeIgniter->run()
10 SYSTEMPATH\Boot.php(67): CodeIgniter\Boot::runCodeIgniter(Object(CodeIgniter\CodeIgniter))
11 FCPATH\index.php(56): CodeIgniter\Boot::bootWeb(Object(Config\Paths))
WARNING - 2025-02-11 07:18:20 --> [DEPRECATED] strtotime(): Passing null to parameter #1 ($datetime) of type string is deprecated in APPPATH\Views\Admin\Admission\list.php on line 96.
 1 APPPATH\Views\Admin\Admission\list.php(96): strtotime(null)
 2 SYSTEMPATH\View\View.php(234): include('C:\\xampp\\htdocs\\Wolfox\\app\\Views\\Admin\\Admission\\list.php')
 3 SYSTEMPATH\View\View.php(237): CodeIgniter\View\View->CodeIgniter\View\{closure}()
 4 SYSTEMPATH\Common.php(1171): CodeIgniter\View\View->render('/Admin/Admission/list', [], true)
 5 APPPATH\Controllers\AdmissionMaster.php(309): view('/Admin/Admission/list', [...])
 6 SYSTEMPATH\CodeIgniter.php(933): App\Controllers\AdmissionMaster->list()
 7 SYSTEMPATH\CodeIgniter.php(509): CodeIgniter\CodeIgniter->runController(Object(App\Controllers\AdmissionMaster))
 8 SYSTEMPATH\CodeIgniter.php(355): CodeIgniter\CodeIgniter->handleRequest(null, Object(Config\Cache), false)
 9 SYSTEMPATH\Boot.php(325): CodeIgniter\CodeIgniter->run()
10 SYSTEMPATH\Boot.php(67): CodeIgniter\Boot::runCodeIgniter(Object(CodeIgniter\CodeIgniter))
11 FCPATH\index.php(56): CodeIgniter\Boot::bootWeb(Object(Config\Paths))
WARNING - 2025-02-11 07:18:20 --> [DEPRECATED] strtotime(): Passing null to parameter #1 ($datetime) of type string is deprecated in APPPATH\Views\Admin\Admission\list.php on line 96.
 1 APPPATH\Views\Admin\Admission\list.php(96): strtotime(null)
 2 SYSTEMPATH\View\View.php(234): include('C:\\xampp\\htdocs\\Wolfox\\app\\Views\\Admin\\Admission\\list.php')
 3 SYSTEMPATH\View\View.php(237): CodeIgniter\View\View->CodeIgniter\View\{closure}()
 4 SYSTEMPATH\Common.php(1171): CodeIgniter\View\View->render('/Admin/Admission/list', [], true)
 5 APPPATH\Controllers\AdmissionMaster.php(309): view('/Admin/Admission/list', [...])
 6 SYSTEMPATH\CodeIgniter.php(933): App\Controllers\AdmissionMaster->list()
 7 SYSTEMPATH\CodeIgniter.php(509): CodeIgniter\CodeIgniter->runController(Object(App\Controllers\AdmissionMaster))
 8 SYSTEMPATH\CodeIgniter.php(355): CodeIgniter\CodeIgniter->handleRequest(null, Object(Config\Cache), false)
 9 SYSTEMPATH\Boot.php(325): CodeIgniter\CodeIgniter->run()
10 SYSTEMPATH\Boot.php(67): CodeIgniter\Boot::runCodeIgniter(Object(CodeIgniter\CodeIgniter))
11 FCPATH\index.php(56): CodeIgniter\Boot::bootWeb(Object(Config\Paths))
WARNING - 2025-02-11 07:18:20 --> [DEPRECATED] strtotime(): Passing null to parameter #1 ($datetime) of type string is deprecated in APPPATH\Views\Admin\Admission\list.php on line 96.
 1 APPPATH\Views\Admin\Admission\list.php(96): strtotime(null)
 2 SYSTEMPATH\View\View.php(234): include('C:\\xampp\\htdocs\\Wolfox\\app\\Views\\Admin\\Admission\\list.php')
 3 SYSTEMPATH\View\View.php(237): CodeIgniter\View\View->CodeIgniter\View\{closure}()
 4 SYSTEMPATH\Common.php(1171): CodeIgniter\View\View->render('/Admin/Admission/list', [], true)
 5 APPPATH\Controllers\AdmissionMaster.php(309): view('/Admin/Admission/list', [...])
 6 SYSTEMPATH\CodeIgniter.php(933): App\Controllers\AdmissionMaster->list()
 7 SYSTEMPATH\CodeIgniter.php(509): CodeIgniter\CodeIgniter->runController(Object(App\Controllers\AdmissionMaster))
 8 SYSTEMPATH\CodeIgniter.php(355): CodeIgniter\CodeIgniter->handleRequest(null, Object(Config\Cache), false)
 9 SYSTEMPATH\Boot.php(325): CodeIgniter\CodeIgniter->run()
10 SYSTEMPATH\Boot.php(67): CodeIgniter\Boot::runCodeIgniter(Object(CodeIgniter\CodeIgniter))
11 FCPATH\index.php(56): CodeIgniter\Boot::bootWeb(Object(Config\Paths))
WARNING - 2025-02-11 07:18:20 --> [DEPRECATED] strtotime(): Passing null to parameter #1 ($datetime) of type string is deprecated in APPPATH\Views\Admin\Admission\list.php on line 96.
 1 APPPATH\Views\Admin\Admission\list.php(96): strtotime(null)
 2 SYSTEMPATH\View\View.php(234): include('C:\\xampp\\htdocs\\Wolfox\\app\\Views\\Admin\\Admission\\list.php')
 3 SYSTEMPATH\View\View.php(237): CodeIgniter\View\View->CodeIgniter\View\{closure}()
 4 SYSTEMPATH\Common.php(1171): CodeIgniter\View\View->render('/Admin/Admission/list', [], true)
 5 APPPATH\Controllers\AdmissionMaster.php(309): view('/Admin/Admission/list', [...])
 6 SYSTEMPATH\CodeIgniter.php(933): App\Controllers\AdmissionMaster->list()
 7 SYSTEMPATH\CodeIgniter.php(509): CodeIgniter\CodeIgniter->runController(Object(App\Controllers\AdmissionMaster))
 8 SYSTEMPATH\CodeIgniter.php(355): CodeIgniter\CodeIgniter->handleRequest(null, Object(Config\Cache), false)
 9 SYSTEMPATH\Boot.php(325): CodeIgniter\CodeIgniter->run()
10 SYSTEMPATH\Boot.php(67): CodeIgniter\Boot::runCodeIgniter(Object(CodeIgniter\CodeIgniter))
11 FCPATH\index.php(56): CodeIgniter\Boot::bootWeb(Object(Config\Paths))
WARNING - 2025-02-11 07:18:20 --> [DEPRECATED] strtotime(): Passing null to parameter #1 ($datetime) of type string is deprecated in APPPATH\Views\Admin\Admission\list.php on line 96.
 1 APPPATH\Views\Admin\Admission\list.php(96): strtotime(null)
 2 SYSTEMPATH\View\View.php(234): include('C:\\xampp\\htdocs\\Wolfox\\app\\Views\\Admin\\Admission\\list.php')
 3 SYSTEMPATH\View\View.php(237): CodeIgniter\View\View->CodeIgniter\View\{closure}()
 4 SYSTEMPATH\Common.php(1171): CodeIgniter\View\View->render('/Admin/Admission/list', [], true)
 5 APPPATH\Controllers\AdmissionMaster.php(309): view('/Admin/Admission/list', [...])
 6 SYSTEMPATH\CodeIgniter.php(933): App\Controllers\AdmissionMaster->list()
 7 SYSTEMPATH\CodeIgniter.php(509): CodeIgniter\CodeIgniter->runController(Object(App\Controllers\AdmissionMaster))
 8 SYSTEMPATH\CodeIgniter.php(355): CodeIgniter\CodeIgniter->handleRequest(null, Object(Config\Cache), false)
 9 SYSTEMPATH\Boot.php(325): CodeIgniter\CodeIgniter->run()
10 SYSTEMPATH\Boot.php(67): CodeIgniter\Boot::runCodeIgniter(Object(CodeIgniter\CodeIgniter))
11 FCPATH\index.php(56): CodeIgniter\Boot::bootWeb(Object(Config\Paths))
WARNING - 2025-02-11 07:18:20 --> [DEPRECATED] strtotime(): Passing null to parameter #1 ($datetime) of type string is deprecated in APPPATH\Views\Admin\Admission\list.php on line 96.
 1 APPPATH\Views\Admin\Admission\list.php(96): strtotime(null)
 2 SYSTEMPATH\View\View.php(234): include('C:\\xampp\\htdocs\\Wolfox\\app\\Views\\Admin\\Admission\\list.php')
 3 SYSTEMPATH\View\View.php(237): CodeIgniter\View\View->CodeIgniter\View\{closure}()
 4 SYSTEMPATH\Common.php(1171): CodeIgniter\View\View->render('/Admin/Admission/list', [], true)
 5 APPPATH\Controllers\AdmissionMaster.php(309): view('/Admin/Admission/list', [...])
 6 SYSTEMPATH\CodeIgniter.php(933): App\Controllers\AdmissionMaster->list()
 7 SYSTEMPATH\CodeIgniter.php(509): CodeIgniter\CodeIgniter->runController(Object(App\Controllers\AdmissionMaster))
 8 SYSTEMPATH\CodeIgniter.php(355): CodeIgniter\CodeIgniter->handleRequest(null, Object(Config\Cache), false)
 9 SYSTEMPATH\Boot.php(325): CodeIgniter\CodeIgniter->run()
10 SYSTEMPATH\Boot.php(67): CodeIgniter\Boot::runCodeIgniter(Object(CodeIgniter\CodeIgniter))
11 FCPATH\index.php(56): CodeIgniter\Boot::bootWeb(Object(Config\Paths))
WARNING - 2025-02-11 07:18:20 --> [DEPRECATED] strtotime(): Passing null to parameter #1 ($datetime) of type string is deprecated in APPPATH\Views\Admin\Admission\list.php on line 96.
 1 APPPATH\Views\Admin\Admission\list.php(96): strtotime(null)
 2 SYSTEMPATH\View\View.php(234): include('C:\\xampp\\htdocs\\Wolfox\\app\\Views\\Admin\\Admission\\list.php')
 3 SYSTEMPATH\View\View.php(237): CodeIgniter\View\View->CodeIgniter\View\{closure}()
 4 SYSTEMPATH\Common.php(1171): CodeIgniter\View\View->render('/Admin/Admission/list', [], true)
 5 APPPATH\Controllers\AdmissionMaster.php(309): view('/Admin/Admission/list', [...])
 6 SYSTEMPATH\CodeIgniter.php(933): App\Controllers\AdmissionMaster->list()
 7 SYSTEMPATH\CodeIgniter.php(509): CodeIgniter\CodeIgniter->runController(Object(App\Controllers\AdmissionMaster))
 8 SYSTEMPATH\CodeIgniter.php(355): CodeIgniter\CodeIgniter->handleRequest(null, Object(Config\Cache), false)
 9 SYSTEMPATH\Boot.php(325): CodeIgniter\CodeIgniter->run()
10 SYSTEMPATH\Boot.php(67): CodeIgniter\Boot::runCodeIgniter(Object(CodeIgniter\CodeIgniter))
11 FCPATH\index.php(56): CodeIgniter\Boot::bootWeb(Object(Config\Paths))
WARNING - 2025-02-11 07:18:20 --> [DEPRECATED] strtotime(): Passing null to parameter #1 ($datetime) of type string is deprecated in APPPATH\Views\Admin\Admission\list.php on line 96.
 1 APPPATH\Views\Admin\Admission\list.php(96): strtotime(null)
 2 SYSTEMPATH\View\View.php(234): include('C:\\xampp\\htdocs\\Wolfox\\app\\Views\\Admin\\Admission\\list.php')
 3 SYSTEMPATH\View\View.php(237): CodeIgniter\View\View->CodeIgniter\View\{closure}()
 4 SYSTEMPATH\Common.php(1171): CodeIgniter\View\View->render('/Admin/Admission/list', [], true)
 5 APPPATH\Controllers\AdmissionMaster.php(309): view('/Admin/Admission/list', [...])
 6 SYSTEMPATH\CodeIgniter.php(933): App\Controllers\AdmissionMaster->list()
 7 SYSTEMPATH\CodeIgniter.php(509): CodeIgniter\CodeIgniter->runController(Object(App\Controllers\AdmissionMaster))
 8 SYSTEMPATH\CodeIgniter.php(355): CodeIgniter\CodeIgniter->handleRequest(null, Object(Config\Cache), false)
 9 SYSTEMPATH\Boot.php(325): CodeIgniter\CodeIgniter->run()
10 SYSTEMPATH\Boot.php(67): CodeIgniter\Boot::runCodeIgniter(Object(CodeIgniter\CodeIgniter))
11 FCPATH\index.php(56): CodeIgniter\Boot::bootWeb(Object(Config\Paths))
WARNING - 2025-02-11 07:18:20 --> [DEPRECATED] strtotime(): Passing null to parameter #1 ($datetime) of type string is deprecated in APPPATH\Views\Admin\Admission\list.php on line 96.
 1 APPPATH\Views\Admin\Admission\list.php(96): strtotime(null)
 2 SYSTEMPATH\View\View.php(234): include('C:\\xampp\\htdocs\\Wolfox\\app\\Views\\Admin\\Admission\\list.php')
 3 SYSTEMPATH\View\View.php(237): CodeIgniter\View\View->CodeIgniter\View\{closure}()
 4 SYSTEMPATH\Common.php(1171): CodeIgniter\View\View->render('/Admin/Admission/list', [], true)
 5 APPPATH\Controllers\AdmissionMaster.php(309): view('/Admin/Admission/list', [...])
 6 SYSTEMPATH\CodeIgniter.php(933): App\Controllers\AdmissionMaster->list()
 7 SYSTEMPATH\CodeIgniter.php(509): CodeIgniter\CodeIgniter->runController(Object(App\Controllers\AdmissionMaster))
 8 SYSTEMPATH\CodeIgniter.php(355): CodeIgniter\CodeIgniter->handleRequest(null, Object(Config\Cache), false)
 9 SYSTEMPATH\Boot.php(325): CodeIgniter\CodeIgniter->run()
10 SYSTEMPATH\Boot.php(67): CodeIgniter\Boot::runCodeIgniter(Object(CodeIgniter\CodeIgniter))
11 FCPATH\index.php(56): CodeIgniter\Boot::bootWeb(Object(Config\Paths))
WARNING - 2025-02-11 07:19:37 --> [DEPRECATED] strtotime(): Passing null to parameter #1 ($datetime) of type string is deprecated in APPPATH\Views\Admin\Admission\list.php on line 96.
 1 APPPATH\Views\Admin\Admission\list.php(96): strtotime(null)
 2 SYSTEMPATH\View\View.php(234): include('C:\\xampp\\htdocs\\Wolfox\\app\\Views\\Admin\\Admission\\list.php')
 3 SYSTEMPATH\View\View.php(237): CodeIgniter\View\View->CodeIgniter\View\{closure}()
 4 SYSTEMPATH\Common.php(1171): CodeIgniter\View\View->render('/Admin/Admission/list', [], true)
 5 APPPATH\Controllers\AdmissionMaster.php(309): view('/Admin/Admission/list', [...])
 6 SYSTEMPATH\CodeIgniter.php(933): App\Controllers\AdmissionMaster->list()
 7 SYSTEMPATH\CodeIgniter.php(509): CodeIgniter\CodeIgniter->runController(Object(App\Controllers\AdmissionMaster))
 8 SYSTEMPATH\CodeIgniter.php(355): CodeIgniter\CodeIgniter->handleRequest(null, Object(Config\Cache), false)
 9 SYSTEMPATH\Boot.php(325): CodeIgniter\CodeIgniter->run()
10 SYSTEMPATH\Boot.php(67): CodeIgniter\Boot::runCodeIgniter(Object(CodeIgniter\CodeIgniter))
11 FCPATH\index.php(56): CodeIgniter\Boot::bootWeb(Object(Config\Paths))
WARNING - 2025-02-11 07:19:37 --> [DEPRECATED] strtotime(): Passing null to parameter #1 ($datetime) of type string is deprecated in APPPATH\Views\Admin\Admission\list.php on line 96.
 1 APPPATH\Views\Admin\Admission\list.php(96): strtotime(null)
 2 SYSTEMPATH\View\View.php(234): include('C:\\xampp\\htdocs\\Wolfox\\app\\Views\\Admin\\Admission\\list.php')
 3 SYSTEMPATH\View\View.php(237): CodeIgniter\View\View->CodeIgniter\View\{closure}()
 4 SYSTEMPATH\Common.php(1171): CodeIgniter\View\View->render('/Admin/Admission/list', [], true)
 5 APPPATH\Controllers\AdmissionMaster.php(309): view('/Admin/Admission/list', [...])
 6 SYSTEMPATH\CodeIgniter.php(933): App\Controllers\AdmissionMaster->list()
 7 SYSTEMPATH\CodeIgniter.php(509): CodeIgniter\CodeIgniter->runController(Object(App\Controllers\AdmissionMaster))
 8 SYSTEMPATH\CodeIgniter.php(355): CodeIgniter\CodeIgniter->handleRequest(null, Object(Config\Cache), false)
 9 SYSTEMPATH\Boot.php(325): CodeIgniter\CodeIgniter->run()
10 SYSTEMPATH\Boot.php(67): CodeIgniter\Boot::runCodeIgniter(Object(CodeIgniter\CodeIgniter))
11 FCPATH\index.php(56): CodeIgniter\Boot::bootWeb(Object(Config\Paths))
WARNING - 2025-02-11 07:19:37 --> [DEPRECATED] strtotime(): Passing null to parameter #1 ($datetime) of type string is deprecated in APPPATH\Views\Admin\Admission\list.php on line 96.
 1 APPPATH\Views\Admin\Admission\list.php(96): strtotime(null)
 2 SYSTEMPATH\View\View.php(234): include('C:\\xampp\\htdocs\\Wolfox\\app\\Views\\Admin\\Admission\\list.php')
 3 SYSTEMPATH\View\View.php(237): CodeIgniter\View\View->CodeIgniter\View\{closure}()
 4 SYSTEMPATH\Common.php(1171): CodeIgniter\View\View->render('/Admin/Admission/list', [], true)
 5 APPPATH\Controllers\AdmissionMaster.php(309): view('/Admin/Admission/list', [...])
 6 SYSTEMPATH\CodeIgniter.php(933): App\Controllers\AdmissionMaster->list()
 7 SYSTEMPATH\CodeIgniter.php(509): CodeIgniter\CodeIgniter->runController(Object(App\Controllers\AdmissionMaster))
 8 SYSTEMPATH\CodeIgniter.php(355): CodeIgniter\CodeIgniter->handleRequest(null, Object(Config\Cache), false)
 9 SYSTEMPATH\Boot.php(325): CodeIgniter\CodeIgniter->run()
10 SYSTEMPATH\Boot.php(67): CodeIgniter\Boot::runCodeIgniter(Object(CodeIgniter\CodeIgniter))
11 FCPATH\index.php(56): CodeIgniter\Boot::bootWeb(Object(Config\Paths))
WARNING - 2025-02-11 07:19:37 --> [DEPRECATED] strtotime(): Passing null to parameter #1 ($datetime) of type string is deprecated in APPPATH\Views\Admin\Admission\list.php on line 96.
 1 APPPATH\Views\Admin\Admission\list.php(96): strtotime(null)
 2 SYSTEMPATH\View\View.php(234): include('C:\\xampp\\htdocs\\Wolfox\\app\\Views\\Admin\\Admission\\list.php')
 3 SYSTEMPATH\View\View.php(237): CodeIgniter\View\View->CodeIgniter\View\{closure}()
 4 SYSTEMPATH\Common.php(1171): CodeIgniter\View\View->render('/Admin/Admission/list', [], true)
 5 APPPATH\Controllers\AdmissionMaster.php(309): view('/Admin/Admission/list', [...])
 6 SYSTEMPATH\CodeIgniter.php(933): App\Controllers\AdmissionMaster->list()
 7 SYSTEMPATH\CodeIgniter.php(509): CodeIgniter\CodeIgniter->runController(Object(App\Controllers\AdmissionMaster))
 8 SYSTEMPATH\CodeIgniter.php(355): CodeIgniter\CodeIgniter->handleRequest(null, Object(Config\Cache), false)
 9 SYSTEMPATH\Boot.php(325): CodeIgniter\CodeIgniter->run()
10 SYSTEMPATH\Boot.php(67): CodeIgniter\Boot::runCodeIgniter(Object(CodeIgniter\CodeIgniter))
11 FCPATH\index.php(56): CodeIgniter\Boot::bootWeb(Object(Config\Paths))
WARNING - 2025-02-11 07:19:37 --> [DEPRECATED] strtotime(): Passing null to parameter #1 ($datetime) of type string is deprecated in APPPATH\Views\Admin\Admission\list.php on line 96.
 1 APPPATH\Views\Admin\Admission\list.php(96): strtotime(null)
 2 SYSTEMPATH\View\View.php(234): include('C:\\xampp\\htdocs\\Wolfox\\app\\Views\\Admin\\Admission\\list.php')
 3 SYSTEMPATH\View\View.php(237): CodeIgniter\View\View->CodeIgniter\View\{closure}()
 4 SYSTEMPATH\Common.php(1171): CodeIgniter\View\View->render('/Admin/Admission/list', [], true)
 5 APPPATH\Controllers\AdmissionMaster.php(309): view('/Admin/Admission/list', [...])
 6 SYSTEMPATH\CodeIgniter.php(933): App\Controllers\AdmissionMaster->list()
 7 SYSTEMPATH\CodeIgniter.php(509): CodeIgniter\CodeIgniter->runController(Object(App\Controllers\AdmissionMaster))
 8 SYSTEMPATH\CodeIgniter.php(355): CodeIgniter\CodeIgniter->handleRequest(null, Object(Config\Cache), false)
 9 SYSTEMPATH\Boot.php(325): CodeIgniter\CodeIgniter->run()
10 SYSTEMPATH\Boot.php(67): CodeIgniter\Boot::runCodeIgniter(Object(CodeIgniter\CodeIgniter))
11 FCPATH\index.php(56): CodeIgniter\Boot::bootWeb(Object(Config\Paths))
WARNING - 2025-02-11 07:19:37 --> [DEPRECATED] strtotime(): Passing null to parameter #1 ($datetime) of type string is deprecated in APPPATH\Views\Admin\Admission\list.php on line 96.
 1 APPPATH\Views\Admin\Admission\list.php(96): strtotime(null)
 2 SYSTEMPATH\View\View.php(234): include('C:\\xampp\\htdocs\\Wolfox\\app\\Views\\Admin\\Admission\\list.php')
 3 SYSTEMPATH\View\View.php(237): CodeIgniter\View\View->CodeIgniter\View\{closure}()
 4 SYSTEMPATH\Common.php(1171): CodeIgniter\View\View->render('/Admin/Admission/list', [], true)
 5 APPPATH\Controllers\AdmissionMaster.php(309): view('/Admin/Admission/list', [...])
 6 SYSTEMPATH\CodeIgniter.php(933): App\Controllers\AdmissionMaster->list()
 7 SYSTEMPATH\CodeIgniter.php(509): CodeIgniter\CodeIgniter->runController(Object(App\Controllers\AdmissionMaster))
 8 SYSTEMPATH\CodeIgniter.php(355): CodeIgniter\CodeIgniter->handleRequest(null, Object(Config\Cache), false)
 9 SYSTEMPATH\Boot.php(325): CodeIgniter\CodeIgniter->run()
10 SYSTEMPATH\Boot.php(67): CodeIgniter\Boot::runCodeIgniter(Object(CodeIgniter\CodeIgniter))
11 FCPATH\index.php(56): CodeIgniter\Boot::bootWeb(Object(Config\Paths))
WARNING - 2025-02-11 07:19:37 --> [DEPRECATED] strtotime(): Passing null to parameter #1 ($datetime) of type string is deprecated in APPPATH\Views\Admin\Admission\list.php on line 96.
 1 APPPATH\Views\Admin\Admission\list.php(96): strtotime(null)
 2 SYSTEMPATH\View\View.php(234): include('C:\\xampp\\htdocs\\Wolfox\\app\\Views\\Admin\\Admission\\list.php')
 3 SYSTEMPATH\View\View.php(237): CodeIgniter\View\View->CodeIgniter\View\{closure}()
 4 SYSTEMPATH\Common.php(1171): CodeIgniter\View\View->render('/Admin/Admission/list', [], true)
 5 APPPATH\Controllers\AdmissionMaster.php(309): view('/Admin/Admission/list', [...])
 6 SYSTEMPATH\CodeIgniter.php(933): App\Controllers\AdmissionMaster->list()
 7 SYSTEMPATH\CodeIgniter.php(509): CodeIgniter\CodeIgniter->runController(Object(App\Controllers\AdmissionMaster))
 8 SYSTEMPATH\CodeIgniter.php(355): CodeIgniter\CodeIgniter->handleRequest(null, Object(Config\Cache), false)
 9 SYSTEMPATH\Boot.php(325): CodeIgniter\CodeIgniter->run()
10 SYSTEMPATH\Boot.php(67): CodeIgniter\Boot::runCodeIgniter(Object(CodeIgniter\CodeIgniter))
11 FCPATH\index.php(56): CodeIgniter\Boot::bootWeb(Object(Config\Paths))
WARNING - 2025-02-11 07:19:37 --> [DEPRECATED] strtotime(): Passing null to parameter #1 ($datetime) of type string is deprecated in APPPATH\Views\Admin\Admission\list.php on line 96.
 1 APPPATH\Views\Admin\Admission\list.php(96): strtotime(null)
 2 SYSTEMPATH\View\View.php(234): include('C:\\xampp\\htdocs\\Wolfox\\app\\Views\\Admin\\Admission\\list.php')
 3 SYSTEMPATH\View\View.php(237): CodeIgniter\View\View->CodeIgniter\View\{closure}()
 4 SYSTEMPATH\Common.php(1171): CodeIgniter\View\View->render('/Admin/Admission/list', [], true)
 5 APPPATH\Controllers\AdmissionMaster.php(309): view('/Admin/Admission/list', [...])
 6 SYSTEMPATH\CodeIgniter.php(933): App\Controllers\AdmissionMaster->list()
 7 SYSTEMPATH\CodeIgniter.php(509): CodeIgniter\CodeIgniter->runController(Object(App\Controllers\AdmissionMaster))
 8 SYSTEMPATH\CodeIgniter.php(355): CodeIgniter\CodeIgniter->handleRequest(null, Object(Config\Cache), false)
 9 SYSTEMPATH\Boot.php(325): CodeIgniter\CodeIgniter->run()
10 SYSTEMPATH\Boot.php(67): CodeIgniter\Boot::runCodeIgniter(Object(CodeIgniter\CodeIgniter))
11 FCPATH\index.php(56): CodeIgniter\Boot::bootWeb(Object(Config\Paths))
WARNING - 2025-02-11 07:19:37 --> [DEPRECATED] strtotime(): Passing null to parameter #1 ($datetime) of type string is deprecated in APPPATH\Views\Admin\Admission\list.php on line 96.
 1 APPPATH\Views\Admin\Admission\list.php(96): strtotime(null)
 2 SYSTEMPATH\View\View.php(234): include('C:\\xampp\\htdocs\\Wolfox\\app\\Views\\Admin\\Admission\\list.php')
 3 SYSTEMPATH\View\View.php(237): CodeIgniter\View\View->CodeIgniter\View\{closure}()
 4 SYSTEMPATH\Common.php(1171): CodeIgniter\View\View->render('/Admin/Admission/list', [], true)
 5 APPPATH\Controllers\AdmissionMaster.php(309): view('/Admin/Admission/list', [...])
 6 SYSTEMPATH\CodeIgniter.php(933): App\Controllers\AdmissionMaster->list()
 7 SYSTEMPATH\CodeIgniter.php(509): CodeIgniter\CodeIgniter->runController(Object(App\Controllers\AdmissionMaster))
 8 SYSTEMPATH\CodeIgniter.php(355): CodeIgniter\CodeIgniter->handleRequest(null, Object(Config\Cache), false)
 9 SYSTEMPATH\Boot.php(325): CodeIgniter\CodeIgniter->run()
10 SYSTEMPATH\Boot.php(67): CodeIgniter\Boot::runCodeIgniter(Object(CodeIgniter\CodeIgniter))
11 FCPATH\index.php(56): CodeIgniter\Boot::bootWeb(Object(Config\Paths))
WARNING - 2025-02-11 07:19:37 --> [DEPRECATED] strtotime(): Passing null to parameter #1 ($datetime) of type string is deprecated in APPPATH\Views\Admin\Admission\list.php on line 96.
 1 APPPATH\Views\Admin\Admission\list.php(96): strtotime(null)
 2 SYSTEMPATH\View\View.php(234): include('C:\\xampp\\htdocs\\Wolfox\\app\\Views\\Admin\\Admission\\list.php')
 3 SYSTEMPATH\View\View.php(237): CodeIgniter\View\View->CodeIgniter\View\{closure}()
 4 SYSTEMPATH\Common.php(1171): CodeIgniter\View\View->render('/Admin/Admission/list', [], true)
 5 APPPATH\Controllers\AdmissionMaster.php(309): view('/Admin/Admission/list', [...])
 6 SYSTEMPATH\CodeIgniter.php(933): App\Controllers\AdmissionMaster->list()
 7 SYSTEMPATH\CodeIgniter.php(509): CodeIgniter\CodeIgniter->runController(Object(App\Controllers\AdmissionMaster))
 8 SYSTEMPATH\CodeIgniter.php(355): CodeIgniter\CodeIgniter->handleRequest(null, Object(Config\Cache), false)
 9 SYSTEMPATH\Boot.php(325): CodeIgniter\CodeIgniter->run()
10 SYSTEMPATH\Boot.php(67): CodeIgniter\Boot::runCodeIgniter(Object(CodeIgniter\CodeIgniter))
11 FCPATH\index.php(56): CodeIgniter\Boot::bootWeb(Object(Config\Paths))
WARNING - 2025-02-11 07:19:37 --> [DEPRECATED] strtotime(): Passing null to parameter #1 ($datetime) of type string is deprecated in APPPATH\Views\Admin\Admission\list.php on line 96.
 1 APPPATH\Views\Admin\Admission\list.php(96): strtotime(null)
 2 SYSTEMPATH\View\View.php(234): include('C:\\xampp\\htdocs\\Wolfox\\app\\Views\\Admin\\Admission\\list.php')
 3 SYSTEMPATH\View\View.php(237): CodeIgniter\View\View->CodeIgniter\View\{closure}()
 4 SYSTEMPATH\Common.php(1171): CodeIgniter\View\View->render('/Admin/Admission/list', [], true)
 5 APPPATH\Controllers\AdmissionMaster.php(309): view('/Admin/Admission/list', [...])
 6 SYSTEMPATH\CodeIgniter.php(933): App\Controllers\AdmissionMaster->list()
 7 SYSTEMPATH\CodeIgniter.php(509): CodeIgniter\CodeIgniter->runController(Object(App\Controllers\AdmissionMaster))
 8 SYSTEMPATH\CodeIgniter.php(355): CodeIgniter\CodeIgniter->handleRequest(null, Object(Config\Cache), false)
 9 SYSTEMPATH\Boot.php(325): CodeIgniter\CodeIgniter->run()
10 SYSTEMPATH\Boot.php(67): CodeIgniter\Boot::runCodeIgniter(Object(CodeIgniter\CodeIgniter))
11 FCPATH\index.php(56): CodeIgniter\Boot::bootWeb(Object(Config\Paths))
WARNING - 2025-02-11 07:19:37 --> [DEPRECATED] strtotime(): Passing null to parameter #1 ($datetime) of type string is deprecated in APPPATH\Views\Admin\Admission\list.php on line 96.
 1 APPPATH\Views\Admin\Admission\list.php(96): strtotime(null)
 2 SYSTEMPATH\View\View.php(234): include('C:\\xampp\\htdocs\\Wolfox\\app\\Views\\Admin\\Admission\\list.php')
 3 SYSTEMPATH\View\View.php(237): CodeIgniter\View\View->CodeIgniter\View\{closure}()
 4 SYSTEMPATH\Common.php(1171): CodeIgniter\View\View->render('/Admin/Admission/list', [], true)
 5 APPPATH\Controllers\AdmissionMaster.php(309): view('/Admin/Admission/list', [...])
 6 SYSTEMPATH\CodeIgniter.php(933): App\Controllers\AdmissionMaster->list()
 7 SYSTEMPATH\CodeIgniter.php(509): CodeIgniter\CodeIgniter->runController(Object(App\Controllers\AdmissionMaster))
 8 SYSTEMPATH\CodeIgniter.php(355): CodeIgniter\CodeIgniter->handleRequest(null, Object(Config\Cache), false)
 9 SYSTEMPATH\Boot.php(325): CodeIgniter\CodeIgniter->run()
10 SYSTEMPATH\Boot.php(67): CodeIgniter\Boot::runCodeIgniter(Object(CodeIgniter\CodeIgniter))
11 FCPATH\index.php(56): CodeIgniter\Boot::bootWeb(Object(Config\Paths))
WARNING - 2025-02-11 07:19:55 --> [DEPRECATED] strtotime(): Passing null to parameter #1 ($datetime) of type string is deprecated in APPPATH\Views\Admin\Admission\list.php on line 96.
 1 APPPATH\Views\Admin\Admission\list.php(96): strtotime(null)
 2 SYSTEMPATH\View\View.php(234): include('C:\\xampp\\htdocs\\Wolfox\\app\\Views\\Admin\\Admission\\list.php')
 3 SYSTEMPATH\View\View.php(237): CodeIgniter\View\View->CodeIgniter\View\{closure}()
 4 SYSTEMPATH\Common.php(1171): CodeIgniter\View\View->render('/Admin/Admission/list', [], true)
 5 APPPATH\Controllers\AdmissionMaster.php(309): view('/Admin/Admission/list', [...])
 6 SYSTEMPATH\CodeIgniter.php(933): App\Controllers\AdmissionMaster->list()
 7 SYSTEMPATH\CodeIgniter.php(509): CodeIgniter\CodeIgniter->runController(Object(App\Controllers\AdmissionMaster))
 8 SYSTEMPATH\CodeIgniter.php(355): CodeIgniter\CodeIgniter->handleRequest(null, Object(Config\Cache), false)
 9 SYSTEMPATH\Boot.php(325): CodeIgniter\CodeIgniter->run()
10 SYSTEMPATH\Boot.php(67): CodeIgniter\Boot::runCodeIgniter(Object(CodeIgniter\CodeIgniter))
11 FCPATH\index.php(56): CodeIgniter\Boot::bootWeb(Object(Config\Paths))
WARNING - 2025-02-11 07:19:55 --> [DEPRECATED] strtotime(): Passing null to parameter #1 ($datetime) of type string is deprecated in APPPATH\Views\Admin\Admission\list.php on line 96.
 1 APPPATH\Views\Admin\Admission\list.php(96): strtotime(null)
 2 SYSTEMPATH\View\View.php(234): include('C:\\xampp\\htdocs\\Wolfox\\app\\Views\\Admin\\Admission\\list.php')
 3 SYSTEMPATH\View\View.php(237): CodeIgniter\View\View->CodeIgniter\View\{closure}()
 4 SYSTEMPATH\Common.php(1171): CodeIgniter\View\View->render('/Admin/Admission/list', [], true)
 5 APPPATH\Controllers\AdmissionMaster.php(309): view('/Admin/Admission/list', [...])
 6 SYSTEMPATH\CodeIgniter.php(933): App\Controllers\AdmissionMaster->list()
 7 SYSTEMPATH\CodeIgniter.php(509): CodeIgniter\CodeIgniter->runController(Object(App\Controllers\AdmissionMaster))
 8 SYSTEMPATH\CodeIgniter.php(355): CodeIgniter\CodeIgniter->handleRequest(null, Object(Config\Cache), false)
 9 SYSTEMPATH\Boot.php(325): CodeIgniter\CodeIgniter->run()
10 SYSTEMPATH\Boot.php(67): CodeIgniter\Boot::runCodeIgniter(Object(CodeIgniter\CodeIgniter))
11 FCPATH\index.php(56): CodeIgniter\Boot::bootWeb(Object(Config\Paths))
WARNING - 2025-02-11 07:19:55 --> [DEPRECATED] strtotime(): Passing null to parameter #1 ($datetime) of type string is deprecated in APPPATH\Views\Admin\Admission\list.php on line 96.
 1 APPPATH\Views\Admin\Admission\list.php(96): strtotime(null)
 2 SYSTEMPATH\View\View.php(234): include('C:\\xampp\\htdocs\\Wolfox\\app\\Views\\Admin\\Admission\\list.php')
 3 SYSTEMPATH\View\View.php(237): CodeIgniter\View\View->CodeIgniter\View\{closure}()
 4 SYSTEMPATH\Common.php(1171): CodeIgniter\View\View->render('/Admin/Admission/list', [], true)
 5 APPPATH\Controllers\AdmissionMaster.php(309): view('/Admin/Admission/list', [...])
 6 SYSTEMPATH\CodeIgniter.php(933): App\Controllers\AdmissionMaster->list()
 7 SYSTEMPATH\CodeIgniter.php(509): CodeIgniter\CodeIgniter->runController(Object(App\Controllers\AdmissionMaster))
 8 SYSTEMPATH\CodeIgniter.php(355): CodeIgniter\CodeIgniter->handleRequest(null, Object(Config\Cache), false)
 9 SYSTEMPATH\Boot.php(325): CodeIgniter\CodeIgniter->run()
10 SYSTEMPATH\Boot.php(67): CodeIgniter\Boot::runCodeIgniter(Object(CodeIgniter\CodeIgniter))
11 FCPATH\index.php(56): CodeIgniter\Boot::bootWeb(Object(Config\Paths))
WARNING - 2025-02-11 07:19:55 --> [DEPRECATED] strtotime(): Passing null to parameter #1 ($datetime) of type string is deprecated in APPPATH\Views\Admin\Admission\list.php on line 96.
 1 APPPATH\Views\Admin\Admission\list.php(96): strtotime(null)
 2 SYSTEMPATH\View\View.php(234): include('C:\\xampp\\htdocs\\Wolfox\\app\\Views\\Admin\\Admission\\list.php')
 3 SYSTEMPATH\View\View.php(237): CodeIgniter\View\View->CodeIgniter\View\{closure}()
 4 SYSTEMPATH\Common.php(1171): CodeIgniter\View\View->render('/Admin/Admission/list', [], true)
 5 APPPATH\Controllers\AdmissionMaster.php(309): view('/Admin/Admission/list', [...])
 6 SYSTEMPATH\CodeIgniter.php(933): App\Controllers\AdmissionMaster->list()
 7 SYSTEMPATH\CodeIgniter.php(509): CodeIgniter\CodeIgniter->runController(Object(App\Controllers\AdmissionMaster))
 8 SYSTEMPATH\CodeIgniter.php(355): CodeIgniter\CodeIgniter->handleRequest(null, Object(Config\Cache), false)
 9 SYSTEMPATH\Boot.php(325): CodeIgniter\CodeIgniter->run()
10 SYSTEMPATH\Boot.php(67): CodeIgniter\Boot::runCodeIgniter(Object(CodeIgniter\CodeIgniter))
11 FCPATH\index.php(56): CodeIgniter\Boot::bootWeb(Object(Config\Paths))
WARNING - 2025-02-11 07:19:55 --> [DEPRECATED] strtotime(): Passing null to parameter #1 ($datetime) of type string is deprecated in APPPATH\Views\Admin\Admission\list.php on line 96.
 1 APPPATH\Views\Admin\Admission\list.php(96): strtotime(null)
 2 SYSTEMPATH\View\View.php(234): include('C:\\xampp\\htdocs\\Wolfox\\app\\Views\\Admin\\Admission\\list.php')
 3 SYSTEMPATH\View\View.php(237): CodeIgniter\View\View->CodeIgniter\View\{closure}()
 4 SYSTEMPATH\Common.php(1171): CodeIgniter\View\View->render('/Admin/Admission/list', [], true)
 5 APPPATH\Controllers\AdmissionMaster.php(309): view('/Admin/Admission/list', [...])
 6 SYSTEMPATH\CodeIgniter.php(933): App\Controllers\AdmissionMaster->list()
 7 SYSTEMPATH\CodeIgniter.php(509): CodeIgniter\CodeIgniter->runController(Object(App\Controllers\AdmissionMaster))
 8 SYSTEMPATH\CodeIgniter.php(355): CodeIgniter\CodeIgniter->handleRequest(null, Object(Config\Cache), false)
 9 SYSTEMPATH\Boot.php(325): CodeIgniter\CodeIgniter->run()
10 SYSTEMPATH\Boot.php(67): CodeIgniter\Boot::runCodeIgniter(Object(CodeIgniter\CodeIgniter))
11 FCPATH\index.php(56): CodeIgniter\Boot::bootWeb(Object(Config\Paths))
WARNING - 2025-02-11 07:19:55 --> [DEPRECATED] strtotime(): Passing null to parameter #1 ($datetime) of type string is deprecated in APPPATH\Views\Admin\Admission\list.php on line 96.
 1 APPPATH\Views\Admin\Admission\list.php(96): strtotime(null)
 2 SYSTEMPATH\View\View.php(234): include('C:\\xampp\\htdocs\\Wolfox\\app\\Views\\Admin\\Admission\\list.php')
 3 SYSTEMPATH\View\View.php(237): CodeIgniter\View\View->CodeIgniter\View\{closure}()
 4 SYSTEMPATH\Common.php(1171): CodeIgniter\View\View->render('/Admin/Admission/list', [], true)
 5 APPPATH\Controllers\AdmissionMaster.php(309): view('/Admin/Admission/list', [...])
 6 SYSTEMPATH\CodeIgniter.php(933): App\Controllers\AdmissionMaster->list()
 7 SYSTEMPATH\CodeIgniter.php(509): CodeIgniter\CodeIgniter->runController(Object(App\Controllers\AdmissionMaster))
 8 SYSTEMPATH\CodeIgniter.php(355): CodeIgniter\CodeIgniter->handleRequest(null, Object(Config\Cache), false)
 9 SYSTEMPATH\Boot.php(325): CodeIgniter\CodeIgniter->run()
10 SYSTEMPATH\Boot.php(67): CodeIgniter\Boot::runCodeIgniter(Object(CodeIgniter\CodeIgniter))
11 FCPATH\index.php(56): CodeIgniter\Boot::bootWeb(Object(Config\Paths))
WARNING - 2025-02-11 07:19:55 --> [DEPRECATED] strtotime(): Passing null to parameter #1 ($datetime) of type string is deprecated in APPPATH\Views\Admin\Admission\list.php on line 96.
 1 APPPATH\Views\Admin\Admission\list.php(96): strtotime(null)
 2 SYSTEMPATH\View\View.php(234): include('C:\\xampp\\htdocs\\Wolfox\\app\\Views\\Admin\\Admission\\list.php')
 3 SYSTEMPATH\View\View.php(237): CodeIgniter\View\View->CodeIgniter\View\{closure}()
 4 SYSTEMPATH\Common.php(1171): CodeIgniter\View\View->render('/Admin/Admission/list', [], true)
 5 APPPATH\Controllers\AdmissionMaster.php(309): view('/Admin/Admission/list', [...])
 6 SYSTEMPATH\CodeIgniter.php(933): App\Controllers\AdmissionMaster->list()
 7 SYSTEMPATH\CodeIgniter.php(509): CodeIgniter\CodeIgniter->runController(Object(App\Controllers\AdmissionMaster))
 8 SYSTEMPATH\CodeIgniter.php(355): CodeIgniter\CodeIgniter->handleRequest(null, Object(Config\Cache), false)
 9 SYSTEMPATH\Boot.php(325): CodeIgniter\CodeIgniter->run()
10 SYSTEMPATH\Boot.php(67): CodeIgniter\Boot::runCodeIgniter(Object(CodeIgniter\CodeIgniter))
11 FCPATH\index.php(56): CodeIgniter\Boot::bootWeb(Object(Config\Paths))
WARNING - 2025-02-11 07:19:55 --> [DEPRECATED] strtotime(): Passing null to parameter #1 ($datetime) of type string is deprecated in APPPATH\Views\Admin\Admission\list.php on line 96.
 1 APPPATH\Views\Admin\Admission\list.php(96): strtotime(null)
 2 SYSTEMPATH\View\View.php(234): include('C:\\xampp\\htdocs\\Wolfox\\app\\Views\\Admin\\Admission\\list.php')
 3 SYSTEMPATH\View\View.php(237): CodeIgniter\View\View->CodeIgniter\View\{closure}()
 4 SYSTEMPATH\Common.php(1171): CodeIgniter\View\View->render('/Admin/Admission/list', [], true)
 5 APPPATH\Controllers\AdmissionMaster.php(309): view('/Admin/Admission/list', [...])
 6 SYSTEMPATH\CodeIgniter.php(933): App\Controllers\AdmissionMaster->list()
 7 SYSTEMPATH\CodeIgniter.php(509): CodeIgniter\CodeIgniter->runController(Object(App\Controllers\AdmissionMaster))
 8 SYSTEMPATH\CodeIgniter.php(355): CodeIgniter\CodeIgniter->handleRequest(null, Object(Config\Cache), false)
 9 SYSTEMPATH\Boot.php(325): CodeIgniter\CodeIgniter->run()
10 SYSTEMPATH\Boot.php(67): CodeIgniter\Boot::runCodeIgniter(Object(CodeIgniter\CodeIgniter))
11 FCPATH\index.php(56): CodeIgniter\Boot::bootWeb(Object(Config\Paths))
WARNING - 2025-02-11 07:19:55 --> [DEPRECATED] strtotime(): Passing null to parameter #1 ($datetime) of type string is deprecated in APPPATH\Views\Admin\Admission\list.php on line 96.
 1 APPPATH\Views\Admin\Admission\list.php(96): strtotime(null)
 2 SYSTEMPATH\View\View.php(234): include('C:\\xampp\\htdocs\\Wolfox\\app\\Views\\Admin\\Admission\\list.php')
 3 SYSTEMPATH\View\View.php(237): CodeIgniter\View\View->CodeIgniter\View\{closure}()
 4 SYSTEMPATH\Common.php(1171): CodeIgniter\View\View->render('/Admin/Admission/list', [], true)
 5 APPPATH\Controllers\AdmissionMaster.php(309): view('/Admin/Admission/list', [...])
 6 SYSTEMPATH\CodeIgniter.php(933): App\Controllers\AdmissionMaster->list()
 7 SYSTEMPATH\CodeIgniter.php(509): CodeIgniter\CodeIgniter->runController(Object(App\Controllers\AdmissionMaster))
 8 SYSTEMPATH\CodeIgniter.php(355): CodeIgniter\CodeIgniter->handleRequest(null, Object(Config\Cache), false)
 9 SYSTEMPATH\Boot.php(325): CodeIgniter\CodeIgniter->run()
10 SYSTEMPATH\Boot.php(67): CodeIgniter\Boot::runCodeIgniter(Object(CodeIgniter\CodeIgniter))
11 FCPATH\index.php(56): CodeIgniter\Boot::bootWeb(Object(Config\Paths))
WARNING - 2025-02-11 07:19:55 --> [DEPRECATED] strtotime(): Passing null to parameter #1 ($datetime) of type string is deprecated in APPPATH\Views\Admin\Admission\list.php on line 96.
 1 APPPATH\Views\Admin\Admission\list.php(96): strtotime(null)
 2 SYSTEMPATH\View\View.php(234): include('C:\\xampp\\htdocs\\Wolfox\\app\\Views\\Admin\\Admission\\list.php')
 3 SYSTEMPATH\View\View.php(237): CodeIgniter\View\View->CodeIgniter\View\{closure}()
 4 SYSTEMPATH\Common.php(1171): CodeIgniter\View\View->render('/Admin/Admission/list', [], true)
 5 APPPATH\Controllers\AdmissionMaster.php(309): view('/Admin/Admission/list', [...])
 6 SYSTEMPATH\CodeIgniter.php(933): App\Controllers\AdmissionMaster->list()
 7 SYSTEMPATH\CodeIgniter.php(509): CodeIgniter\CodeIgniter->runController(Object(App\Controllers\AdmissionMaster))
 8 SYSTEMPATH\CodeIgniter.php(355): CodeIgniter\CodeIgniter->handleRequest(null, Object(Config\Cache), false)
 9 SYSTEMPATH\Boot.php(325): CodeIgniter\CodeIgniter->run()
10 SYSTEMPATH\Boot.php(67): CodeIgniter\Boot::runCodeIgniter(Object(CodeIgniter\CodeIgniter))
11 FCPATH\index.php(56): CodeIgniter\Boot::bootWeb(Object(Config\Paths))
WARNING - 2025-02-11 07:19:55 --> [DEPRECATED] strtotime(): Passing null to parameter #1 ($datetime) of type string is deprecated in APPPATH\Views\Admin\Admission\list.php on line 96.
 1 APPPATH\Views\Admin\Admission\list.php(96): strtotime(null)
 2 SYSTEMPATH\View\View.php(234): include('C:\\xampp\\htdocs\\Wolfox\\app\\Views\\Admin\\Admission\\list.php')
 3 SYSTEMPATH\View\View.php(237): CodeIgniter\View\View->CodeIgniter\View\{closure}()
 4 SYSTEMPATH\Common.php(1171): CodeIgniter\View\View->render('/Admin/Admission/list', [], true)
 5 APPPATH\Controllers\AdmissionMaster.php(309): view('/Admin/Admission/list', [...])
 6 SYSTEMPATH\CodeIgniter.php(933): App\Controllers\AdmissionMaster->list()
 7 SYSTEMPATH\CodeIgniter.php(509): CodeIgniter\CodeIgniter->runController(Object(App\Controllers\AdmissionMaster))
 8 SYSTEMPATH\CodeIgniter.php(355): CodeIgniter\CodeIgniter->handleRequest(null, Object(Config\Cache), false)
 9 SYSTEMPATH\Boot.php(325): CodeIgniter\CodeIgniter->run()
10 SYSTEMPATH\Boot.php(67): CodeIgniter\Boot::runCodeIgniter(Object(CodeIgniter\CodeIgniter))
11 FCPATH\index.php(56): CodeIgniter\Boot::bootWeb(Object(Config\Paths))
WARNING - 2025-02-11 07:19:55 --> [DEPRECATED] strtotime(): Passing null to parameter #1 ($datetime) of type string is deprecated in APPPATH\Views\Admin\Admission\list.php on line 96.
 1 APPPATH\Views\Admin\Admission\list.php(96): strtotime(null)
 2 SYSTEMPATH\View\View.php(234): include('C:\\xampp\\htdocs\\Wolfox\\app\\Views\\Admin\\Admission\\list.php')
 3 SYSTEMPATH\View\View.php(237): CodeIgniter\View\View->CodeIgniter\View\{closure}()
 4 SYSTEMPATH\Common.php(1171): CodeIgniter\View\View->render('/Admin/Admission/list', [], true)
 5 APPPATH\Controllers\AdmissionMaster.php(309): view('/Admin/Admission/list', [...])
 6 SYSTEMPATH\CodeIgniter.php(933): App\Controllers\AdmissionMaster->list()
 7 SYSTEMPATH\CodeIgniter.php(509): CodeIgniter\CodeIgniter->runController(Object(App\Controllers\AdmissionMaster))
 8 SYSTEMPATH\CodeIgniter.php(355): CodeIgniter\CodeIgniter->handleRequest(null, Object(Config\Cache), false)
 9 SYSTEMPATH\Boot.php(325): CodeIgniter\CodeIgniter->run()
10 SYSTEMPATH\Boot.php(67): CodeIgniter\Boot::runCodeIgniter(Object(CodeIgniter\CodeIgniter))
11 FCPATH\index.php(56): CodeIgniter\Boot::bootWeb(Object(Config\Paths))
WARNING - 2025-02-11 07:26:39 --> [DEPRECATED] strtotime(): Passing null to parameter #1 ($datetime) of type string is deprecated in APPPATH\Views\Admin\Admission\list.php on line 96.
 1 APPPATH\Views\Admin\Admission\list.php(96): strtotime(null)
 2 SYSTEMPATH\View\View.php(234): include('C:\\xampp\\htdocs\\Wolfox\\app\\Views\\Admin\\Admission\\list.php')
 3 SYSTEMPATH\View\View.php(237): CodeIgniter\View\View->CodeIgniter\View\{closure}()
 4 SYSTEMPATH\Common.php(1171): CodeIgniter\View\View->render('/Admin/Admission/list', [], true)
 5 APPPATH\Controllers\AdmissionMaster.php(309): view('/Admin/Admission/list', [...])
 6 SYSTEMPATH\CodeIgniter.php(933): App\Controllers\AdmissionMaster->list()
 7 SYSTEMPATH\CodeIgniter.php(509): CodeIgniter\CodeIgniter->runController(Object(App\Controllers\AdmissionMaster))
 8 SYSTEMPATH\CodeIgniter.php(355): CodeIgniter\CodeIgniter->handleRequest(null, Object(Config\Cache), false)
 9 SYSTEMPATH\Boot.php(325): CodeIgniter\CodeIgniter->run()
10 SYSTEMPATH\Boot.php(67): CodeIgniter\Boot::runCodeIgniter(Object(CodeIgniter\CodeIgniter))
11 FCPATH\index.php(56): CodeIgniter\Boot::bootWeb(Object(Config\Paths))
WARNING - 2025-02-11 07:26:39 --> [DEPRECATED] strtotime(): Passing null to parameter #1 ($datetime) of type string is deprecated in APPPATH\Views\Admin\Admission\list.php on line 96.
 1 APPPATH\Views\Admin\Admission\list.php(96): strtotime(null)
 2 SYSTEMPATH\View\View.php(234): include('C:\\xampp\\htdocs\\Wolfox\\app\\Views\\Admin\\Admission\\list.php')
 3 SYSTEMPATH\View\View.php(237): CodeIgniter\View\View->CodeIgniter\View\{closure}()
 4 SYSTEMPATH\Common.php(1171): CodeIgniter\View\View->render('/Admin/Admission/list', [], true)
 5 APPPATH\Controllers\AdmissionMaster.php(309): view('/Admin/Admission/list', [...])
 6 SYSTEMPATH\CodeIgniter.php(933): App\Controllers\AdmissionMaster->list()
 7 SYSTEMPATH\CodeIgniter.php(509): CodeIgniter\CodeIgniter->runController(Object(App\Controllers\AdmissionMaster))
 8 SYSTEMPATH\CodeIgniter.php(355): CodeIgniter\CodeIgniter->handleRequest(null, Object(Config\Cache), false)
 9 SYSTEMPATH\Boot.php(325): CodeIgniter\CodeIgniter->run()
10 SYSTEMPATH\Boot.php(67): CodeIgniter\Boot::runCodeIgniter(Object(CodeIgniter\CodeIgniter))
11 FCPATH\index.php(56): CodeIgniter\Boot::bootWeb(Object(Config\Paths))
WARNING - 2025-02-11 07:26:39 --> [DEPRECATED] strtotime(): Passing null to parameter #1 ($datetime) of type string is deprecated in APPPATH\Views\Admin\Admission\list.php on line 96.
 1 APPPATH\Views\Admin\Admission\list.php(96): strtotime(null)
 2 SYSTEMPATH\View\View.php(234): include('C:\\xampp\\htdocs\\Wolfox\\app\\Views\\Admin\\Admission\\list.php')
 3 SYSTEMPATH\View\View.php(237): CodeIgniter\View\View->CodeIgniter\View\{closure}()
 4 SYSTEMPATH\Common.php(1171): CodeIgniter\View\View->render('/Admin/Admission/list', [], true)
 5 APPPATH\Controllers\AdmissionMaster.php(309): view('/Admin/Admission/list', [...])
 6 SYSTEMPATH\CodeIgniter.php(933): App\Controllers\AdmissionMaster->list()
 7 SYSTEMPATH\CodeIgniter.php(509): CodeIgniter\CodeIgniter->runController(Object(App\Controllers\AdmissionMaster))
 8 SYSTEMPATH\CodeIgniter.php(355): CodeIgniter\CodeIgniter->handleRequest(null, Object(Config\Cache), false)
 9 SYSTEMPATH\Boot.php(325): CodeIgniter\CodeIgniter->run()
10 SYSTEMPATH\Boot.php(67): CodeIgniter\Boot::runCodeIgniter(Object(CodeIgniter\CodeIgniter))
11 FCPATH\index.php(56): CodeIgniter\Boot::bootWeb(Object(Config\Paths))
WARNING - 2025-02-11 07:26:39 --> [DEPRECATED] strtotime(): Passing null to parameter #1 ($datetime) of type string is deprecated in APPPATH\Views\Admin\Admission\list.php on line 96.
 1 APPPATH\Views\Admin\Admission\list.php(96): strtotime(null)
 2 SYSTEMPATH\View\View.php(234): include('C:\\xampp\\htdocs\\Wolfox\\app\\Views\\Admin\\Admission\\list.php')
 3 SYSTEMPATH\View\View.php(237): CodeIgniter\View\View->CodeIgniter\View\{closure}()
 4 SYSTEMPATH\Common.php(1171): CodeIgniter\View\View->render('/Admin/Admission/list', [], true)
 5 APPPATH\Controllers\AdmissionMaster.php(309): view('/Admin/Admission/list', [...])
 6 SYSTEMPATH\CodeIgniter.php(933): App\Controllers\AdmissionMaster->list()
 7 SYSTEMPATH\CodeIgniter.php(509): CodeIgniter\CodeIgniter->runController(Object(App\Controllers\AdmissionMaster))
 8 SYSTEMPATH\CodeIgniter.php(355): CodeIgniter\CodeIgniter->handleRequest(null, Object(Config\Cache), false)
 9 SYSTEMPATH\Boot.php(325): CodeIgniter\CodeIgniter->run()
10 SYSTEMPATH\Boot.php(67): CodeIgniter\Boot::runCodeIgniter(Object(CodeIgniter\CodeIgniter))
11 FCPATH\index.php(56): CodeIgniter\Boot::bootWeb(Object(Config\Paths))
WARNING - 2025-02-11 07:26:39 --> [DEPRECATED] strtotime(): Passing null to parameter #1 ($datetime) of type string is deprecated in APPPATH\Views\Admin\Admission\list.php on line 96.
 1 APPPATH\Views\Admin\Admission\list.php(96): strtotime(null)
 2 SYSTEMPATH\View\View.php(234): include('C:\\xampp\\htdocs\\Wolfox\\app\\Views\\Admin\\Admission\\list.php')
 3 SYSTEMPATH\View\View.php(237): CodeIgniter\View\View->CodeIgniter\View\{closure}()
 4 SYSTEMPATH\Common.php(1171): CodeIgniter\View\View->render('/Admin/Admission/list', [], true)
 5 APPPATH\Controllers\AdmissionMaster.php(309): view('/Admin/Admission/list', [...])
 6 SYSTEMPATH\CodeIgniter.php(933): App\Controllers\AdmissionMaster->list()
 7 SYSTEMPATH\CodeIgniter.php(509): CodeIgniter\CodeIgniter->runController(Object(App\Controllers\AdmissionMaster))
 8 SYSTEMPATH\CodeIgniter.php(355): CodeIgniter\CodeIgniter->handleRequest(null, Object(Config\Cache), false)
 9 SYSTEMPATH\Boot.php(325): CodeIgniter\CodeIgniter->run()
10 SYSTEMPATH\Boot.php(67): CodeIgniter\Boot::runCodeIgniter(Object(CodeIgniter\CodeIgniter))
11 FCPATH\index.php(56): CodeIgniter\Boot::bootWeb(Object(Config\Paths))
WARNING - 2025-02-11 07:26:39 --> [DEPRECATED] strtotime(): Passing null to parameter #1 ($datetime) of type string is deprecated in APPPATH\Views\Admin\Admission\list.php on line 96.
 1 APPPATH\Views\Admin\Admission\list.php(96): strtotime(null)
 2 SYSTEMPATH\View\View.php(234): include('C:\\xampp\\htdocs\\Wolfox\\app\\Views\\Admin\\Admission\\list.php')
 3 SYSTEMPATH\View\View.php(237): CodeIgniter\View\View->CodeIgniter\View\{closure}()
 4 SYSTEMPATH\Common.php(1171): CodeIgniter\View\View->render('/Admin/Admission/list', [], true)
 5 APPPATH\Controllers\AdmissionMaster.php(309): view('/Admin/Admission/list', [...])
 6 SYSTEMPATH\CodeIgniter.php(933): App\Controllers\AdmissionMaster->list()
 7 SYSTEMPATH\CodeIgniter.php(509): CodeIgniter\CodeIgniter->runController(Object(App\Controllers\AdmissionMaster))
 8 SYSTEMPATH\CodeIgniter.php(355): CodeIgniter\CodeIgniter->handleRequest(null, Object(Config\Cache), false)
 9 SYSTEMPATH\Boot.php(325): CodeIgniter\CodeIgniter->run()
10 SYSTEMPATH\Boot.php(67): CodeIgniter\Boot::runCodeIgniter(Object(CodeIgniter\CodeIgniter))
11 FCPATH\index.php(56): CodeIgniter\Boot::bootWeb(Object(Config\Paths))
WARNING - 2025-02-11 07:26:39 --> [DEPRECATED] strtotime(): Passing null to parameter #1 ($datetime) of type string is deprecated in APPPATH\Views\Admin\Admission\list.php on line 96.
 1 APPPATH\Views\Admin\Admission\list.php(96): strtotime(null)
 2 SYSTEMPATH\View\View.php(234): include('C:\\xampp\\htdocs\\Wolfox\\app\\Views\\Admin\\Admission\\list.php')
 3 SYSTEMPATH\View\View.php(237): CodeIgniter\View\View->CodeIgniter\View\{closure}()
 4 SYSTEMPATH\Common.php(1171): CodeIgniter\View\View->render('/Admin/Admission/list', [], true)
 5 APPPATH\Controllers\AdmissionMaster.php(309): view('/Admin/Admission/list', [...])
 6 SYSTEMPATH\CodeIgniter.php(933): App\Controllers\AdmissionMaster->list()
 7 SYSTEMPATH\CodeIgniter.php(509): CodeIgniter\CodeIgniter->runController(Object(App\Controllers\AdmissionMaster))
 8 SYSTEMPATH\CodeIgniter.php(355): CodeIgniter\CodeIgniter->handleRequest(null, Object(Config\Cache), false)
 9 SYSTEMPATH\Boot.php(325): CodeIgniter\CodeIgniter->run()
10 SYSTEMPATH\Boot.php(67): CodeIgniter\Boot::runCodeIgniter(Object(CodeIgniter\CodeIgniter))
11 FCPATH\index.php(56): CodeIgniter\Boot::bootWeb(Object(Config\Paths))
WARNING - 2025-02-11 07:26:39 --> [DEPRECATED] strtotime(): Passing null to parameter #1 ($datetime) of type string is deprecated in APPPATH\Views\Admin\Admission\list.php on line 96.
 1 APPPATH\Views\Admin\Admission\list.php(96): strtotime(null)
 2 SYSTEMPATH\View\View.php(234): include('C:\\xampp\\htdocs\\Wolfox\\app\\Views\\Admin\\Admission\\list.php')
 3 SYSTEMPATH\View\View.php(237): CodeIgniter\View\View->CodeIgniter\View\{closure}()
 4 SYSTEMPATH\Common.php(1171): CodeIgniter\View\View->render('/Admin/Admission/list', [], true)
 5 APPPATH\Controllers\AdmissionMaster.php(309): view('/Admin/Admission/list', [...])
 6 SYSTEMPATH\CodeIgniter.php(933): App\Controllers\AdmissionMaster->list()
 7 SYSTEMPATH\CodeIgniter.php(509): CodeIgniter\CodeIgniter->runController(Object(App\Controllers\AdmissionMaster))
 8 SYSTEMPATH\CodeIgniter.php(355): CodeIgniter\CodeIgniter->handleRequest(null, Object(Config\Cache), false)
 9 SYSTEMPATH\Boot.php(325): CodeIgniter\CodeIgniter->run()
10 SYSTEMPATH\Boot.php(67): CodeIgniter\Boot::runCodeIgniter(Object(CodeIgniter\CodeIgniter))
11 FCPATH\index.php(56): CodeIgniter\Boot::bootWeb(Object(Config\Paths))
WARNING - 2025-02-11 07:26:39 --> [DEPRECATED] strtotime(): Passing null to parameter #1 ($datetime) of type string is deprecated in APPPATH\Views\Admin\Admission\list.php on line 96.
 1 APPPATH\Views\Admin\Admission\list.php(96): strtotime(null)
 2 SYSTEMPATH\View\View.php(234): include('C:\\xampp\\htdocs\\Wolfox\\app\\Views\\Admin\\Admission\\list.php')
 3 SYSTEMPATH\View\View.php(237): CodeIgniter\View\View->CodeIgniter\View\{closure}()
 4 SYSTEMPATH\Common.php(1171): CodeIgniter\View\View->render('/Admin/Admission/list', [], true)
 5 APPPATH\Controllers\AdmissionMaster.php(309): view('/Admin/Admission/list', [...])
 6 SYSTEMPATH\CodeIgniter.php(933): App\Controllers\AdmissionMaster->list()
 7 SYSTEMPATH\CodeIgniter.php(509): CodeIgniter\CodeIgniter->runController(Object(App\Controllers\AdmissionMaster))
 8 SYSTEMPATH\CodeIgniter.php(355): CodeIgniter\CodeIgniter->handleRequest(null, Object(Config\Cache), false)
 9 SYSTEMPATH\Boot.php(325): CodeIgniter\CodeIgniter->run()
10 SYSTEMPATH\Boot.php(67): CodeIgniter\Boot::runCodeIgniter(Object(CodeIgniter\CodeIgniter))
11 FCPATH\index.php(56): CodeIgniter\Boot::bootWeb(Object(Config\Paths))
WARNING - 2025-02-11 07:26:39 --> [DEPRECATED] strtotime(): Passing null to parameter #1 ($datetime) of type string is deprecated in APPPATH\Views\Admin\Admission\list.php on line 96.
 1 APPPATH\Views\Admin\Admission\list.php(96): strtotime(null)
 2 SYSTEMPATH\View\View.php(234): include('C:\\xampp\\htdocs\\Wolfox\\app\\Views\\Admin\\Admission\\list.php')
 3 SYSTEMPATH\View\View.php(237): CodeIgniter\View\View->CodeIgniter\View\{closure}()
 4 SYSTEMPATH\Common.php(1171): CodeIgniter\View\View->render('/Admin/Admission/list', [], true)
 5 APPPATH\Controllers\AdmissionMaster.php(309): view('/Admin/Admission/list', [...])
 6 SYSTEMPATH\CodeIgniter.php(933): App\Controllers\AdmissionMaster->list()
 7 SYSTEMPATH\CodeIgniter.php(509): CodeIgniter\CodeIgniter->runController(Object(App\Controllers\AdmissionMaster))
 8 SYSTEMPATH\CodeIgniter.php(355): CodeIgniter\CodeIgniter->handleRequest(null, Object(Config\Cache), false)
 9 SYSTEMPATH\Boot.php(325): CodeIgniter\CodeIgniter->run()
10 SYSTEMPATH\Boot.php(67): CodeIgniter\Boot::runCodeIgniter(Object(CodeIgniter\CodeIgniter))
11 FCPATH\index.php(56): CodeIgniter\Boot::bootWeb(Object(Config\Paths))
WARNING - 2025-02-11 07:26:39 --> [DEPRECATED] strtotime(): Passing null to parameter #1 ($datetime) of type string is deprecated in APPPATH\Views\Admin\Admission\list.php on line 96.
 1 APPPATH\Views\Admin\Admission\list.php(96): strtotime(null)
 2 SYSTEMPATH\View\View.php(234): include('C:\\xampp\\htdocs\\Wolfox\\app\\Views\\Admin\\Admission\\list.php')
 3 SYSTEMPATH\View\View.php(237): CodeIgniter\View\View->CodeIgniter\View\{closure}()
 4 SYSTEMPATH\Common.php(1171): CodeIgniter\View\View->render('/Admin/Admission/list', [], true)
 5 APPPATH\Controllers\AdmissionMaster.php(309): view('/Admin/Admission/list', [...])
 6 SYSTEMPATH\CodeIgniter.php(933): App\Controllers\AdmissionMaster->list()
 7 SYSTEMPATH\CodeIgniter.php(509): CodeIgniter\CodeIgniter->runController(Object(App\Controllers\AdmissionMaster))
 8 SYSTEMPATH\CodeIgniter.php(355): CodeIgniter\CodeIgniter->handleRequest(null, Object(Config\Cache), false)
 9 SYSTEMPATH\Boot.php(325): CodeIgniter\CodeIgniter->run()
10 SYSTEMPATH\Boot.php(67): CodeIgniter\Boot::runCodeIgniter(Object(CodeIgniter\CodeIgniter))
11 FCPATH\index.php(56): CodeIgniter\Boot::bootWeb(Object(Config\Paths))
WARNING - 2025-02-11 07:26:39 --> [DEPRECATED] strtotime(): Passing null to parameter #1 ($datetime) of type string is deprecated in APPPATH\Views\Admin\Admission\list.php on line 96.
 1 APPPATH\Views\Admin\Admission\list.php(96): strtotime(null)
 2 SYSTEMPATH\View\View.php(234): include('C:\\xampp\\htdocs\\Wolfox\\app\\Views\\Admin\\Admission\\list.php')
 3 SYSTEMPATH\View\View.php(237): CodeIgniter\View\View->CodeIgniter\View\{closure}()
 4 SYSTEMPATH\Common.php(1171): CodeIgniter\View\View->render('/Admin/Admission/list', [], true)
 5 APPPATH\Controllers\AdmissionMaster.php(309): view('/Admin/Admission/list', [...])
 6 SYSTEMPATH\CodeIgniter.php(933): App\Controllers\AdmissionMaster->list()
 7 SYSTEMPATH\CodeIgniter.php(509): CodeIgniter\CodeIgniter->runController(Object(App\Controllers\AdmissionMaster))
 8 SYSTEMPATH\CodeIgniter.php(355): CodeIgniter\CodeIgniter->handleRequest(null, Object(Config\Cache), false)
 9 SYSTEMPATH\Boot.php(325): CodeIgniter\CodeIgniter->run()
10 SYSTEMPATH\Boot.php(67): CodeIgniter\Boot::runCodeIgniter(Object(CodeIgniter\CodeIgniter))
11 FCPATH\index.php(56): CodeIgniter\Boot::bootWeb(Object(Config\Paths))
WARNING - 2025-02-11 07:37:51 --> [DEPRECATED] strtotime(): Passing null to parameter #1 ($datetime) of type string is deprecated in APPPATH\Views\Admin\Admission\list.php on line 96.
 1 APPPATH\Views\Admin\Admission\list.php(96): strtotime(null)
 2 SYSTEMPATH\View\View.php(234): include('C:\\xampp\\htdocs\\Wolfox\\app\\Views\\Admin\\Admission\\list.php')
 3 SYSTEMPATH\View\View.php(237): CodeIgniter\View\View->CodeIgniter\View\{closure}()
 4 SYSTEMPATH\Common.php(1171): CodeIgniter\View\View->render('/Admin/Admission/list', [], true)
 5 APPPATH\Controllers\AdmissionMaster.php(309): view('/Admin/Admission/list', [...])
 6 SYSTEMPATH\CodeIgniter.php(933): App\Controllers\AdmissionMaster->list()
 7 SYSTEMPATH\CodeIgniter.php(509): CodeIgniter\CodeIgniter->runController(Object(App\Controllers\AdmissionMaster))
 8 SYSTEMPATH\CodeIgniter.php(355): CodeIgniter\CodeIgniter->handleRequest(null, Object(Config\Cache), false)
 9 SYSTEMPATH\Boot.php(325): CodeIgniter\CodeIgniter->run()
10 SYSTEMPATH\Boot.php(67): CodeIgniter\Boot::runCodeIgniter(Object(CodeIgniter\CodeIgniter))
11 FCPATH\index.php(56): CodeIgniter\Boot::bootWeb(Object(Config\Paths))
WARNING - 2025-02-11 07:37:51 --> [DEPRECATED] strtotime(): Passing null to parameter #1 ($datetime) of type string is deprecated in APPPATH\Views\Admin\Admission\list.php on line 96.
 1 APPPATH\Views\Admin\Admission\list.php(96): strtotime(null)
 2 SYSTEMPATH\View\View.php(234): include('C:\\xampp\\htdocs\\Wolfox\\app\\Views\\Admin\\Admission\\list.php')
 3 SYSTEMPATH\View\View.php(237): CodeIgniter\View\View->CodeIgniter\View\{closure}()
 4 SYSTEMPATH\Common.php(1171): CodeIgniter\View\View->render('/Admin/Admission/list', [], true)
 5 APPPATH\Controllers\AdmissionMaster.php(309): view('/Admin/Admission/list', [...])
 6 SYSTEMPATH\CodeIgniter.php(933): App\Controllers\AdmissionMaster->list()
 7 SYSTEMPATH\CodeIgniter.php(509): CodeIgniter\CodeIgniter->runController(Object(App\Controllers\AdmissionMaster))
 8 SYSTEMPATH\CodeIgniter.php(355): CodeIgniter\CodeIgniter->handleRequest(null, Object(Config\Cache), false)
 9 SYSTEMPATH\Boot.php(325): CodeIgniter\CodeIgniter->run()
10 SYSTEMPATH\Boot.php(67): CodeIgniter\Boot::runCodeIgniter(Object(CodeIgniter\CodeIgniter))
11 FCPATH\index.php(56): CodeIgniter\Boot::bootWeb(Object(Config\Paths))
WARNING - 2025-02-11 07:37:51 --> [DEPRECATED] strtotime(): Passing null to parameter #1 ($datetime) of type string is deprecated in APPPATH\Views\Admin\Admission\list.php on line 96.
 1 APPPATH\Views\Admin\Admission\list.php(96): strtotime(null)
 2 SYSTEMPATH\View\View.php(234): include('C:\\xampp\\htdocs\\Wolfox\\app\\Views\\Admin\\Admission\\list.php')
 3 SYSTEMPATH\View\View.php(237): CodeIgniter\View\View->CodeIgniter\View\{closure}()
 4 SYSTEMPATH\Common.php(1171): CodeIgniter\View\View->render('/Admin/Admission/list', [], true)
 5 APPPATH\Controllers\AdmissionMaster.php(309): view('/Admin/Admission/list', [...])
 6 SYSTEMPATH\CodeIgniter.php(933): App\Controllers\AdmissionMaster->list()
 7 SYSTEMPATH\CodeIgniter.php(509): CodeIgniter\CodeIgniter->runController(Object(App\Controllers\AdmissionMaster))
 8 SYSTEMPATH\CodeIgniter.php(355): CodeIgniter\CodeIgniter->handleRequest(null, Object(Config\Cache), false)
 9 SYSTEMPATH\Boot.php(325): CodeIgniter\CodeIgniter->run()
10 SYSTEMPATH\Boot.php(67): CodeIgniter\Boot::runCodeIgniter(Object(CodeIgniter\CodeIgniter))
11 FCPATH\index.php(56): CodeIgniter\Boot::bootWeb(Object(Config\Paths))
WARNING - 2025-02-11 07:37:51 --> [DEPRECATED] strtotime(): Passing null to parameter #1 ($datetime) of type string is deprecated in APPPATH\Views\Admin\Admission\list.php on line 96.
 1 APPPATH\Views\Admin\Admission\list.php(96): strtotime(null)
 2 SYSTEMPATH\View\View.php(234): include('C:\\xampp\\htdocs\\Wolfox\\app\\Views\\Admin\\Admission\\list.php')
 3 SYSTEMPATH\View\View.php(237): CodeIgniter\View\View->CodeIgniter\View\{closure}()
 4 SYSTEMPATH\Common.php(1171): CodeIgniter\View\View->render('/Admin/Admission/list', [], true)
 5 APPPATH\Controllers\AdmissionMaster.php(309): view('/Admin/Admission/list', [...])
 6 SYSTEMPATH\CodeIgniter.php(933): App\Controllers\AdmissionMaster->list()
 7 SYSTEMPATH\CodeIgniter.php(509): CodeIgniter\CodeIgniter->runController(Object(App\Controllers\AdmissionMaster))
 8 SYSTEMPATH\CodeIgniter.php(355): CodeIgniter\CodeIgniter->handleRequest(null, Object(Config\Cache), false)
 9 SYSTEMPATH\Boot.php(325): CodeIgniter\CodeIgniter->run()
10 SYSTEMPATH\Boot.php(67): CodeIgniter\Boot::runCodeIgniter(Object(CodeIgniter\CodeIgniter))
11 FCPATH\index.php(56): CodeIgniter\Boot::bootWeb(Object(Config\Paths))
WARNING - 2025-02-11 07:37:51 --> [DEPRECATED] strtotime(): Passing null to parameter #1 ($datetime) of type string is deprecated in APPPATH\Views\Admin\Admission\list.php on line 96.
 1 APPPATH\Views\Admin\Admission\list.php(96): strtotime(null)
 2 SYSTEMPATH\View\View.php(234): include('C:\\xampp\\htdocs\\Wolfox\\app\\Views\\Admin\\Admission\\list.php')
 3 SYSTEMPATH\View\View.php(237): CodeIgniter\View\View->CodeIgniter\View\{closure}()
 4 SYSTEMPATH\Common.php(1171): CodeIgniter\View\View->render('/Admin/Admission/list', [], true)
 5 APPPATH\Controllers\AdmissionMaster.php(309): view('/Admin/Admission/list', [...])
 6 SYSTEMPATH\CodeIgniter.php(933): App\Controllers\AdmissionMaster->list()
 7 SYSTEMPATH\CodeIgniter.php(509): CodeIgniter\CodeIgniter->runController(Object(App\Controllers\AdmissionMaster))
 8 SYSTEMPATH\CodeIgniter.php(355): CodeIgniter\CodeIgniter->handleRequest(null, Object(Config\Cache), false)
 9 SYSTEMPATH\Boot.php(325): CodeIgniter\CodeIgniter->run()
10 SYSTEMPATH\Boot.php(67): CodeIgniter\Boot::runCodeIgniter(Object(CodeIgniter\CodeIgniter))
11 FCPATH\index.php(56): CodeIgniter\Boot::bootWeb(Object(Config\Paths))
WARNING - 2025-02-11 07:37:51 --> [DEPRECATED] strtotime(): Passing null to parameter #1 ($datetime) of type string is deprecated in APPPATH\Views\Admin\Admission\list.php on line 96.
 1 APPPATH\Views\Admin\Admission\list.php(96): strtotime(null)
 2 SYSTEMPATH\View\View.php(234): include('C:\\xampp\\htdocs\\Wolfox\\app\\Views\\Admin\\Admission\\list.php')
 3 SYSTEMPATH\View\View.php(237): CodeIgniter\View\View->CodeIgniter\View\{closure}()
 4 SYSTEMPATH\Common.php(1171): CodeIgniter\View\View->render('/Admin/Admission/list', [], true)
 5 APPPATH\Controllers\AdmissionMaster.php(309): view('/Admin/Admission/list', [...])
 6 SYSTEMPATH\CodeIgniter.php(933): App\Controllers\AdmissionMaster->list()
 7 SYSTEMPATH\CodeIgniter.php(509): CodeIgniter\CodeIgniter->runController(Object(App\Controllers\AdmissionMaster))
 8 SYSTEMPATH\CodeIgniter.php(355): CodeIgniter\CodeIgniter->handleRequest(null, Object(Config\Cache), false)
 9 SYSTEMPATH\Boot.php(325): CodeIgniter\CodeIgniter->run()
10 SYSTEMPATH\Boot.php(67): CodeIgniter\Boot::runCodeIgniter(Object(CodeIgniter\CodeIgniter))
11 FCPATH\index.php(56): CodeIgniter\Boot::bootWeb(Object(Config\Paths))
WARNING - 2025-02-11 07:37:51 --> [DEPRECATED] strtotime(): Passing null to parameter #1 ($datetime) of type string is deprecated in APPPATH\Views\Admin\Admission\list.php on line 96.
 1 APPPATH\Views\Admin\Admission\list.php(96): strtotime(null)
 2 SYSTEMPATH\View\View.php(234): include('C:\\xampp\\htdocs\\Wolfox\\app\\Views\\Admin\\Admission\\list.php')
 3 SYSTEMPATH\View\View.php(237): CodeIgniter\View\View->CodeIgniter\View\{closure}()
 4 SYSTEMPATH\Common.php(1171): CodeIgniter\View\View->render('/Admin/Admission/list', [], true)
 5 APPPATH\Controllers\AdmissionMaster.php(309): view('/Admin/Admission/list', [...])
 6 SYSTEMPATH\CodeIgniter.php(933): App\Controllers\AdmissionMaster->list()
 7 SYSTEMPATH\CodeIgniter.php(509): CodeIgniter\CodeIgniter->runController(Object(App\Controllers\AdmissionMaster))
 8 SYSTEMPATH\CodeIgniter.php(355): CodeIgniter\CodeIgniter->handleRequest(null, Object(Config\Cache), false)
 9 SYSTEMPATH\Boot.php(325): CodeIgniter\CodeIgniter->run()
10 SYSTEMPATH\Boot.php(67): CodeIgniter\Boot::runCodeIgniter(Object(CodeIgniter\CodeIgniter))
11 FCPATH\index.php(56): CodeIgniter\Boot::bootWeb(Object(Config\Paths))
WARNING - 2025-02-11 07:37:51 --> [DEPRECATED] strtotime(): Passing null to parameter #1 ($datetime) of type string is deprecated in APPPATH\Views\Admin\Admission\list.php on line 96.
 1 APPPATH\Views\Admin\Admission\list.php(96): strtotime(null)
 2 SYSTEMPATH\View\View.php(234): include('C:\\xampp\\htdocs\\Wolfox\\app\\Views\\Admin\\Admission\\list.php')
 3 SYSTEMPATH\View\View.php(237): CodeIgniter\View\View->CodeIgniter\View\{closure}()
 4 SYSTEMPATH\Common.php(1171): CodeIgniter\View\View->render('/Admin/Admission/list', [], true)
 5 APPPATH\Controllers\AdmissionMaster.php(309): view('/Admin/Admission/list', [...])
 6 SYSTEMPATH\CodeIgniter.php(933): App\Controllers\AdmissionMaster->list()
 7 SYSTEMPATH\CodeIgniter.php(509): CodeIgniter\CodeIgniter->runController(Object(App\Controllers\AdmissionMaster))
 8 SYSTEMPATH\CodeIgniter.php(355): CodeIgniter\CodeIgniter->handleRequest(null, Object(Config\Cache), false)
 9 SYSTEMPATH\Boot.php(325): CodeIgniter\CodeIgniter->run()
10 SYSTEMPATH\Boot.php(67): CodeIgniter\Boot::runCodeIgniter(Object(CodeIgniter\CodeIgniter))
11 FCPATH\index.php(56): CodeIgniter\Boot::bootWeb(Object(Config\Paths))
WARNING - 2025-02-11 07:37:51 --> [DEPRECATED] strtotime(): Passing null to parameter #1 ($datetime) of type string is deprecated in APPPATH\Views\Admin\Admission\list.php on line 96.
 1 APPPATH\Views\Admin\Admission\list.php(96): strtotime(null)
 2 SYSTEMPATH\View\View.php(234): include('C:\\xampp\\htdocs\\Wolfox\\app\\Views\\Admin\\Admission\\list.php')
 3 SYSTEMPATH\View\View.php(237): CodeIgniter\View\View->CodeIgniter\View\{closure}()
 4 SYSTEMPATH\Common.php(1171): CodeIgniter\View\View->render('/Admin/Admission/list', [], true)
 5 APPPATH\Controllers\AdmissionMaster.php(309): view('/Admin/Admission/list', [...])
 6 SYSTEMPATH\CodeIgniter.php(933): App\Controllers\AdmissionMaster->list()
 7 SYSTEMPATH\CodeIgniter.php(509): CodeIgniter\CodeIgniter->runController(Object(App\Controllers\AdmissionMaster))
 8 SYSTEMPATH\CodeIgniter.php(355): CodeIgniter\CodeIgniter->handleRequest(null, Object(Config\Cache), false)
 9 SYSTEMPATH\Boot.php(325): CodeIgniter\CodeIgniter->run()
10 SYSTEMPATH\Boot.php(67): CodeIgniter\Boot::runCodeIgniter(Object(CodeIgniter\CodeIgniter))
11 FCPATH\index.php(56): CodeIgniter\Boot::bootWeb(Object(Config\Paths))
WARNING - 2025-02-11 07:37:51 --> [DEPRECATED] strtotime(): Passing null to parameter #1 ($datetime) of type string is deprecated in APPPATH\Views\Admin\Admission\list.php on line 96.
 1 APPPATH\Views\Admin\Admission\list.php(96): strtotime(null)
 2 SYSTEMPATH\View\View.php(234): include('C:\\xampp\\htdocs\\Wolfox\\app\\Views\\Admin\\Admission\\list.php')
 3 SYSTEMPATH\View\View.php(237): CodeIgniter\View\View->CodeIgniter\View\{closure}()
 4 SYSTEMPATH\Common.php(1171): CodeIgniter\View\View->render('/Admin/Admission/list', [], true)
 5 APPPATH\Controllers\AdmissionMaster.php(309): view('/Admin/Admission/list', [...])
 6 SYSTEMPATH\CodeIgniter.php(933): App\Controllers\AdmissionMaster->list()
 7 SYSTEMPATH\CodeIgniter.php(509): CodeIgniter\CodeIgniter->runController(Object(App\Controllers\AdmissionMaster))
 8 SYSTEMPATH\CodeIgniter.php(355): CodeIgniter\CodeIgniter->handleRequest(null, Object(Config\Cache), false)
 9 SYSTEMPATH\Boot.php(325): CodeIgniter\CodeIgniter->run()
10 SYSTEMPATH\Boot.php(67): CodeIgniter\Boot::runCodeIgniter(Object(CodeIgniter\CodeIgniter))
11 FCPATH\index.php(56): CodeIgniter\Boot::bootWeb(Object(Config\Paths))
WARNING - 2025-02-11 07:37:51 --> [DEPRECATED] strtotime(): Passing null to parameter #1 ($datetime) of type string is deprecated in APPPATH\Views\Admin\Admission\list.php on line 96.
 1 APPPATH\Views\Admin\Admission\list.php(96): strtotime(null)
 2 SYSTEMPATH\View\View.php(234): include('C:\\xampp\\htdocs\\Wolfox\\app\\Views\\Admin\\Admission\\list.php')
 3 SYSTEMPATH\View\View.php(237): CodeIgniter\View\View->CodeIgniter\View\{closure}()
 4 SYSTEMPATH\Common.php(1171): CodeIgniter\View\View->render('/Admin/Admission/list', [], true)
 5 APPPATH\Controllers\AdmissionMaster.php(309): view('/Admin/Admission/list', [...])
 6 SYSTEMPATH\CodeIgniter.php(933): App\Controllers\AdmissionMaster->list()
 7 SYSTEMPATH\CodeIgniter.php(509): CodeIgniter\CodeIgniter->runController(Object(App\Controllers\AdmissionMaster))
 8 SYSTEMPATH\CodeIgniter.php(355): CodeIgniter\CodeIgniter->handleRequest(null, Object(Config\Cache), false)
 9 SYSTEMPATH\Boot.php(325): CodeIgniter\CodeIgniter->run()
10 SYSTEMPATH\Boot.php(67): CodeIgniter\Boot::runCodeIgniter(Object(CodeIgniter\CodeIgniter))
11 FCPATH\index.php(56): CodeIgniter\Boot::bootWeb(Object(Config\Paths))
WARNING - 2025-02-11 07:37:51 --> [DEPRECATED] strtotime(): Passing null to parameter #1 ($datetime) of type string is deprecated in APPPATH\Views\Admin\Admission\list.php on line 96.
 1 APPPATH\Views\Admin\Admission\list.php(96): strtotime(null)
 2 SYSTEMPATH\View\View.php(234): include('C:\\xampp\\htdocs\\Wolfox\\app\\Views\\Admin\\Admission\\list.php')
 3 SYSTEMPATH\View\View.php(237): CodeIgniter\View\View->CodeIgniter\View\{closure}()
 4 SYSTEMPATH\Common.php(1171): CodeIgniter\View\View->render('/Admin/Admission/list', [], true)
 5 APPPATH\Controllers\AdmissionMaster.php(309): view('/Admin/Admission/list', [...])
 6 SYSTEMPATH\CodeIgniter.php(933): App\Controllers\AdmissionMaster->list()
 7 SYSTEMPATH\CodeIgniter.php(509): CodeIgniter\CodeIgniter->runController(Object(App\Controllers\AdmissionMaster))
 8 SYSTEMPATH\CodeIgniter.php(355): CodeIgniter\CodeIgniter->handleRequest(null, Object(Config\Cache), false)
 9 SYSTEMPATH\Boot.php(325): CodeIgniter\CodeIgniter->run()
10 SYSTEMPATH\Boot.php(67): CodeIgniter\Boot::runCodeIgniter(Object(CodeIgniter\CodeIgniter))
11 FCPATH\index.php(56): CodeIgniter\Boot::bootWeb(Object(Config\Paths))
WARNING - 2025-02-11 07:46:25 --> [DEPRECATED] strtotime(): Passing null to parameter #1 ($datetime) of type string is deprecated in APPPATH\Views\Admin\Admission\list.php on line 96.
 1 APPPATH\Views\Admin\Admission\list.php(96): strtotime(null)
 2 SYSTEMPATH\View\View.php(234): include('C:\\xampp\\htdocs\\Wolfox\\app\\Views\\Admin\\Admission\\list.php')
 3 SYSTEMPATH\View\View.php(237): CodeIgniter\View\View->CodeIgniter\View\{closure}()
 4 SYSTEMPATH\Common.php(1171): CodeIgniter\View\View->render('/Admin/Admission/list', [], true)
 5 APPPATH\Controllers\AdmissionMaster.php(309): view('/Admin/Admission/list', [...])
 6 SYSTEMPATH\CodeIgniter.php(933): App\Controllers\AdmissionMaster->list()
 7 SYSTEMPATH\CodeIgniter.php(509): CodeIgniter\CodeIgniter->runController(Object(App\Controllers\AdmissionMaster))
 8 SYSTEMPATH\CodeIgniter.php(355): CodeIgniter\CodeIgniter->handleRequest(null, Object(Config\Cache), false)
 9 SYSTEMPATH\Boot.php(325): CodeIgniter\CodeIgniter->run()
10 SYSTEMPATH\Boot.php(67): CodeIgniter\Boot::runCodeIgniter(Object(CodeIgniter\CodeIgniter))
11 FCPATH\index.php(56): CodeIgniter\Boot::bootWeb(Object(Config\Paths))
WARNING - 2025-02-11 07:46:25 --> [DEPRECATED] strtotime(): Passing null to parameter #1 ($datetime) of type string is deprecated in APPPATH\Views\Admin\Admission\list.php on line 96.
 1 APPPATH\Views\Admin\Admission\list.php(96): strtotime(null)
 2 SYSTEMPATH\View\View.php(234): include('C:\\xampp\\htdocs\\Wolfox\\app\\Views\\Admin\\Admission\\list.php')
 3 SYSTEMPATH\View\View.php(237): CodeIgniter\View\View->CodeIgniter\View\{closure}()
 4 SYSTEMPATH\Common.php(1171): CodeIgniter\View\View->render('/Admin/Admission/list', [], true)
 5 APPPATH\Controllers\AdmissionMaster.php(309): view('/Admin/Admission/list', [...])
 6 SYSTEMPATH\CodeIgniter.php(933): App\Controllers\AdmissionMaster->list()
 7 SYSTEMPATH\CodeIgniter.php(509): CodeIgniter\CodeIgniter->runController(Object(App\Controllers\AdmissionMaster))
 8 SYSTEMPATH\CodeIgniter.php(355): CodeIgniter\CodeIgniter->handleRequest(null, Object(Config\Cache), false)
 9 SYSTEMPATH\Boot.php(325): CodeIgniter\CodeIgniter->run()
10 SYSTEMPATH\Boot.php(67): CodeIgniter\Boot::runCodeIgniter(Object(CodeIgniter\CodeIgniter))
11 FCPATH\index.php(56): CodeIgniter\Boot::bootWeb(Object(Config\Paths))
WARNING - 2025-02-11 07:46:25 --> [DEPRECATED] strtotime(): Passing null to parameter #1 ($datetime) of type string is deprecated in APPPATH\Views\Admin\Admission\list.php on line 96.
 1 APPPATH\Views\Admin\Admission\list.php(96): strtotime(null)
 2 SYSTEMPATH\View\View.php(234): include('C:\\xampp\\htdocs\\Wolfox\\app\\Views\\Admin\\Admission\\list.php')
 3 SYSTEMPATH\View\View.php(237): CodeIgniter\View\View->CodeIgniter\View\{closure}()
 4 SYSTEMPATH\Common.php(1171): CodeIgniter\View\View->render('/Admin/Admission/list', [], true)
 5 APPPATH\Controllers\AdmissionMaster.php(309): view('/Admin/Admission/list', [...])
 6 SYSTEMPATH\CodeIgniter.php(933): App\Controllers\AdmissionMaster->list()
 7 SYSTEMPATH\CodeIgniter.php(509): CodeIgniter\CodeIgniter->runController(Object(App\Controllers\AdmissionMaster))
 8 SYSTEMPATH\CodeIgniter.php(355): CodeIgniter\CodeIgniter->handleRequest(null, Object(Config\Cache), false)
 9 SYSTEMPATH\Boot.php(325): CodeIgniter\CodeIgniter->run()
10 SYSTEMPATH\Boot.php(67): CodeIgniter\Boot::runCodeIgniter(Object(CodeIgniter\CodeIgniter))
11 FCPATH\index.php(56): CodeIgniter\Boot::bootWeb(Object(Config\Paths))
WARNING - 2025-02-11 07:46:25 --> [DEPRECATED] strtotime(): Passing null to parameter #1 ($datetime) of type string is deprecated in APPPATH\Views\Admin\Admission\list.php on line 96.
 1 APPPATH\Views\Admin\Admission\list.php(96): strtotime(null)
 2 SYSTEMPATH\View\View.php(234): include('C:\\xampp\\htdocs\\Wolfox\\app\\Views\\Admin\\Admission\\list.php')
 3 SYSTEMPATH\View\View.php(237): CodeIgniter\View\View->CodeIgniter\View\{closure}()
 4 SYSTEMPATH\Common.php(1171): CodeIgniter\View\View->render('/Admin/Admission/list', [], true)
 5 APPPATH\Controllers\AdmissionMaster.php(309): view('/Admin/Admission/list', [...])
 6 SYSTEMPATH\CodeIgniter.php(933): App\Controllers\AdmissionMaster->list()
 7 SYSTEMPATH\CodeIgniter.php(509): CodeIgniter\CodeIgniter->runController(Object(App\Controllers\AdmissionMaster))
 8 SYSTEMPATH\CodeIgniter.php(355): CodeIgniter\CodeIgniter->handleRequest(null, Object(Config\Cache), false)
 9 SYSTEMPATH\Boot.php(325): CodeIgniter\CodeIgniter->run()
10 SYSTEMPATH\Boot.php(67): CodeIgniter\Boot::runCodeIgniter(Object(CodeIgniter\CodeIgniter))
11 FCPATH\index.php(56): CodeIgniter\Boot::bootWeb(Object(Config\Paths))
WARNING - 2025-02-11 07:46:25 --> [DEPRECATED] strtotime(): Passing null to parameter #1 ($datetime) of type string is deprecated in APPPATH\Views\Admin\Admission\list.php on line 96.
 1 APPPATH\Views\Admin\Admission\list.php(96): strtotime(null)
 2 SYSTEMPATH\View\View.php(234): include('C:\\xampp\\htdocs\\Wolfox\\app\\Views\\Admin\\Admission\\list.php')
 3 SYSTEMPATH\View\View.php(237): CodeIgniter\View\View->CodeIgniter\View\{closure}()
 4 SYSTEMPATH\Common.php(1171): CodeIgniter\View\View->render('/Admin/Admission/list', [], true)
 5 APPPATH\Controllers\AdmissionMaster.php(309): view('/Admin/Admission/list', [...])
 6 SYSTEMPATH\CodeIgniter.php(933): App\Controllers\AdmissionMaster->list()
 7 SYSTEMPATH\CodeIgniter.php(509): CodeIgniter\CodeIgniter->runController(Object(App\Controllers\AdmissionMaster))
 8 SYSTEMPATH\CodeIgniter.php(355): CodeIgniter\CodeIgniter->handleRequest(null, Object(Config\Cache), false)
 9 SYSTEMPATH\Boot.php(325): CodeIgniter\CodeIgniter->run()
10 SYSTEMPATH\Boot.php(67): CodeIgniter\Boot::runCodeIgniter(Object(CodeIgniter\CodeIgniter))
11 FCPATH\index.php(56): CodeIgniter\Boot::bootWeb(Object(Config\Paths))
WARNING - 2025-02-11 07:46:25 --> [DEPRECATED] strtotime(): Passing null to parameter #1 ($datetime) of type string is deprecated in APPPATH\Views\Admin\Admission\list.php on line 96.
 1 APPPATH\Views\Admin\Admission\list.php(96): strtotime(null)
 2 SYSTEMPATH\View\View.php(234): include('C:\\xampp\\htdocs\\Wolfox\\app\\Views\\Admin\\Admission\\list.php')
 3 SYSTEMPATH\View\View.php(237): CodeIgniter\View\View->CodeIgniter\View\{closure}()
 4 SYSTEMPATH\Common.php(1171): CodeIgniter\View\View->render('/Admin/Admission/list', [], true)
 5 APPPATH\Controllers\AdmissionMaster.php(309): view('/Admin/Admission/list', [...])
 6 SYSTEMPATH\CodeIgniter.php(933): App\Controllers\AdmissionMaster->list()
 7 SYSTEMPATH\CodeIgniter.php(509): CodeIgniter\CodeIgniter->runController(Object(App\Controllers\AdmissionMaster))
 8 SYSTEMPATH\CodeIgniter.php(355): CodeIgniter\CodeIgniter->handleRequest(null, Object(Config\Cache), false)
 9 SYSTEMPATH\Boot.php(325): CodeIgniter\CodeIgniter->run()
10 SYSTEMPATH\Boot.php(67): CodeIgniter\Boot::runCodeIgniter(Object(CodeIgniter\CodeIgniter))
11 FCPATH\index.php(56): CodeIgniter\Boot::bootWeb(Object(Config\Paths))
WARNING - 2025-02-11 07:46:25 --> [DEPRECATED] strtotime(): Passing null to parameter #1 ($datetime) of type string is deprecated in APPPATH\Views\Admin\Admission\list.php on line 96.
 1 APPPATH\Views\Admin\Admission\list.php(96): strtotime(null)
 2 SYSTEMPATH\View\View.php(234): include('C:\\xampp\\htdocs\\Wolfox\\app\\Views\\Admin\\Admission\\list.php')
 3 SYSTEMPATH\View\View.php(237): CodeIgniter\View\View->CodeIgniter\View\{closure}()
 4 SYSTEMPATH\Common.php(1171): CodeIgniter\View\View->render('/Admin/Admission/list', [], true)
 5 APPPATH\Controllers\AdmissionMaster.php(309): view('/Admin/Admission/list', [...])
 6 SYSTEMPATH\CodeIgniter.php(933): App\Controllers\AdmissionMaster->list()
 7 SYSTEMPATH\CodeIgniter.php(509): CodeIgniter\CodeIgniter->runController(Object(App\Controllers\AdmissionMaster))
 8 SYSTEMPATH\CodeIgniter.php(355): CodeIgniter\CodeIgniter->handleRequest(null, Object(Config\Cache), false)
 9 SYSTEMPATH\Boot.php(325): CodeIgniter\CodeIgniter->run()
10 SYSTEMPATH\Boot.php(67): CodeIgniter\Boot::runCodeIgniter(Object(CodeIgniter\CodeIgniter))
11 FCPATH\index.php(56): CodeIgniter\Boot::bootWeb(Object(Config\Paths))
WARNING - 2025-02-11 07:46:25 --> [DEPRECATED] strtotime(): Passing null to parameter #1 ($datetime) of type string is deprecated in APPPATH\Views\Admin\Admission\list.php on line 96.
 1 APPPATH\Views\Admin\Admission\list.php(96): strtotime(null)
 2 SYSTEMPATH\View\View.php(234): include('C:\\xampp\\htdocs\\Wolfox\\app\\Views\\Admin\\Admission\\list.php')
 3 SYSTEMPATH\View\View.php(237): CodeIgniter\View\View->CodeIgniter\View\{closure}()
 4 SYSTEMPATH\Common.php(1171): CodeIgniter\View\View->render('/Admin/Admission/list', [], true)
 5 APPPATH\Controllers\AdmissionMaster.php(309): view('/Admin/Admission/list', [...])
 6 SYSTEMPATH\CodeIgniter.php(933): App\Controllers\AdmissionMaster->list()
 7 SYSTEMPATH\CodeIgniter.php(509): CodeIgniter\CodeIgniter->runController(Object(App\Controllers\AdmissionMaster))
 8 SYSTEMPATH\CodeIgniter.php(355): CodeIgniter\CodeIgniter->handleRequest(null, Object(Config\Cache), false)
 9 SYSTEMPATH\Boot.php(325): CodeIgniter\CodeIgniter->run()
10 SYSTEMPATH\Boot.php(67): CodeIgniter\Boot::runCodeIgniter(Object(CodeIgniter\CodeIgniter))
11 FCPATH\index.php(56): CodeIgniter\Boot::bootWeb(Object(Config\Paths))
WARNING - 2025-02-11 07:46:25 --> [DEPRECATED] strtotime(): Passing null to parameter #1 ($datetime) of type string is deprecated in APPPATH\Views\Admin\Admission\list.php on line 96.
 1 APPPATH\Views\Admin\Admission\list.php(96): strtotime(null)
 2 SYSTEMPATH\View\View.php(234): include('C:\\xampp\\htdocs\\Wolfox\\app\\Views\\Admin\\Admission\\list.php')
 3 SYSTEMPATH\View\View.php(237): CodeIgniter\View\View->CodeIgniter\View\{closure}()
 4 SYSTEMPATH\Common.php(1171): CodeIgniter\View\View->render('/Admin/Admission/list', [], true)
 5 APPPATH\Controllers\AdmissionMaster.php(309): view('/Admin/Admission/list', [...])
 6 SYSTEMPATH\CodeIgniter.php(933): App\Controllers\AdmissionMaster->list()
 7 SYSTEMPATH\CodeIgniter.php(509): CodeIgniter\CodeIgniter->runController(Object(App\Controllers\AdmissionMaster))
 8 SYSTEMPATH\CodeIgniter.php(355): CodeIgniter\CodeIgniter->handleRequest(null, Object(Config\Cache), false)
 9 SYSTEMPATH\Boot.php(325): CodeIgniter\CodeIgniter->run()
10 SYSTEMPATH\Boot.php(67): CodeIgniter\Boot::runCodeIgniter(Object(CodeIgniter\CodeIgniter))
11 FCPATH\index.php(56): CodeIgniter\Boot::bootWeb(Object(Config\Paths))
WARNING - 2025-02-11 07:46:25 --> [DEPRECATED] strtotime(): Passing null to parameter #1 ($datetime) of type string is deprecated in APPPATH\Views\Admin\Admission\list.php on line 96.
 1 APPPATH\Views\Admin\Admission\list.php(96): strtotime(null)
 2 SYSTEMPATH\View\View.php(234): include('C:\\xampp\\htdocs\\Wolfox\\app\\Views\\Admin\\Admission\\list.php')
 3 SYSTEMPATH\View\View.php(237): CodeIgniter\View\View->CodeIgniter\View\{closure}()
 4 SYSTEMPATH\Common.php(1171): CodeIgniter\View\View->render('/Admin/Admission/list', [], true)
 5 APPPATH\Controllers\AdmissionMaster.php(309): view('/Admin/Admission/list', [...])
 6 SYSTEMPATH\CodeIgniter.php(933): App\Controllers\AdmissionMaster->list()
 7 SYSTEMPATH\CodeIgniter.php(509): CodeIgniter\CodeIgniter->runController(Object(App\Controllers\AdmissionMaster))
 8 SYSTEMPATH\CodeIgniter.php(355): CodeIgniter\CodeIgniter->handleRequest(null, Object(Config\Cache), false)
 9 SYSTEMPATH\Boot.php(325): CodeIgniter\CodeIgniter->run()
10 SYSTEMPATH\Boot.php(67): CodeIgniter\Boot::runCodeIgniter(Object(CodeIgniter\CodeIgniter))
11 FCPATH\index.php(56): CodeIgniter\Boot::bootWeb(Object(Config\Paths))
WARNING - 2025-02-11 07:46:25 --> [DEPRECATED] strtotime(): Passing null to parameter #1 ($datetime) of type string is deprecated in APPPATH\Views\Admin\Admission\list.php on line 96.
 1 APPPATH\Views\Admin\Admission\list.php(96): strtotime(null)
 2 SYSTEMPATH\View\View.php(234): include('C:\\xampp\\htdocs\\Wolfox\\app\\Views\\Admin\\Admission\\list.php')
 3 SYSTEMPATH\View\View.php(237): CodeIgniter\View\View->CodeIgniter\View\{closure}()
 4 SYSTEMPATH\Common.php(1171): CodeIgniter\View\View->render('/Admin/Admission/list', [], true)
 5 APPPATH\Controllers\AdmissionMaster.php(309): view('/Admin/Admission/list', [...])
 6 SYSTEMPATH\CodeIgniter.php(933): App\Controllers\AdmissionMaster->list()
 7 SYSTEMPATH\CodeIgniter.php(509): CodeIgniter\CodeIgniter->runController(Object(App\Controllers\AdmissionMaster))
 8 SYSTEMPATH\CodeIgniter.php(355): CodeIgniter\CodeIgniter->handleRequest(null, Object(Config\Cache), false)
 9 SYSTEMPATH\Boot.php(325): CodeIgniter\CodeIgniter->run()
10 SYSTEMPATH\Boot.php(67): CodeIgniter\Boot::runCodeIgniter(Object(CodeIgniter\CodeIgniter))
11 FCPATH\index.php(56): CodeIgniter\Boot::bootWeb(Object(Config\Paths))
WARNING - 2025-02-11 07:46:25 --> [DEPRECATED] strtotime(): Passing null to parameter #1 ($datetime) of type string is deprecated in APPPATH\Views\Admin\Admission\list.php on line 96.
 1 APPPATH\Views\Admin\Admission\list.php(96): strtotime(null)
 2 SYSTEMPATH\View\View.php(234): include('C:\\xampp\\htdocs\\Wolfox\\app\\Views\\Admin\\Admission\\list.php')
 3 SYSTEMPATH\View\View.php(237): CodeIgniter\View\View->CodeIgniter\View\{closure}()
 4 SYSTEMPATH\Common.php(1171): CodeIgniter\View\View->render('/Admin/Admission/list', [], true)
 5 APPPATH\Controllers\AdmissionMaster.php(309): view('/Admin/Admission/list', [...])
 6 SYSTEMPATH\CodeIgniter.php(933): App\Controllers\AdmissionMaster->list()
 7 SYSTEMPATH\CodeIgniter.php(509): CodeIgniter\CodeIgniter->runController(Object(App\Controllers\AdmissionMaster))
 8 SYSTEMPATH\CodeIgniter.php(355): CodeIgniter\CodeIgniter->handleRequest(null, Object(Config\Cache), false)
 9 SYSTEMPATH\Boot.php(325): CodeIgniter\CodeIgniter->run()
10 SYSTEMPATH\Boot.php(67): CodeIgniter\Boot::runCodeIgniter(Object(CodeIgniter\CodeIgniter))
11 FCPATH\index.php(56): CodeIgniter\Boot::bootWeb(Object(Config\Paths))
CRITICAL - 2025-02-11 08:01:23 --> ErrorException: Undefined array key "feepaid"
[Method: GET, Route: Admin/Admission/List]
in APPPATH\Views\Admin\Admission\list.php on line 77.
 1 APPPATH\Views\Admin\Admission\list.php(77): CodeIgniter\Debug\Exceptions->errorHandler(2, 'Undefined array key "feepaid"', 'C:\\xampp\\htdocs\\Wolfox\\app\\Views\\Admin\\Admission\\list.php', 77)
 2 SYSTEMPATH\View\View.php(234): include('C:\\xampp\\htdocs\\Wolfox\\app\\Views\\Admin\\Admission\\list.php')
 3 SYSTEMPATH\View\View.php(237): CodeIgniter\View\View->CodeIgniter\View\{closure}()
 4 SYSTEMPATH\Common.php(1171): CodeIgniter\View\View->render('/Admin/Admission/list', [], true)
 5 APPPATH\Controllers\AdmissionMaster.php(309): view('/Admin/Admission/list', [...])
 6 SYSTEMPATH\CodeIgniter.php(933): App\Controllers\AdmissionMaster->list()
 7 SYSTEMPATH\CodeIgniter.php(509): CodeIgniter\CodeIgniter->runController(Object(App\Controllers\AdmissionMaster))
 8 SYSTEMPATH\CodeIgniter.php(355): CodeIgniter\CodeIgniter->handleRequest(null, Object(Config\Cache), false)
 9 SYSTEMPATH\Boot.php(325): CodeIgniter\CodeIgniter->run()
10 SYSTEMPATH\Boot.php(67): CodeIgniter\Boot::runCodeIgniter(Object(CodeIgniter\CodeIgniter))
11 FCPATH\index.php(56): CodeIgniter\Boot::bootWeb(Object(Config\Paths))
CRITICAL - 2025-02-11 08:01:54 --> ErrorException: Undefined array key "feepaid"
[Method: GET, Route: Admin/Admission/List]
in APPPATH\Views\Admin\Admission\list.php on line 77.
 1 APPPATH\Views\Admin\Admission\list.php(77): CodeIgniter\Debug\Exceptions->errorHandler(2, 'Undefined array key "feepaid"', 'C:\\xampp\\htdocs\\Wolfox\\app\\Views\\Admin\\Admission\\list.php', 77)
 2 SYSTEMPATH\View\View.php(234): include('C:\\xampp\\htdocs\\Wolfox\\app\\Views\\Admin\\Admission\\list.php')
 3 SYSTEMPATH\View\View.php(237): CodeIgniter\View\View->CodeIgniter\View\{closure}()
 4 SYSTEMPATH\Common.php(1171): CodeIgniter\View\View->render('/Admin/Admission/list', [], true)
 5 APPPATH\Controllers\AdmissionMaster.php(309): view('/Admin/Admission/list', [...])
 6 SYSTEMPATH\CodeIgniter.php(933): App\Controllers\AdmissionMaster->list()
 7 SYSTEMPATH\CodeIgniter.php(509): CodeIgniter\CodeIgniter->runController(Object(App\Controllers\AdmissionMaster))
 8 SYSTEMPATH\CodeIgniter.php(355): CodeIgniter\CodeIgniter->handleRequest(null, Object(Config\Cache), false)
 9 SYSTEMPATH\Boot.php(325): CodeIgniter\CodeIgniter->run()
10 SYSTEMPATH\Boot.php(67): CodeIgniter\Boot::runCodeIgniter(Object(CodeIgniter\CodeIgniter))
11 FCPATH\index.php(56): CodeIgniter\Boot::bootWeb(Object(Config\Paths))
CRITICAL - 2025-02-11 08:02:10 --> ErrorException: Undefined array key "feepaid"
[Method: GET, Route: Admin/Admission/List]
in APPPATH\Views\Admin\Admission\list.php on line 77.
 1 APPPATH\Views\Admin\Admission\list.php(77): CodeIgniter\Debug\Exceptions->errorHandler(2, 'Undefined array key "feepaid"', 'C:\\xampp\\htdocs\\Wolfox\\app\\Views\\Admin\\Admission\\list.php', 77)
 2 SYSTEMPATH\View\View.php(234): include('C:\\xampp\\htdocs\\Wolfox\\app\\Views\\Admin\\Admission\\list.php')
 3 SYSTEMPATH\View\View.php(237): CodeIgniter\View\View->CodeIgniter\View\{closure}()
 4 SYSTEMPATH\Common.php(1171): CodeIgniter\View\View->render('/Admin/Admission/list', [], true)
 5 APPPATH\Controllers\AdmissionMaster.php(309): view('/Admin/Admission/list', [...])
 6 SYSTEMPATH\CodeIgniter.php(933): App\Controllers\AdmissionMaster->list()
 7 SYSTEMPATH\CodeIgniter.php(509): CodeIgniter\CodeIgniter->runController(Object(App\Controllers\AdmissionMaster))
 8 SYSTEMPATH\CodeIgniter.php(355): CodeIgniter\CodeIgniter->handleRequest(null, Object(Config\Cache), false)
 9 SYSTEMPATH\Boot.php(325): CodeIgniter\CodeIgniter->run()
10 SYSTEMPATH\Boot.php(67): CodeIgniter\Boot::runCodeIgniter(Object(CodeIgniter\CodeIgniter))
11 FCPATH\index.php(56): CodeIgniter\Boot::bootWeb(Object(Config\Paths))
WARNING - 2025-02-11 08:02:47 --> [DEPRECATED] strtotime(): Passing null to parameter #1 ($datetime) of type string is deprecated in APPPATH\Views\Admin\Admission\list.php on line 101.
 1 APPPATH\Views\Admin\Admission\list.php(101): strtotime(null)
 2 SYSTEMPATH\View\View.php(234): include('C:\\xampp\\htdocs\\Wolfox\\app\\Views\\Admin\\Admission\\list.php')
 3 SYSTEMPATH\View\View.php(237): CodeIgniter\View\View->CodeIgniter\View\{closure}()
 4 SYSTEMPATH\Common.php(1171): CodeIgniter\View\View->render('/Admin/Admission/list', [], true)
 5 APPPATH\Controllers\AdmissionMaster.php(309): view('/Admin/Admission/list', [...])
 6 SYSTEMPATH\CodeIgniter.php(933): App\Controllers\AdmissionMaster->list()
 7 SYSTEMPATH\CodeIgniter.php(509): CodeIgniter\CodeIgniter->runController(Object(App\Controllers\AdmissionMaster))
 8 SYSTEMPATH\CodeIgniter.php(355): CodeIgniter\CodeIgniter->handleRequest(null, Object(Config\Cache), false)
 9 SYSTEMPATH\Boot.php(325): CodeIgniter\CodeIgniter->run()
10 SYSTEMPATH\Boot.php(67): CodeIgniter\Boot::runCodeIgniter(Object(CodeIgniter\CodeIgniter))
11 FCPATH\index.php(56): CodeIgniter\Boot::bootWeb(Object(Config\Paths))
WARNING - 2025-02-11 08:02:47 --> [DEPRECATED] strtotime(): Passing null to parameter #1 ($datetime) of type string is deprecated in APPPATH\Views\Admin\Admission\list.php on line 101.
 1 APPPATH\Views\Admin\Admission\list.php(101): strtotime(null)
 2 SYSTEMPATH\View\View.php(234): include('C:\\xampp\\htdocs\\Wolfox\\app\\Views\\Admin\\Admission\\list.php')
 3 SYSTEMPATH\View\View.php(237): CodeIgniter\View\View->CodeIgniter\View\{closure}()
 4 SYSTEMPATH\Common.php(1171): CodeIgniter\View\View->render('/Admin/Admission/list', [], true)
 5 APPPATH\Controllers\AdmissionMaster.php(309): view('/Admin/Admission/list', [...])
 6 SYSTEMPATH\CodeIgniter.php(933): App\Controllers\AdmissionMaster->list()
 7 SYSTEMPATH\CodeIgniter.php(509): CodeIgniter\CodeIgniter->runController(Object(App\Controllers\AdmissionMaster))
 8 SYSTEMPATH\CodeIgniter.php(355): CodeIgniter\CodeIgniter->handleRequest(null, Object(Config\Cache), false)
 9 SYSTEMPATH\Boot.php(325): CodeIgniter\CodeIgniter->run()
10 SYSTEMPATH\Boot.php(67): CodeIgniter\Boot::runCodeIgniter(Object(CodeIgniter\CodeIgniter))
11 FCPATH\index.php(56): CodeIgniter\Boot::bootWeb(Object(Config\Paths))
WARNING - 2025-02-11 08:02:47 --> [DEPRECATED] strtotime(): Passing null to parameter #1 ($datetime) of type string is deprecated in APPPATH\Views\Admin\Admission\list.php on line 101.
 1 APPPATH\Views\Admin\Admission\list.php(101): strtotime(null)
 2 SYSTEMPATH\View\View.php(234): include('C:\\xampp\\htdocs\\Wolfox\\app\\Views\\Admin\\Admission\\list.php')
 3 SYSTEMPATH\View\View.php(237): CodeIgniter\View\View->CodeIgniter\View\{closure}()
 4 SYSTEMPATH\Common.php(1171): CodeIgniter\View\View->render('/Admin/Admission/list', [], true)
 5 APPPATH\Controllers\AdmissionMaster.php(309): view('/Admin/Admission/list', [...])
 6 SYSTEMPATH\CodeIgniter.php(933): App\Controllers\AdmissionMaster->list()
 7 SYSTEMPATH\CodeIgniter.php(509): CodeIgniter\CodeIgniter->runController(Object(App\Controllers\AdmissionMaster))
 8 SYSTEMPATH\CodeIgniter.php(355): CodeIgniter\CodeIgniter->handleRequest(null, Object(Config\Cache), false)
 9 SYSTEMPATH\Boot.php(325): CodeIgniter\CodeIgniter->run()
10 SYSTEMPATH\Boot.php(67): CodeIgniter\Boot::runCodeIgniter(Object(CodeIgniter\CodeIgniter))
11 FCPATH\index.php(56): CodeIgniter\Boot::bootWeb(Object(Config\Paths))
WARNING - 2025-02-11 08:02:47 --> [DEPRECATED] strtotime(): Passing null to parameter #1 ($datetime) of type string is deprecated in APPPATH\Views\Admin\Admission\list.php on line 101.
 1 APPPATH\Views\Admin\Admission\list.php(101): strtotime(null)
 2 SYSTEMPATH\View\View.php(234): include('C:\\xampp\\htdocs\\Wolfox\\app\\Views\\Admin\\Admission\\list.php')
 3 SYSTEMPATH\View\View.php(237): CodeIgniter\View\View->CodeIgniter\View\{closure}()
 4 SYSTEMPATH\Common.php(1171): CodeIgniter\View\View->render('/Admin/Admission/list', [], true)
 5 APPPATH\Controllers\AdmissionMaster.php(309): view('/Admin/Admission/list', [...])
 6 SYSTEMPATH\CodeIgniter.php(933): App\Controllers\AdmissionMaster->list()
 7 SYSTEMPATH\CodeIgniter.php(509): CodeIgniter\CodeIgniter->runController(Object(App\Controllers\AdmissionMaster))
 8 SYSTEMPATH\CodeIgniter.php(355): CodeIgniter\CodeIgniter->handleRequest(null, Object(Config\Cache), false)
 9 SYSTEMPATH\Boot.php(325): CodeIgniter\CodeIgniter->run()
10 SYSTEMPATH\Boot.php(67): CodeIgniter\Boot::runCodeIgniter(Object(CodeIgniter\CodeIgniter))
11 FCPATH\index.php(56): CodeIgniter\Boot::bootWeb(Object(Config\Paths))
WARNING - 2025-02-11 08:02:47 --> [DEPRECATED] strtotime(): Passing null to parameter #1 ($datetime) of type string is deprecated in APPPATH\Views\Admin\Admission\list.php on line 101.
 1 APPPATH\Views\Admin\Admission\list.php(101): strtotime(null)
 2 SYSTEMPATH\View\View.php(234): include('C:\\xampp\\htdocs\\Wolfox\\app\\Views\\Admin\\Admission\\list.php')
 3 SYSTEMPATH\View\View.php(237): CodeIgniter\View\View->CodeIgniter\View\{closure}()
 4 SYSTEMPATH\Common.php(1171): CodeIgniter\View\View->render('/Admin/Admission/list', [], true)
 5 APPPATH\Controllers\AdmissionMaster.php(309): view('/Admin/Admission/list', [...])
 6 SYSTEMPATH\CodeIgniter.php(933): App\Controllers\AdmissionMaster->list()
 7 SYSTEMPATH\CodeIgniter.php(509): CodeIgniter\CodeIgniter->runController(Object(App\Controllers\AdmissionMaster))
 8 SYSTEMPATH\CodeIgniter.php(355): CodeIgniter\CodeIgniter->handleRequest(null, Object(Config\Cache), false)
 9 SYSTEMPATH\Boot.php(325): CodeIgniter\CodeIgniter->run()
10 SYSTEMPATH\Boot.php(67): CodeIgniter\Boot::runCodeIgniter(Object(CodeIgniter\CodeIgniter))
11 FCPATH\index.php(56): CodeIgniter\Boot::bootWeb(Object(Config\Paths))
WARNING - 2025-02-11 08:02:47 --> [DEPRECATED] strtotime(): Passing null to parameter #1 ($datetime) of type string is deprecated in APPPATH\Views\Admin\Admission\list.php on line 101.
 1 APPPATH\Views\Admin\Admission\list.php(101): strtotime(null)
 2 SYSTEMPATH\View\View.php(234): include('C:\\xampp\\htdocs\\Wolfox\\app\\Views\\Admin\\Admission\\list.php')
 3 SYSTEMPATH\View\View.php(237): CodeIgniter\View\View->CodeIgniter\View\{closure}()
 4 SYSTEMPATH\Common.php(1171): CodeIgniter\View\View->render('/Admin/Admission/list', [], true)
 5 APPPATH\Controllers\AdmissionMaster.php(309): view('/Admin/Admission/list', [...])
 6 SYSTEMPATH\CodeIgniter.php(933): App\Controllers\AdmissionMaster->list()
 7 SYSTEMPATH\CodeIgniter.php(509): CodeIgniter\CodeIgniter->runController(Object(App\Controllers\AdmissionMaster))
 8 SYSTEMPATH\CodeIgniter.php(355): CodeIgniter\CodeIgniter->handleRequest(null, Object(Config\Cache), false)
 9 SYSTEMPATH\Boot.php(325): CodeIgniter\CodeIgniter->run()
10 SYSTEMPATH\Boot.php(67): CodeIgniter\Boot::runCodeIgniter(Object(CodeIgniter\CodeIgniter))
11 FCPATH\index.php(56): CodeIgniter\Boot::bootWeb(Object(Config\Paths))
WARNING - 2025-02-11 08:02:47 --> [DEPRECATED] strtotime(): Passing null to parameter #1 ($datetime) of type string is deprecated in APPPATH\Views\Admin\Admission\list.php on line 101.
 1 APPPATH\Views\Admin\Admission\list.php(101): strtotime(null)
 2 SYSTEMPATH\View\View.php(234): include('C:\\xampp\\htdocs\\Wolfox\\app\\Views\\Admin\\Admission\\list.php')
 3 SYSTEMPATH\View\View.php(237): CodeIgniter\View\View->CodeIgniter\View\{closure}()
 4 SYSTEMPATH\Common.php(1171): CodeIgniter\View\View->render('/Admin/Admission/list', [], true)
 5 APPPATH\Controllers\AdmissionMaster.php(309): view('/Admin/Admission/list', [...])
 6 SYSTEMPATH\CodeIgniter.php(933): App\Controllers\AdmissionMaster->list()
 7 SYSTEMPATH\CodeIgniter.php(509): CodeIgniter\CodeIgniter->runController(Object(App\Controllers\AdmissionMaster))
 8 SYSTEMPATH\CodeIgniter.php(355): CodeIgniter\CodeIgniter->handleRequest(null, Object(Config\Cache), false)
 9 SYSTEMPATH\Boot.php(325): CodeIgniter\CodeIgniter->run()
10 SYSTEMPATH\Boot.php(67): CodeIgniter\Boot::runCodeIgniter(Object(CodeIgniter\CodeIgniter))
11 FCPATH\index.php(56): CodeIgniter\Boot::bootWeb(Object(Config\Paths))
WARNING - 2025-02-11 08:02:47 --> [DEPRECATED] strtotime(): Passing null to parameter #1 ($datetime) of type string is deprecated in APPPATH\Views\Admin\Admission\list.php on line 101.
 1 APPPATH\Views\Admin\Admission\list.php(101): strtotime(null)
 2 SYSTEMPATH\View\View.php(234): include('C:\\xampp\\htdocs\\Wolfox\\app\\Views\\Admin\\Admission\\list.php')
 3 SYSTEMPATH\View\View.php(237): CodeIgniter\View\View->CodeIgniter\View\{closure}()
 4 SYSTEMPATH\Common.php(1171): CodeIgniter\View\View->render('/Admin/Admission/list', [], true)
 5 APPPATH\Controllers\AdmissionMaster.php(309): view('/Admin/Admission/list', [...])
 6 SYSTEMPATH\CodeIgniter.php(933): App\Controllers\AdmissionMaster->list()
 7 SYSTEMPATH\CodeIgniter.php(509): CodeIgniter\CodeIgniter->runController(Object(App\Controllers\AdmissionMaster))
 8 SYSTEMPATH\CodeIgniter.php(355): CodeIgniter\CodeIgniter->handleRequest(null, Object(Config\Cache), false)
 9 SYSTEMPATH\Boot.php(325): CodeIgniter\CodeIgniter->run()
10 SYSTEMPATH\Boot.php(67): CodeIgniter\Boot::runCodeIgniter(Object(CodeIgniter\CodeIgniter))
11 FCPATH\index.php(56): CodeIgniter\Boot::bootWeb(Object(Config\Paths))
WARNING - 2025-02-11 08:02:47 --> [DEPRECATED] strtotime(): Passing null to parameter #1 ($datetime) of type string is deprecated in APPPATH\Views\Admin\Admission\list.php on line 101.
 1 APPPATH\Views\Admin\Admission\list.php(101): strtotime(null)
 2 SYSTEMPATH\View\View.php(234): include('C:\\xampp\\htdocs\\Wolfox\\app\\Views\\Admin\\Admission\\list.php')
 3 SYSTEMPATH\View\View.php(237): CodeIgniter\View\View->CodeIgniter\View\{closure}()
 4 SYSTEMPATH\Common.php(1171): CodeIgniter\View\View->render('/Admin/Admission/list', [], true)
 5 APPPATH\Controllers\AdmissionMaster.php(309): view('/Admin/Admission/list', [...])
 6 SYSTEMPATH\CodeIgniter.php(933): App\Controllers\AdmissionMaster->list()
 7 SYSTEMPATH\CodeIgniter.php(509): CodeIgniter\CodeIgniter->runController(Object(App\Controllers\AdmissionMaster))
 8 SYSTEMPATH\CodeIgniter.php(355): CodeIgniter\CodeIgniter->handleRequest(null, Object(Config\Cache), false)
 9 SYSTEMPATH\Boot.php(325): CodeIgniter\CodeIgniter->run()
10 SYSTEMPATH\Boot.php(67): CodeIgniter\Boot::runCodeIgniter(Object(CodeIgniter\CodeIgniter))
11 FCPATH\index.php(56): CodeIgniter\Boot::bootWeb(Object(Config\Paths))
WARNING - 2025-02-11 08:02:47 --> [DEPRECATED] strtotime(): Passing null to parameter #1 ($datetime) of type string is deprecated in APPPATH\Views\Admin\Admission\list.php on line 101.
 1 APPPATH\Views\Admin\Admission\list.php(101): strtotime(null)
 2 SYSTEMPATH\View\View.php(234): include('C:\\xampp\\htdocs\\Wolfox\\app\\Views\\Admin\\Admission\\list.php')
 3 SYSTEMPATH\View\View.php(237): CodeIgniter\View\View->CodeIgniter\View\{closure}()
 4 SYSTEMPATH\Common.php(1171): CodeIgniter\View\View->render('/Admin/Admission/list', [], true)
 5 APPPATH\Controllers\AdmissionMaster.php(309): view('/Admin/Admission/list', [...])
 6 SYSTEMPATH\CodeIgniter.php(933): App\Controllers\AdmissionMaster->list()
 7 SYSTEMPATH\CodeIgniter.php(509): CodeIgniter\CodeIgniter->runController(Object(App\Controllers\AdmissionMaster))
 8 SYSTEMPATH\CodeIgniter.php(355): CodeIgniter\CodeIgniter->handleRequest(null, Object(Config\Cache), false)
 9 SYSTEMPATH\Boot.php(325): CodeIgniter\CodeIgniter->run()
10 SYSTEMPATH\Boot.php(67): CodeIgniter\Boot::runCodeIgniter(Object(CodeIgniter\CodeIgniter))
11 FCPATH\index.php(56): CodeIgniter\Boot::bootWeb(Object(Config\Paths))
WARNING - 2025-02-11 08:02:47 --> [DEPRECATED] strtotime(): Passing null to parameter #1 ($datetime) of type string is deprecated in APPPATH\Views\Admin\Admission\list.php on line 101.
 1 APPPATH\Views\Admin\Admission\list.php(101): strtotime(null)
 2 SYSTEMPATH\View\View.php(234): include('C:\\xampp\\htdocs\\Wolfox\\app\\Views\\Admin\\Admission\\list.php')
 3 SYSTEMPATH\View\View.php(237): CodeIgniter\View\View->CodeIgniter\View\{closure}()
 4 SYSTEMPATH\Common.php(1171): CodeIgniter\View\View->render('/Admin/Admission/list', [], true)
 5 APPPATH\Controllers\AdmissionMaster.php(309): view('/Admin/Admission/list', [...])
 6 SYSTEMPATH\CodeIgniter.php(933): App\Controllers\AdmissionMaster->list()
 7 SYSTEMPATH\CodeIgniter.php(509): CodeIgniter\CodeIgniter->runController(Object(App\Controllers\AdmissionMaster))
 8 SYSTEMPATH\CodeIgniter.php(355): CodeIgniter\CodeIgniter->handleRequest(null, Object(Config\Cache), false)
 9 SYSTEMPATH\Boot.php(325): CodeIgniter\CodeIgniter->run()
10 SYSTEMPATH\Boot.php(67): CodeIgniter\Boot::runCodeIgniter(Object(CodeIgniter\CodeIgniter))
11 FCPATH\index.php(56): CodeIgniter\Boot::bootWeb(Object(Config\Paths))
WARNING - 2025-02-11 08:02:47 --> [DEPRECATED] strtotime(): Passing null to parameter #1 ($datetime) of type string is deprecated in APPPATH\Views\Admin\Admission\list.php on line 101.
 1 APPPATH\Views\Admin\Admission\list.php(101): strtotime(null)
 2 SYSTEMPATH\View\View.php(234): include('C:\\xampp\\htdocs\\Wolfox\\app\\Views\\Admin\\Admission\\list.php')
 3 SYSTEMPATH\View\View.php(237): CodeIgniter\View\View->CodeIgniter\View\{closure}()
 4 SYSTEMPATH\Common.php(1171): CodeIgniter\View\View->render('/Admin/Admission/list', [], true)
 5 APPPATH\Controllers\AdmissionMaster.php(309): view('/Admin/Admission/list', [...])
 6 SYSTEMPATH\CodeIgniter.php(933): App\Controllers\AdmissionMaster->list()
 7 SYSTEMPATH\CodeIgniter.php(509): CodeIgniter\CodeIgniter->runController(Object(App\Controllers\AdmissionMaster))
 8 SYSTEMPATH\CodeIgniter.php(355): CodeIgniter\CodeIgniter->handleRequest(null, Object(Config\Cache), false)
 9 SYSTEMPATH\Boot.php(325): CodeIgniter\CodeIgniter->run()
10 SYSTEMPATH\Boot.php(67): CodeIgniter\Boot::runCodeIgniter(Object(CodeIgniter\CodeIgniter))
11 FCPATH\index.php(56): CodeIgniter\Boot::bootWeb(Object(Config\Paths))
CRITICAL - 2025-02-11 08:08:39 --> TypeError: Unsupported operand types: string / int
[Method: GET, Route: Admin/Admission/List]
in APPPATH\Views\Admin\Admission\list.php on line 77.
 1 SYSTEMPATH\View\View.php(234): include()
 2 SYSTEMPATH\View\View.php(237): CodeIgniter\View\View->CodeIgniter\View\{closure}()
 3 SYSTEMPATH\Common.php(1171): CodeIgniter\View\View->render('/Admin/Admission/list', [], true)
 4 APPPATH\Controllers\AdmissionMaster.php(309): view('/Admin/Admission/list', [...])
 5 SYSTEMPATH\CodeIgniter.php(933): App\Controllers\AdmissionMaster->list()
 6 SYSTEMPATH\CodeIgniter.php(509): CodeIgniter\CodeIgniter->runController(Object(App\Controllers\AdmissionMaster))
 7 SYSTEMPATH\CodeIgniter.php(355): CodeIgniter\CodeIgniter->handleRequest(null, Object(Config\Cache), false)
 8 SYSTEMPATH\Boot.php(325): CodeIgniter\CodeIgniter->run()
 9 SYSTEMPATH\Boot.php(67): CodeIgniter\Boot::runCodeIgniter(Object(CodeIgniter\CodeIgniter))
10 FCPATH\index.php(56): CodeIgniter\Boot::bootWeb(Object(Config\Paths))
WARNING - 2025-02-11 08:09:11 --> [DEPRECATED] strtotime(): Passing null to parameter #1 ($datetime) of type string is deprecated in APPPATH\Views\Admin\Admission\list.php on line 102.
 1 APPPATH\Views\Admin\Admission\list.php(102): strtotime(null)
 2 SYSTEMPATH\View\View.php(234): include('C:\\xampp\\htdocs\\Wolfox\\app\\Views\\Admin\\Admission\\list.php')
 3 SYSTEMPATH\View\View.php(237): CodeIgniter\View\View->CodeIgniter\View\{closure}()
 4 SYSTEMPATH\Common.php(1171): CodeIgniter\View\View->render('/Admin/Admission/list', [], true)
 5 APPPATH\Controllers\AdmissionMaster.php(309): view('/Admin/Admission/list', [...])
 6 SYSTEMPATH\CodeIgniter.php(933): App\Controllers\AdmissionMaster->list()
 7 SYSTEMPATH\CodeIgniter.php(509): CodeIgniter\CodeIgniter->runController(Object(App\Controllers\AdmissionMaster))
 8 SYSTEMPATH\CodeIgniter.php(355): CodeIgniter\CodeIgniter->handleRequest(null, Object(Config\Cache), false)
 9 SYSTEMPATH\Boot.php(325): CodeIgniter\CodeIgniter->run()
10 SYSTEMPATH\Boot.php(67): CodeIgniter\Boot::runCodeIgniter(Object(CodeIgniter\CodeIgniter))
11 FCPATH\index.php(56): CodeIgniter\Boot::bootWeb(Object(Config\Paths))
WARNING - 2025-02-11 08:09:11 --> [DEPRECATED] strtotime(): Passing null to parameter #1 ($datetime) of type string is deprecated in APPPATH\Views\Admin\Admission\list.php on line 102.
 1 APPPATH\Views\Admin\Admission\list.php(102): strtotime(null)
 2 SYSTEMPATH\View\View.php(234): include('C:\\xampp\\htdocs\\Wolfox\\app\\Views\\Admin\\Admission\\list.php')
 3 SYSTEMPATH\View\View.php(237): CodeIgniter\View\View->CodeIgniter\View\{closure}()
 4 SYSTEMPATH\Common.php(1171): CodeIgniter\View\View->render('/Admin/Admission/list', [], true)
 5 APPPATH\Controllers\AdmissionMaster.php(309): view('/Admin/Admission/list', [...])
 6 SYSTEMPATH\CodeIgniter.php(933): App\Controllers\AdmissionMaster->list()
 7 SYSTEMPATH\CodeIgniter.php(509): CodeIgniter\CodeIgniter->runController(Object(App\Controllers\AdmissionMaster))
 8 SYSTEMPATH\CodeIgniter.php(355): CodeIgniter\CodeIgniter->handleRequest(null, Object(Config\Cache), false)
 9 SYSTEMPATH\Boot.php(325): CodeIgniter\CodeIgniter->run()
10 SYSTEMPATH\Boot.php(67): CodeIgniter\Boot::runCodeIgniter(Object(CodeIgniter\CodeIgniter))
11 FCPATH\index.php(56): CodeIgniter\Boot::bootWeb(Object(Config\Paths))
WARNING - 2025-02-11 08:09:11 --> [DEPRECATED] strtotime(): Passing null to parameter #1 ($datetime) of type string is deprecated in APPPATH\Views\Admin\Admission\list.php on line 102.
 1 APPPATH\Views\Admin\Admission\list.php(102): strtotime(null)
 2 SYSTEMPATH\View\View.php(234): include('C:\\xampp\\htdocs\\Wolfox\\app\\Views\\Admin\\Admission\\list.php')
 3 SYSTEMPATH\View\View.php(237): CodeIgniter\View\View->CodeIgniter\View\{closure}()
 4 SYSTEMPATH\Common.php(1171): CodeIgniter\View\View->render('/Admin/Admission/list', [], true)
 5 APPPATH\Controllers\AdmissionMaster.php(309): view('/Admin/Admission/list', [...])
 6 SYSTEMPATH\CodeIgniter.php(933): App\Controllers\AdmissionMaster->list()
 7 SYSTEMPATH\CodeIgniter.php(509): CodeIgniter\CodeIgniter->runController(Object(App\Controllers\AdmissionMaster))
 8 SYSTEMPATH\CodeIgniter.php(355): CodeIgniter\CodeIgniter->handleRequest(null, Object(Config\Cache), false)
 9 SYSTEMPATH\Boot.php(325): CodeIgniter\CodeIgniter->run()
10 SYSTEMPATH\Boot.php(67): CodeIgniter\Boot::runCodeIgniter(Object(CodeIgniter\CodeIgniter))
11 FCPATH\index.php(56): CodeIgniter\Boot::bootWeb(Object(Config\Paths))
WARNING - 2025-02-11 08:09:11 --> [DEPRECATED] strtotime(): Passing null to parameter #1 ($datetime) of type string is deprecated in APPPATH\Views\Admin\Admission\list.php on line 102.
 1 APPPATH\Views\Admin\Admission\list.php(102): strtotime(null)
 2 SYSTEMPATH\View\View.php(234): include('C:\\xampp\\htdocs\\Wolfox\\app\\Views\\Admin\\Admission\\list.php')
 3 SYSTEMPATH\View\View.php(237): CodeIgniter\View\View->CodeIgniter\View\{closure}()
 4 SYSTEMPATH\Common.php(1171): CodeIgniter\View\View->render('/Admin/Admission/list', [], true)
 5 APPPATH\Controllers\AdmissionMaster.php(309): view('/Admin/Admission/list', [...])
 6 SYSTEMPATH\CodeIgniter.php(933): App\Controllers\AdmissionMaster->list()
 7 SYSTEMPATH\CodeIgniter.php(509): CodeIgniter\CodeIgniter->runController(Object(App\Controllers\AdmissionMaster))
 8 SYSTEMPATH\CodeIgniter.php(355): CodeIgniter\CodeIgniter->handleRequest(null, Object(Config\Cache), false)
 9 SYSTEMPATH\Boot.php(325): CodeIgniter\CodeIgniter->run()
10 SYSTEMPATH\Boot.php(67): CodeIgniter\Boot::runCodeIgniter(Object(CodeIgniter\CodeIgniter))
11 FCPATH\index.php(56): CodeIgniter\Boot::bootWeb(Object(Config\Paths))
WARNING - 2025-02-11 08:09:11 --> [DEPRECATED] strtotime(): Passing null to parameter #1 ($datetime) of type string is deprecated in APPPATH\Views\Admin\Admission\list.php on line 102.
 1 APPPATH\Views\Admin\Admission\list.php(102): strtotime(null)
 2 SYSTEMPATH\View\View.php(234): include('C:\\xampp\\htdocs\\Wolfox\\app\\Views\\Admin\\Admission\\list.php')
 3 SYSTEMPATH\View\View.php(237): CodeIgniter\View\View->CodeIgniter\View\{closure}()
 4 SYSTEMPATH\Common.php(1171): CodeIgniter\View\View->render('/Admin/Admission/list', [], true)
 5 APPPATH\Controllers\AdmissionMaster.php(309): view('/Admin/Admission/list', [...])
 6 SYSTEMPATH\CodeIgniter.php(933): App\Controllers\AdmissionMaster->list()
 7 SYSTEMPATH\CodeIgniter.php(509): CodeIgniter\CodeIgniter->runController(Object(App\Controllers\AdmissionMaster))
 8 SYSTEMPATH\CodeIgniter.php(355): CodeIgniter\CodeIgniter->handleRequest(null, Object(Config\Cache), false)
 9 SYSTEMPATH\Boot.php(325): CodeIgniter\CodeIgniter->run()
10 SYSTEMPATH\Boot.php(67): CodeIgniter\Boot::runCodeIgniter(Object(CodeIgniter\CodeIgniter))
11 FCPATH\index.php(56): CodeIgniter\Boot::bootWeb(Object(Config\Paths))
WARNING - 2025-02-11 08:09:11 --> [DEPRECATED] strtotime(): Passing null to parameter #1 ($datetime) of type string is deprecated in APPPATH\Views\Admin\Admission\list.php on line 102.
 1 APPPATH\Views\Admin\Admission\list.php(102): strtotime(null)
 2 SYSTEMPATH\View\View.php(234): include('C:\\xampp\\htdocs\\Wolfox\\app\\Views\\Admin\\Admission\\list.php')
 3 SYSTEMPATH\View\View.php(237): CodeIgniter\View\View->CodeIgniter\View\{closure}()
 4 SYSTEMPATH\Common.php(1171): CodeIgniter\View\View->render('/Admin/Admission/list', [], true)
 5 APPPATH\Controllers\AdmissionMaster.php(309): view('/Admin/Admission/list', [...])
 6 SYSTEMPATH\CodeIgniter.php(933): App\Controllers\AdmissionMaster->list()
 7 SYSTEMPATH\CodeIgniter.php(509): CodeIgniter\CodeIgniter->runController(Object(App\Controllers\AdmissionMaster))
 8 SYSTEMPATH\CodeIgniter.php(355): CodeIgniter\CodeIgniter->handleRequest(null, Object(Config\Cache), false)
 9 SYSTEMPATH\Boot.php(325): CodeIgniter\CodeIgniter->run()
10 SYSTEMPATH\Boot.php(67): CodeIgniter\Boot::runCodeIgniter(Object(CodeIgniter\CodeIgniter))
11 FCPATH\index.php(56): CodeIgniter\Boot::bootWeb(Object(Config\Paths))
WARNING - 2025-02-11 08:09:11 --> [DEPRECATED] strtotime(): Passing null to parameter #1 ($datetime) of type string is deprecated in APPPATH\Views\Admin\Admission\list.php on line 102.
 1 APPPATH\Views\Admin\Admission\list.php(102): strtotime(null)
 2 SYSTEMPATH\View\View.php(234): include('C:\\xampp\\htdocs\\Wolfox\\app\\Views\\Admin\\Admission\\list.php')
 3 SYSTEMPATH\View\View.php(237): CodeIgniter\View\View->CodeIgniter\View\{closure}()
 4 SYSTEMPATH\Common.php(1171): CodeIgniter\View\View->render('/Admin/Admission/list', [], true)
 5 APPPATH\Controllers\AdmissionMaster.php(309): view('/Admin/Admission/list', [...])
 6 SYSTEMPATH\CodeIgniter.php(933): App\Controllers\AdmissionMaster->list()
 7 SYSTEMPATH\CodeIgniter.php(509): CodeIgniter\CodeIgniter->runController(Object(App\Controllers\AdmissionMaster))
 8 SYSTEMPATH\CodeIgniter.php(355): CodeIgniter\CodeIgniter->handleRequest(null, Object(Config\Cache), false)
 9 SYSTEMPATH\Boot.php(325): CodeIgniter\CodeIgniter->run()
10 SYSTEMPATH\Boot.php(67): CodeIgniter\Boot::runCodeIgniter(Object(CodeIgniter\CodeIgniter))
11 FCPATH\index.php(56): CodeIgniter\Boot::bootWeb(Object(Config\Paths))
WARNING - 2025-02-11 08:09:11 --> [DEPRECATED] strtotime(): Passing null to parameter #1 ($datetime) of type string is deprecated in APPPATH\Views\Admin\Admission\list.php on line 102.
 1 APPPATH\Views\Admin\Admission\list.php(102): strtotime(null)
 2 SYSTEMPATH\View\View.php(234): include('C:\\xampp\\htdocs\\Wolfox\\app\\Views\\Admin\\Admission\\list.php')
 3 SYSTEMPATH\View\View.php(237): CodeIgniter\View\View->CodeIgniter\View\{closure}()
 4 SYSTEMPATH\Common.php(1171): CodeIgniter\View\View->render('/Admin/Admission/list', [], true)
 5 APPPATH\Controllers\AdmissionMaster.php(309): view('/Admin/Admission/list', [...])
 6 SYSTEMPATH\CodeIgniter.php(933): App\Controllers\AdmissionMaster->list()
 7 SYSTEMPATH\CodeIgniter.php(509): CodeIgniter\CodeIgniter->runController(Object(App\Controllers\AdmissionMaster))
 8 SYSTEMPATH\CodeIgniter.php(355): CodeIgniter\CodeIgniter->handleRequest(null, Object(Config\Cache), false)
 9 SYSTEMPATH\Boot.php(325): CodeIgniter\CodeIgniter->run()
10 SYSTEMPATH\Boot.php(67): CodeIgniter\Boot::runCodeIgniter(Object(CodeIgniter\CodeIgniter))
11 FCPATH\index.php(56): CodeIgniter\Boot::bootWeb(Object(Config\Paths))
WARNING - 2025-02-11 08:09:11 --> [DEPRECATED] strtotime(): Passing null to parameter #1 ($datetime) of type string is deprecated in APPPATH\Views\Admin\Admission\list.php on line 102.
 1 APPPATH\Views\Admin\Admission\list.php(102): strtotime(null)
 2 SYSTEMPATH\View\View.php(234): include('C:\\xampp\\htdocs\\Wolfox\\app\\Views\\Admin\\Admission\\list.php')
 3 SYSTEMPATH\View\View.php(237): CodeIgniter\View\View->CodeIgniter\View\{closure}()
 4 SYSTEMPATH\Common.php(1171): CodeIgniter\View\View->render('/Admin/Admission/list', [], true)
 5 APPPATH\Controllers\AdmissionMaster.php(309): view('/Admin/Admission/list', [...])
 6 SYSTEMPATH\CodeIgniter.php(933): App\Controllers\AdmissionMaster->list()
 7 SYSTEMPATH\CodeIgniter.php(509): CodeIgniter\CodeIgniter->runController(Object(App\Controllers\AdmissionMaster))
 8 SYSTEMPATH\CodeIgniter.php(355): CodeIgniter\CodeIgniter->handleRequest(null, Object(Config\Cache), false)
 9 SYSTEMPATH\Boot.php(325): CodeIgniter\CodeIgniter->run()
10 SYSTEMPATH\Boot.php(67): CodeIgniter\Boot::runCodeIgniter(Object(CodeIgniter\CodeIgniter))
11 FCPATH\index.php(56): CodeIgniter\Boot::bootWeb(Object(Config\Paths))
WARNING - 2025-02-11 08:09:11 --> [DEPRECATED] strtotime(): Passing null to parameter #1 ($datetime) of type string is deprecated in APPPATH\Views\Admin\Admission\list.php on line 102.
 1 APPPATH\Views\Admin\Admission\list.php(102): strtotime(null)
 2 SYSTEMPATH\View\View.php(234): include('C:\\xampp\\htdocs\\Wolfox\\app\\Views\\Admin\\Admission\\list.php')
 3 SYSTEMPATH\View\View.php(237): CodeIgniter\View\View->CodeIgniter\View\{closure}()
 4 SYSTEMPATH\Common.php(1171): CodeIgniter\View\View->render('/Admin/Admission/list', [], true)
 5 APPPATH\Controllers\AdmissionMaster.php(309): view('/Admin/Admission/list', [...])
 6 SYSTEMPATH\CodeIgniter.php(933): App\Controllers\AdmissionMaster->list()
 7 SYSTEMPATH\CodeIgniter.php(509): CodeIgniter\CodeIgniter->runController(Object(App\Controllers\AdmissionMaster))
 8 SYSTEMPATH\CodeIgniter.php(355): CodeIgniter\CodeIgniter->handleRequest(null, Object(Config\Cache), false)
 9 SYSTEMPATH\Boot.php(325): CodeIgniter\CodeIgniter->run()
10 SYSTEMPATH\Boot.php(67): CodeIgniter\Boot::runCodeIgniter(Object(CodeIgniter\CodeIgniter))
11 FCPATH\index.php(56): CodeIgniter\Boot::bootWeb(Object(Config\Paths))
WARNING - 2025-02-11 08:09:11 --> [DEPRECATED] strtotime(): Passing null to parameter #1 ($datetime) of type string is deprecated in APPPATH\Views\Admin\Admission\list.php on line 102.
 1 APPPATH\Views\Admin\Admission\list.php(102): strtotime(null)
 2 SYSTEMPATH\View\View.php(234): include('C:\\xampp\\htdocs\\Wolfox\\app\\Views\\Admin\\Admission\\list.php')
 3 SYSTEMPATH\View\View.php(237): CodeIgniter\View\View->CodeIgniter\View\{closure}()
 4 SYSTEMPATH\Common.php(1171): CodeIgniter\View\View->render('/Admin/Admission/list', [], true)
 5 APPPATH\Controllers\AdmissionMaster.php(309): view('/Admin/Admission/list', [...])
 6 SYSTEMPATH\CodeIgniter.php(933): App\Controllers\AdmissionMaster->list()
 7 SYSTEMPATH\CodeIgniter.php(509): CodeIgniter\CodeIgniter->runController(Object(App\Controllers\AdmissionMaster))
 8 SYSTEMPATH\CodeIgniter.php(355): CodeIgniter\CodeIgniter->handleRequest(null, Object(Config\Cache), false)
 9 SYSTEMPATH\Boot.php(325): CodeIgniter\CodeIgniter->run()
10 SYSTEMPATH\Boot.php(67): CodeIgniter\Boot::runCodeIgniter(Object(CodeIgniter\CodeIgniter))
11 FCPATH\index.php(56): CodeIgniter\Boot::bootWeb(Object(Config\Paths))
WARNING - 2025-02-11 08:09:11 --> [DEPRECATED] strtotime(): Passing null to parameter #1 ($datetime) of type string is deprecated in APPPATH\Views\Admin\Admission\list.php on line 102.
 1 APPPATH\Views\Admin\Admission\list.php(102): strtotime(null)
 2 SYSTEMPATH\View\View.php(234): include('C:\\xampp\\htdocs\\Wolfox\\app\\Views\\Admin\\Admission\\list.php')
 3 SYSTEMPATH\View\View.php(237): CodeIgniter\View\View->CodeIgniter\View\{closure}()
 4 SYSTEMPATH\Common.php(1171): CodeIgniter\View\View->render('/Admin/Admission/list', [], true)
 5 APPPATH\Controllers\AdmissionMaster.php(309): view('/Admin/Admission/list', [...])
 6 SYSTEMPATH\CodeIgniter.php(933): App\Controllers\AdmissionMaster->list()
 7 SYSTEMPATH\CodeIgniter.php(509): CodeIgniter\CodeIgniter->runController(Object(App\Controllers\AdmissionMaster))
 8 SYSTEMPATH\CodeIgniter.php(355): CodeIgniter\CodeIgniter->handleRequest(null, Object(Config\Cache), false)
 9 SYSTEMPATH\Boot.php(325): CodeIgniter\CodeIgniter->run()
10 SYSTEMPATH\Boot.php(67): CodeIgniter\Boot::runCodeIgniter(Object(CodeIgniter\CodeIgniter))
11 FCPATH\index.php(56): CodeIgniter\Boot::bootWeb(Object(Config\Paths))
WARNING - 2025-02-11 08:13:39 --> [DEPRECATED] strtotime(): Passing null to parameter #1 ($datetime) of type string is deprecated in APPPATH\Views\Admin\Admission\list.php on line 102.
 1 APPPATH\Views\Admin\Admission\list.php(102): strtotime(null)
 2 SYSTEMPATH\View\View.php(234): include('C:\\xampp\\htdocs\\Wolfox\\app\\Views\\Admin\\Admission\\list.php')
 3 SYSTEMPATH\View\View.php(237): CodeIgniter\View\View->CodeIgniter\View\{closure}()
 4 SYSTEMPATH\Common.php(1171): CodeIgniter\View\View->render('/Admin/Admission/list', [], true)
 5 APPPATH\Controllers\AdmissionMaster.php(309): view('/Admin/Admission/list', [...])
 6 SYSTEMPATH\CodeIgniter.php(933): App\Controllers\AdmissionMaster->list()
 7 SYSTEMPATH\CodeIgniter.php(509): CodeIgniter\CodeIgniter->runController(Object(App\Controllers\AdmissionMaster))
 8 SYSTEMPATH\CodeIgniter.php(355): CodeIgniter\CodeIgniter->handleRequest(null, Object(Config\Cache), false)
 9 SYSTEMPATH\Boot.php(325): CodeIgniter\CodeIgniter->run()
10 SYSTEMPATH\Boot.php(67): CodeIgniter\Boot::runCodeIgniter(Object(CodeIgniter\CodeIgniter))
11 FCPATH\index.php(56): CodeIgniter\Boot::bootWeb(Object(Config\Paths))
WARNING - 2025-02-11 08:13:39 --> [DEPRECATED] strtotime(): Passing null to parameter #1 ($datetime) of type string is deprecated in APPPATH\Views\Admin\Admission\list.php on line 102.
 1 APPPATH\Views\Admin\Admission\list.php(102): strtotime(null)
 2 SYSTEMPATH\View\View.php(234): include('C:\\xampp\\htdocs\\Wolfox\\app\\Views\\Admin\\Admission\\list.php')
 3 SYSTEMPATH\View\View.php(237): CodeIgniter\View\View->CodeIgniter\View\{closure}()
 4 SYSTEMPATH\Common.php(1171): CodeIgniter\View\View->render('/Admin/Admission/list', [], true)
 5 APPPATH\Controllers\AdmissionMaster.php(309): view('/Admin/Admission/list', [...])
 6 SYSTEMPATH\CodeIgniter.php(933): App\Controllers\AdmissionMaster->list()
 7 SYSTEMPATH\CodeIgniter.php(509): CodeIgniter\CodeIgniter->runController(Object(App\Controllers\AdmissionMaster))
 8 SYSTEMPATH\CodeIgniter.php(355): CodeIgniter\CodeIgniter->handleRequest(null, Object(Config\Cache), false)
 9 SYSTEMPATH\Boot.php(325): CodeIgniter\CodeIgniter->run()
10 SYSTEMPATH\Boot.php(67): CodeIgniter\Boot::runCodeIgniter(Object(CodeIgniter\CodeIgniter))
11 FCPATH\index.php(56): CodeIgniter\Boot::bootWeb(Object(Config\Paths))
WARNING - 2025-02-11 08:13:39 --> [DEPRECATED] strtotime(): Passing null to parameter #1 ($datetime) of type string is deprecated in APPPATH\Views\Admin\Admission\list.php on line 102.
 1 APPPATH\Views\Admin\Admission\list.php(102): strtotime(null)
 2 SYSTEMPATH\View\View.php(234): include('C:\\xampp\\htdocs\\Wolfox\\app\\Views\\Admin\\Admission\\list.php')
 3 SYSTEMPATH\View\View.php(237): CodeIgniter\View\View->CodeIgniter\View\{closure}()
 4 SYSTEMPATH\Common.php(1171): CodeIgniter\View\View->render('/Admin/Admission/list', [], true)
 5 APPPATH\Controllers\AdmissionMaster.php(309): view('/Admin/Admission/list', [...])
 6 SYSTEMPATH\CodeIgniter.php(933): App\Controllers\AdmissionMaster->list()
 7 SYSTEMPATH\CodeIgniter.php(509): CodeIgniter\CodeIgniter->runController(Object(App\Controllers\AdmissionMaster))
 8 SYSTEMPATH\CodeIgniter.php(355): CodeIgniter\CodeIgniter->handleRequest(null, Object(Config\Cache), false)
 9 SYSTEMPATH\Boot.php(325): CodeIgniter\CodeIgniter->run()
10 SYSTEMPATH\Boot.php(67): CodeIgniter\Boot::runCodeIgniter(Object(CodeIgniter\CodeIgniter))
11 FCPATH\index.php(56): CodeIgniter\Boot::bootWeb(Object(Config\Paths))
WARNING - 2025-02-11 08:13:39 --> [DEPRECATED] strtotime(): Passing null to parameter #1 ($datetime) of type string is deprecated in APPPATH\Views\Admin\Admission\list.php on line 102.
 1 APPPATH\Views\Admin\Admission\list.php(102): strtotime(null)
 2 SYSTEMPATH\View\View.php(234): include('C:\\xampp\\htdocs\\Wolfox\\app\\Views\\Admin\\Admission\\list.php')
 3 SYSTEMPATH\View\View.php(237): CodeIgniter\View\View->CodeIgniter\View\{closure}()
 4 SYSTEMPATH\Common.php(1171): CodeIgniter\View\View->render('/Admin/Admission/list', [], true)
 5 APPPATH\Controllers\AdmissionMaster.php(309): view('/Admin/Admission/list', [...])
 6 SYSTEMPATH\CodeIgniter.php(933): App\Controllers\AdmissionMaster->list()
 7 SYSTEMPATH\CodeIgniter.php(509): CodeIgniter\CodeIgniter->runController(Object(App\Controllers\AdmissionMaster))
 8 SYSTEMPATH\CodeIgniter.php(355): CodeIgniter\CodeIgniter->handleRequest(null, Object(Config\Cache), false)
 9 SYSTEMPATH\Boot.php(325): CodeIgniter\CodeIgniter->run()
10 SYSTEMPATH\Boot.php(67): CodeIgniter\Boot::runCodeIgniter(Object(CodeIgniter\CodeIgniter))
11 FCPATH\index.php(56): CodeIgniter\Boot::bootWeb(Object(Config\Paths))
WARNING - 2025-02-11 08:13:39 --> [DEPRECATED] strtotime(): Passing null to parameter #1 ($datetime) of type string is deprecated in APPPATH\Views\Admin\Admission\list.php on line 102.
 1 APPPATH\Views\Admin\Admission\list.php(102): strtotime(null)
 2 SYSTEMPATH\View\View.php(234): include('C:\\xampp\\htdocs\\Wolfox\\app\\Views\\Admin\\Admission\\list.php')
 3 SYSTEMPATH\View\View.php(237): CodeIgniter\View\View->CodeIgniter\View\{closure}()
 4 SYSTEMPATH\Common.php(1171): CodeIgniter\View\View->render('/Admin/Admission/list', [], true)
 5 APPPATH\Controllers\AdmissionMaster.php(309): view('/Admin/Admission/list', [...])
 6 SYSTEMPATH\CodeIgniter.php(933): App\Controllers\AdmissionMaster->list()
 7 SYSTEMPATH\CodeIgniter.php(509): CodeIgniter\CodeIgniter->runController(Object(App\Controllers\AdmissionMaster))
 8 SYSTEMPATH\CodeIgniter.php(355): CodeIgniter\CodeIgniter->handleRequest(null, Object(Config\Cache), false)
 9 SYSTEMPATH\Boot.php(325): CodeIgniter\CodeIgniter->run()
10 SYSTEMPATH\Boot.php(67): CodeIgniter\Boot::runCodeIgniter(Object(CodeIgniter\CodeIgniter))
11 FCPATH\index.php(56): CodeIgniter\Boot::bootWeb(Object(Config\Paths))
WARNING - 2025-02-11 08:13:39 --> [DEPRECATED] strtotime(): Passing null to parameter #1 ($datetime) of type string is deprecated in APPPATH\Views\Admin\Admission\list.php on line 102.
 1 APPPATH\Views\Admin\Admission\list.php(102): strtotime(null)
 2 SYSTEMPATH\View\View.php(234): include('C:\\xampp\\htdocs\\Wolfox\\app\\Views\\Admin\\Admission\\list.php')
 3 SYSTEMPATH\View\View.php(237): CodeIgniter\View\View->CodeIgniter\View\{closure}()
 4 SYSTEMPATH\Common.php(1171): CodeIgniter\View\View->render('/Admin/Admission/list', [], true)
 5 APPPATH\Controllers\AdmissionMaster.php(309): view('/Admin/Admission/list', [...])
 6 SYSTEMPATH\CodeIgniter.php(933): App\Controllers\AdmissionMaster->list()
 7 SYSTEMPATH\CodeIgniter.php(509): CodeIgniter\CodeIgniter->runController(Object(App\Controllers\AdmissionMaster))
 8 SYSTEMPATH\CodeIgniter.php(355): CodeIgniter\CodeIgniter->handleRequest(null, Object(Config\Cache), false)
 9 SYSTEMPATH\Boot.php(325): CodeIgniter\CodeIgniter->run()
10 SYSTEMPATH\Boot.php(67): CodeIgniter\Boot::runCodeIgniter(Object(CodeIgniter\CodeIgniter))
11 FCPATH\index.php(56): CodeIgniter\Boot::bootWeb(Object(Config\Paths))
WARNING - 2025-02-11 08:13:39 --> [DEPRECATED] strtotime(): Passing null to parameter #1 ($datetime) of type string is deprecated in APPPATH\Views\Admin\Admission\list.php on line 102.
 1 APPPATH\Views\Admin\Admission\list.php(102): strtotime(null)
 2 SYSTEMPATH\View\View.php(234): include('C:\\xampp\\htdocs\\Wolfox\\app\\Views\\Admin\\Admission\\list.php')
 3 SYSTEMPATH\View\View.php(237): CodeIgniter\View\View->CodeIgniter\View\{closure}()
 4 SYSTEMPATH\Common.php(1171): CodeIgniter\View\View->render('/Admin/Admission/list', [], true)
 5 APPPATH\Controllers\AdmissionMaster.php(309): view('/Admin/Admission/list', [...])
 6 SYSTEMPATH\CodeIgniter.php(933): App\Controllers\AdmissionMaster->list()
 7 SYSTEMPATH\CodeIgniter.php(509): CodeIgniter\CodeIgniter->runController(Object(App\Controllers\AdmissionMaster))
 8 SYSTEMPATH\CodeIgniter.php(355): CodeIgniter\CodeIgniter->handleRequest(null, Object(Config\Cache), false)
 9 SYSTEMPATH\Boot.php(325): CodeIgniter\CodeIgniter->run()
10 SYSTEMPATH\Boot.php(67): CodeIgniter\Boot::runCodeIgniter(Object(CodeIgniter\CodeIgniter))
11 FCPATH\index.php(56): CodeIgniter\Boot::bootWeb(Object(Config\Paths))
WARNING - 2025-02-11 08:13:39 --> [DEPRECATED] strtotime(): Passing null to parameter #1 ($datetime) of type string is deprecated in APPPATH\Views\Admin\Admission\list.php on line 102.
 1 APPPATH\Views\Admin\Admission\list.php(102): strtotime(null)
 2 SYSTEMPATH\View\View.php(234): include('C:\\xampp\\htdocs\\Wolfox\\app\\Views\\Admin\\Admission\\list.php')
 3 SYSTEMPATH\View\View.php(237): CodeIgniter\View\View->CodeIgniter\View\{closure}()
 4 SYSTEMPATH\Common.php(1171): CodeIgniter\View\View->render('/Admin/Admission/list', [], true)
 5 APPPATH\Controllers\AdmissionMaster.php(309): view('/Admin/Admission/list', [...])
 6 SYSTEMPATH\CodeIgniter.php(933): App\Controllers\AdmissionMaster->list()
 7 SYSTEMPATH\CodeIgniter.php(509): CodeIgniter\CodeIgniter->runController(Object(App\Controllers\AdmissionMaster))
 8 SYSTEMPATH\CodeIgniter.php(355): CodeIgniter\CodeIgniter->handleRequest(null, Object(Config\Cache), false)
 9 SYSTEMPATH\Boot.php(325): CodeIgniter\CodeIgniter->run()
10 SYSTEMPATH\Boot.php(67): CodeIgniter\Boot::runCodeIgniter(Object(CodeIgniter\CodeIgniter))
11 FCPATH\index.php(56): CodeIgniter\Boot::bootWeb(Object(Config\Paths))
WARNING - 2025-02-11 08:13:39 --> [DEPRECATED] strtotime(): Passing null to parameter #1 ($datetime) of type string is deprecated in APPPATH\Views\Admin\Admission\list.php on line 102.
 1 APPPATH\Views\Admin\Admission\list.php(102): strtotime(null)
 2 SYSTEMPATH\View\View.php(234): include('C:\\xampp\\htdocs\\Wolfox\\app\\Views\\Admin\\Admission\\list.php')
 3 SYSTEMPATH\View\View.php(237): CodeIgniter\View\View->CodeIgniter\View\{closure}()
 4 SYSTEMPATH\Common.php(1171): CodeIgniter\View\View->render('/Admin/Admission/list', [], true)
 5 APPPATH\Controllers\AdmissionMaster.php(309): view('/Admin/Admission/list', [...])
 6 SYSTEMPATH\CodeIgniter.php(933): App\Controllers\AdmissionMaster->list()
 7 SYSTEMPATH\CodeIgniter.php(509): CodeIgniter\CodeIgniter->runController(Object(App\Controllers\AdmissionMaster))
 8 SYSTEMPATH\CodeIgniter.php(355): CodeIgniter\CodeIgniter->handleRequest(null, Object(Config\Cache), false)
 9 SYSTEMPATH\Boot.php(325): CodeIgniter\CodeIgniter->run()
10 SYSTEMPATH\Boot.php(67): CodeIgniter\Boot::runCodeIgniter(Object(CodeIgniter\CodeIgniter))
11 FCPATH\index.php(56): CodeIgniter\Boot::bootWeb(Object(Config\Paths))
WARNING - 2025-02-11 08:13:39 --> [DEPRECATED] strtotime(): Passing null to parameter #1 ($datetime) of type string is deprecated in APPPATH\Views\Admin\Admission\list.php on line 102.
 1 APPPATH\Views\Admin\Admission\list.php(102): strtotime(null)
 2 SYSTEMPATH\View\View.php(234): include('C:\\xampp\\htdocs\\Wolfox\\app\\Views\\Admin\\Admission\\list.php')
 3 SYSTEMPATH\View\View.php(237): CodeIgniter\View\View->CodeIgniter\View\{closure}()
 4 SYSTEMPATH\Common.php(1171): CodeIgniter\View\View->render('/Admin/Admission/list', [], true)
 5 APPPATH\Controllers\AdmissionMaster.php(309): view('/Admin/Admission/list', [...])
 6 SYSTEMPATH\CodeIgniter.php(933): App\Controllers\AdmissionMaster->list()
 7 SYSTEMPATH\CodeIgniter.php(509): CodeIgniter\CodeIgniter->runController(Object(App\Controllers\AdmissionMaster))
 8 SYSTEMPATH\CodeIgniter.php(355): CodeIgniter\CodeIgniter->handleRequest(null, Object(Config\Cache), false)
 9 SYSTEMPATH\Boot.php(325): CodeIgniter\CodeIgniter->run()
10 SYSTEMPATH\Boot.php(67): CodeIgniter\Boot::runCodeIgniter(Object(CodeIgniter\CodeIgniter))
11 FCPATH\index.php(56): CodeIgniter\Boot::bootWeb(Object(Config\Paths))
WARNING - 2025-02-11 08:13:39 --> [DEPRECATED] strtotime(): Passing null to parameter #1 ($datetime) of type string is deprecated in APPPATH\Views\Admin\Admission\list.php on line 102.
 1 APPPATH\Views\Admin\Admission\list.php(102): strtotime(null)
 2 SYSTEMPATH\View\View.php(234): include('C:\\xampp\\htdocs\\Wolfox\\app\\Views\\Admin\\Admission\\list.php')
 3 SYSTEMPATH\View\View.php(237): CodeIgniter\View\View->CodeIgniter\View\{closure}()
 4 SYSTEMPATH\Common.php(1171): CodeIgniter\View\View->render('/Admin/Admission/list', [], true)
 5 APPPATH\Controllers\AdmissionMaster.php(309): view('/Admin/Admission/list', [...])
 6 SYSTEMPATH\CodeIgniter.php(933): App\Controllers\AdmissionMaster->list()
 7 SYSTEMPATH\CodeIgniter.php(509): CodeIgniter\CodeIgniter->runController(Object(App\Controllers\AdmissionMaster))
 8 SYSTEMPATH\CodeIgniter.php(355): CodeIgniter\CodeIgniter->handleRequest(null, Object(Config\Cache), false)
 9 SYSTEMPATH\Boot.php(325): CodeIgniter\CodeIgniter->run()
10 SYSTEMPATH\Boot.php(67): CodeIgniter\Boot::runCodeIgniter(Object(CodeIgniter\CodeIgniter))
11 FCPATH\index.php(56): CodeIgniter\Boot::bootWeb(Object(Config\Paths))
WARNING - 2025-02-11 08:13:39 --> [DEPRECATED] strtotime(): Passing null to parameter #1 ($datetime) of type string is deprecated in APPPATH\Views\Admin\Admission\list.php on line 102.
 1 APPPATH\Views\Admin\Admission\list.php(102): strtotime(null)
 2 SYSTEMPATH\View\View.php(234): include('C:\\xampp\\htdocs\\Wolfox\\app\\Views\\Admin\\Admission\\list.php')
 3 SYSTEMPATH\View\View.php(237): CodeIgniter\View\View->CodeIgniter\View\{closure}()
 4 SYSTEMPATH\Common.php(1171): CodeIgniter\View\View->render('/Admin/Admission/list', [], true)
 5 APPPATH\Controllers\AdmissionMaster.php(309): view('/Admin/Admission/list', [...])
 6 SYSTEMPATH\CodeIgniter.php(933): App\Controllers\AdmissionMaster->list()
 7 SYSTEMPATH\CodeIgniter.php(509): CodeIgniter\CodeIgniter->runController(Object(App\Controllers\AdmissionMaster))
 8 SYSTEMPATH\CodeIgniter.php(355): CodeIgniter\CodeIgniter->handleRequest(null, Object(Config\Cache), false)
 9 SYSTEMPATH\Boot.php(325): CodeIgniter\CodeIgniter->run()
10 SYSTEMPATH\Boot.php(67): CodeIgniter\Boot::runCodeIgniter(Object(CodeIgniter\CodeIgniter))
11 FCPATH\index.php(56): CodeIgniter\Boot::bootWeb(Object(Config\Paths))
WARNING - 2025-02-11 08:39:18 --> [DEPRECATED] strtotime(): Passing null to parameter #1 ($datetime) of type string is deprecated in APPPATH\Views\Admin\Admission\list.php on line 103.
 1 APPPATH\Views\Admin\Admission\list.php(103): strtotime(null)
 2 SYSTEMPATH\View\View.php(234): include('C:\\xampp\\htdocs\\Wolfox\\app\\Views\\Admin\\Admission\\list.php')
 3 SYSTEMPATH\View\View.php(237): CodeIgniter\View\View->CodeIgniter\View\{closure}()
 4 SYSTEMPATH\Common.php(1171): CodeIgniter\View\View->render('/Admin/Admission/list', [], true)
 5 APPPATH\Controllers\AdmissionMaster.php(309): view('/Admin/Admission/list', [...])
 6 SYSTEMPATH\CodeIgniter.php(933): App\Controllers\AdmissionMaster->list()
 7 SYSTEMPATH\CodeIgniter.php(509): CodeIgniter\CodeIgniter->runController(Object(App\Controllers\AdmissionMaster))
 8 SYSTEMPATH\CodeIgniter.php(355): CodeIgniter\CodeIgniter->handleRequest(null, Object(Config\Cache), false)
 9 SYSTEMPATH\Boot.php(325): CodeIgniter\CodeIgniter->run()
10 SYSTEMPATH\Boot.php(67): CodeIgniter\Boot::runCodeIgniter(Object(CodeIgniter\CodeIgniter))
11 FCPATH\index.php(56): CodeIgniter\Boot::bootWeb(Object(Config\Paths))
WARNING - 2025-02-11 08:39:18 --> [DEPRECATED] strtotime(): Passing null to parameter #1 ($datetime) of type string is deprecated in APPPATH\Views\Admin\Admission\list.php on line 103.
 1 APPPATH\Views\Admin\Admission\list.php(103): strtotime(null)
 2 SYSTEMPATH\View\View.php(234): include('C:\\xampp\\htdocs\\Wolfox\\app\\Views\\Admin\\Admission\\list.php')
 3 SYSTEMPATH\View\View.php(237): CodeIgniter\View\View->CodeIgniter\View\{closure}()
 4 SYSTEMPATH\Common.php(1171): CodeIgniter\View\View->render('/Admin/Admission/list', [], true)
 5 APPPATH\Controllers\AdmissionMaster.php(309): view('/Admin/Admission/list', [...])
 6 SYSTEMPATH\CodeIgniter.php(933): App\Controllers\AdmissionMaster->list()
 7 SYSTEMPATH\CodeIgniter.php(509): CodeIgniter\CodeIgniter->runController(Object(App\Controllers\AdmissionMaster))
 8 SYSTEMPATH\CodeIgniter.php(355): CodeIgniter\CodeIgniter->handleRequest(null, Object(Config\Cache), false)
 9 SYSTEMPATH\Boot.php(325): CodeIgniter\CodeIgniter->run()
10 SYSTEMPATH\Boot.php(67): CodeIgniter\Boot::runCodeIgniter(Object(CodeIgniter\CodeIgniter))
11 FCPATH\index.php(56): CodeIgniter\Boot::bootWeb(Object(Config\Paths))
WARNING - 2025-02-11 08:39:18 --> [DEPRECATED] strtotime(): Passing null to parameter #1 ($datetime) of type string is deprecated in APPPATH\Views\Admin\Admission\list.php on line 103.
 1 APPPATH\Views\Admin\Admission\list.php(103): strtotime(null)
 2 SYSTEMPATH\View\View.php(234): include('C:\\xampp\\htdocs\\Wolfox\\app\\Views\\Admin\\Admission\\list.php')
 3 SYSTEMPATH\View\View.php(237): CodeIgniter\View\View->CodeIgniter\View\{closure}()
 4 SYSTEMPATH\Common.php(1171): CodeIgniter\View\View->render('/Admin/Admission/list', [], true)
 5 APPPATH\Controllers\AdmissionMaster.php(309): view('/Admin/Admission/list', [...])
 6 SYSTEMPATH\CodeIgniter.php(933): App\Controllers\AdmissionMaster->list()
 7 SYSTEMPATH\CodeIgniter.php(509): CodeIgniter\CodeIgniter->runController(Object(App\Controllers\AdmissionMaster))
 8 SYSTEMPATH\CodeIgniter.php(355): CodeIgniter\CodeIgniter->handleRequest(null, Object(Config\Cache), false)
 9 SYSTEMPATH\Boot.php(325): CodeIgniter\CodeIgniter->run()
10 SYSTEMPATH\Boot.php(67): CodeIgniter\Boot::runCodeIgniter(Object(CodeIgniter\CodeIgniter))
11 FCPATH\index.php(56): CodeIgniter\Boot::bootWeb(Object(Config\Paths))
WARNING - 2025-02-11 08:39:18 --> [DEPRECATED] strtotime(): Passing null to parameter #1 ($datetime) of type string is deprecated in APPPATH\Views\Admin\Admission\list.php on line 103.
 1 APPPATH\Views\Admin\Admission\list.php(103): strtotime(null)
 2 SYSTEMPATH\View\View.php(234): include('C:\\xampp\\htdocs\\Wolfox\\app\\Views\\Admin\\Admission\\list.php')
 3 SYSTEMPATH\View\View.php(237): CodeIgniter\View\View->CodeIgniter\View\{closure}()
 4 SYSTEMPATH\Common.php(1171): CodeIgniter\View\View->render('/Admin/Admission/list', [], true)
 5 APPPATH\Controllers\AdmissionMaster.php(309): view('/Admin/Admission/list', [...])
 6 SYSTEMPATH\CodeIgniter.php(933): App\Controllers\AdmissionMaster->list()
 7 SYSTEMPATH\CodeIgniter.php(509): CodeIgniter\CodeIgniter->runController(Object(App\Controllers\AdmissionMaster))
 8 SYSTEMPATH\CodeIgniter.php(355): CodeIgniter\CodeIgniter->handleRequest(null, Object(Config\Cache), false)
 9 SYSTEMPATH\Boot.php(325): CodeIgniter\CodeIgniter->run()
10 SYSTEMPATH\Boot.php(67): CodeIgniter\Boot::runCodeIgniter(Object(CodeIgniter\CodeIgniter))
11 FCPATH\index.php(56): CodeIgniter\Boot::bootWeb(Object(Config\Paths))
WARNING - 2025-02-11 08:39:18 --> [DEPRECATED] strtotime(): Passing null to parameter #1 ($datetime) of type string is deprecated in APPPATH\Views\Admin\Admission\list.php on line 103.
 1 APPPATH\Views\Admin\Admission\list.php(103): strtotime(null)
 2 SYSTEMPATH\View\View.php(234): include('C:\\xampp\\htdocs\\Wolfox\\app\\Views\\Admin\\Admission\\list.php')
 3 SYSTEMPATH\View\View.php(237): CodeIgniter\View\View->CodeIgniter\View\{closure}()
 4 SYSTEMPATH\Common.php(1171): CodeIgniter\View\View->render('/Admin/Admission/list', [], true)
 5 APPPATH\Controllers\AdmissionMaster.php(309): view('/Admin/Admission/list', [...])
 6 SYSTEMPATH\CodeIgniter.php(933): App\Controllers\AdmissionMaster->list()
 7 SYSTEMPATH\CodeIgniter.php(509): CodeIgniter\CodeIgniter->runController(Object(App\Controllers\AdmissionMaster))
 8 SYSTEMPATH\CodeIgniter.php(355): CodeIgniter\CodeIgniter->handleRequest(null, Object(Config\Cache), false)
 9 SYSTEMPATH\Boot.php(325): CodeIgniter\CodeIgniter->run()
10 SYSTEMPATH\Boot.php(67): CodeIgniter\Boot::runCodeIgniter(Object(CodeIgniter\CodeIgniter))
11 FCPATH\index.php(56): CodeIgniter\Boot::bootWeb(Object(Config\Paths))
WARNING - 2025-02-11 08:39:18 --> [DEPRECATED] strtotime(): Passing null to parameter #1 ($datetime) of type string is deprecated in APPPATH\Views\Admin\Admission\list.php on line 103.
 1 APPPATH\Views\Admin\Admission\list.php(103): strtotime(null)
 2 SYSTEMPATH\View\View.php(234): include('C:\\xampp\\htdocs\\Wolfox\\app\\Views\\Admin\\Admission\\list.php')
 3 SYSTEMPATH\View\View.php(237): CodeIgniter\View\View->CodeIgniter\View\{closure}()
 4 SYSTEMPATH\Common.php(1171): CodeIgniter\View\View->render('/Admin/Admission/list', [], true)
 5 APPPATH\Controllers\AdmissionMaster.php(309): view('/Admin/Admission/list', [...])
 6 SYSTEMPATH\CodeIgniter.php(933): App\Controllers\AdmissionMaster->list()
 7 SYSTEMPATH\CodeIgniter.php(509): CodeIgniter\CodeIgniter->runController(Object(App\Controllers\AdmissionMaster))
 8 SYSTEMPATH\CodeIgniter.php(355): CodeIgniter\CodeIgniter->handleRequest(null, Object(Config\Cache), false)
 9 SYSTEMPATH\Boot.php(325): CodeIgniter\CodeIgniter->run()
10 SYSTEMPATH\Boot.php(67): CodeIgniter\Boot::runCodeIgniter(Object(CodeIgniter\CodeIgniter))
11 FCPATH\index.php(56): CodeIgniter\Boot::bootWeb(Object(Config\Paths))
WARNING - 2025-02-11 08:39:18 --> [DEPRECATED] strtotime(): Passing null to parameter #1 ($datetime) of type string is deprecated in APPPATH\Views\Admin\Admission\list.php on line 103.
 1 APPPATH\Views\Admin\Admission\list.php(103): strtotime(null)
 2 SYSTEMPATH\View\View.php(234): include('C:\\xampp\\htdocs\\Wolfox\\app\\Views\\Admin\\Admission\\list.php')
 3 SYSTEMPATH\View\View.php(237): CodeIgniter\View\View->CodeIgniter\View\{closure}()
 4 SYSTEMPATH\Common.php(1171): CodeIgniter\View\View->render('/Admin/Admission/list', [], true)
 5 APPPATH\Controllers\AdmissionMaster.php(309): view('/Admin/Admission/list', [...])
 6 SYSTEMPATH\CodeIgniter.php(933): App\Controllers\AdmissionMaster->list()
 7 SYSTEMPATH\CodeIgniter.php(509): CodeIgniter\CodeIgniter->runController(Object(App\Controllers\AdmissionMaster))
 8 SYSTEMPATH\CodeIgniter.php(355): CodeIgniter\CodeIgniter->handleRequest(null, Object(Config\Cache), false)
 9 SYSTEMPATH\Boot.php(325): CodeIgniter\CodeIgniter->run()
10 SYSTEMPATH\Boot.php(67): CodeIgniter\Boot::runCodeIgniter(Object(CodeIgniter\CodeIgniter))
11 FCPATH\index.php(56): CodeIgniter\Boot::bootWeb(Object(Config\Paths))
WARNING - 2025-02-11 08:39:18 --> [DEPRECATED] strtotime(): Passing null to parameter #1 ($datetime) of type string is deprecated in APPPATH\Views\Admin\Admission\list.php on line 103.
 1 APPPATH\Views\Admin\Admission\list.php(103): strtotime(null)
 2 SYSTEMPATH\View\View.php(234): include('C:\\xampp\\htdocs\\Wolfox\\app\\Views\\Admin\\Admission\\list.php')
 3 SYSTEMPATH\View\View.php(237): CodeIgniter\View\View->CodeIgniter\View\{closure}()
 4 SYSTEMPATH\Common.php(1171): CodeIgniter\View\View->render('/Admin/Admission/list', [], true)
 5 APPPATH\Controllers\AdmissionMaster.php(309): view('/Admin/Admission/list', [...])
 6 SYSTEMPATH\CodeIgniter.php(933): App\Controllers\AdmissionMaster->list()
 7 SYSTEMPATH\CodeIgniter.php(509): CodeIgniter\CodeIgniter->runController(Object(App\Controllers\AdmissionMaster))
 8 SYSTEMPATH\CodeIgniter.php(355): CodeIgniter\CodeIgniter->handleRequest(null, Object(Config\Cache), false)
 9 SYSTEMPATH\Boot.php(325): CodeIgniter\CodeIgniter->run()
10 SYSTEMPATH\Boot.php(67): CodeIgniter\Boot::runCodeIgniter(Object(CodeIgniter\CodeIgniter))
11 FCPATH\index.php(56): CodeIgniter\Boot::bootWeb(Object(Config\Paths))
WARNING - 2025-02-11 08:39:18 --> [DEPRECATED] strtotime(): Passing null to parameter #1 ($datetime) of type string is deprecated in APPPATH\Views\Admin\Admission\list.php on line 103.
 1 APPPATH\Views\Admin\Admission\list.php(103): strtotime(null)
 2 SYSTEMPATH\View\View.php(234): include('C:\\xampp\\htdocs\\Wolfox\\app\\Views\\Admin\\Admission\\list.php')
 3 SYSTEMPATH\View\View.php(237): CodeIgniter\View\View->CodeIgniter\View\{closure}()
 4 SYSTEMPATH\Common.php(1171): CodeIgniter\View\View->render('/Admin/Admission/list', [], true)
 5 APPPATH\Controllers\AdmissionMaster.php(309): view('/Admin/Admission/list', [...])
 6 SYSTEMPATH\CodeIgniter.php(933): App\Controllers\AdmissionMaster->list()
 7 SYSTEMPATH\CodeIgniter.php(509): CodeIgniter\CodeIgniter->runController(Object(App\Controllers\AdmissionMaster))
 8 SYSTEMPATH\CodeIgniter.php(355): CodeIgniter\CodeIgniter->handleRequest(null, Object(Config\Cache), false)
 9 SYSTEMPATH\Boot.php(325): CodeIgniter\CodeIgniter->run()
10 SYSTEMPATH\Boot.php(67): CodeIgniter\Boot::runCodeIgniter(Object(CodeIgniter\CodeIgniter))
11 FCPATH\index.php(56): CodeIgniter\Boot::bootWeb(Object(Config\Paths))
WARNING - 2025-02-11 08:39:18 --> [DEPRECATED] strtotime(): Passing null to parameter #1 ($datetime) of type string is deprecated in APPPATH\Views\Admin\Admission\list.php on line 103.
 1 APPPATH\Views\Admin\Admission\list.php(103): strtotime(null)
 2 SYSTEMPATH\View\View.php(234): include('C:\\xampp\\htdocs\\Wolfox\\app\\Views\\Admin\\Admission\\list.php')
 3 SYSTEMPATH\View\View.php(237): CodeIgniter\View\View->CodeIgniter\View\{closure}()
 4 SYSTEMPATH\Common.php(1171): CodeIgniter\View\View->render('/Admin/Admission/list', [], true)
 5 APPPATH\Controllers\AdmissionMaster.php(309): view('/Admin/Admission/list', [...])
 6 SYSTEMPATH\CodeIgniter.php(933): App\Controllers\AdmissionMaster->list()
 7 SYSTEMPATH\CodeIgniter.php(509): CodeIgniter\CodeIgniter->runController(Object(App\Controllers\AdmissionMaster))
 8 SYSTEMPATH\CodeIgniter.php(355): CodeIgniter\CodeIgniter->handleRequest(null, Object(Config\Cache), false)
 9 SYSTEMPATH\Boot.php(325): CodeIgniter\CodeIgniter->run()
10 SYSTEMPATH\Boot.php(67): CodeIgniter\Boot::runCodeIgniter(Object(CodeIgniter\CodeIgniter))
11 FCPATH\index.php(56): CodeIgniter\Boot::bootWeb(Object(Config\Paths))
WARNING - 2025-02-11 08:39:18 --> [DEPRECATED] strtotime(): Passing null to parameter #1 ($datetime) of type string is deprecated in APPPATH\Views\Admin\Admission\list.php on line 103.
 1 APPPATH\Views\Admin\Admission\list.php(103): strtotime(null)
 2 SYSTEMPATH\View\View.php(234): include('C:\\xampp\\htdocs\\Wolfox\\app\\Views\\Admin\\Admission\\list.php')
 3 SYSTEMPATH\View\View.php(237): CodeIgniter\View\View->CodeIgniter\View\{closure}()
 4 SYSTEMPATH\Common.php(1171): CodeIgniter\View\View->render('/Admin/Admission/list', [], true)
 5 APPPATH\Controllers\AdmissionMaster.php(309): view('/Admin/Admission/list', [...])
 6 SYSTEMPATH\CodeIgniter.php(933): App\Controllers\AdmissionMaster->list()
 7 SYSTEMPATH\CodeIgniter.php(509): CodeIgniter\CodeIgniter->runController(Object(App\Controllers\AdmissionMaster))
 8 SYSTEMPATH\CodeIgniter.php(355): CodeIgniter\CodeIgniter->handleRequest(null, Object(Config\Cache), false)
 9 SYSTEMPATH\Boot.php(325): CodeIgniter\CodeIgniter->run()
10 SYSTEMPATH\Boot.php(67): CodeIgniter\Boot::runCodeIgniter(Object(CodeIgniter\CodeIgniter))
11 FCPATH\index.php(56): CodeIgniter\Boot::bootWeb(Object(Config\Paths))
WARNING - 2025-02-11 08:39:18 --> [DEPRECATED] strtotime(): Passing null to parameter #1 ($datetime) of type string is deprecated in APPPATH\Views\Admin\Admission\list.php on line 103.
 1 APPPATH\Views\Admin\Admission\list.php(103): strtotime(null)
 2 SYSTEMPATH\View\View.php(234): include('C:\\xampp\\htdocs\\Wolfox\\app\\Views\\Admin\\Admission\\list.php')
 3 SYSTEMPATH\View\View.php(237): CodeIgniter\View\View->CodeIgniter\View\{closure}()
 4 SYSTEMPATH\Common.php(1171): CodeIgniter\View\View->render('/Admin/Admission/list', [], true)
 5 APPPATH\Controllers\AdmissionMaster.php(309): view('/Admin/Admission/list', [...])
 6 SYSTEMPATH\CodeIgniter.php(933): App\Controllers\AdmissionMaster->list()
 7 SYSTEMPATH\CodeIgniter.php(509): CodeIgniter\CodeIgniter->runController(Object(App\Controllers\AdmissionMaster))
 8 SYSTEMPATH\CodeIgniter.php(355): CodeIgniter\CodeIgniter->handleRequest(null, Object(Config\Cache), false)
 9 SYSTEMPATH\Boot.php(325): CodeIgniter\CodeIgniter->run()
10 SYSTEMPATH\Boot.php(67): CodeIgniter\Boot::runCodeIgniter(Object(CodeIgniter\CodeIgniter))
11 FCPATH\index.php(56): CodeIgniter\Boot::bootWeb(Object(Config\Paths))
WARNING - 2025-02-11 08:41:01 --> [DEPRECATED] DateTime::__construct(): Passing null to parameter #1 ($datetime) of type string is deprecated in APPPATH\Controllers\AdmissionMaster.php on line 70.
 1 APPPATH\Controllers\AdmissionMaster.php(70): DateTime->__construct(null)
 2 SYSTEMPATH\CodeIgniter.php(933): App\Controllers\AdmissionMaster->save()
 3 SYSTEMPATH\CodeIgniter.php(509): CodeIgniter\CodeIgniter->runController(Object(App\Controllers\AdmissionMaster))
 4 SYSTEMPATH\CodeIgniter.php(355): CodeIgniter\CodeIgniter->handleRequest(null, Object(Config\Cache), false)
 5 SYSTEMPATH\Boot.php(325): CodeIgniter\CodeIgniter->run()
 6 SYSTEMPATH\Boot.php(67): CodeIgniter\Boot::runCodeIgniter(Object(CodeIgniter\CodeIgniter))
 7 FCPATH\index.php(56): CodeIgniter\Boot::bootWeb(Object(Config\Paths))
WARNING - 2025-02-11 08:41:03 --> [DEPRECATED] strtotime(): Passing null to parameter #1 ($datetime) of type string is deprecated in APPPATH\Views\Admin\Admission\list.php on line 103.
 1 APPPATH\Views\Admin\Admission\list.php(103): strtotime(null)
 2 SYSTEMPATH\View\View.php(234): include('C:\\xampp\\htdocs\\Wolfox\\app\\Views\\Admin\\Admission\\list.php')
 3 SYSTEMPATH\View\View.php(237): CodeIgniter\View\View->CodeIgniter\View\{closure}()
 4 SYSTEMPATH\Common.php(1171): CodeIgniter\View\View->render('/Admin/Admission/list', [], true)
 5 APPPATH\Controllers\AdmissionMaster.php(309): view('/Admin/Admission/list', [...])
 6 SYSTEMPATH\CodeIgniter.php(933): App\Controllers\AdmissionMaster->list()
 7 SYSTEMPATH\CodeIgniter.php(509): CodeIgniter\CodeIgniter->runController(Object(App\Controllers\AdmissionMaster))
 8 SYSTEMPATH\CodeIgniter.php(355): CodeIgniter\CodeIgniter->handleRequest(null, Object(Config\Cache), false)
 9 SYSTEMPATH\Boot.php(325): CodeIgniter\CodeIgniter->run()
10 SYSTEMPATH\Boot.php(67): CodeIgniter\Boot::runCodeIgniter(Object(CodeIgniter\CodeIgniter))
11 FCPATH\index.php(56): CodeIgniter\Boot::bootWeb(Object(Config\Paths))
WARNING - 2025-02-11 08:41:03 --> [DEPRECATED] strtotime(): Passing null to parameter #1 ($datetime) of type string is deprecated in APPPATH\Views\Admin\Admission\list.php on line 103.
 1 APPPATH\Views\Admin\Admission\list.php(103): strtotime(null)
 2 SYSTEMPATH\View\View.php(234): include('C:\\xampp\\htdocs\\Wolfox\\app\\Views\\Admin\\Admission\\list.php')
 3 SYSTEMPATH\View\View.php(237): CodeIgniter\View\View->CodeIgniter\View\{closure}()
 4 SYSTEMPATH\Common.php(1171): CodeIgniter\View\View->render('/Admin/Admission/list', [], true)
 5 APPPATH\Controllers\AdmissionMaster.php(309): view('/Admin/Admission/list', [...])
 6 SYSTEMPATH\CodeIgniter.php(933): App\Controllers\AdmissionMaster->list()
 7 SYSTEMPATH\CodeIgniter.php(509): CodeIgniter\CodeIgniter->runController(Object(App\Controllers\AdmissionMaster))
 8 SYSTEMPATH\CodeIgniter.php(355): CodeIgniter\CodeIgniter->handleRequest(null, Object(Config\Cache), false)
 9 SYSTEMPATH\Boot.php(325): CodeIgniter\CodeIgniter->run()
10 SYSTEMPATH\Boot.php(67): CodeIgniter\Boot::runCodeIgniter(Object(CodeIgniter\CodeIgniter))
11 FCPATH\index.php(56): CodeIgniter\Boot::bootWeb(Object(Config\Paths))
WARNING - 2025-02-11 08:41:03 --> [DEPRECATED] strtotime(): Passing null to parameter #1 ($datetime) of type string is deprecated in APPPATH\Views\Admin\Admission\list.php on line 103.
 1 APPPATH\Views\Admin\Admission\list.php(103): strtotime(null)
 2 SYSTEMPATH\View\View.php(234): include('C:\\xampp\\htdocs\\Wolfox\\app\\Views\\Admin\\Admission\\list.php')
 3 SYSTEMPATH\View\View.php(237): CodeIgniter\View\View->CodeIgniter\View\{closure}()
 4 SYSTEMPATH\Common.php(1171): CodeIgniter\View\View->render('/Admin/Admission/list', [], true)
 5 APPPATH\Controllers\AdmissionMaster.php(309): view('/Admin/Admission/list', [...])
 6 SYSTEMPATH\CodeIgniter.php(933): App\Controllers\AdmissionMaster->list()
 7 SYSTEMPATH\CodeIgniter.php(509): CodeIgniter\CodeIgniter->runController(Object(App\Controllers\AdmissionMaster))
 8 SYSTEMPATH\CodeIgniter.php(355): CodeIgniter\CodeIgniter->handleRequest(null, Object(Config\Cache), false)
 9 SYSTEMPATH\Boot.php(325): CodeIgniter\CodeIgniter->run()
10 SYSTEMPATH\Boot.php(67): CodeIgniter\Boot::runCodeIgniter(Object(CodeIgniter\CodeIgniter))
11 FCPATH\index.php(56): CodeIgniter\Boot::bootWeb(Object(Config\Paths))
WARNING - 2025-02-11 08:41:03 --> [DEPRECATED] strtotime(): Passing null to parameter #1 ($datetime) of type string is deprecated in APPPATH\Views\Admin\Admission\list.php on line 103.
 1 APPPATH\Views\Admin\Admission\list.php(103): strtotime(null)
 2 SYSTEMPATH\View\View.php(234): include('C:\\xampp\\htdocs\\Wolfox\\app\\Views\\Admin\\Admission\\list.php')
 3 SYSTEMPATH\View\View.php(237): CodeIgniter\View\View->CodeIgniter\View\{closure}()
 4 SYSTEMPATH\Common.php(1171): CodeIgniter\View\View->render('/Admin/Admission/list', [], true)
 5 APPPATH\Controllers\AdmissionMaster.php(309): view('/Admin/Admission/list', [...])
 6 SYSTEMPATH\CodeIgniter.php(933): App\Controllers\AdmissionMaster->list()
 7 SYSTEMPATH\CodeIgniter.php(509): CodeIgniter\CodeIgniter->runController(Object(App\Controllers\AdmissionMaster))
 8 SYSTEMPATH\CodeIgniter.php(355): CodeIgniter\CodeIgniter->handleRequest(null, Object(Config\Cache), false)
 9 SYSTEMPATH\Boot.php(325): CodeIgniter\CodeIgniter->run()
10 SYSTEMPATH\Boot.php(67): CodeIgniter\Boot::runCodeIgniter(Object(CodeIgniter\CodeIgniter))
11 FCPATH\index.php(56): CodeIgniter\Boot::bootWeb(Object(Config\Paths))
WARNING - 2025-02-11 08:41:03 --> [DEPRECATED] strtotime(): Passing null to parameter #1 ($datetime) of type string is deprecated in APPPATH\Views\Admin\Admission\list.php on line 103.
 1 APPPATH\Views\Admin\Admission\list.php(103): strtotime(null)
 2 SYSTEMPATH\View\View.php(234): include('C:\\xampp\\htdocs\\Wolfox\\app\\Views\\Admin\\Admission\\list.php')
 3 SYSTEMPATH\View\View.php(237): CodeIgniter\View\View->CodeIgniter\View\{closure}()
 4 SYSTEMPATH\Common.php(1171): CodeIgniter\View\View->render('/Admin/Admission/list', [], true)
 5 APPPATH\Controllers\AdmissionMaster.php(309): view('/Admin/Admission/list', [...])
 6 SYSTEMPATH\CodeIgniter.php(933): App\Controllers\AdmissionMaster->list()
 7 SYSTEMPATH\CodeIgniter.php(509): CodeIgniter\CodeIgniter->runController(Object(App\Controllers\AdmissionMaster))
 8 SYSTEMPATH\CodeIgniter.php(355): CodeIgniter\CodeIgniter->handleRequest(null, Object(Config\Cache), false)
 9 SYSTEMPATH\Boot.php(325): CodeIgniter\CodeIgniter->run()
10 SYSTEMPATH\Boot.php(67): CodeIgniter\Boot::runCodeIgniter(Object(CodeIgniter\CodeIgniter))
11 FCPATH\index.php(56): CodeIgniter\Boot::bootWeb(Object(Config\Paths))
WARNING - 2025-02-11 08:41:03 --> [DEPRECATED] strtotime(): Passing null to parameter #1 ($datetime) of type string is deprecated in APPPATH\Views\Admin\Admission\list.php on line 103.
 1 APPPATH\Views\Admin\Admission\list.php(103): strtotime(null)
 2 SYSTEMPATH\View\View.php(234): include('C:\\xampp\\htdocs\\Wolfox\\app\\Views\\Admin\\Admission\\list.php')
 3 SYSTEMPATH\View\View.php(237): CodeIgniter\View\View->CodeIgniter\View\{closure}()
 4 SYSTEMPATH\Common.php(1171): CodeIgniter\View\View->render('/Admin/Admission/list', [], true)
 5 APPPATH\Controllers\AdmissionMaster.php(309): view('/Admin/Admission/list', [...])
 6 SYSTEMPATH\CodeIgniter.php(933): App\Controllers\AdmissionMaster->list()
 7 SYSTEMPATH\CodeIgniter.php(509): CodeIgniter\CodeIgniter->runController(Object(App\Controllers\AdmissionMaster))
 8 SYSTEMPATH\CodeIgniter.php(355): CodeIgniter\CodeIgniter->handleRequest(null, Object(Config\Cache), false)
 9 SYSTEMPATH\Boot.php(325): CodeIgniter\CodeIgniter->run()
10 SYSTEMPATH\Boot.php(67): CodeIgniter\Boot::runCodeIgniter(Object(CodeIgniter\CodeIgniter))
11 FCPATH\index.php(56): CodeIgniter\Boot::bootWeb(Object(Config\Paths))
WARNING - 2025-02-11 08:41:03 --> [DEPRECATED] strtotime(): Passing null to parameter #1 ($datetime) of type string is deprecated in APPPATH\Views\Admin\Admission\list.php on line 103.
 1 APPPATH\Views\Admin\Admission\list.php(103): strtotime(null)
 2 SYSTEMPATH\View\View.php(234): include('C:\\xampp\\htdocs\\Wolfox\\app\\Views\\Admin\\Admission\\list.php')
 3 SYSTEMPATH\View\View.php(237): CodeIgniter\View\View->CodeIgniter\View\{closure}()
 4 SYSTEMPATH\Common.php(1171): CodeIgniter\View\View->render('/Admin/Admission/list', [], true)
 5 APPPATH\Controllers\AdmissionMaster.php(309): view('/Admin/Admission/list', [...])
 6 SYSTEMPATH\CodeIgniter.php(933): App\Controllers\AdmissionMaster->list()
 7 SYSTEMPATH\CodeIgniter.php(509): CodeIgniter\CodeIgniter->runController(Object(App\Controllers\AdmissionMaster))
 8 SYSTEMPATH\CodeIgniter.php(355): CodeIgniter\CodeIgniter->handleRequest(null, Object(Config\Cache), false)
 9 SYSTEMPATH\Boot.php(325): CodeIgniter\CodeIgniter->run()
10 SYSTEMPATH\Boot.php(67): CodeIgniter\Boot::runCodeIgniter(Object(CodeIgniter\CodeIgniter))
11 FCPATH\index.php(56): CodeIgniter\Boot::bootWeb(Object(Config\Paths))
WARNING - 2025-02-11 08:41:03 --> [DEPRECATED] strtotime(): Passing null to parameter #1 ($datetime) of type string is deprecated in APPPATH\Views\Admin\Admission\list.php on line 103.
 1 APPPATH\Views\Admin\Admission\list.php(103): strtotime(null)
 2 SYSTEMPATH\View\View.php(234): include('C:\\xampp\\htdocs\\Wolfox\\app\\Views\\Admin\\Admission\\list.php')
 3 SYSTEMPATH\View\View.php(237): CodeIgniter\View\View->CodeIgniter\View\{closure}()
 4 SYSTEMPATH\Common.php(1171): CodeIgniter\View\View->render('/Admin/Admission/list', [], true)
 5 APPPATH\Controllers\AdmissionMaster.php(309): view('/Admin/Admission/list', [...])
 6 SYSTEMPATH\CodeIgniter.php(933): App\Controllers\AdmissionMaster->list()
 7 SYSTEMPATH\CodeIgniter.php(509): CodeIgniter\CodeIgniter->runController(Object(App\Controllers\AdmissionMaster))
 8 SYSTEMPATH\CodeIgniter.php(355): CodeIgniter\CodeIgniter->handleRequest(null, Object(Config\Cache), false)
 9 SYSTEMPATH\Boot.php(325): CodeIgniter\CodeIgniter->run()
10 SYSTEMPATH\Boot.php(67): CodeIgniter\Boot::runCodeIgniter(Object(CodeIgniter\CodeIgniter))
11 FCPATH\index.php(56): CodeIgniter\Boot::bootWeb(Object(Config\Paths))
WARNING - 2025-02-11 08:41:03 --> [DEPRECATED] strtotime(): Passing null to parameter #1 ($datetime) of type string is deprecated in APPPATH\Views\Admin\Admission\list.php on line 103.
 1 APPPATH\Views\Admin\Admission\list.php(103): strtotime(null)
 2 SYSTEMPATH\View\View.php(234): include('C:\\xampp\\htdocs\\Wolfox\\app\\Views\\Admin\\Admission\\list.php')
 3 SYSTEMPATH\View\View.php(237): CodeIgniter\View\View->CodeIgniter\View\{closure}()
 4 SYSTEMPATH\Common.php(1171): CodeIgniter\View\View->render('/Admin/Admission/list', [], true)
 5 APPPATH\Controllers\AdmissionMaster.php(309): view('/Admin/Admission/list', [...])
 6 SYSTEMPATH\CodeIgniter.php(933): App\Controllers\AdmissionMaster->list()
 7 SYSTEMPATH\CodeIgniter.php(509): CodeIgniter\CodeIgniter->runController(Object(App\Controllers\AdmissionMaster))
 8 SYSTEMPATH\CodeIgniter.php(355): CodeIgniter\CodeIgniter->handleRequest(null, Object(Config\Cache), false)
 9 SYSTEMPATH\Boot.php(325): CodeIgniter\CodeIgniter->run()
10 SYSTEMPATH\Boot.php(67): CodeIgniter\Boot::runCodeIgniter(Object(CodeIgniter\CodeIgniter))
11 FCPATH\index.php(56): CodeIgniter\Boot::bootWeb(Object(Config\Paths))
WARNING - 2025-02-11 08:41:03 --> [DEPRECATED] strtotime(): Passing null to parameter #1 ($datetime) of type string is deprecated in APPPATH\Views\Admin\Admission\list.php on line 103.
 1 APPPATH\Views\Admin\Admission\list.php(103): strtotime(null)
 2 SYSTEMPATH\View\View.php(234): include('C:\\xampp\\htdocs\\Wolfox\\app\\Views\\Admin\\Admission\\list.php')
 3 SYSTEMPATH\View\View.php(237): CodeIgniter\View\View->CodeIgniter\View\{closure}()
 4 SYSTEMPATH\Common.php(1171): CodeIgniter\View\View->render('/Admin/Admission/list', [], true)
 5 APPPATH\Controllers\AdmissionMaster.php(309): view('/Admin/Admission/list', [...])
 6 SYSTEMPATH\CodeIgniter.php(933): App\Controllers\AdmissionMaster->list()
 7 SYSTEMPATH\CodeIgniter.php(509): CodeIgniter\CodeIgniter->runController(Object(App\Controllers\AdmissionMaster))
 8 SYSTEMPATH\CodeIgniter.php(355): CodeIgniter\CodeIgniter->handleRequest(null, Object(Config\Cache), false)
 9 SYSTEMPATH\Boot.php(325): CodeIgniter\CodeIgniter->run()
10 SYSTEMPATH\Boot.php(67): CodeIgniter\Boot::runCodeIgniter(Object(CodeIgniter\CodeIgniter))
11 FCPATH\index.php(56): CodeIgniter\Boot::bootWeb(Object(Config\Paths))
WARNING - 2025-02-11 08:41:03 --> [DEPRECATED] strtotime(): Passing null to parameter #1 ($datetime) of type string is deprecated in APPPATH\Views\Admin\Admission\list.php on line 103.
 1 APPPATH\Views\Admin\Admission\list.php(103): strtotime(null)
 2 SYSTEMPATH\View\View.php(234): include('C:\\xampp\\htdocs\\Wolfox\\app\\Views\\Admin\\Admission\\list.php')
 3 SYSTEMPATH\View\View.php(237): CodeIgniter\View\View->CodeIgniter\View\{closure}()
 4 SYSTEMPATH\Common.php(1171): CodeIgniter\View\View->render('/Admin/Admission/list', [], true)
 5 APPPATH\Controllers\AdmissionMaster.php(309): view('/Admin/Admission/list', [...])
 6 SYSTEMPATH\CodeIgniter.php(933): App\Controllers\AdmissionMaster->list()
 7 SYSTEMPATH\CodeIgniter.php(509): CodeIgniter\CodeIgniter->runController(Object(App\Controllers\AdmissionMaster))
 8 SYSTEMPATH\CodeIgniter.php(355): CodeIgniter\CodeIgniter->handleRequest(null, Object(Config\Cache), false)
 9 SYSTEMPATH\Boot.php(325): CodeIgniter\CodeIgniter->run()
10 SYSTEMPATH\Boot.php(67): CodeIgniter\Boot::runCodeIgniter(Object(CodeIgniter\CodeIgniter))
11 FCPATH\index.php(56): CodeIgniter\Boot::bootWeb(Object(Config\Paths))
WARNING - 2025-02-11 08:41:03 --> [DEPRECATED] strtotime(): Passing null to parameter #1 ($datetime) of type string is deprecated in APPPATH\Views\Admin\Admission\list.php on line 103.
 1 APPPATH\Views\Admin\Admission\list.php(103): strtotime(null)
 2 SYSTEMPATH\View\View.php(234): include('C:\\xampp\\htdocs\\Wolfox\\app\\Views\\Admin\\Admission\\list.php')
 3 SYSTEMPATH\View\View.php(237): CodeIgniter\View\View->CodeIgniter\View\{closure}()
 4 SYSTEMPATH\Common.php(1171): CodeIgniter\View\View->render('/Admin/Admission/list', [], true)
 5 APPPATH\Controllers\AdmissionMaster.php(309): view('/Admin/Admission/list', [...])
 6 SYSTEMPATH\CodeIgniter.php(933): App\Controllers\AdmissionMaster->list()
 7 SYSTEMPATH\CodeIgniter.php(509): CodeIgniter\CodeIgniter->runController(Object(App\Controllers\AdmissionMaster))
 8 SYSTEMPATH\CodeIgniter.php(355): CodeIgniter\CodeIgniter->handleRequest(null, Object(Config\Cache), false)
 9 SYSTEMPATH\Boot.php(325): CodeIgniter\CodeIgniter->run()
10 SYSTEMPATH\Boot.php(67): CodeIgniter\Boot::runCodeIgniter(Object(CodeIgniter\CodeIgniter))
11 FCPATH\index.php(56): CodeIgniter\Boot::bootWeb(Object(Config\Paths))
WARNING - 2025-02-11 09:23:02 --> [DEPRECATED] strtotime(): Passing null to parameter #1 ($datetime) of type string is deprecated in APPPATH\Views\Admin\Admission\list.php on line 103.
 1 APPPATH\Views\Admin\Admission\list.php(103): strtotime(null)
 2 SYSTEMPATH\View\View.php(234): include('C:\\xampp\\htdocs\\Wolfox\\app\\Views\\Admin\\Admission\\list.php')
 3 SYSTEMPATH\View\View.php(237): CodeIgniter\View\View->CodeIgniter\View\{closure}()
 4 SYSTEMPATH\Common.php(1171): CodeIgniter\View\View->render('/Admin/Admission/list', [], true)
 5 APPPATH\Controllers\AdmissionMaster.php(309): view('/Admin/Admission/list', [...])
 6 SYSTEMPATH\CodeIgniter.php(933): App\Controllers\AdmissionMaster->list()
 7 SYSTEMPATH\CodeIgniter.php(509): CodeIgniter\CodeIgniter->runController(Object(App\Controllers\AdmissionMaster))
 8 SYSTEMPATH\CodeIgniter.php(355): CodeIgniter\CodeIgniter->handleRequest(null, Object(Config\Cache), false)
 9 SYSTEMPATH\Boot.php(325): CodeIgniter\CodeIgniter->run()
10 SYSTEMPATH\Boot.php(67): CodeIgniter\Boot::runCodeIgniter(Object(CodeIgniter\CodeIgniter))
11 FCPATH\index.php(56): CodeIgniter\Boot::bootWeb(Object(Config\Paths))
WARNING - 2025-02-11 09:23:02 --> [DEPRECATED] strtotime(): Passing null to parameter #1 ($datetime) of type string is deprecated in APPPATH\Views\Admin\Admission\list.php on line 103.
 1 APPPATH\Views\Admin\Admission\list.php(103): strtotime(null)
 2 SYSTEMPATH\View\View.php(234): include('C:\\xampp\\htdocs\\Wolfox\\app\\Views\\Admin\\Admission\\list.php')
 3 SYSTEMPATH\View\View.php(237): CodeIgniter\View\View->CodeIgniter\View\{closure}()
 4 SYSTEMPATH\Common.php(1171): CodeIgniter\View\View->render('/Admin/Admission/list', [], true)
 5 APPPATH\Controllers\AdmissionMaster.php(309): view('/Admin/Admission/list', [...])
 6 SYSTEMPATH\CodeIgniter.php(933): App\Controllers\AdmissionMaster->list()
 7 SYSTEMPATH\CodeIgniter.php(509): CodeIgniter\CodeIgniter->runController(Object(App\Controllers\AdmissionMaster))
 8 SYSTEMPATH\CodeIgniter.php(355): CodeIgniter\CodeIgniter->handleRequest(null, Object(Config\Cache), false)
 9 SYSTEMPATH\Boot.php(325): CodeIgniter\CodeIgniter->run()
10 SYSTEMPATH\Boot.php(67): CodeIgniter\Boot::runCodeIgniter(Object(CodeIgniter\CodeIgniter))
11 FCPATH\index.php(56): CodeIgniter\Boot::bootWeb(Object(Config\Paths))
WARNING - 2025-02-11 09:23:02 --> [DEPRECATED] strtotime(): Passing null to parameter #1 ($datetime) of type string is deprecated in APPPATH\Views\Admin\Admission\list.php on line 103.
 1 APPPATH\Views\Admin\Admission\list.php(103): strtotime(null)
 2 SYSTEMPATH\View\View.php(234): include('C:\\xampp\\htdocs\\Wolfox\\app\\Views\\Admin\\Admission\\list.php')
 3 SYSTEMPATH\View\View.php(237): CodeIgniter\View\View->CodeIgniter\View\{closure}()
 4 SYSTEMPATH\Common.php(1171): CodeIgniter\View\View->render('/Admin/Admission/list', [], true)
 5 APPPATH\Controllers\AdmissionMaster.php(309): view('/Admin/Admission/list', [...])
 6 SYSTEMPATH\CodeIgniter.php(933): App\Controllers\AdmissionMaster->list()
 7 SYSTEMPATH\CodeIgniter.php(509): CodeIgniter\CodeIgniter->runController(Object(App\Controllers\AdmissionMaster))
 8 SYSTEMPATH\CodeIgniter.php(355): CodeIgniter\CodeIgniter->handleRequest(null, Object(Config\Cache), false)
 9 SYSTEMPATH\Boot.php(325): CodeIgniter\CodeIgniter->run()
10 SYSTEMPATH\Boot.php(67): CodeIgniter\Boot::runCodeIgniter(Object(CodeIgniter\CodeIgniter))
11 FCPATH\index.php(56): CodeIgniter\Boot::bootWeb(Object(Config\Paths))
WARNING - 2025-02-11 09:23:02 --> [DEPRECATED] strtotime(): Passing null to parameter #1 ($datetime) of type string is deprecated in APPPATH\Views\Admin\Admission\list.php on line 103.
 1 APPPATH\Views\Admin\Admission\list.php(103): strtotime(null)
 2 SYSTEMPATH\View\View.php(234): include('C:\\xampp\\htdocs\\Wolfox\\app\\Views\\Admin\\Admission\\list.php')
 3 SYSTEMPATH\View\View.php(237): CodeIgniter\View\View->CodeIgniter\View\{closure}()
 4 SYSTEMPATH\Common.php(1171): CodeIgniter\View\View->render('/Admin/Admission/list', [], true)
 5 APPPATH\Controllers\AdmissionMaster.php(309): view('/Admin/Admission/list', [...])
 6 SYSTEMPATH\CodeIgniter.php(933): App\Controllers\AdmissionMaster->list()
 7 SYSTEMPATH\CodeIgniter.php(509): CodeIgniter\CodeIgniter->runController(Object(App\Controllers\AdmissionMaster))
 8 SYSTEMPATH\CodeIgniter.php(355): CodeIgniter\CodeIgniter->handleRequest(null, Object(Config\Cache), false)
 9 SYSTEMPATH\Boot.php(325): CodeIgniter\CodeIgniter->run()
10 SYSTEMPATH\Boot.php(67): CodeIgniter\Boot::runCodeIgniter(Object(CodeIgniter\CodeIgniter))
11 FCPATH\index.php(56): CodeIgniter\Boot::bootWeb(Object(Config\Paths))
WARNING - 2025-02-11 09:23:02 --> [DEPRECATED] strtotime(): Passing null to parameter #1 ($datetime) of type string is deprecated in APPPATH\Views\Admin\Admission\list.php on line 103.
 1 APPPATH\Views\Admin\Admission\list.php(103): strtotime(null)
 2 SYSTEMPATH\View\View.php(234): include('C:\\xampp\\htdocs\\Wolfox\\app\\Views\\Admin\\Admission\\list.php')
 3 SYSTEMPATH\View\View.php(237): CodeIgniter\View\View->CodeIgniter\View\{closure}()
 4 SYSTEMPATH\Common.php(1171): CodeIgniter\View\View->render('/Admin/Admission/list', [], true)
 5 APPPATH\Controllers\AdmissionMaster.php(309): view('/Admin/Admission/list', [...])
 6 SYSTEMPATH\CodeIgniter.php(933): App\Controllers\AdmissionMaster->list()
 7 SYSTEMPATH\CodeIgniter.php(509): CodeIgniter\CodeIgniter->runController(Object(App\Controllers\AdmissionMaster))
 8 SYSTEMPATH\CodeIgniter.php(355): CodeIgniter\CodeIgniter->handleRequest(null, Object(Config\Cache), false)
 9 SYSTEMPATH\Boot.php(325): CodeIgniter\CodeIgniter->run()
10 SYSTEMPATH\Boot.php(67): CodeIgniter\Boot::runCodeIgniter(Object(CodeIgniter\CodeIgniter))
11 FCPATH\index.php(56): CodeIgniter\Boot::bootWeb(Object(Config\Paths))
WARNING - 2025-02-11 09:23:02 --> [DEPRECATED] strtotime(): Passing null to parameter #1 ($datetime) of type string is deprecated in APPPATH\Views\Admin\Admission\list.php on line 103.
 1 APPPATH\Views\Admin\Admission\list.php(103): strtotime(null)
 2 SYSTEMPATH\View\View.php(234): include('C:\\xampp\\htdocs\\Wolfox\\app\\Views\\Admin\\Admission\\list.php')
 3 SYSTEMPATH\View\View.php(237): CodeIgniter\View\View->CodeIgniter\View\{closure}()
 4 SYSTEMPATH\Common.php(1171): CodeIgniter\View\View->render('/Admin/Admission/list', [], true)
 5 APPPATH\Controllers\AdmissionMaster.php(309): view('/Admin/Admission/list', [...])
 6 SYSTEMPATH\CodeIgniter.php(933): App\Controllers\AdmissionMaster->list()
 7 SYSTEMPATH\CodeIgniter.php(509): CodeIgniter\CodeIgniter->runController(Object(App\Controllers\AdmissionMaster))
 8 SYSTEMPATH\CodeIgniter.php(355): CodeIgniter\CodeIgniter->handleRequest(null, Object(Config\Cache), false)
 9 SYSTEMPATH\Boot.php(325): CodeIgniter\CodeIgniter->run()
10 SYSTEMPATH\Boot.php(67): CodeIgniter\Boot::runCodeIgniter(Object(CodeIgniter\CodeIgniter))
11 FCPATH\index.php(56): CodeIgniter\Boot::bootWeb(Object(Config\Paths))
WARNING - 2025-02-11 09:23:02 --> [DEPRECATED] strtotime(): Passing null to parameter #1 ($datetime) of type string is deprecated in APPPATH\Views\Admin\Admission\list.php on line 103.
 1 APPPATH\Views\Admin\Admission\list.php(103): strtotime(null)
 2 SYSTEMPATH\View\View.php(234): include('C:\\xampp\\htdocs\\Wolfox\\app\\Views\\Admin\\Admission\\list.php')
 3 SYSTEMPATH\View\View.php(237): CodeIgniter\View\View->CodeIgniter\View\{closure}()
 4 SYSTEMPATH\Common.php(1171): CodeIgniter\View\View->render('/Admin/Admission/list', [], true)
 5 APPPATH\Controllers\AdmissionMaster.php(309): view('/Admin/Admission/list', [...])
 6 SYSTEMPATH\CodeIgniter.php(933): App\Controllers\AdmissionMaster->list()
 7 SYSTEMPATH\CodeIgniter.php(509): CodeIgniter\CodeIgniter->runController(Object(App\Controllers\AdmissionMaster))
 8 SYSTEMPATH\CodeIgniter.php(355): CodeIgniter\CodeIgniter->handleRequest(null, Object(Config\Cache), false)
 9 SYSTEMPATH\Boot.php(325): CodeIgniter\CodeIgniter->run()
10 SYSTEMPATH\Boot.php(67): CodeIgniter\Boot::runCodeIgniter(Object(CodeIgniter\CodeIgniter))
11 FCPATH\index.php(56): CodeIgniter\Boot::bootWeb(Object(Config\Paths))
WARNING - 2025-02-11 09:23:02 --> [DEPRECATED] strtotime(): Passing null to parameter #1 ($datetime) of type string is deprecated in APPPATH\Views\Admin\Admission\list.php on line 103.
 1 APPPATH\Views\Admin\Admission\list.php(103): strtotime(null)
 2 SYSTEMPATH\View\View.php(234): include('C:\\xampp\\htdocs\\Wolfox\\app\\Views\\Admin\\Admission\\list.php')
 3 SYSTEMPATH\View\View.php(237): CodeIgniter\View\View->CodeIgniter\View\{closure}()
 4 SYSTEMPATH\Common.php(1171): CodeIgniter\View\View->render('/Admin/Admission/list', [], true)
 5 APPPATH\Controllers\AdmissionMaster.php(309): view('/Admin/Admission/list', [...])
 6 SYSTEMPATH\CodeIgniter.php(933): App\Controllers\AdmissionMaster->list()
 7 SYSTEMPATH\CodeIgniter.php(509): CodeIgniter\CodeIgniter->runController(Object(App\Controllers\AdmissionMaster))
 8 SYSTEMPATH\CodeIgniter.php(355): CodeIgniter\CodeIgniter->handleRequest(null, Object(Config\Cache), false)
 9 SYSTEMPATH\Boot.php(325): CodeIgniter\CodeIgniter->run()
10 SYSTEMPATH\Boot.php(67): CodeIgniter\Boot::runCodeIgniter(Object(CodeIgniter\CodeIgniter))
11 FCPATH\index.php(56): CodeIgniter\Boot::bootWeb(Object(Config\Paths))
WARNING - 2025-02-11 09:23:02 --> [DEPRECATED] strtotime(): Passing null to parameter #1 ($datetime) of type string is deprecated in APPPATH\Views\Admin\Admission\list.php on line 103.
 1 APPPATH\Views\Admin\Admission\list.php(103): strtotime(null)
 2 SYSTEMPATH\View\View.php(234): include('C:\\xampp\\htdocs\\Wolfox\\app\\Views\\Admin\\Admission\\list.php')
 3 SYSTEMPATH\View\View.php(237): CodeIgniter\View\View->CodeIgniter\View\{closure}()
 4 SYSTEMPATH\Common.php(1171): CodeIgniter\View\View->render('/Admin/Admission/list', [], true)
 5 APPPATH\Controllers\AdmissionMaster.php(309): view('/Admin/Admission/list', [...])
 6 SYSTEMPATH\CodeIgniter.php(933): App\Controllers\AdmissionMaster->list()
 7 SYSTEMPATH\CodeIgniter.php(509): CodeIgniter\CodeIgniter->runController(Object(App\Controllers\AdmissionMaster))
 8 SYSTEMPATH\CodeIgniter.php(355): CodeIgniter\CodeIgniter->handleRequest(null, Object(Config\Cache), false)
 9 SYSTEMPATH\Boot.php(325): CodeIgniter\CodeIgniter->run()
10 SYSTEMPATH\Boot.php(67): CodeIgniter\Boot::runCodeIgniter(Object(CodeIgniter\CodeIgniter))
11 FCPATH\index.php(56): CodeIgniter\Boot::bootWeb(Object(Config\Paths))
WARNING - 2025-02-11 09:23:02 --> [DEPRECATED] strtotime(): Passing null to parameter #1 ($datetime) of type string is deprecated in APPPATH\Views\Admin\Admission\list.php on line 103.
 1 APPPATH\Views\Admin\Admission\list.php(103): strtotime(null)
 2 SYSTEMPATH\View\View.php(234): include('C:\\xampp\\htdocs\\Wolfox\\app\\Views\\Admin\\Admission\\list.php')
 3 SYSTEMPATH\View\View.php(237): CodeIgniter\View\View->CodeIgniter\View\{closure}()
 4 SYSTEMPATH\Common.php(1171): CodeIgniter\View\View->render('/Admin/Admission/list', [], true)
 5 APPPATH\Controllers\AdmissionMaster.php(309): view('/Admin/Admission/list', [...])
 6 SYSTEMPATH\CodeIgniter.php(933): App\Controllers\AdmissionMaster->list()
 7 SYSTEMPATH\CodeIgniter.php(509): CodeIgniter\CodeIgniter->runController(Object(App\Controllers\AdmissionMaster))
 8 SYSTEMPATH\CodeIgniter.php(355): CodeIgniter\CodeIgniter->handleRequest(null, Object(Config\Cache), false)
 9 SYSTEMPATH\Boot.php(325): CodeIgniter\CodeIgniter->run()
10 SYSTEMPATH\Boot.php(67): CodeIgniter\Boot::runCodeIgniter(Object(CodeIgniter\CodeIgniter))
11 FCPATH\index.php(56): CodeIgniter\Boot::bootWeb(Object(Config\Paths))
WARNING - 2025-02-11 09:23:02 --> [DEPRECATED] strtotime(): Passing null to parameter #1 ($datetime) of type string is deprecated in APPPATH\Views\Admin\Admission\list.php on line 103.
 1 APPPATH\Views\Admin\Admission\list.php(103): strtotime(null)
 2 SYSTEMPATH\View\View.php(234): include('C:\\xampp\\htdocs\\Wolfox\\app\\Views\\Admin\\Admission\\list.php')
 3 SYSTEMPATH\View\View.php(237): CodeIgniter\View\View->CodeIgniter\View\{closure}()
 4 SYSTEMPATH\Common.php(1171): CodeIgniter\View\View->render('/Admin/Admission/list', [], true)
 5 APPPATH\Controllers\AdmissionMaster.php(309): view('/Admin/Admission/list', [...])
 6 SYSTEMPATH\CodeIgniter.php(933): App\Controllers\AdmissionMaster->list()
 7 SYSTEMPATH\CodeIgniter.php(509): CodeIgniter\CodeIgniter->runController(Object(App\Controllers\AdmissionMaster))
 8 SYSTEMPATH\CodeIgniter.php(355): CodeIgniter\CodeIgniter->handleRequest(null, Object(Config\Cache), false)
 9 SYSTEMPATH\Boot.php(325): CodeIgniter\CodeIgniter->run()
10 SYSTEMPATH\Boot.php(67): CodeIgniter\Boot::runCodeIgniter(Object(CodeIgniter\CodeIgniter))
11 FCPATH\index.php(56): CodeIgniter\Boot::bootWeb(Object(Config\Paths))
WARNING - 2025-02-11 09:23:02 --> [DEPRECATED] strtotime(): Passing null to parameter #1 ($datetime) of type string is deprecated in APPPATH\Views\Admin\Admission\list.php on line 103.
 1 APPPATH\Views\Admin\Admission\list.php(103): strtotime(null)
 2 SYSTEMPATH\View\View.php(234): include('C:\\xampp\\htdocs\\Wolfox\\app\\Views\\Admin\\Admission\\list.php')
 3 SYSTEMPATH\View\View.php(237): CodeIgniter\View\View->CodeIgniter\View\{closure}()
 4 SYSTEMPATH\Common.php(1171): CodeIgniter\View\View->render('/Admin/Admission/list', [], true)
 5 APPPATH\Controllers\AdmissionMaster.php(309): view('/Admin/Admission/list', [...])
 6 SYSTEMPATH\CodeIgniter.php(933): App\Controllers\AdmissionMaster->list()
 7 SYSTEMPATH\CodeIgniter.php(509): CodeIgniter\CodeIgniter->runController(Object(App\Controllers\AdmissionMaster))
 8 SYSTEMPATH\CodeIgniter.php(355): CodeIgniter\CodeIgniter->handleRequest(null, Object(Config\Cache), false)
 9 SYSTEMPATH\Boot.php(325): CodeIgniter\CodeIgniter->run()
10 SYSTEMPATH\Boot.php(67): CodeIgniter\Boot::runCodeIgniter(Object(CodeIgniter\CodeIgniter))
11 FCPATH\index.php(56): CodeIgniter\Boot::bootWeb(Object(Config\Paths))
WARNING - 2025-02-11 09:23:58 --> [DEPRECATED] strtotime(): Passing null to parameter #1 ($datetime) of type string is deprecated in APPPATH\Views\Admin\Admission\list.php on line 103.
 1 APPPATH\Views\Admin\Admission\list.php(103): strtotime(null)
 2 SYSTEMPATH\View\View.php(234): include('C:\\xampp\\htdocs\\Wolfox\\app\\Views\\Admin\\Admission\\list.php')
 3 SYSTEMPATH\View\View.php(237): CodeIgniter\View\View->CodeIgniter\View\{closure}()
 4 SYSTEMPATH\Common.php(1171): CodeIgniter\View\View->render('/Admin/Admission/list', [], true)
 5 APPPATH\Controllers\AdmissionMaster.php(309): view('/Admin/Admission/list', [...])
 6 SYSTEMPATH\CodeIgniter.php(933): App\Controllers\AdmissionMaster->list()
 7 SYSTEMPATH\CodeIgniter.php(509): CodeIgniter\CodeIgniter->runController(Object(App\Controllers\AdmissionMaster))
 8 SYSTEMPATH\CodeIgniter.php(355): CodeIgniter\CodeIgniter->handleRequest(null, Object(Config\Cache), false)
 9 SYSTEMPATH\Boot.php(325): CodeIgniter\CodeIgniter->run()
10 SYSTEMPATH\Boot.php(67): CodeIgniter\Boot::runCodeIgniter(Object(CodeIgniter\CodeIgniter))
11 FCPATH\index.php(56): CodeIgniter\Boot::bootWeb(Object(Config\Paths))
WARNING - 2025-02-11 09:23:58 --> [DEPRECATED] strtotime(): Passing null to parameter #1 ($datetime) of type string is deprecated in APPPATH\Views\Admin\Admission\list.php on line 103.
 1 APPPATH\Views\Admin\Admission\list.php(103): strtotime(null)
 2 SYSTEMPATH\View\View.php(234): include('C:\\xampp\\htdocs\\Wolfox\\app\\Views\\Admin\\Admission\\list.php')
 3 SYSTEMPATH\View\View.php(237): CodeIgniter\View\View->CodeIgniter\View\{closure}()
 4 SYSTEMPATH\Common.php(1171): CodeIgniter\View\View->render('/Admin/Admission/list', [], true)
 5 APPPATH\Controllers\AdmissionMaster.php(309): view('/Admin/Admission/list', [...])
 6 SYSTEMPATH\CodeIgniter.php(933): App\Controllers\AdmissionMaster->list()
 7 SYSTEMPATH\CodeIgniter.php(509): CodeIgniter\CodeIgniter->runController(Object(App\Controllers\AdmissionMaster))
 8 SYSTEMPATH\CodeIgniter.php(355): CodeIgniter\CodeIgniter->handleRequest(null, Object(Config\Cache), false)
 9 SYSTEMPATH\Boot.php(325): CodeIgniter\CodeIgniter->run()
10 SYSTEMPATH\Boot.php(67): CodeIgniter\Boot::runCodeIgniter(Object(CodeIgniter\CodeIgniter))
11 FCPATH\index.php(56): CodeIgniter\Boot::bootWeb(Object(Config\Paths))
WARNING - 2025-02-11 09:23:58 --> [DEPRECATED] strtotime(): Passing null to parameter #1 ($datetime) of type string is deprecated in APPPATH\Views\Admin\Admission\list.php on line 103.
 1 APPPATH\Views\Admin\Admission\list.php(103): strtotime(null)
 2 SYSTEMPATH\View\View.php(234): include('C:\\xampp\\htdocs\\Wolfox\\app\\Views\\Admin\\Admission\\list.php')
 3 SYSTEMPATH\View\View.php(237): CodeIgniter\View\View->CodeIgniter\View\{closure}()
 4 SYSTEMPATH\Common.php(1171): CodeIgniter\View\View->render('/Admin/Admission/list', [], true)
 5 APPPATH\Controllers\AdmissionMaster.php(309): view('/Admin/Admission/list', [...])
 6 SYSTEMPATH\CodeIgniter.php(933): App\Controllers\AdmissionMaster->list()
 7 SYSTEMPATH\CodeIgniter.php(509): CodeIgniter\CodeIgniter->runController(Object(App\Controllers\AdmissionMaster))
 8 SYSTEMPATH\CodeIgniter.php(355): CodeIgniter\CodeIgniter->handleRequest(null, Object(Config\Cache), false)
 9 SYSTEMPATH\Boot.php(325): CodeIgniter\CodeIgniter->run()
10 SYSTEMPATH\Boot.php(67): CodeIgniter\Boot::runCodeIgniter(Object(CodeIgniter\CodeIgniter))
11 FCPATH\index.php(56): CodeIgniter\Boot::bootWeb(Object(Config\Paths))
WARNING - 2025-02-11 09:23:58 --> [DEPRECATED] strtotime(): Passing null to parameter #1 ($datetime) of type string is deprecated in APPPATH\Views\Admin\Admission\list.php on line 103.
 1 APPPATH\Views\Admin\Admission\list.php(103): strtotime(null)
 2 SYSTEMPATH\View\View.php(234): include('C:\\xampp\\htdocs\\Wolfox\\app\\Views\\Admin\\Admission\\list.php')
 3 SYSTEMPATH\View\View.php(237): CodeIgniter\View\View->CodeIgniter\View\{closure}()
 4 SYSTEMPATH\Common.php(1171): CodeIgniter\View\View->render('/Admin/Admission/list', [], true)
 5 APPPATH\Controllers\AdmissionMaster.php(309): view('/Admin/Admission/list', [...])
 6 SYSTEMPATH\CodeIgniter.php(933): App\Controllers\AdmissionMaster->list()
 7 SYSTEMPATH\CodeIgniter.php(509): CodeIgniter\CodeIgniter->runController(Object(App\Controllers\AdmissionMaster))
 8 SYSTEMPATH\CodeIgniter.php(355): CodeIgniter\CodeIgniter->handleRequest(null, Object(Config\Cache), false)
 9 SYSTEMPATH\Boot.php(325): CodeIgniter\CodeIgniter->run()
10 SYSTEMPATH\Boot.php(67): CodeIgniter\Boot::runCodeIgniter(Object(CodeIgniter\CodeIgniter))
11 FCPATH\index.php(56): CodeIgniter\Boot::bootWeb(Object(Config\Paths))
WARNING - 2025-02-11 09:23:58 --> [DEPRECATED] strtotime(): Passing null to parameter #1 ($datetime) of type string is deprecated in APPPATH\Views\Admin\Admission\list.php on line 103.
 1 APPPATH\Views\Admin\Admission\list.php(103): strtotime(null)
 2 SYSTEMPATH\View\View.php(234): include('C:\\xampp\\htdocs\\Wolfox\\app\\Views\\Admin\\Admission\\list.php')
 3 SYSTEMPATH\View\View.php(237): CodeIgniter\View\View->CodeIgniter\View\{closure}()
 4 SYSTEMPATH\Common.php(1171): CodeIgniter\View\View->render('/Admin/Admission/list', [], true)
 5 APPPATH\Controllers\AdmissionMaster.php(309): view('/Admin/Admission/list', [...])
 6 SYSTEMPATH\CodeIgniter.php(933): App\Controllers\AdmissionMaster->list()
 7 SYSTEMPATH\CodeIgniter.php(509): CodeIgniter\CodeIgniter->runController(Object(App\Controllers\AdmissionMaster))
 8 SYSTEMPATH\CodeIgniter.php(355): CodeIgniter\CodeIgniter->handleRequest(null, Object(Config\Cache), false)
 9 SYSTEMPATH\Boot.php(325): CodeIgniter\CodeIgniter->run()
10 SYSTEMPATH\Boot.php(67): CodeIgniter\Boot::runCodeIgniter(Object(CodeIgniter\CodeIgniter))
11 FCPATH\index.php(56): CodeIgniter\Boot::bootWeb(Object(Config\Paths))
WARNING - 2025-02-11 09:23:58 --> [DEPRECATED] strtotime(): Passing null to parameter #1 ($datetime) of type string is deprecated in APPPATH\Views\Admin\Admission\list.php on line 103.
 1 APPPATH\Views\Admin\Admission\list.php(103): strtotime(null)
 2 SYSTEMPATH\View\View.php(234): include('C:\\xampp\\htdocs\\Wolfox\\app\\Views\\Admin\\Admission\\list.php')
 3 SYSTEMPATH\View\View.php(237): CodeIgniter\View\View->CodeIgniter\View\{closure}()
 4 SYSTEMPATH\Common.php(1171): CodeIgniter\View\View->render('/Admin/Admission/list', [], true)
 5 APPPATH\Controllers\AdmissionMaster.php(309): view('/Admin/Admission/list', [...])
 6 SYSTEMPATH\CodeIgniter.php(933): App\Controllers\AdmissionMaster->list()
 7 SYSTEMPATH\CodeIgniter.php(509): CodeIgniter\CodeIgniter->runController(Object(App\Controllers\AdmissionMaster))
 8 SYSTEMPATH\CodeIgniter.php(355): CodeIgniter\CodeIgniter->handleRequest(null, Object(Config\Cache), false)
 9 SYSTEMPATH\Boot.php(325): CodeIgniter\CodeIgniter->run()
10 SYSTEMPATH\Boot.php(67): CodeIgniter\Boot::runCodeIgniter(Object(CodeIgniter\CodeIgniter))
11 FCPATH\index.php(56): CodeIgniter\Boot::bootWeb(Object(Config\Paths))
WARNING - 2025-02-11 09:23:58 --> [DEPRECATED] strtotime(): Passing null to parameter #1 ($datetime) of type string is deprecated in APPPATH\Views\Admin\Admission\list.php on line 103.
 1 APPPATH\Views\Admin\Admission\list.php(103): strtotime(null)
 2 SYSTEMPATH\View\View.php(234): include('C:\\xampp\\htdocs\\Wolfox\\app\\Views\\Admin\\Admission\\list.php')
 3 SYSTEMPATH\View\View.php(237): CodeIgniter\View\View->CodeIgniter\View\{closure}()
 4 SYSTEMPATH\Common.php(1171): CodeIgniter\View\View->render('/Admin/Admission/list', [], true)
 5 APPPATH\Controllers\AdmissionMaster.php(309): view('/Admin/Admission/list', [...])
 6 SYSTEMPATH\CodeIgniter.php(933): App\Controllers\AdmissionMaster->list()
 7 SYSTEMPATH\CodeIgniter.php(509): CodeIgniter\CodeIgniter->runController(Object(App\Controllers\AdmissionMaster))
 8 SYSTEMPATH\CodeIgniter.php(355): CodeIgniter\CodeIgniter->handleRequest(null, Object(Config\Cache), false)
 9 SYSTEMPATH\Boot.php(325): CodeIgniter\CodeIgniter->run()
10 SYSTEMPATH\Boot.php(67): CodeIgniter\Boot::runCodeIgniter(Object(CodeIgniter\CodeIgniter))
11 FCPATH\index.php(56): CodeIgniter\Boot::bootWeb(Object(Config\Paths))
WARNING - 2025-02-11 09:23:58 --> [DEPRECATED] strtotime(): Passing null to parameter #1 ($datetime) of type string is deprecated in APPPATH\Views\Admin\Admission\list.php on line 103.
 1 APPPATH\Views\Admin\Admission\list.php(103): strtotime(null)
 2 SYSTEMPATH\View\View.php(234): include('C:\\xampp\\htdocs\\Wolfox\\app\\Views\\Admin\\Admission\\list.php')
 3 SYSTEMPATH\View\View.php(237): CodeIgniter\View\View->CodeIgniter\View\{closure}()
 4 SYSTEMPATH\Common.php(1171): CodeIgniter\View\View->render('/Admin/Admission/list', [], true)
 5 APPPATH\Controllers\AdmissionMaster.php(309): view('/Admin/Admission/list', [...])
 6 SYSTEMPATH\CodeIgniter.php(933): App\Controllers\AdmissionMaster->list()
 7 SYSTEMPATH\CodeIgniter.php(509): CodeIgniter\CodeIgniter->runController(Object(App\Controllers\AdmissionMaster))
 8 SYSTEMPATH\CodeIgniter.php(355): CodeIgniter\CodeIgniter->handleRequest(null, Object(Config\Cache), false)
 9 SYSTEMPATH\Boot.php(325): CodeIgniter\CodeIgniter->run()
10 SYSTEMPATH\Boot.php(67): CodeIgniter\Boot::runCodeIgniter(Object(CodeIgniter\CodeIgniter))
11 FCPATH\index.php(56): CodeIgniter\Boot::bootWeb(Object(Config\Paths))
WARNING - 2025-02-11 09:23:58 --> [DEPRECATED] strtotime(): Passing null to parameter #1 ($datetime) of type string is deprecated in APPPATH\Views\Admin\Admission\list.php on line 103.
 1 APPPATH\Views\Admin\Admission\list.php(103): strtotime(null)
 2 SYSTEMPATH\View\View.php(234): include('C:\\xampp\\htdocs\\Wolfox\\app\\Views\\Admin\\Admission\\list.php')
 3 SYSTEMPATH\View\View.php(237): CodeIgniter\View\View->CodeIgniter\View\{closure}()
 4 SYSTEMPATH\Common.php(1171): CodeIgniter\View\View->render('/Admin/Admission/list', [], true)
 5 APPPATH\Controllers\AdmissionMaster.php(309): view('/Admin/Admission/list', [...])
 6 SYSTEMPATH\CodeIgniter.php(933): App\Controllers\AdmissionMaster->list()
 7 SYSTEMPATH\CodeIgniter.php(509): CodeIgniter\CodeIgniter->runController(Object(App\Controllers\AdmissionMaster))
 8 SYSTEMPATH\CodeIgniter.php(355): CodeIgniter\CodeIgniter->handleRequest(null, Object(Config\Cache), false)
 9 SYSTEMPATH\Boot.php(325): CodeIgniter\CodeIgniter->run()
10 SYSTEMPATH\Boot.php(67): CodeIgniter\Boot::runCodeIgniter(Object(CodeIgniter\CodeIgniter))
11 FCPATH\index.php(56): CodeIgniter\Boot::bootWeb(Object(Config\Paths))
WARNING - 2025-02-11 09:23:58 --> [DEPRECATED] strtotime(): Passing null to parameter #1 ($datetime) of type string is deprecated in APPPATH\Views\Admin\Admission\list.php on line 103.
 1 APPPATH\Views\Admin\Admission\list.php(103): strtotime(null)
 2 SYSTEMPATH\View\View.php(234): include('C:\\xampp\\htdocs\\Wolfox\\app\\Views\\Admin\\Admission\\list.php')
 3 SYSTEMPATH\View\View.php(237): CodeIgniter\View\View->CodeIgniter\View\{closure}()
 4 SYSTEMPATH\Common.php(1171): CodeIgniter\View\View->render('/Admin/Admission/list', [], true)
 5 APPPATH\Controllers\AdmissionMaster.php(309): view('/Admin/Admission/list', [...])
 6 SYSTEMPATH\CodeIgniter.php(933): App\Controllers\AdmissionMaster->list()
 7 SYSTEMPATH\CodeIgniter.php(509): CodeIgniter\CodeIgniter->runController(Object(App\Controllers\AdmissionMaster))
 8 SYSTEMPATH\CodeIgniter.php(355): CodeIgniter\CodeIgniter->handleRequest(null, Object(Config\Cache), false)
 9 SYSTEMPATH\Boot.php(325): CodeIgniter\CodeIgniter->run()
10 SYSTEMPATH\Boot.php(67): CodeIgniter\Boot::runCodeIgniter(Object(CodeIgniter\CodeIgniter))
11 FCPATH\index.php(56): CodeIgniter\Boot::bootWeb(Object(Config\Paths))
WARNING - 2025-02-11 09:23:58 --> [DEPRECATED] strtotime(): Passing null to parameter #1 ($datetime) of type string is deprecated in APPPATH\Views\Admin\Admission\list.php on line 103.
 1 APPPATH\Views\Admin\Admission\list.php(103): strtotime(null)
 2 SYSTEMPATH\View\View.php(234): include('C:\\xampp\\htdocs\\Wolfox\\app\\Views\\Admin\\Admission\\list.php')
 3 SYSTEMPATH\View\View.php(237): CodeIgniter\View\View->CodeIgniter\View\{closure}()
 4 SYSTEMPATH\Common.php(1171): CodeIgniter\View\View->render('/Admin/Admission/list', [], true)
 5 APPPATH\Controllers\AdmissionMaster.php(309): view('/Admin/Admission/list', [...])
 6 SYSTEMPATH\CodeIgniter.php(933): App\Controllers\AdmissionMaster->list()
 7 SYSTEMPATH\CodeIgniter.php(509): CodeIgniter\CodeIgniter->runController(Object(App\Controllers\AdmissionMaster))
 8 SYSTEMPATH\CodeIgniter.php(355): CodeIgniter\CodeIgniter->handleRequest(null, Object(Config\Cache), false)
 9 SYSTEMPATH\Boot.php(325): CodeIgniter\CodeIgniter->run()
10 SYSTEMPATH\Boot.php(67): CodeIgniter\Boot::runCodeIgniter(Object(CodeIgniter\CodeIgniter))
11 FCPATH\index.php(56): CodeIgniter\Boot::bootWeb(Object(Config\Paths))
WARNING - 2025-02-11 09:23:58 --> [DEPRECATED] strtotime(): Passing null to parameter #1 ($datetime) of type string is deprecated in APPPATH\Views\Admin\Admission\list.php on line 103.
 1 APPPATH\Views\Admin\Admission\list.php(103): strtotime(null)
 2 SYSTEMPATH\View\View.php(234): include('C:\\xampp\\htdocs\\Wolfox\\app\\Views\\Admin\\Admission\\list.php')
 3 SYSTEMPATH\View\View.php(237): CodeIgniter\View\View->CodeIgniter\View\{closure}()
 4 SYSTEMPATH\Common.php(1171): CodeIgniter\View\View->render('/Admin/Admission/list', [], true)
 5 APPPATH\Controllers\AdmissionMaster.php(309): view('/Admin/Admission/list', [...])
 6 SYSTEMPATH\CodeIgniter.php(933): App\Controllers\AdmissionMaster->list()
 7 SYSTEMPATH\CodeIgniter.php(509): CodeIgniter\CodeIgniter->runController(Object(App\Controllers\AdmissionMaster))
 8 SYSTEMPATH\CodeIgniter.php(355): CodeIgniter\CodeIgniter->handleRequest(null, Object(Config\Cache), false)
 9 SYSTEMPATH\Boot.php(325): CodeIgniter\CodeIgniter->run()
10 SYSTEMPATH\Boot.php(67): CodeIgniter\Boot::runCodeIgniter(Object(CodeIgniter\CodeIgniter))
11 FCPATH\index.php(56): CodeIgniter\Boot::bootWeb(Object(Config\Paths))
WARNING - 2025-02-11 09:25:44 --> [DEPRECATED] strtotime(): Passing null to parameter #1 ($datetime) of type string is deprecated in APPPATH\Views\Admin\Admission\list.php on line 103.
 1 APPPATH\Views\Admin\Admission\list.php(103): strtotime(null)
 2 SYSTEMPATH\View\View.php(234): include('C:\\xampp\\htdocs\\Wolfox\\app\\Views\\Admin\\Admission\\list.php')
 3 SYSTEMPATH\View\View.php(237): CodeIgniter\View\View->CodeIgniter\View\{closure}()
 4 SYSTEMPATH\Common.php(1171): CodeIgniter\View\View->render('/Admin/Admission/list', [], true)
 5 APPPATH\Controllers\AdmissionMaster.php(309): view('/Admin/Admission/list', [...])
 6 SYSTEMPATH\CodeIgniter.php(933): App\Controllers\AdmissionMaster->list()
 7 SYSTEMPATH\CodeIgniter.php(509): CodeIgniter\CodeIgniter->runController(Object(App\Controllers\AdmissionMaster))
 8 SYSTEMPATH\CodeIgniter.php(355): CodeIgniter\CodeIgniter->handleRequest(null, Object(Config\Cache), false)
 9 SYSTEMPATH\Boot.php(325): CodeIgniter\CodeIgniter->run()
10 SYSTEMPATH\Boot.php(67): CodeIgniter\Boot::runCodeIgniter(Object(CodeIgniter\CodeIgniter))
11 FCPATH\index.php(56): CodeIgniter\Boot::bootWeb(Object(Config\Paths))
WARNING - 2025-02-11 09:25:44 --> [DEPRECATED] strtotime(): Passing null to parameter #1 ($datetime) of type string is deprecated in APPPATH\Views\Admin\Admission\list.php on line 103.
 1 APPPATH\Views\Admin\Admission\list.php(103): strtotime(null)
 2 SYSTEMPATH\View\View.php(234): include('C:\\xampp\\htdocs\\Wolfox\\app\\Views\\Admin\\Admission\\list.php')
 3 SYSTEMPATH\View\View.php(237): CodeIgniter\View\View->CodeIgniter\View\{closure}()
 4 SYSTEMPATH\Common.php(1171): CodeIgniter\View\View->render('/Admin/Admission/list', [], true)
 5 APPPATH\Controllers\AdmissionMaster.php(309): view('/Admin/Admission/list', [...])
 6 SYSTEMPATH\CodeIgniter.php(933): App\Controllers\AdmissionMaster->list()
 7 SYSTEMPATH\CodeIgniter.php(509): CodeIgniter\CodeIgniter->runController(Object(App\Controllers\AdmissionMaster))
 8 SYSTEMPATH\CodeIgniter.php(355): CodeIgniter\CodeIgniter->handleRequest(null, Object(Config\Cache), false)
 9 SYSTEMPATH\Boot.php(325): CodeIgniter\CodeIgniter->run()
10 SYSTEMPATH\Boot.php(67): CodeIgniter\Boot::runCodeIgniter(Object(CodeIgniter\CodeIgniter))
11 FCPATH\index.php(56): CodeIgniter\Boot::bootWeb(Object(Config\Paths))
WARNING - 2025-02-11 09:25:44 --> [DEPRECATED] strtotime(): Passing null to parameter #1 ($datetime) of type string is deprecated in APPPATH\Views\Admin\Admission\list.php on line 103.
 1 APPPATH\Views\Admin\Admission\list.php(103): strtotime(null)
 2 SYSTEMPATH\View\View.php(234): include('C:\\xampp\\htdocs\\Wolfox\\app\\Views\\Admin\\Admission\\list.php')
 3 SYSTEMPATH\View\View.php(237): CodeIgniter\View\View->CodeIgniter\View\{closure}()
 4 SYSTEMPATH\Common.php(1171): CodeIgniter\View\View->render('/Admin/Admission/list', [], true)
 5 APPPATH\Controllers\AdmissionMaster.php(309): view('/Admin/Admission/list', [...])
 6 SYSTEMPATH\CodeIgniter.php(933): App\Controllers\AdmissionMaster->list()
 7 SYSTEMPATH\CodeIgniter.php(509): CodeIgniter\CodeIgniter->runController(Object(App\Controllers\AdmissionMaster))
 8 SYSTEMPATH\CodeIgniter.php(355): CodeIgniter\CodeIgniter->handleRequest(null, Object(Config\Cache), false)
 9 SYSTEMPATH\Boot.php(325): CodeIgniter\CodeIgniter->run()
10 SYSTEMPATH\Boot.php(67): CodeIgniter\Boot::runCodeIgniter(Object(CodeIgniter\CodeIgniter))
11 FCPATH\index.php(56): CodeIgniter\Boot::bootWeb(Object(Config\Paths))
WARNING - 2025-02-11 09:25:44 --> [DEPRECATED] strtotime(): Passing null to parameter #1 ($datetime) of type string is deprecated in APPPATH\Views\Admin\Admission\list.php on line 103.
 1 APPPATH\Views\Admin\Admission\list.php(103): strtotime(null)
 2 SYSTEMPATH\View\View.php(234): include('C:\\xampp\\htdocs\\Wolfox\\app\\Views\\Admin\\Admission\\list.php')
 3 SYSTEMPATH\View\View.php(237): CodeIgniter\View\View->CodeIgniter\View\{closure}()
 4 SYSTEMPATH\Common.php(1171): CodeIgniter\View\View->render('/Admin/Admission/list', [], true)
 5 APPPATH\Controllers\AdmissionMaster.php(309): view('/Admin/Admission/list', [...])
 6 SYSTEMPATH\CodeIgniter.php(933): App\Controllers\AdmissionMaster->list()
 7 SYSTEMPATH\CodeIgniter.php(509): CodeIgniter\CodeIgniter->runController(Object(App\Controllers\AdmissionMaster))
 8 SYSTEMPATH\CodeIgniter.php(355): CodeIgniter\CodeIgniter->handleRequest(null, Object(Config\Cache), false)
 9 SYSTEMPATH\Boot.php(325): CodeIgniter\CodeIgniter->run()
10 SYSTEMPATH\Boot.php(67): CodeIgniter\Boot::runCodeIgniter(Object(CodeIgniter\CodeIgniter))
11 FCPATH\index.php(56): CodeIgniter\Boot::bootWeb(Object(Config\Paths))
WARNING - 2025-02-11 09:25:44 --> [DEPRECATED] strtotime(): Passing null to parameter #1 ($datetime) of type string is deprecated in APPPATH\Views\Admin\Admission\list.php on line 103.
 1 APPPATH\Views\Admin\Admission\list.php(103): strtotime(null)
 2 SYSTEMPATH\View\View.php(234): include('C:\\xampp\\htdocs\\Wolfox\\app\\Views\\Admin\\Admission\\list.php')
 3 SYSTEMPATH\View\View.php(237): CodeIgniter\View\View->CodeIgniter\View\{closure}()
 4 SYSTEMPATH\Common.php(1171): CodeIgniter\View\View->render('/Admin/Admission/list', [], true)
 5 APPPATH\Controllers\AdmissionMaster.php(309): view('/Admin/Admission/list', [...])
 6 SYSTEMPATH\CodeIgniter.php(933): App\Controllers\AdmissionMaster->list()
 7 SYSTEMPATH\CodeIgniter.php(509): CodeIgniter\CodeIgniter->runController(Object(App\Controllers\AdmissionMaster))
 8 SYSTEMPATH\CodeIgniter.php(355): CodeIgniter\CodeIgniter->handleRequest(null, Object(Config\Cache), false)
 9 SYSTEMPATH\Boot.php(325): CodeIgniter\CodeIgniter->run()
10 SYSTEMPATH\Boot.php(67): CodeIgniter\Boot::runCodeIgniter(Object(CodeIgniter\CodeIgniter))
11 FCPATH\index.php(56): CodeIgniter\Boot::bootWeb(Object(Config\Paths))
WARNING - 2025-02-11 09:25:44 --> [DEPRECATED] strtotime(): Passing null to parameter #1 ($datetime) of type string is deprecated in APPPATH\Views\Admin\Admission\list.php on line 103.
 1 APPPATH\Views\Admin\Admission\list.php(103): strtotime(null)
 2 SYSTEMPATH\View\View.php(234): include('C:\\xampp\\htdocs\\Wolfox\\app\\Views\\Admin\\Admission\\list.php')
 3 SYSTEMPATH\View\View.php(237): CodeIgniter\View\View->CodeIgniter\View\{closure}()
 4 SYSTEMPATH\Common.php(1171): CodeIgniter\View\View->render('/Admin/Admission/list', [], true)
 5 APPPATH\Controllers\AdmissionMaster.php(309): view('/Admin/Admission/list', [...])
 6 SYSTEMPATH\CodeIgniter.php(933): App\Controllers\AdmissionMaster->list()
 7 SYSTEMPATH\CodeIgniter.php(509): CodeIgniter\CodeIgniter->runController(Object(App\Controllers\AdmissionMaster))
 8 SYSTEMPATH\CodeIgniter.php(355): CodeIgniter\CodeIgniter->handleRequest(null, Object(Config\Cache), false)
 9 SYSTEMPATH\Boot.php(325): CodeIgniter\CodeIgniter->run()
10 SYSTEMPATH\Boot.php(67): CodeIgniter\Boot::runCodeIgniter(Object(CodeIgniter\CodeIgniter))
11 FCPATH\index.php(56): CodeIgniter\Boot::bootWeb(Object(Config\Paths))
WARNING - 2025-02-11 09:25:44 --> [DEPRECATED] strtotime(): Passing null to parameter #1 ($datetime) of type string is deprecated in APPPATH\Views\Admin\Admission\list.php on line 103.
 1 APPPATH\Views\Admin\Admission\list.php(103): strtotime(null)
 2 SYSTEMPATH\View\View.php(234): include('C:\\xampp\\htdocs\\Wolfox\\app\\Views\\Admin\\Admission\\list.php')
 3 SYSTEMPATH\View\View.php(237): CodeIgniter\View\View->CodeIgniter\View\{closure}()
 4 SYSTEMPATH\Common.php(1171): CodeIgniter\View\View->render('/Admin/Admission/list', [], true)
 5 APPPATH\Controllers\AdmissionMaster.php(309): view('/Admin/Admission/list', [...])
 6 SYSTEMPATH\CodeIgniter.php(933): App\Controllers\AdmissionMaster->list()
 7 SYSTEMPATH\CodeIgniter.php(509): CodeIgniter\CodeIgniter->runController(Object(App\Controllers\AdmissionMaster))
 8 SYSTEMPATH\CodeIgniter.php(355): CodeIgniter\CodeIgniter->handleRequest(null, Object(Config\Cache), false)
 9 SYSTEMPATH\Boot.php(325): CodeIgniter\CodeIgniter->run()
10 SYSTEMPATH\Boot.php(67): CodeIgniter\Boot::runCodeIgniter(Object(CodeIgniter\CodeIgniter))
11 FCPATH\index.php(56): CodeIgniter\Boot::bootWeb(Object(Config\Paths))
WARNING - 2025-02-11 09:25:44 --> [DEPRECATED] strtotime(): Passing null to parameter #1 ($datetime) of type string is deprecated in APPPATH\Views\Admin\Admission\list.php on line 103.
 1 APPPATH\Views\Admin\Admission\list.php(103): strtotime(null)
 2 SYSTEMPATH\View\View.php(234): include('C:\\xampp\\htdocs\\Wolfox\\app\\Views\\Admin\\Admission\\list.php')
 3 SYSTEMPATH\View\View.php(237): CodeIgniter\View\View->CodeIgniter\View\{closure}()
 4 SYSTEMPATH\Common.php(1171): CodeIgniter\View\View->render('/Admin/Admission/list', [], true)
 5 APPPATH\Controllers\AdmissionMaster.php(309): view('/Admin/Admission/list', [...])
 6 SYSTEMPATH\CodeIgniter.php(933): App\Controllers\AdmissionMaster->list()
 7 SYSTEMPATH\CodeIgniter.php(509): CodeIgniter\CodeIgniter->runController(Object(App\Controllers\AdmissionMaster))
 8 SYSTEMPATH\CodeIgniter.php(355): CodeIgniter\CodeIgniter->handleRequest(null, Object(Config\Cache), false)
 9 SYSTEMPATH\Boot.php(325): CodeIgniter\CodeIgniter->run()
10 SYSTEMPATH\Boot.php(67): CodeIgniter\Boot::runCodeIgniter(Object(CodeIgniter\CodeIgniter))
11 FCPATH\index.php(56): CodeIgniter\Boot::bootWeb(Object(Config\Paths))
WARNING - 2025-02-11 09:25:44 --> [DEPRECATED] strtotime(): Passing null to parameter #1 ($datetime) of type string is deprecated in APPPATH\Views\Admin\Admission\list.php on line 103.
 1 APPPATH\Views\Admin\Admission\list.php(103): strtotime(null)
 2 SYSTEMPATH\View\View.php(234): include('C:\\xampp\\htdocs\\Wolfox\\app\\Views\\Admin\\Admission\\list.php')
 3 SYSTEMPATH\View\View.php(237): CodeIgniter\View\View->CodeIgniter\View\{closure}()
 4 SYSTEMPATH\Common.php(1171): CodeIgniter\View\View->render('/Admin/Admission/list', [], true)
 5 APPPATH\Controllers\AdmissionMaster.php(309): view('/Admin/Admission/list', [...])
 6 SYSTEMPATH\CodeIgniter.php(933): App\Controllers\AdmissionMaster->list()
 7 SYSTEMPATH\CodeIgniter.php(509): CodeIgniter\CodeIgniter->runController(Object(App\Controllers\AdmissionMaster))
 8 SYSTEMPATH\CodeIgniter.php(355): CodeIgniter\CodeIgniter->handleRequest(null, Object(Config\Cache), false)
 9 SYSTEMPATH\Boot.php(325): CodeIgniter\CodeIgniter->run()
10 SYSTEMPATH\Boot.php(67): CodeIgniter\Boot::runCodeIgniter(Object(CodeIgniter\CodeIgniter))
11 FCPATH\index.php(56): CodeIgniter\Boot::bootWeb(Object(Config\Paths))
WARNING - 2025-02-11 09:25:44 --> [DEPRECATED] strtotime(): Passing null to parameter #1 ($datetime) of type string is deprecated in APPPATH\Views\Admin\Admission\list.php on line 103.
 1 APPPATH\Views\Admin\Admission\list.php(103): strtotime(null)
 2 SYSTEMPATH\View\View.php(234): include('C:\\xampp\\htdocs\\Wolfox\\app\\Views\\Admin\\Admission\\list.php')
 3 SYSTEMPATH\View\View.php(237): CodeIgniter\View\View->CodeIgniter\View\{closure}()
 4 SYSTEMPATH\Common.php(1171): CodeIgniter\View\View->render('/Admin/Admission/list', [], true)
 5 APPPATH\Controllers\AdmissionMaster.php(309): view('/Admin/Admission/list', [...])
 6 SYSTEMPATH\CodeIgniter.php(933): App\Controllers\AdmissionMaster->list()
 7 SYSTEMPATH\CodeIgniter.php(509): CodeIgniter\CodeIgniter->runController(Object(App\Controllers\AdmissionMaster))
 8 SYSTEMPATH\CodeIgniter.php(355): CodeIgniter\CodeIgniter->handleRequest(null, Object(Config\Cache), false)
 9 SYSTEMPATH\Boot.php(325): CodeIgniter\CodeIgniter->run()
10 SYSTEMPATH\Boot.php(67): CodeIgniter\Boot::runCodeIgniter(Object(CodeIgniter\CodeIgniter))
11 FCPATH\index.php(56): CodeIgniter\Boot::bootWeb(Object(Config\Paths))
WARNING - 2025-02-11 09:25:44 --> [DEPRECATED] strtotime(): Passing null to parameter #1 ($datetime) of type string is deprecated in APPPATH\Views\Admin\Admission\list.php on line 103.
 1 APPPATH\Views\Admin\Admission\list.php(103): strtotime(null)
 2 SYSTEMPATH\View\View.php(234): include('C:\\xampp\\htdocs\\Wolfox\\app\\Views\\Admin\\Admission\\list.php')
 3 SYSTEMPATH\View\View.php(237): CodeIgniter\View\View->CodeIgniter\View\{closure}()
 4 SYSTEMPATH\Common.php(1171): CodeIgniter\View\View->render('/Admin/Admission/list', [], true)
 5 APPPATH\Controllers\AdmissionMaster.php(309): view('/Admin/Admission/list', [...])
 6 SYSTEMPATH\CodeIgniter.php(933): App\Controllers\AdmissionMaster->list()
 7 SYSTEMPATH\CodeIgniter.php(509): CodeIgniter\CodeIgniter->runController(Object(App\Controllers\AdmissionMaster))
 8 SYSTEMPATH\CodeIgniter.php(355): CodeIgniter\CodeIgniter->handleRequest(null, Object(Config\Cache), false)
 9 SYSTEMPATH\Boot.php(325): CodeIgniter\CodeIgniter->run()
10 SYSTEMPATH\Boot.php(67): CodeIgniter\Boot::runCodeIgniter(Object(CodeIgniter\CodeIgniter))
11 FCPATH\index.php(56): CodeIgniter\Boot::bootWeb(Object(Config\Paths))
WARNING - 2025-02-11 09:25:44 --> [DEPRECATED] strtotime(): Passing null to parameter #1 ($datetime) of type string is deprecated in APPPATH\Views\Admin\Admission\list.php on line 103.
 1 APPPATH\Views\Admin\Admission\list.php(103): strtotime(null)
 2 SYSTEMPATH\View\View.php(234): include('C:\\xampp\\htdocs\\Wolfox\\app\\Views\\Admin\\Admission\\list.php')
 3 SYSTEMPATH\View\View.php(237): CodeIgniter\View\View->CodeIgniter\View\{closure}()
 4 SYSTEMPATH\Common.php(1171): CodeIgniter\View\View->render('/Admin/Admission/list', [], true)
 5 APPPATH\Controllers\AdmissionMaster.php(309): view('/Admin/Admission/list', [...])
 6 SYSTEMPATH\CodeIgniter.php(933): App\Controllers\AdmissionMaster->list()
 7 SYSTEMPATH\CodeIgniter.php(509): CodeIgniter\CodeIgniter->runController(Object(App\Controllers\AdmissionMaster))
 8 SYSTEMPATH\CodeIgniter.php(355): CodeIgniter\CodeIgniter->handleRequest(null, Object(Config\Cache), false)
 9 SYSTEMPATH\Boot.php(325): CodeIgniter\CodeIgniter->run()
10 SYSTEMPATH\Boot.php(67): CodeIgniter\Boot::runCodeIgniter(Object(CodeIgniter\CodeIgniter))
11 FCPATH\index.php(56): CodeIgniter\Boot::bootWeb(Object(Config\Paths))
WARNING - 2025-02-11 09:27:50 --> [DEPRECATED] strtotime(): Passing null to parameter #1 ($datetime) of type string is deprecated in APPPATH\Views\Admin\Admission\list.php on line 105.
 1 APPPATH\Views\Admin\Admission\list.php(105): strtotime(null)
 2 SYSTEMPATH\View\View.php(234): include('C:\\xampp\\htdocs\\Wolfox\\app\\Views\\Admin\\Admission\\list.php')
 3 SYSTEMPATH\View\View.php(237): CodeIgniter\View\View->CodeIgniter\View\{closure}()
 4 SYSTEMPATH\Common.php(1171): CodeIgniter\View\View->render('/Admin/Admission/list', [], true)
 5 APPPATH\Controllers\AdmissionMaster.php(309): view('/Admin/Admission/list', [...])
 6 SYSTEMPATH\CodeIgniter.php(933): App\Controllers\AdmissionMaster->list()
 7 SYSTEMPATH\CodeIgniter.php(509): CodeIgniter\CodeIgniter->runController(Object(App\Controllers\AdmissionMaster))
 8 SYSTEMPATH\CodeIgniter.php(355): CodeIgniter\CodeIgniter->handleRequest(null, Object(Config\Cache), false)
 9 SYSTEMPATH\Boot.php(325): CodeIgniter\CodeIgniter->run()
10 SYSTEMPATH\Boot.php(67): CodeIgniter\Boot::runCodeIgniter(Object(CodeIgniter\CodeIgniter))
11 FCPATH\index.php(56): CodeIgniter\Boot::bootWeb(Object(Config\Paths))
WARNING - 2025-02-11 09:27:50 --> [DEPRECATED] strtotime(): Passing null to parameter #1 ($datetime) of type string is deprecated in APPPATH\Views\Admin\Admission\list.php on line 105.
 1 APPPATH\Views\Admin\Admission\list.php(105): strtotime(null)
 2 SYSTEMPATH\View\View.php(234): include('C:\\xampp\\htdocs\\Wolfox\\app\\Views\\Admin\\Admission\\list.php')
 3 SYSTEMPATH\View\View.php(237): CodeIgniter\View\View->CodeIgniter\View\{closure}()
 4 SYSTEMPATH\Common.php(1171): CodeIgniter\View\View->render('/Admin/Admission/list', [], true)
 5 APPPATH\Controllers\AdmissionMaster.php(309): view('/Admin/Admission/list', [...])
 6 SYSTEMPATH\CodeIgniter.php(933): App\Controllers\AdmissionMaster->list()
 7 SYSTEMPATH\CodeIgniter.php(509): CodeIgniter\CodeIgniter->runController(Object(App\Controllers\AdmissionMaster))
 8 SYSTEMPATH\CodeIgniter.php(355): CodeIgniter\CodeIgniter->handleRequest(null, Object(Config\Cache), false)
 9 SYSTEMPATH\Boot.php(325): CodeIgniter\CodeIgniter->run()
10 SYSTEMPATH\Boot.php(67): CodeIgniter\Boot::runCodeIgniter(Object(CodeIgniter\CodeIgniter))
11 FCPATH\index.php(56): CodeIgniter\Boot::bootWeb(Object(Config\Paths))
WARNING - 2025-02-11 09:27:50 --> [DEPRECATED] strtotime(): Passing null to parameter #1 ($datetime) of type string is deprecated in APPPATH\Views\Admin\Admission\list.php on line 105.
 1 APPPATH\Views\Admin\Admission\list.php(105): strtotime(null)
 2 SYSTEMPATH\View\View.php(234): include('C:\\xampp\\htdocs\\Wolfox\\app\\Views\\Admin\\Admission\\list.php')
 3 SYSTEMPATH\View\View.php(237): CodeIgniter\View\View->CodeIgniter\View\{closure}()
 4 SYSTEMPATH\Common.php(1171): CodeIgniter\View\View->render('/Admin/Admission/list', [], true)
 5 APPPATH\Controllers\AdmissionMaster.php(309): view('/Admin/Admission/list', [...])
 6 SYSTEMPATH\CodeIgniter.php(933): App\Controllers\AdmissionMaster->list()
 7 SYSTEMPATH\CodeIgniter.php(509): CodeIgniter\CodeIgniter->runController(Object(App\Controllers\AdmissionMaster))
 8 SYSTEMPATH\CodeIgniter.php(355): CodeIgniter\CodeIgniter->handleRequest(null, Object(Config\Cache), false)
 9 SYSTEMPATH\Boot.php(325): CodeIgniter\CodeIgniter->run()
10 SYSTEMPATH\Boot.php(67): CodeIgniter\Boot::runCodeIgniter(Object(CodeIgniter\CodeIgniter))
11 FCPATH\index.php(56): CodeIgniter\Boot::bootWeb(Object(Config\Paths))
WARNING - 2025-02-11 09:27:50 --> [DEPRECATED] strtotime(): Passing null to parameter #1 ($datetime) of type string is deprecated in APPPATH\Views\Admin\Admission\list.php on line 105.
 1 APPPATH\Views\Admin\Admission\list.php(105): strtotime(null)
 2 SYSTEMPATH\View\View.php(234): include('C:\\xampp\\htdocs\\Wolfox\\app\\Views\\Admin\\Admission\\list.php')
 3 SYSTEMPATH\View\View.php(237): CodeIgniter\View\View->CodeIgniter\View\{closure}()
 4 SYSTEMPATH\Common.php(1171): CodeIgniter\View\View->render('/Admin/Admission/list', [], true)
 5 APPPATH\Controllers\AdmissionMaster.php(309): view('/Admin/Admission/list', [...])
 6 SYSTEMPATH\CodeIgniter.php(933): App\Controllers\AdmissionMaster->list()
 7 SYSTEMPATH\CodeIgniter.php(509): CodeIgniter\CodeIgniter->runController(Object(App\Controllers\AdmissionMaster))
 8 SYSTEMPATH\CodeIgniter.php(355): CodeIgniter\CodeIgniter->handleRequest(null, Object(Config\Cache), false)
 9 SYSTEMPATH\Boot.php(325): CodeIgniter\CodeIgniter->run()
10 SYSTEMPATH\Boot.php(67): CodeIgniter\Boot::runCodeIgniter(Object(CodeIgniter\CodeIgniter))
11 FCPATH\index.php(56): CodeIgniter\Boot::bootWeb(Object(Config\Paths))
WARNING - 2025-02-11 09:27:50 --> [DEPRECATED] strtotime(): Passing null to parameter #1 ($datetime) of type string is deprecated in APPPATH\Views\Admin\Admission\list.php on line 105.
 1 APPPATH\Views\Admin\Admission\list.php(105): strtotime(null)
 2 SYSTEMPATH\View\View.php(234): include('C:\\xampp\\htdocs\\Wolfox\\app\\Views\\Admin\\Admission\\list.php')
 3 SYSTEMPATH\View\View.php(237): CodeIgniter\View\View->CodeIgniter\View\{closure}()
 4 SYSTEMPATH\Common.php(1171): CodeIgniter\View\View->render('/Admin/Admission/list', [], true)
 5 APPPATH\Controllers\AdmissionMaster.php(309): view('/Admin/Admission/list', [...])
 6 SYSTEMPATH\CodeIgniter.php(933): App\Controllers\AdmissionMaster->list()
 7 SYSTEMPATH\CodeIgniter.php(509): CodeIgniter\CodeIgniter->runController(Object(App\Controllers\AdmissionMaster))
 8 SYSTEMPATH\CodeIgniter.php(355): CodeIgniter\CodeIgniter->handleRequest(null, Object(Config\Cache), false)
 9 SYSTEMPATH\Boot.php(325): CodeIgniter\CodeIgniter->run()
10 SYSTEMPATH\Boot.php(67): CodeIgniter\Boot::runCodeIgniter(Object(CodeIgniter\CodeIgniter))
11 FCPATH\index.php(56): CodeIgniter\Boot::bootWeb(Object(Config\Paths))
WARNING - 2025-02-11 09:27:50 --> [DEPRECATED] strtotime(): Passing null to parameter #1 ($datetime) of type string is deprecated in APPPATH\Views\Admin\Admission\list.php on line 105.
 1 APPPATH\Views\Admin\Admission\list.php(105): strtotime(null)
 2 SYSTEMPATH\View\View.php(234): include('C:\\xampp\\htdocs\\Wolfox\\app\\Views\\Admin\\Admission\\list.php')
 3 SYSTEMPATH\View\View.php(237): CodeIgniter\View\View->CodeIgniter\View\{closure}()
 4 SYSTEMPATH\Common.php(1171): CodeIgniter\View\View->render('/Admin/Admission/list', [], true)
 5 APPPATH\Controllers\AdmissionMaster.php(309): view('/Admin/Admission/list', [...])
 6 SYSTEMPATH\CodeIgniter.php(933): App\Controllers\AdmissionMaster->list()
 7 SYSTEMPATH\CodeIgniter.php(509): CodeIgniter\CodeIgniter->runController(Object(App\Controllers\AdmissionMaster))
 8 SYSTEMPATH\CodeIgniter.php(355): CodeIgniter\CodeIgniter->handleRequest(null, Object(Config\Cache), false)
 9 SYSTEMPATH\Boot.php(325): CodeIgniter\CodeIgniter->run()
10 SYSTEMPATH\Boot.php(67): CodeIgniter\Boot::runCodeIgniter(Object(CodeIgniter\CodeIgniter))
11 FCPATH\index.php(56): CodeIgniter\Boot::bootWeb(Object(Config\Paths))
WARNING - 2025-02-11 09:27:50 --> [DEPRECATED] strtotime(): Passing null to parameter #1 ($datetime) of type string is deprecated in APPPATH\Views\Admin\Admission\list.php on line 105.
 1 APPPATH\Views\Admin\Admission\list.php(105): strtotime(null)
 2 SYSTEMPATH\View\View.php(234): include('C:\\xampp\\htdocs\\Wolfox\\app\\Views\\Admin\\Admission\\list.php')
 3 SYSTEMPATH\View\View.php(237): CodeIgniter\View\View->CodeIgniter\View\{closure}()
 4 SYSTEMPATH\Common.php(1171): CodeIgniter\View\View->render('/Admin/Admission/list', [], true)
 5 APPPATH\Controllers\AdmissionMaster.php(309): view('/Admin/Admission/list', [...])
 6 SYSTEMPATH\CodeIgniter.php(933): App\Controllers\AdmissionMaster->list()
 7 SYSTEMPATH\CodeIgniter.php(509): CodeIgniter\CodeIgniter->runController(Object(App\Controllers\AdmissionMaster))
 8 SYSTEMPATH\CodeIgniter.php(355): CodeIgniter\CodeIgniter->handleRequest(null, Object(Config\Cache), false)
 9 SYSTEMPATH\Boot.php(325): CodeIgniter\CodeIgniter->run()
10 SYSTEMPATH\Boot.php(67): CodeIgniter\Boot::runCodeIgniter(Object(CodeIgniter\CodeIgniter))
11 FCPATH\index.php(56): CodeIgniter\Boot::bootWeb(Object(Config\Paths))
WARNING - 2025-02-11 09:27:50 --> [DEPRECATED] strtotime(): Passing null to parameter #1 ($datetime) of type string is deprecated in APPPATH\Views\Admin\Admission\list.php on line 105.
 1 APPPATH\Views\Admin\Admission\list.php(105): strtotime(null)
 2 SYSTEMPATH\View\View.php(234): include('C:\\xampp\\htdocs\\Wolfox\\app\\Views\\Admin\\Admission\\list.php')
 3 SYSTEMPATH\View\View.php(237): CodeIgniter\View\View->CodeIgniter\View\{closure}()
 4 SYSTEMPATH\Common.php(1171): CodeIgniter\View\View->render('/Admin/Admission/list', [], true)
 5 APPPATH\Controllers\AdmissionMaster.php(309): view('/Admin/Admission/list', [...])
 6 SYSTEMPATH\CodeIgniter.php(933): App\Controllers\AdmissionMaster->list()
 7 SYSTEMPATH\CodeIgniter.php(509): CodeIgniter\CodeIgniter->runController(Object(App\Controllers\AdmissionMaster))
 8 SYSTEMPATH\CodeIgniter.php(355): CodeIgniter\CodeIgniter->handleRequest(null, Object(Config\Cache), false)
 9 SYSTEMPATH\Boot.php(325): CodeIgniter\CodeIgniter->run()
10 SYSTEMPATH\Boot.php(67): CodeIgniter\Boot::runCodeIgniter(Object(CodeIgniter\CodeIgniter))
11 FCPATH\index.php(56): CodeIgniter\Boot::bootWeb(Object(Config\Paths))
WARNING - 2025-02-11 09:27:50 --> [DEPRECATED] strtotime(): Passing null to parameter #1 ($datetime) of type string is deprecated in APPPATH\Views\Admin\Admission\list.php on line 105.
 1 APPPATH\Views\Admin\Admission\list.php(105): strtotime(null)
 2 SYSTEMPATH\View\View.php(234): include('C:\\xampp\\htdocs\\Wolfox\\app\\Views\\Admin\\Admission\\list.php')
 3 SYSTEMPATH\View\View.php(237): CodeIgniter\View\View->CodeIgniter\View\{closure}()
 4 SYSTEMPATH\Common.php(1171): CodeIgniter\View\View->render('/Admin/Admission/list', [], true)
 5 APPPATH\Controllers\AdmissionMaster.php(309): view('/Admin/Admission/list', [...])
 6 SYSTEMPATH\CodeIgniter.php(933): App\Controllers\AdmissionMaster->list()
 7 SYSTEMPATH\CodeIgniter.php(509): CodeIgniter\CodeIgniter->runController(Object(App\Controllers\AdmissionMaster))
 8 SYSTEMPATH\CodeIgniter.php(355): CodeIgniter\CodeIgniter->handleRequest(null, Object(Config\Cache), false)
 9 SYSTEMPATH\Boot.php(325): CodeIgniter\CodeIgniter->run()
10 SYSTEMPATH\Boot.php(67): CodeIgniter\Boot::runCodeIgniter(Object(CodeIgniter\CodeIgniter))
11 FCPATH\index.php(56): CodeIgniter\Boot::bootWeb(Object(Config\Paths))
WARNING - 2025-02-11 09:27:50 --> [DEPRECATED] strtotime(): Passing null to parameter #1 ($datetime) of type string is deprecated in APPPATH\Views\Admin\Admission\list.php on line 105.
 1 APPPATH\Views\Admin\Admission\list.php(105): strtotime(null)
 2 SYSTEMPATH\View\View.php(234): include('C:\\xampp\\htdocs\\Wolfox\\app\\Views\\Admin\\Admission\\list.php')
 3 SYSTEMPATH\View\View.php(237): CodeIgniter\View\View->CodeIgniter\View\{closure}()
 4 SYSTEMPATH\Common.php(1171): CodeIgniter\View\View->render('/Admin/Admission/list', [], true)
 5 APPPATH\Controllers\AdmissionMaster.php(309): view('/Admin/Admission/list', [...])
 6 SYSTEMPATH\CodeIgniter.php(933): App\Controllers\AdmissionMaster->list()
 7 SYSTEMPATH\CodeIgniter.php(509): CodeIgniter\CodeIgniter->runController(Object(App\Controllers\AdmissionMaster))
 8 SYSTEMPATH\CodeIgniter.php(355): CodeIgniter\CodeIgniter->handleRequest(null, Object(Config\Cache), false)
 9 SYSTEMPATH\Boot.php(325): CodeIgniter\CodeIgniter->run()
10 SYSTEMPATH\Boot.php(67): CodeIgniter\Boot::runCodeIgniter(Object(CodeIgniter\CodeIgniter))
11 FCPATH\index.php(56): CodeIgniter\Boot::bootWeb(Object(Config\Paths))
WARNING - 2025-02-11 09:27:50 --> [DEPRECATED] strtotime(): Passing null to parameter #1 ($datetime) of type string is deprecated in APPPATH\Views\Admin\Admission\list.php on line 105.
 1 APPPATH\Views\Admin\Admission\list.php(105): strtotime(null)
 2 SYSTEMPATH\View\View.php(234): include('C:\\xampp\\htdocs\\Wolfox\\app\\Views\\Admin\\Admission\\list.php')
 3 SYSTEMPATH\View\View.php(237): CodeIgniter\View\View->CodeIgniter\View\{closure}()
 4 SYSTEMPATH\Common.php(1171): CodeIgniter\View\View->render('/Admin/Admission/list', [], true)
 5 APPPATH\Controllers\AdmissionMaster.php(309): view('/Admin/Admission/list', [...])
 6 SYSTEMPATH\CodeIgniter.php(933): App\Controllers\AdmissionMaster->list()
 7 SYSTEMPATH\CodeIgniter.php(509): CodeIgniter\CodeIgniter->runController(Object(App\Controllers\AdmissionMaster))
 8 SYSTEMPATH\CodeIgniter.php(355): CodeIgniter\CodeIgniter->handleRequest(null, Object(Config\Cache), false)
 9 SYSTEMPATH\Boot.php(325): CodeIgniter\CodeIgniter->run()
10 SYSTEMPATH\Boot.php(67): CodeIgniter\Boot::runCodeIgniter(Object(CodeIgniter\CodeIgniter))
11 FCPATH\index.php(56): CodeIgniter\Boot::bootWeb(Object(Config\Paths))
WARNING - 2025-02-11 09:27:50 --> [DEPRECATED] strtotime(): Passing null to parameter #1 ($datetime) of type string is deprecated in APPPATH\Views\Admin\Admission\list.php on line 105.
 1 APPPATH\Views\Admin\Admission\list.php(105): strtotime(null)
 2 SYSTEMPATH\View\View.php(234): include('C:\\xampp\\htdocs\\Wolfox\\app\\Views\\Admin\\Admission\\list.php')
 3 SYSTEMPATH\View\View.php(237): CodeIgniter\View\View->CodeIgniter\View\{closure}()
 4 SYSTEMPATH\Common.php(1171): CodeIgniter\View\View->render('/Admin/Admission/list', [], true)
 5 APPPATH\Controllers\AdmissionMaster.php(309): view('/Admin/Admission/list', [...])
 6 SYSTEMPATH\CodeIgniter.php(933): App\Controllers\AdmissionMaster->list()
 7 SYSTEMPATH\CodeIgniter.php(509): CodeIgniter\CodeIgniter->runController(Object(App\Controllers\AdmissionMaster))
 8 SYSTEMPATH\CodeIgniter.php(355): CodeIgniter\CodeIgniter->handleRequest(null, Object(Config\Cache), false)
 9 SYSTEMPATH\Boot.php(325): CodeIgniter\CodeIgniter->run()
10 SYSTEMPATH\Boot.php(67): CodeIgniter\Boot::runCodeIgniter(Object(CodeIgniter\CodeIgniter))
11 FCPATH\index.php(56): CodeIgniter\Boot::bootWeb(Object(Config\Paths))
WARNING - 2025-02-11 09:28:15 --> [DEPRECATED] DateTime::__construct(): Passing null to parameter #1 ($datetime) of type string is deprecated in APPPATH\Controllers\AdmissionMaster.php on line 70.
 1 APPPATH\Controllers\AdmissionMaster.php(70): DateTime->__construct(null)
 2 SYSTEMPATH\CodeIgniter.php(933): App\Controllers\AdmissionMaster->save()
 3 SYSTEMPATH\CodeIgniter.php(509): CodeIgniter\CodeIgniter->runController(Object(App\Controllers\AdmissionMaster))
 4 SYSTEMPATH\CodeIgniter.php(355): CodeIgniter\CodeIgniter->handleRequest(null, Object(Config\Cache), false)
 5 SYSTEMPATH\Boot.php(325): CodeIgniter\CodeIgniter->run()
 6 SYSTEMPATH\Boot.php(67): CodeIgniter\Boot::runCodeIgniter(Object(CodeIgniter\CodeIgniter))
 7 FCPATH\index.php(56): CodeIgniter\Boot::bootWeb(Object(Config\Paths))
WARNING - 2025-02-11 09:28:17 --> [DEPRECATED] strtotime(): Passing null to parameter #1 ($datetime) of type string is deprecated in APPPATH\Views\Admin\Admission\list.php on line 105.
 1 APPPATH\Views\Admin\Admission\list.php(105): strtotime(null)
 2 SYSTEMPATH\View\View.php(234): include('C:\\xampp\\htdocs\\Wolfox\\app\\Views\\Admin\\Admission\\list.php')
 3 SYSTEMPATH\View\View.php(237): CodeIgniter\View\View->CodeIgniter\View\{closure}()
 4 SYSTEMPATH\Common.php(1171): CodeIgniter\View\View->render('/Admin/Admission/list', [], true)
 5 APPPATH\Controllers\AdmissionMaster.php(309): view('/Admin/Admission/list', [...])
 6 SYSTEMPATH\CodeIgniter.php(933): App\Controllers\AdmissionMaster->list()
 7 SYSTEMPATH\CodeIgniter.php(509): CodeIgniter\CodeIgniter->runController(Object(App\Controllers\AdmissionMaster))
 8 SYSTEMPATH\CodeIgniter.php(355): CodeIgniter\CodeIgniter->handleRequest(null, Object(Config\Cache), false)
 9 SYSTEMPATH\Boot.php(325): CodeIgniter\CodeIgniter->run()
10 SYSTEMPATH\Boot.php(67): CodeIgniter\Boot::runCodeIgniter(Object(CodeIgniter\CodeIgniter))
11 FCPATH\index.php(56): CodeIgniter\Boot::bootWeb(Object(Config\Paths))
WARNING - 2025-02-11 09:28:17 --> [DEPRECATED] strtotime(): Passing null to parameter #1 ($datetime) of type string is deprecated in APPPATH\Views\Admin\Admission\list.php on line 105.
 1 APPPATH\Views\Admin\Admission\list.php(105): strtotime(null)
 2 SYSTEMPATH\View\View.php(234): include('C:\\xampp\\htdocs\\Wolfox\\app\\Views\\Admin\\Admission\\list.php')
 3 SYSTEMPATH\View\View.php(237): CodeIgniter\View\View->CodeIgniter\View\{closure}()
 4 SYSTEMPATH\Common.php(1171): CodeIgniter\View\View->render('/Admin/Admission/list', [], true)
 5 APPPATH\Controllers\AdmissionMaster.php(309): view('/Admin/Admission/list', [...])
 6 SYSTEMPATH\CodeIgniter.php(933): App\Controllers\AdmissionMaster->list()
 7 SYSTEMPATH\CodeIgniter.php(509): CodeIgniter\CodeIgniter->runController(Object(App\Controllers\AdmissionMaster))
 8 SYSTEMPATH\CodeIgniter.php(355): CodeIgniter\CodeIgniter->handleRequest(null, Object(Config\Cache), false)
 9 SYSTEMPATH\Boot.php(325): CodeIgniter\CodeIgniter->run()
10 SYSTEMPATH\Boot.php(67): CodeIgniter\Boot::runCodeIgniter(Object(CodeIgniter\CodeIgniter))
11 FCPATH\index.php(56): CodeIgniter\Boot::bootWeb(Object(Config\Paths))
WARNING - 2025-02-11 09:28:17 --> [DEPRECATED] strtotime(): Passing null to parameter #1 ($datetime) of type string is deprecated in APPPATH\Views\Admin\Admission\list.php on line 105.
 1 APPPATH\Views\Admin\Admission\list.php(105): strtotime(null)
 2 SYSTEMPATH\View\View.php(234): include('C:\\xampp\\htdocs\\Wolfox\\app\\Views\\Admin\\Admission\\list.php')
 3 SYSTEMPATH\View\View.php(237): CodeIgniter\View\View->CodeIgniter\View\{closure}()
 4 SYSTEMPATH\Common.php(1171): CodeIgniter\View\View->render('/Admin/Admission/list', [], true)
 5 APPPATH\Controllers\AdmissionMaster.php(309): view('/Admin/Admission/list', [...])
 6 SYSTEMPATH\CodeIgniter.php(933): App\Controllers\AdmissionMaster->list()
 7 SYSTEMPATH\CodeIgniter.php(509): CodeIgniter\CodeIgniter->runController(Object(App\Controllers\AdmissionMaster))
 8 SYSTEMPATH\CodeIgniter.php(355): CodeIgniter\CodeIgniter->handleRequest(null, Object(Config\Cache), false)
 9 SYSTEMPATH\Boot.php(325): CodeIgniter\CodeIgniter->run()
10 SYSTEMPATH\Boot.php(67): CodeIgniter\Boot::runCodeIgniter(Object(CodeIgniter\CodeIgniter))
11 FCPATH\index.php(56): CodeIgniter\Boot::bootWeb(Object(Config\Paths))
WARNING - 2025-02-11 09:28:17 --> [DEPRECATED] strtotime(): Passing null to parameter #1 ($datetime) of type string is deprecated in APPPATH\Views\Admin\Admission\list.php on line 105.
 1 APPPATH\Views\Admin\Admission\list.php(105): strtotime(null)
 2 SYSTEMPATH\View\View.php(234): include('C:\\xampp\\htdocs\\Wolfox\\app\\Views\\Admin\\Admission\\list.php')
 3 SYSTEMPATH\View\View.php(237): CodeIgniter\View\View->CodeIgniter\View\{closure}()
 4 SYSTEMPATH\Common.php(1171): CodeIgniter\View\View->render('/Admin/Admission/list', [], true)
 5 APPPATH\Controllers\AdmissionMaster.php(309): view('/Admin/Admission/list', [...])
 6 SYSTEMPATH\CodeIgniter.php(933): App\Controllers\AdmissionMaster->list()
 7 SYSTEMPATH\CodeIgniter.php(509): CodeIgniter\CodeIgniter->runController(Object(App\Controllers\AdmissionMaster))
 8 SYSTEMPATH\CodeIgniter.php(355): CodeIgniter\CodeIgniter->handleRequest(null, Object(Config\Cache), false)
 9 SYSTEMPATH\Boot.php(325): CodeIgniter\CodeIgniter->run()
10 SYSTEMPATH\Boot.php(67): CodeIgniter\Boot::runCodeIgniter(Object(CodeIgniter\CodeIgniter))
11 FCPATH\index.php(56): CodeIgniter\Boot::bootWeb(Object(Config\Paths))
WARNING - 2025-02-11 09:28:17 --> [DEPRECATED] strtotime(): Passing null to parameter #1 ($datetime) of type string is deprecated in APPPATH\Views\Admin\Admission\list.php on line 105.
 1 APPPATH\Views\Admin\Admission\list.php(105): strtotime(null)
 2 SYSTEMPATH\View\View.php(234): include('C:\\xampp\\htdocs\\Wolfox\\app\\Views\\Admin\\Admission\\list.php')
 3 SYSTEMPATH\View\View.php(237): CodeIgniter\View\View->CodeIgniter\View\{closure}()
 4 SYSTEMPATH\Common.php(1171): CodeIgniter\View\View->render('/Admin/Admission/list', [], true)
 5 APPPATH\Controllers\AdmissionMaster.php(309): view('/Admin/Admission/list', [...])
 6 SYSTEMPATH\CodeIgniter.php(933): App\Controllers\AdmissionMaster->list()
 7 SYSTEMPATH\CodeIgniter.php(509): CodeIgniter\CodeIgniter->runController(Object(App\Controllers\AdmissionMaster))
 8 SYSTEMPATH\CodeIgniter.php(355): CodeIgniter\CodeIgniter->handleRequest(null, Object(Config\Cache), false)
 9 SYSTEMPATH\Boot.php(325): CodeIgniter\CodeIgniter->run()
10 SYSTEMPATH\Boot.php(67): CodeIgniter\Boot::runCodeIgniter(Object(CodeIgniter\CodeIgniter))
11 FCPATH\index.php(56): CodeIgniter\Boot::bootWeb(Object(Config\Paths))
WARNING - 2025-02-11 09:28:17 --> [DEPRECATED] strtotime(): Passing null to parameter #1 ($datetime) of type string is deprecated in APPPATH\Views\Admin\Admission\list.php on line 105.
 1 APPPATH\Views\Admin\Admission\list.php(105): strtotime(null)
 2 SYSTEMPATH\View\View.php(234): include('C:\\xampp\\htdocs\\Wolfox\\app\\Views\\Admin\\Admission\\list.php')
 3 SYSTEMPATH\View\View.php(237): CodeIgniter\View\View->CodeIgniter\View\{closure}()
 4 SYSTEMPATH\Common.php(1171): CodeIgniter\View\View->render('/Admin/Admission/list', [], true)
 5 APPPATH\Controllers\AdmissionMaster.php(309): view('/Admin/Admission/list', [...])
 6 SYSTEMPATH\CodeIgniter.php(933): App\Controllers\AdmissionMaster->list()
 7 SYSTEMPATH\CodeIgniter.php(509): CodeIgniter\CodeIgniter->runController(Object(App\Controllers\AdmissionMaster))
 8 SYSTEMPATH\CodeIgniter.php(355): CodeIgniter\CodeIgniter->handleRequest(null, Object(Config\Cache), false)
 9 SYSTEMPATH\Boot.php(325): CodeIgniter\CodeIgniter->run()
10 SYSTEMPATH\Boot.php(67): CodeIgniter\Boot::runCodeIgniter(Object(CodeIgniter\CodeIgniter))
11 FCPATH\index.php(56): CodeIgniter\Boot::bootWeb(Object(Config\Paths))
WARNING - 2025-02-11 09:28:17 --> [DEPRECATED] strtotime(): Passing null to parameter #1 ($datetime) of type string is deprecated in APPPATH\Views\Admin\Admission\list.php on line 105.
 1 APPPATH\Views\Admin\Admission\list.php(105): strtotime(null)
 2 SYSTEMPATH\View\View.php(234): include('C:\\xampp\\htdocs\\Wolfox\\app\\Views\\Admin\\Admission\\list.php')
 3 SYSTEMPATH\View\View.php(237): CodeIgniter\View\View->CodeIgniter\View\{closure}()
 4 SYSTEMPATH\Common.php(1171): CodeIgniter\View\View->render('/Admin/Admission/list', [], true)
 5 APPPATH\Controllers\AdmissionMaster.php(309): view('/Admin/Admission/list', [...])
 6 SYSTEMPATH\CodeIgniter.php(933): App\Controllers\AdmissionMaster->list()
 7 SYSTEMPATH\CodeIgniter.php(509): CodeIgniter\CodeIgniter->runController(Object(App\Controllers\AdmissionMaster))
 8 SYSTEMPATH\CodeIgniter.php(355): CodeIgniter\CodeIgniter->handleRequest(null, Object(Config\Cache), false)
 9 SYSTEMPATH\Boot.php(325): CodeIgniter\CodeIgniter->run()
10 SYSTEMPATH\Boot.php(67): CodeIgniter\Boot::runCodeIgniter(Object(CodeIgniter\CodeIgniter))
11 FCPATH\index.php(56): CodeIgniter\Boot::bootWeb(Object(Config\Paths))
WARNING - 2025-02-11 09:28:17 --> [DEPRECATED] strtotime(): Passing null to parameter #1 ($datetime) of type string is deprecated in APPPATH\Views\Admin\Admission\list.php on line 105.
 1 APPPATH\Views\Admin\Admission\list.php(105): strtotime(null)
 2 SYSTEMPATH\View\View.php(234): include('C:\\xampp\\htdocs\\Wolfox\\app\\Views\\Admin\\Admission\\list.php')
 3 SYSTEMPATH\View\View.php(237): CodeIgniter\View\View->CodeIgniter\View\{closure}()
 4 SYSTEMPATH\Common.php(1171): CodeIgniter\View\View->render('/Admin/Admission/list', [], true)
 5 APPPATH\Controllers\AdmissionMaster.php(309): view('/Admin/Admission/list', [...])
 6 SYSTEMPATH\CodeIgniter.php(933): App\Controllers\AdmissionMaster->list()
 7 SYSTEMPATH\CodeIgniter.php(509): CodeIgniter\CodeIgniter->runController(Object(App\Controllers\AdmissionMaster))
 8 SYSTEMPATH\CodeIgniter.php(355): CodeIgniter\CodeIgniter->handleRequest(null, Object(Config\Cache), false)
 9 SYSTEMPATH\Boot.php(325): CodeIgniter\CodeIgniter->run()
10 SYSTEMPATH\Boot.php(67): CodeIgniter\Boot::runCodeIgniter(Object(CodeIgniter\CodeIgniter))
11 FCPATH\index.php(56): CodeIgniter\Boot::bootWeb(Object(Config\Paths))
WARNING - 2025-02-11 09:28:17 --> [DEPRECATED] strtotime(): Passing null to parameter #1 ($datetime) of type string is deprecated in APPPATH\Views\Admin\Admission\list.php on line 105.
 1 APPPATH\Views\Admin\Admission\list.php(105): strtotime(null)
 2 SYSTEMPATH\View\View.php(234): include('C:\\xampp\\htdocs\\Wolfox\\app\\Views\\Admin\\Admission\\list.php')
 3 SYSTEMPATH\View\View.php(237): CodeIgniter\View\View->CodeIgniter\View\{closure}()
 4 SYSTEMPATH\Common.php(1171): CodeIgniter\View\View->render('/Admin/Admission/list', [], true)
 5 APPPATH\Controllers\AdmissionMaster.php(309): view('/Admin/Admission/list', [...])
 6 SYSTEMPATH\CodeIgniter.php(933): App\Controllers\AdmissionMaster->list()
 7 SYSTEMPATH\CodeIgniter.php(509): CodeIgniter\CodeIgniter->runController(Object(App\Controllers\AdmissionMaster))
 8 SYSTEMPATH\CodeIgniter.php(355): CodeIgniter\CodeIgniter->handleRequest(null, Object(Config\Cache), false)
 9 SYSTEMPATH\Boot.php(325): CodeIgniter\CodeIgniter->run()
10 SYSTEMPATH\Boot.php(67): CodeIgniter\Boot::runCodeIgniter(Object(CodeIgniter\CodeIgniter))
11 FCPATH\index.php(56): CodeIgniter\Boot::bootWeb(Object(Config\Paths))
WARNING - 2025-02-11 09:28:17 --> [DEPRECATED] strtotime(): Passing null to parameter #1 ($datetime) of type string is deprecated in APPPATH\Views\Admin\Admission\list.php on line 105.
 1 APPPATH\Views\Admin\Admission\list.php(105): strtotime(null)
 2 SYSTEMPATH\View\View.php(234): include('C:\\xampp\\htdocs\\Wolfox\\app\\Views\\Admin\\Admission\\list.php')
 3 SYSTEMPATH\View\View.php(237): CodeIgniter\View\View->CodeIgniter\View\{closure}()
 4 SYSTEMPATH\Common.php(1171): CodeIgniter\View\View->render('/Admin/Admission/list', [], true)
 5 APPPATH\Controllers\AdmissionMaster.php(309): view('/Admin/Admission/list', [...])
 6 SYSTEMPATH\CodeIgniter.php(933): App\Controllers\AdmissionMaster->list()
 7 SYSTEMPATH\CodeIgniter.php(509): CodeIgniter\CodeIgniter->runController(Object(App\Controllers\AdmissionMaster))
 8 SYSTEMPATH\CodeIgniter.php(355): CodeIgniter\CodeIgniter->handleRequest(null, Object(Config\Cache), false)
 9 SYSTEMPATH\Boot.php(325): CodeIgniter\CodeIgniter->run()
10 SYSTEMPATH\Boot.php(67): CodeIgniter\Boot::runCodeIgniter(Object(CodeIgniter\CodeIgniter))
11 FCPATH\index.php(56): CodeIgniter\Boot::bootWeb(Object(Config\Paths))
WARNING - 2025-02-11 09:28:17 --> [DEPRECATED] strtotime(): Passing null to parameter #1 ($datetime) of type string is deprecated in APPPATH\Views\Admin\Admission\list.php on line 105.
 1 APPPATH\Views\Admin\Admission\list.php(105): strtotime(null)
 2 SYSTEMPATH\View\View.php(234): include('C:\\xampp\\htdocs\\Wolfox\\app\\Views\\Admin\\Admission\\list.php')
 3 SYSTEMPATH\View\View.php(237): CodeIgniter\View\View->CodeIgniter\View\{closure}()
 4 SYSTEMPATH\Common.php(1171): CodeIgniter\View\View->render('/Admin/Admission/list', [], true)
 5 APPPATH\Controllers\AdmissionMaster.php(309): view('/Admin/Admission/list', [...])
 6 SYSTEMPATH\CodeIgniter.php(933): App\Controllers\AdmissionMaster->list()
 7 SYSTEMPATH\CodeIgniter.php(509): CodeIgniter\CodeIgniter->runController(Object(App\Controllers\AdmissionMaster))
 8 SYSTEMPATH\CodeIgniter.php(355): CodeIgniter\CodeIgniter->handleRequest(null, Object(Config\Cache), false)
 9 SYSTEMPATH\Boot.php(325): CodeIgniter\CodeIgniter->run()
10 SYSTEMPATH\Boot.php(67): CodeIgniter\Boot::runCodeIgniter(Object(CodeIgniter\CodeIgniter))
11 FCPATH\index.php(56): CodeIgniter\Boot::bootWeb(Object(Config\Paths))
WARNING - 2025-02-11 09:28:17 --> [DEPRECATED] strtotime(): Passing null to parameter #1 ($datetime) of type string is deprecated in APPPATH\Views\Admin\Admission\list.php on line 105.
 1 APPPATH\Views\Admin\Admission\list.php(105): strtotime(null)
 2 SYSTEMPATH\View\View.php(234): include('C:\\xampp\\htdocs\\Wolfox\\app\\Views\\Admin\\Admission\\list.php')
 3 SYSTEMPATH\View\View.php(237): CodeIgniter\View\View->CodeIgniter\View\{closure}()
 4 SYSTEMPATH\Common.php(1171): CodeIgniter\View\View->render('/Admin/Admission/list', [], true)
 5 APPPATH\Controllers\AdmissionMaster.php(309): view('/Admin/Admission/list', [...])
 6 SYSTEMPATH\CodeIgniter.php(933): App\Controllers\AdmissionMaster->list()
 7 SYSTEMPATH\CodeIgniter.php(509): CodeIgniter\CodeIgniter->runController(Object(App\Controllers\AdmissionMaster))
 8 SYSTEMPATH\CodeIgniter.php(355): CodeIgniter\CodeIgniter->handleRequest(null, Object(Config\Cache), false)
 9 SYSTEMPATH\Boot.php(325): CodeIgniter\CodeIgniter->run()
10 SYSTEMPATH\Boot.php(67): CodeIgniter\Boot::runCodeIgniter(Object(CodeIgniter\CodeIgniter))
11 FCPATH\index.php(56): CodeIgniter\Boot::bootWeb(Object(Config\Paths))
ERROR - 2025-02-11 10:19:15 --> mysqli_sql_exception: Table 'wolfox1.client' doesn't exist in C:\xampp\htdocs\Wolfox\system\Database\MySQLi\Connection.php:312
Stack trace:
#0 C:\xampp\htdocs\Wolfox\system\Database\MySQLi\Connection.php(312): mysqli->query('SELECT *\nFROM `...', 0)
#1 C:\xampp\htdocs\Wolfox\system\Database\BaseConnection.php(734): CodeIgniter\Database\MySQLi\Connection->execute('SELECT *\nFROM `...')
#2 C:\xampp\htdocs\Wolfox\system\Database\BaseConnection.php(648): CodeIgniter\Database\BaseConnection->simpleQuery('SELECT *\nFROM `...')
#3 C:\xampp\htdocs\Wolfox\system\Database\BaseBuilder.php(1644): CodeIgniter\Database\BaseConnection->query('SELECT *\nFROM `...', Array, false)
#4 C:\xampp\htdocs\Wolfox\system\Model.php(286): CodeIgniter\Database\BaseBuilder->get()
#5 C:\xampp\htdocs\Wolfox\system\BaseModel.php(676): CodeIgniter\Model->doFindAll(0, 0)
#6 C:\xampp\htdocs\Wolfox\app\Controllers\ClientMaster.php(71): CodeIgniter\BaseModel->findAll()
#7 C:\xampp\htdocs\Wolfox\system\CodeIgniter.php(933): App\Controllers\ClientMaster->list()
#8 C:\xampp\htdocs\Wolfox\system\CodeIgniter.php(509): CodeIgniter\CodeIgniter->runController(Object(App\Controllers\ClientMaster))
#9 C:\xampp\htdocs\Wolfox\system\CodeIgniter.php(355): CodeIgniter\CodeIgniter->handleRequest(NULL, Object(Config\Cache), false)
#10 C:\xampp\htdocs\Wolfox\system\Boot.php(325): CodeIgniter\CodeIgniter->run()
#11 C:\xampp\htdocs\Wolfox\system\Boot.php(67): CodeIgniter\Boot::runCodeIgniter(Object(CodeIgniter\CodeIgniter))
#12 C:\xampp\htdocs\Wolfox\index.php(56): CodeIgniter\Boot::bootWeb(Object(Config\Paths))
#13 {main}
CRITICAL - 2025-02-11 10:19:15 --> CodeIgniter\Database\Exceptions\DatabaseException: Table 'wolfox1.client' doesn't exist
[Method: GET, Route: Admin/ClientMaster/list]
in SYSTEMPATH\Database\BaseConnection.php on line 688.
 1 SYSTEMPATH\Database\BaseBuilder.php(1644): CodeIgniter\Database\BaseConnection->query('SELECT *
FROM `client`', [], false)
 2 SYSTEMPATH\Model.php(286): CodeIgniter\Database\BaseBuilder->get()
 3 SYSTEMPATH\BaseModel.php(676): CodeIgniter\Model->doFindAll(0, 0)
 4 APPPATH\Controllers\ClientMaster.php(71): CodeIgniter\BaseModel->findAll()
 5 SYSTEMPATH\CodeIgniter.php(933): App\Controllers\ClientMaster->list()
 6 SYSTEMPATH\CodeIgniter.php(509): CodeIgniter\CodeIgniter->runController(Object(App\Controllers\ClientMaster))
 7 SYSTEMPATH\CodeIgniter.php(355): CodeIgniter\CodeIgniter->handleRequest(null, Object(Config\Cache), false)
 8 SYSTEMPATH\Boot.php(325): CodeIgniter\CodeIgniter->run()
 9 SYSTEMPATH\Boot.php(67): CodeIgniter\Boot::runCodeIgniter(Object(CodeIgniter\CodeIgniter))
10 FCPATH\index.php(56): CodeIgniter\Boot::bootWeb(Object(Config\Paths))
CRITICAL - 2025-02-11 10:19:15 --> [Caused by] CodeIgniter\Database\Exceptions\DatabaseException: Table 'wolfox1.client' doesn't exist
in SYSTEMPATH\Database\MySQLi\Connection.php on line 317.
 1 SYSTEMPATH\Database\BaseConnection.php(734): CodeIgniter\Database\MySQLi\Connection->execute('SELECT *
FROM `client`')
 2 SYSTEMPATH\Database\BaseConnection.php(648): CodeIgniter\Database\BaseConnection->simpleQuery('SELECT *
FROM `client`')
 3 SYSTEMPATH\Database\BaseBuilder.php(1644): CodeIgniter\Database\BaseConnection->query('SELECT *
FROM `client`', [], false)
 4 SYSTEMPATH\Model.php(286): CodeIgniter\Database\BaseBuilder->get()
 5 SYSTEMPATH\BaseModel.php(676): CodeIgniter\Model->doFindAll(0, 0)
 6 APPPATH\Controllers\ClientMaster.php(71): CodeIgniter\BaseModel->findAll()
 7 SYSTEMPATH\CodeIgniter.php(933): App\Controllers\ClientMaster->list()
 8 SYSTEMPATH\CodeIgniter.php(509): CodeIgniter\CodeIgniter->runController(Object(App\Controllers\ClientMaster))
 9 SYSTEMPATH\CodeIgniter.php(355): CodeIgniter\CodeIgniter->handleRequest(null, Object(Config\Cache), false)
10 SYSTEMPATH\Boot.php(325): CodeIgniter\CodeIgniter->run()
11 SYSTEMPATH\Boot.php(67): CodeIgniter\Boot::runCodeIgniter(Object(CodeIgniter\CodeIgniter))
12 FCPATH\index.php(56): CodeIgniter\Boot::bootWeb(Object(Config\Paths))
CRITICAL - 2025-02-11 10:19:15 --> [Caused by] mysqli_sql_exception: Table 'wolfox1.client' doesn't exist
in SYSTEMPATH\Database\MySQLi\Connection.php on line 312.
 1 SYSTEMPATH\Database\MySQLi\Connection.php(312): mysqli->query('SELECT *
FROM `client`', 0)
 2 SYSTEMPATH\Database\BaseConnection.php(734): CodeIgniter\Database\MySQLi\Connection->execute('SELECT *
FROM `client`')
 3 SYSTEMPATH\Database\BaseConnection.php(648): CodeIgniter\Database\BaseConnection->simpleQuery('SELECT *
FROM `client`')
 4 SYSTEMPATH\Database\BaseBuilder.php(1644): CodeIgniter\Database\BaseConnection->query('SELECT *
FROM `client`', [], false)
 5 SYSTEMPATH\Model.php(286): CodeIgniter\Database\BaseBuilder->get()
 6 SYSTEMPATH\BaseModel.php(676): CodeIgniter\Model->doFindAll(0, 0)
 7 APPPATH\Controllers\ClientMaster.php(71): CodeIgniter\BaseModel->findAll()
 8 SYSTEMPATH\CodeIgniter.php(933): App\Controllers\ClientMaster->list()
 9 SYSTEMPATH\CodeIgniter.php(509): CodeIgniter\CodeIgniter->runController(Object(App\Controllers\ClientMaster))
10 SYSTEMPATH\CodeIgniter.php(355): CodeIgniter\CodeIgniter->handleRequest(null, Object(Config\Cache), false)
11 SYSTEMPATH\Boot.php(325): CodeIgniter\CodeIgniter->run()
12 SYSTEMPATH\Boot.php(67): CodeIgniter\Boot::runCodeIgniter(Object(CodeIgniter\CodeIgniter))
13 FCPATH\index.php(56): CodeIgniter\Boot::bootWeb(Object(Config\Paths))
ERROR - 2025-02-11 11:22:00 --> Error connecting to the database: mysqli_sql_exception: Unknown database 'wolfox1' in C:\xampp\htdocs\Wolfox\system\Database\MySQLi\Connection.php:187
Stack trace:
#0 C:\xampp\htdocs\Wolfox\system\Database\MySQLi\Connection.php(187): mysqli->real_connect('localhost', 'root', '', 'wolfox1', 3306, '', 0)
#1 C:\xampp\htdocs\Wolfox\system\Database\BaseConnection.php(421): CodeIgniter\Database\MySQLi\Connection->connect(false)
#2 C:\xampp\htdocs\Wolfox\system\Database\BaseConnection.php(616): CodeIgniter\Database\BaseConnection->initialize()
#3 C:\xampp\htdocs\Wolfox\system\Database\BaseBuilder.php(1644): CodeIgniter\Database\BaseConnection->query('SELECT *\nFROM `...', Array, false)
#4 C:\xampp\htdocs\Wolfox\system\Model.php(286): CodeIgniter\Database\BaseBuilder->get()
#5 C:\xampp\htdocs\Wolfox\system\BaseModel.php(676): CodeIgniter\Model->doFindAll(0, 0)
#6 C:\xampp\htdocs\Wolfox\app\Controllers\AdmissionMaster.php(19): CodeIgniter\BaseModel->findAll()
#7 C:\xampp\htdocs\Wolfox\system\CodeIgniter.php(933): App\Controllers\AdmissionMaster->add()
#8 C:\xampp\htdocs\Wolfox\system\CodeIgniter.php(509): CodeIgniter\CodeIgniter->runController(Object(App\Controllers\AdmissionMaster))
#9 C:\xampp\htdocs\Wolfox\system\CodeIgniter.php(355): CodeIgniter\CodeIgniter->handleRequest(NULL, Object(Config\Cache), false)
#10 C:\xampp\htdocs\Wolfox\system\Boot.php(325): CodeIgniter\CodeIgniter->run()
#11 C:\xampp\htdocs\Wolfox\system\Boot.php(67): CodeIgniter\Boot::runCodeIgniter(Object(CodeIgniter\CodeIgniter))
#12 C:\xampp\htdocs\Wolfox\index.php(56): CodeIgniter\Boot::bootWeb(Object(Config\Paths))
#13 {main}

Next CodeIgniter\Database\Exceptions\DatabaseException: Unknown database 'wolfox1' in C:\xampp\htdocs\Wolfox\system\Database\MySQLi\Connection.php:231
Stack trace:
#0 C:\xampp\htdocs\Wolfox\system\Database\BaseConnection.php(421): CodeIgniter\Database\MySQLi\Connection->connect(false)
#1 C:\xampp\htdocs\Wolfox\system\Database\BaseConnection.php(616): CodeIgniter\Database\BaseConnection->initialize()
#2 C:\xampp\htdocs\Wolfox\system\Database\BaseBuilder.php(1644): CodeIgniter\Database\BaseConnection->query('SELECT *\nFROM `...', Array, false)
#3 C:\xampp\htdocs\Wolfox\system\Model.php(286): CodeIgniter\Database\BaseBuilder->get()
#4 C:\xampp\htdocs\Wolfox\system\BaseModel.php(676): CodeIgniter\Model->doFindAll(0, 0)
#5 C:\xampp\htdocs\Wolfox\app\Controllers\AdmissionMaster.php(19): CodeIgniter\BaseModel->findAll()
#6 C:\xampp\htdocs\Wolfox\system\CodeIgniter.php(933): App\Controllers\AdmissionMaster->add()
#7 C:\xampp\htdocs\Wolfox\system\CodeIgniter.php(509): CodeIgniter\CodeIgniter->runController(Object(App\Controllers\AdmissionMaster))
#8 C:\xampp\htdocs\Wolfox\system\CodeIgniter.php(355): CodeIgniter\CodeIgniter->handleRequest(NULL, Object(Config\Cache), false)
#9 C:\xampp\htdocs\Wolfox\system\Boot.php(325): CodeIgniter\CodeIgniter->run()
#10 C:\xampp\htdocs\Wolfox\system\Boot.php(67): CodeIgniter\Boot::runCodeIgniter(Object(CodeIgniter\CodeIgniter))
#11 C:\xampp\htdocs\Wolfox\index.php(56): CodeIgniter\Boot::bootWeb(Object(Config\Paths))
#12 {main}
CRITICAL - 2025-02-11 11:22:00 --> CodeIgniter\Database\Exceptions\DatabaseException: Unable to connect to the database.
Main connection [MySQLi]: Unknown database 'wolfox1'
[Method: GET, Route: Admin/Admission/Form]
in SYSTEMPATH\Database\BaseConnection.php on line 467.
 1 SYSTEMPATH\Database\BaseConnection.php(616): CodeIgniter\Database\BaseConnection->initialize()
 2 SYSTEMPATH\Database\BaseBuilder.php(1644): CodeIgniter\Database\BaseConnection->query('SELECT *
FROM `batch`', [], false)
 3 SYSTEMPATH\Model.php(286): CodeIgniter\Database\BaseBuilder->get()
 4 SYSTEMPATH\BaseModel.php(676): CodeIgniter\Model->doFindAll(0, 0)
 5 APPPATH\Controllers\AdmissionMaster.php(19): CodeIgniter\BaseModel->findAll()
 6 SYSTEMPATH\CodeIgniter.php(933): App\Controllers\AdmissionMaster->add()
 7 SYSTEMPATH\CodeIgniter.php(509): CodeIgniter\CodeIgniter->runController(Object(App\Controllers\AdmissionMaster))
 8 SYSTEMPATH\CodeIgniter.php(355): CodeIgniter\CodeIgniter->handleRequest(null, Object(Config\Cache), false)
 9 SYSTEMPATH\Boot.php(325): CodeIgniter\CodeIgniter->run()
10 SYSTEMPATH\Boot.php(67): CodeIgniter\Boot::runCodeIgniter(Object(CodeIgniter\CodeIgniter))
11 FCPATH\index.php(56): CodeIgniter\Boot::bootWeb(Object(Config\Paths))
ERROR - 2025-02-11 11:23:18 --> mysqli_sql_exception: Table 'wolfox.batch' doesn't exist in C:\xampp\htdocs\Wolfox\system\Database\MySQLi\Connection.php:312
Stack trace:
#0 C:\xampp\htdocs\Wolfox\system\Database\MySQLi\Connection.php(312): mysqli->query('SELECT *\nFROM `...', 0)
#1 C:\xampp\htdocs\Wolfox\system\Database\BaseConnection.php(734): CodeIgniter\Database\MySQLi\Connection->execute('SELECT *\nFROM `...')
#2 C:\xampp\htdocs\Wolfox\system\Database\BaseConnection.php(648): CodeIgniter\Database\BaseConnection->simpleQuery('SELECT *\nFROM `...')
#3 C:\xampp\htdocs\Wolfox\system\Database\BaseBuilder.php(1644): CodeIgniter\Database\BaseConnection->query('SELECT *\nFROM `...', Array, false)
#4 C:\xampp\htdocs\Wolfox\system\Model.php(286): CodeIgniter\Database\BaseBuilder->get()
#5 C:\xampp\htdocs\Wolfox\system\BaseModel.php(676): CodeIgniter\Model->doFindAll(0, 0)
#6 C:\xampp\htdocs\Wolfox\app\Controllers\AdmissionMaster.php(19): CodeIgniter\BaseModel->findAll()
#7 C:\xampp\htdocs\Wolfox\system\CodeIgniter.php(933): App\Controllers\AdmissionMaster->add()
#8 C:\xampp\htdocs\Wolfox\system\CodeIgniter.php(509): CodeIgniter\CodeIgniter->runController(Object(App\Controllers\AdmissionMaster))
#9 C:\xampp\htdocs\Wolfox\system\CodeIgniter.php(355): CodeIgniter\CodeIgniter->handleRequest(NULL, Object(Config\Cache), false)
#10 C:\xampp\htdocs\Wolfox\system\Boot.php(325): CodeIgniter\CodeIgniter->run()
#11 C:\xampp\htdocs\Wolfox\system\Boot.php(67): CodeIgniter\Boot::runCodeIgniter(Object(CodeIgniter\CodeIgniter))
#12 C:\xampp\htdocs\Wolfox\index.php(56): CodeIgniter\Boot::bootWeb(Object(Config\Paths))
#13 {main}
CRITICAL - 2025-02-11 11:23:18 --> CodeIgniter\Database\Exceptions\DatabaseException: Table 'wolfox.batch' doesn't exist
[Method: GET, Route: Admin/Admission/Form]
in SYSTEMPATH\Database\BaseConnection.php on line 688.
 1 SYSTEMPATH\Database\BaseBuilder.php(1644): CodeIgniter\Database\BaseConnection->query('SELECT *
FROM `batch`', [], false)
 2 SYSTEMPATH\Model.php(286): CodeIgniter\Database\BaseBuilder->get()
 3 SYSTEMPATH\BaseModel.php(676): CodeIgniter\Model->doFindAll(0, 0)
 4 APPPATH\Controllers\AdmissionMaster.php(19): CodeIgniter\BaseModel->findAll()
 5 SYSTEMPATH\CodeIgniter.php(933): App\Controllers\AdmissionMaster->add()
 6 SYSTEMPATH\CodeIgniter.php(509): CodeIgniter\CodeIgniter->runController(Object(App\Controllers\AdmissionMaster))
 7 SYSTEMPATH\CodeIgniter.php(355): CodeIgniter\CodeIgniter->handleRequest(null, Object(Config\Cache), false)
 8 SYSTEMPATH\Boot.php(325): CodeIgniter\CodeIgniter->run()
 9 SYSTEMPATH\Boot.php(67): CodeIgniter\Boot::runCodeIgniter(Object(CodeIgniter\CodeIgniter))
10 FCPATH\index.php(56): CodeIgniter\Boot::bootWeb(Object(Config\Paths))
CRITICAL - 2025-02-11 11:23:18 --> [Caused by] CodeIgniter\Database\Exceptions\DatabaseException: Table 'wolfox.batch' doesn't exist
in SYSTEMPATH\Database\MySQLi\Connection.php on line 317.
 1 SYSTEMPATH\Database\BaseConnection.php(734): CodeIgniter\Database\MySQLi\Connection->execute('SELECT *
FROM `batch`')
 2 SYSTEMPATH\Database\BaseConnection.php(648): CodeIgniter\Database\BaseConnection->simpleQuery('SELECT *
FROM `batch`')
 3 SYSTEMPATH\Database\BaseBuilder.php(1644): CodeIgniter\Database\BaseConnection->query('SELECT *
FROM `batch`', [], false)
 4 SYSTEMPATH\Model.php(286): CodeIgniter\Database\BaseBuilder->get()
 5 SYSTEMPATH\BaseModel.php(676): CodeIgniter\Model->doFindAll(0, 0)
 6 APPPATH\Controllers\AdmissionMaster.php(19): CodeIgniter\BaseModel->findAll()
 7 SYSTEMPATH\CodeIgniter.php(933): App\Controllers\AdmissionMaster->add()
 8 SYSTEMPATH\CodeIgniter.php(509): CodeIgniter\CodeIgniter->runController(Object(App\Controllers\AdmissionMaster))
 9 SYSTEMPATH\CodeIgniter.php(355): CodeIgniter\CodeIgniter->handleRequest(null, Object(Config\Cache), false)
10 SYSTEMPATH\Boot.php(325): CodeIgniter\CodeIgniter->run()
11 SYSTEMPATH\Boot.php(67): CodeIgniter\Boot::runCodeIgniter(Object(CodeIgniter\CodeIgniter))
12 FCPATH\index.php(56): CodeIgniter\Boot::bootWeb(Object(Config\Paths))
CRITICAL - 2025-02-11 11:23:18 --> [Caused by] mysqli_sql_exception: Table 'wolfox.batch' doesn't exist
in SYSTEMPATH\Database\MySQLi\Connection.php on line 312.
 1 SYSTEMPATH\Database\MySQLi\Connection.php(312): mysqli->query('SELECT *
FROM `batch`', 0)
 2 SYSTEMPATH\Database\BaseConnection.php(734): CodeIgniter\Database\MySQLi\Connection->execute('SELECT *
FROM `batch`')
 3 SYSTEMPATH\Database\BaseConnection.php(648): CodeIgniter\Database\BaseConnection->simpleQuery('SELECT *
FROM `batch`')
 4 SYSTEMPATH\Database\BaseBuilder.php(1644): CodeIgniter\Database\BaseConnection->query('SELECT *
FROM `batch`', [], false)
 5 SYSTEMPATH\Model.php(286): CodeIgniter\Database\BaseBuilder->get()
 6 SYSTEMPATH\BaseModel.php(676): CodeIgniter\Model->doFindAll(0, 0)
 7 APPPATH\Controllers\AdmissionMaster.php(19): CodeIgniter\BaseModel->findAll()
 8 SYSTEMPATH\CodeIgniter.php(933): App\Controllers\AdmissionMaster->add()
 9 SYSTEMPATH\CodeIgniter.php(509): CodeIgniter\CodeIgniter->runController(Object(App\Controllers\AdmissionMaster))
10 SYSTEMPATH\CodeIgniter.php(355): CodeIgniter\CodeIgniter->handleRequest(null, Object(Config\Cache), false)
11 SYSTEMPATH\Boot.php(325): CodeIgniter\CodeIgniter->run()
12 SYSTEMPATH\Boot.php(67): CodeIgniter\Boot::runCodeIgniter(Object(CodeIgniter\CodeIgniter))
13 FCPATH\index.php(56): CodeIgniter\Boot::bootWeb(Object(Config\Paths))
WARNING - 2025-02-11 11:24:11 --> [DEPRECATED] DateTime::__construct(): Passing null to parameter #1 ($datetime) of type string is deprecated in APPPATH\Controllers\AdmissionMaster.php on line 70.
 1 APPPATH\Controllers\AdmissionMaster.php(70): DateTime->__construct(null)
 2 SYSTEMPATH\CodeIgniter.php(933): App\Controllers\AdmissionMaster->save()
 3 SYSTEMPATH\CodeIgniter.php(509): CodeIgniter\CodeIgniter->runController(Object(App\Controllers\AdmissionMaster))
 4 SYSTEMPATH\CodeIgniter.php(355): CodeIgniter\CodeIgniter->handleRequest(null, Object(Config\Cache), false)
 5 SYSTEMPATH\Boot.php(325): CodeIgniter\CodeIgniter->run()
 6 SYSTEMPATH\Boot.php(67): CodeIgniter\Boot::runCodeIgniter(Object(CodeIgniter\CodeIgniter))
 7 FCPATH\index.php(56): CodeIgniter\Boot::bootWeb(Object(Config\Paths))
ERROR - 2025-02-11 11:24:11 --> mysqli_sql_exception: Unknown column 'course' in 'field list' in C:\xampp\htdocs\Wolfox\system\Database\MySQLi\Connection.php:312
Stack trace:
#0 C:\xampp\htdocs\Wolfox\system\Database\MySQLi\Connection.php(312): mysqli->query('INSERT INTO `ad...', 0)
#1 C:\xampp\htdocs\Wolfox\system\Database\BaseConnection.php(734): CodeIgniter\Database\MySQLi\Connection->execute('INSERT INTO `ad...')
#2 C:\xampp\htdocs\Wolfox\system\Database\BaseConnection.php(648): CodeIgniter\Database\BaseConnection->simpleQuery('INSERT INTO `ad...')
#3 C:\xampp\htdocs\Wolfox\system\Database\BaseBuilder.php(2340): CodeIgniter\Database\BaseConnection->query('INSERT INTO `ad...', Array, false)
#4 C:\xampp\htdocs\Wolfox\system\Model.php(394): CodeIgniter\Database\BaseBuilder->insert()
#5 C:\xampp\htdocs\Wolfox\system\BaseModel.php(840): CodeIgniter\Model->doInsert(Array)
#6 C:\xampp\htdocs\Wolfox\system\Model.php(802): CodeIgniter\BaseModel->insert(Array, true)
#7 C:\xampp\htdocs\Wolfox\app\Controllers\AdmissionMaster.php(267): CodeIgniter\Model->insert(Array)
#8 C:\xampp\htdocs\Wolfox\system\CodeIgniter.php(933): App\Controllers\AdmissionMaster->save()
#9 C:\xampp\htdocs\Wolfox\system\CodeIgniter.php(509): CodeIgniter\CodeIgniter->runController(Object(App\Controllers\AdmissionMaster))
#10 C:\xampp\htdocs\Wolfox\system\CodeIgniter.php(355): CodeIgniter\CodeIgniter->handleRequest(NULL, Object(Config\Cache), false)
#11 C:\xampp\htdocs\Wolfox\system\Boot.php(325): CodeIgniter\CodeIgniter->run()
#12 C:\xampp\htdocs\Wolfox\system\Boot.php(67): CodeIgniter\Boot::runCodeIgniter(Object(CodeIgniter\CodeIgniter))
#13 C:\xampp\htdocs\Wolfox\index.php(56): CodeIgniter\Boot::bootWeb(Object(Config\Paths))
#14 {main}
CRITICAL - 2025-02-11 11:24:11 --> CodeIgniter\Database\Exceptions\DatabaseException: Unknown column 'course' in 'field list'
[Method: POST, Route: Admin/Admission/Save]
in SYSTEMPATH\Database\BaseConnection.php on line 688.
 1 SYSTEMPATH\Database\BaseBuilder.php(2340): CodeIgniter\Database\BaseConnection->query('INSERT INTO `admission` (`firstname`, `middlename`, `lastname`, `email`, `phoneno`, `whatsappno`, `gender`, `dob`, `cstreet`, `ccity`, `cstate`, `cpincode`, `pstreet`, `pcity`, `pstate`, `ppincode`, `college`, `year`, `branch`, `course`, `batchtime`, `joiningdate`, `otp`, `StudentId`) VALUES (:firstname:, :middlename:, :lastname:, :email:, :phoneno:, :whatsappno:, :gender:, :dob:, :cstreet:, :ccity:, :cstate:, :cpincode:, :pstreet:, :pcity:, :pstate:, :ppincode:, :college:, :year:, :branch:, :course:, :batchtime:, :joiningdate:, :otp:, :StudentId:)', [...], false)
 2 SYSTEMPATH\Model.php(394): CodeIgniter\Database\BaseBuilder->insert()
 3 SYSTEMPATH\BaseModel.php(840): CodeIgniter\Model->doInsert([...])
 4 SYSTEMPATH\Model.php(802): CodeIgniter\BaseModel->insert([...], true)
 5 APPPATH\Controllers\AdmissionMaster.php(267): CodeIgniter\Model->insert([...])
 6 SYSTEMPATH\CodeIgniter.php(933): App\Controllers\AdmissionMaster->save()
 7 SYSTEMPATH\CodeIgniter.php(509): CodeIgniter\CodeIgniter->runController(Object(App\Controllers\AdmissionMaster))
 8 SYSTEMPATH\CodeIgniter.php(355): CodeIgniter\CodeIgniter->handleRequest(null, Object(Config\Cache), false)
 9 SYSTEMPATH\Boot.php(325): CodeIgniter\CodeIgniter->run()
10 SYSTEMPATH\Boot.php(67): CodeIgniter\Boot::runCodeIgniter(Object(CodeIgniter\CodeIgniter))
11 FCPATH\index.php(56): CodeIgniter\Boot::bootWeb(Object(Config\Paths))
CRITICAL - 2025-02-11 11:24:11 --> [Caused by] CodeIgniter\Database\Exceptions\DatabaseException: Unknown column 'course' in 'field list'
in SYSTEMPATH\Database\MySQLi\Connection.php on line 317.
 1 SYSTEMPATH\Database\BaseConnection.php(734): CodeIgniter\Database\MySQLi\Connection->execute('INSERT INTO `admission` (`firstname`, `middlename`, `lastname`, `email`, `phoneno`, `whatsappno`, `gender`, `dob`, `cstreet`, `ccity`, `cstate`, `cpincode`, `pstreet`, `pcity`, `pstate`, `ppincode`, `college`, `year`, `branch`, `course`, `batchtime`, `joiningdate`, `otp`, `StudentId`) VALUES (NULL, NULL, NULL, NULL, NULL, NULL, NULL, NULL, NULL, NULL, NULL, NULL, NULL, NULL, NULL, NULL, NULL, NULL, NULL, NULL, NULL, NULL, 19391, \'WF25FEB0009\')')
 2 SYSTEMPATH\Database\BaseConnection.php(648): CodeIgniter\Database\BaseConnection->simpleQuery('INSERT INTO `admission` (`firstname`, `middlename`, `lastname`, `email`, `phoneno`, `whatsappno`, `gender`, `dob`, `cstreet`, `ccity`, `cstate`, `cpincode`, `pstreet`, `pcity`, `pstate`, `ppincode`, `college`, `year`, `branch`, `course`, `batchtime`, `joiningdate`, `otp`, `StudentId`) VALUES (NULL, NULL, NULL, NULL, NULL, NULL, NULL, NULL, NULL, NULL, NULL, NULL, NULL, NULL, NULL, NULL, NULL, NULL, NULL, NULL, NULL, NULL, 19391, \'WF25FEB0009\')')
 3 SYSTEMPATH\Database\BaseBuilder.php(2340): CodeIgniter\Database\BaseConnection->query('INSERT INTO `admission` (`firstname`, `middlename`, `lastname`, `email`, `phoneno`, `whatsappno`, `gender`, `dob`, `cstreet`, `ccity`, `cstate`, `cpincode`, `pstreet`, `pcity`, `pstate`, `ppincode`, `college`, `year`, `branch`, `course`, `batchtime`, `joiningdate`, `otp`, `StudentId`) VALUES (:firstname:, :middlename:, :lastname:, :email:, :phoneno:, :whatsappno:, :gender:, :dob:, :cstreet:, :ccity:, :cstate:, :cpincode:, :pstreet:, :pcity:, :pstate:, :ppincode:, :college:, :year:, :branch:, :course:, :batchtime:, :joiningdate:, :otp:, :StudentId:)', [...], false)
 4 SYSTEMPATH\Model.php(394): CodeIgniter\Database\BaseBuilder->insert()
 5 SYSTEMPATH\BaseModel.php(840): CodeIgniter\Model->doInsert([...])
 6 SYSTEMPATH\Model.php(802): CodeIgniter\BaseModel->insert([...], true)
 7 APPPATH\Controllers\AdmissionMaster.php(267): CodeIgniter\Model->insert([...])
 8 SYSTEMPATH\CodeIgniter.php(933): App\Controllers\AdmissionMaster->save()
 9 SYSTEMPATH\CodeIgniter.php(509): CodeIgniter\CodeIgniter->runController(Object(App\Controllers\AdmissionMaster))
10 SYSTEMPATH\CodeIgniter.php(355): CodeIgniter\CodeIgniter->handleRequest(null, Object(Config\Cache), false)
11 SYSTEMPATH\Boot.php(325): CodeIgniter\CodeIgniter->run()
12 SYSTEMPATH\Boot.php(67): CodeIgniter\Boot::runCodeIgniter(Object(CodeIgniter\CodeIgniter))
13 FCPATH\index.php(56): CodeIgniter\Boot::bootWeb(Object(Config\Paths))
CRITICAL - 2025-02-11 11:24:11 --> [Caused by] mysqli_sql_exception: Unknown column 'course' in 'field list'
in SYSTEMPATH\Database\MySQLi\Connection.php on line 312.
 1 SYSTEMPATH\Database\MySQLi\Connection.php(312): mysqli->query('INSERT INTO `admission` (`firstname`, `middlename`, `lastname`, `email`, `phoneno`, `whatsappno`, `gender`, `dob`, `cstreet`, `ccity`, `cstate`, `cpincode`, `pstreet`, `pcity`, `pstate`, `ppincode`, `college`, `year`, `branch`, `course`, `batchtime`, `joiningdate`, `otp`, `StudentId`) VALUES (NULL, NULL, NULL, NULL, NULL, NULL, NULL, NULL, NULL, NULL, NULL, NULL, NULL, NULL, NULL, NULL, NULL, NULL, NULL, NULL, NULL, NULL, 19391, \'WF25FEB0009\')', 0)
 2 SYSTEMPATH\Database\BaseConnection.php(734): CodeIgniter\Database\MySQLi\Connection->execute('INSERT INTO `admission` (`firstname`, `middlename`, `lastname`, `email`, `phoneno`, `whatsappno`, `gender`, `dob`, `cstreet`, `ccity`, `cstate`, `cpincode`, `pstreet`, `pcity`, `pstate`, `ppincode`, `college`, `year`, `branch`, `course`, `batchtime`, `joiningdate`, `otp`, `StudentId`) VALUES (NULL, NULL, NULL, NULL, NULL, NULL, NULL, NULL, NULL, NULL, NULL, NULL, NULL, NULL, NULL, NULL, NULL, NULL, NULL, NULL, NULL, NULL, 19391, \'WF25FEB0009\')')
 3 SYSTEMPATH\Database\BaseConnection.php(648): CodeIgniter\Database\BaseConnection->simpleQuery('INSERT INTO `admission` (`firstname`, `middlename`, `lastname`, `email`, `phoneno`, `whatsappno`, `gender`, `dob`, `cstreet`, `ccity`, `cstate`, `cpincode`, `pstreet`, `pcity`, `pstate`, `ppincode`, `college`, `year`, `branch`, `course`, `batchtime`, `joiningdate`, `otp`, `StudentId`) VALUES (NULL, NULL, NULL, NULL, NULL, NULL, NULL, NULL, NULL, NULL, NULL, NULL, NULL, NULL, NULL, NULL, NULL, NULL, NULL, NULL, NULL, NULL, 19391, \'WF25FEB0009\')')
 4 SYSTEMPATH\Database\BaseBuilder.php(2340): CodeIgniter\Database\BaseConnection->query('INSERT INTO `admission` (`firstname`, `middlename`, `lastname`, `email`, `phoneno`, `whatsappno`, `gender`, `dob`, `cstreet`, `ccity`, `cstate`, `cpincode`, `pstreet`, `pcity`, `pstate`, `ppincode`, `college`, `year`, `branch`, `course`, `batchtime`, `joiningdate`, `otp`, `StudentId`) VALUES (:firstname:, :middlename:, :lastname:, :email:, :phoneno:, :whatsappno:, :gender:, :dob:, :cstreet:, :ccity:, :cstate:, :cpincode:, :pstreet:, :pcity:, :pstate:, :ppincode:, :college:, :year:, :branch:, :course:, :batchtime:, :joiningdate:, :otp:, :StudentId:)', [...], false)
 5 SYSTEMPATH\Model.php(394): CodeIgniter\Database\BaseBuilder->insert()
 6 SYSTEMPATH\BaseModel.php(840): CodeIgniter\Model->doInsert([...])
 7 SYSTEMPATH\Model.php(802): CodeIgniter\BaseModel->insert([...], true)
 8 APPPATH\Controllers\AdmissionMaster.php(267): CodeIgniter\Model->insert([...])
 9 SYSTEMPATH\CodeIgniter.php(933): App\Controllers\AdmissionMaster->save()
10 SYSTEMPATH\CodeIgniter.php(509): CodeIgniter\CodeIgniter->runController(Object(App\Controllers\AdmissionMaster))
11 SYSTEMPATH\CodeIgniter.php(355): CodeIgniter\CodeIgniter->handleRequest(null, Object(Config\Cache), false)
12 SYSTEMPATH\Boot.php(325): CodeIgniter\CodeIgniter->run()
13 SYSTEMPATH\Boot.php(67): CodeIgniter\Boot::runCodeIgniter(Object(CodeIgniter\CodeIgniter))
14 FCPATH\index.php(56): CodeIgniter\Boot::bootWeb(Object(Config\Paths))
WARNING - 2025-02-11 11:28:49 --> [DEPRECATED] DateTime::__construct(): Passing null to parameter #1 ($datetime) of type string is deprecated in APPPATH\Controllers\AdmissionMaster.php on line 63.
 1 APPPATH\Controllers\AdmissionMaster.php(63): DateTime->__construct(null)
 2 SYSTEMPATH\CodeIgniter.php(933): App\Controllers\AdmissionMaster->save()
 3 SYSTEMPATH\CodeIgniter.php(509): CodeIgniter\CodeIgniter->runController(Object(App\Controllers\AdmissionMaster))
 4 SYSTEMPATH\CodeIgniter.php(355): CodeIgniter\CodeIgniter->handleRequest(null, Object(Config\Cache), false)
 5 SYSTEMPATH\Boot.php(325): CodeIgniter\CodeIgniter->run()
 6 SYSTEMPATH\Boot.php(67): CodeIgniter\Boot::runCodeIgniter(Object(CodeIgniter\CodeIgniter))
 7 FCPATH\index.php(56): CodeIgniter\Boot::bootWeb(Object(Config\Paths))
INFO - 2025-02-11 11:28:49 --> Session: Class initialized using 'CodeIgniter\Session\Handlers\FileHandler' driver.
INFO - 2025-02-11 11:28:49 --> Session: Class initialized using 'CodeIgniter\Session\Handlers\FileHandler' driver.
WARNING - 2025-02-11 11:28:59 --> [DEPRECATED] DateTime::__construct(): Passing null to parameter #1 ($datetime) of type string is deprecated in APPPATH\Controllers\AdmissionMaster.php on line 63.
 1 APPPATH\Controllers\AdmissionMaster.php(63): DateTime->__construct(null)
 2 SYSTEMPATH\CodeIgniter.php(933): App\Controllers\AdmissionMaster->save()
 3 SYSTEMPATH\CodeIgniter.php(509): CodeIgniter\CodeIgniter->runController(Object(App\Controllers\AdmissionMaster))
 4 SYSTEMPATH\CodeIgniter.php(355): CodeIgniter\CodeIgniter->handleRequest(null, Object(Config\Cache), false)
 5 SYSTEMPATH\Boot.php(325): CodeIgniter\CodeIgniter->run()
 6 SYSTEMPATH\Boot.php(67): CodeIgniter\Boot::runCodeIgniter(Object(CodeIgniter\CodeIgniter))
 7 FCPATH\index.php(56): CodeIgniter\Boot::bootWeb(Object(Config\Paths))
INFO - 2025-02-11 11:28:59 --> Session: Class initialized using 'CodeIgniter\Session\Handlers\FileHandler' driver.
INFO - 2025-02-11 11:28:59 --> Session: Class initialized using 'CodeIgniter\Session\Handlers\FileHandler' driver.
INFO - 2025-02-11 11:31:54 --> Session: Class initialized using 'CodeIgniter\Session\Handlers\FileHandler' driver.
WARNING - 2025-02-11 11:31:59 --> [DEPRECATED] strtotime(): Passing null to parameter #1 ($datetime) of type string is deprecated in APPPATH\Views\Admin\Admission\list.php on line 105.
 1 APPPATH\Views\Admin\Admission\list.php(105): strtotime(null)
 2 SYSTEMPATH\View\View.php(234): include('C:\\xampp\\htdocs\\Wolfox\\app\\Views\\Admin\\Admission\\list.php')
 3 SYSTEMPATH\View\View.php(237): CodeIgniter\View\View->CodeIgniter\View\{closure}()
 4 SYSTEMPATH\Common.php(1171): CodeIgniter\View\View->render('/Admin/Admission/list', [], true)
 5 APPPATH\Controllers\AdmissionMaster.php(309): view('/Admin/Admission/list', [...])
 6 SYSTEMPATH\CodeIgniter.php(933): App\Controllers\AdmissionMaster->list()
 7 SYSTEMPATH\CodeIgniter.php(509): CodeIgniter\CodeIgniter->runController(Object(App\Controllers\AdmissionMaster))
 8 SYSTEMPATH\CodeIgniter.php(355): CodeIgniter\CodeIgniter->handleRequest(null, Object(Config\Cache), false)
 9 SYSTEMPATH\Boot.php(325): CodeIgniter\CodeIgniter->run()
10 SYSTEMPATH\Boot.php(67): CodeIgniter\Boot::runCodeIgniter(Object(CodeIgniter\CodeIgniter))
11 FCPATH\index.php(56): CodeIgniter\Boot::bootWeb(Object(Config\Paths))
WARNING - 2025-02-11 11:31:59 --> [DEPRECATED] strtotime(): Passing null to parameter #1 ($datetime) of type string is deprecated in APPPATH\Views\Admin\Admission\list.php on line 105.
 1 APPPATH\Views\Admin\Admission\list.php(105): strtotime(null)
 2 SYSTEMPATH\View\View.php(234): include('C:\\xampp\\htdocs\\Wolfox\\app\\Views\\Admin\\Admission\\list.php')
 3 SYSTEMPATH\View\View.php(237): CodeIgniter\View\View->CodeIgniter\View\{closure}()
 4 SYSTEMPATH\Common.php(1171): CodeIgniter\View\View->render('/Admin/Admission/list', [], true)
 5 APPPATH\Controllers\AdmissionMaster.php(309): view('/Admin/Admission/list', [...])
 6 SYSTEMPATH\CodeIgniter.php(933): App\Controllers\AdmissionMaster->list()
 7 SYSTEMPATH\CodeIgniter.php(509): CodeIgniter\CodeIgniter->runController(Object(App\Controllers\AdmissionMaster))
 8 SYSTEMPATH\CodeIgniter.php(355): CodeIgniter\CodeIgniter->handleRequest(null, Object(Config\Cache), false)
 9 SYSTEMPATH\Boot.php(325): CodeIgniter\CodeIgniter->run()
10 SYSTEMPATH\Boot.php(67): CodeIgniter\Boot::runCodeIgniter(Object(CodeIgniter\CodeIgniter))
11 FCPATH\index.php(56): CodeIgniter\Boot::bootWeb(Object(Config\Paths))
WARNING - 2025-02-11 11:31:59 --> [DEPRECATED] strtotime(): Passing null to parameter #1 ($datetime) of type string is deprecated in APPPATH\Views\Admin\Admission\list.php on line 105.
 1 APPPATH\Views\Admin\Admission\list.php(105): strtotime(null)
 2 SYSTEMPATH\View\View.php(234): include('C:\\xampp\\htdocs\\Wolfox\\app\\Views\\Admin\\Admission\\list.php')
 3 SYSTEMPATH\View\View.php(237): CodeIgniter\View\View->CodeIgniter\View\{closure}()
 4 SYSTEMPATH\Common.php(1171): CodeIgniter\View\View->render('/Admin/Admission/list', [], true)
 5 APPPATH\Controllers\AdmissionMaster.php(309): view('/Admin/Admission/list', [...])
 6 SYSTEMPATH\CodeIgniter.php(933): App\Controllers\AdmissionMaster->list()
 7 SYSTEMPATH\CodeIgniter.php(509): CodeIgniter\CodeIgniter->runController(Object(App\Controllers\AdmissionMaster))
 8 SYSTEMPATH\CodeIgniter.php(355): CodeIgniter\CodeIgniter->handleRequest(null, Object(Config\Cache), false)
 9 SYSTEMPATH\Boot.php(325): CodeIgniter\CodeIgniter->run()
10 SYSTEMPATH\Boot.php(67): CodeIgniter\Boot::runCodeIgniter(Object(CodeIgniter\CodeIgniter))
11 FCPATH\index.php(56): CodeIgniter\Boot::bootWeb(Object(Config\Paths))
WARNING - 2025-02-11 11:31:59 --> [DEPRECATED] strtotime(): Passing null to parameter #1 ($datetime) of type string is deprecated in APPPATH\Views\Admin\Admission\list.php on line 105.
 1 APPPATH\Views\Admin\Admission\list.php(105): strtotime(null)
 2 SYSTEMPATH\View\View.php(234): include('C:\\xampp\\htdocs\\Wolfox\\app\\Views\\Admin\\Admission\\list.php')
 3 SYSTEMPATH\View\View.php(237): CodeIgniter\View\View->CodeIgniter\View\{closure}()
 4 SYSTEMPATH\Common.php(1171): CodeIgniter\View\View->render('/Admin/Admission/list', [], true)
 5 APPPATH\Controllers\AdmissionMaster.php(309): view('/Admin/Admission/list', [...])
 6 SYSTEMPATH\CodeIgniter.php(933): App\Controllers\AdmissionMaster->list()
 7 SYSTEMPATH\CodeIgniter.php(509): CodeIgniter\CodeIgniter->runController(Object(App\Controllers\AdmissionMaster))
 8 SYSTEMPATH\CodeIgniter.php(355): CodeIgniter\CodeIgniter->handleRequest(null, Object(Config\Cache), false)
 9 SYSTEMPATH\Boot.php(325): CodeIgniter\CodeIgniter->run()
10 SYSTEMPATH\Boot.php(67): CodeIgniter\Boot::runCodeIgniter(Object(CodeIgniter\CodeIgniter))
11 FCPATH\index.php(56): CodeIgniter\Boot::bootWeb(Object(Config\Paths))
WARNING - 2025-02-11 11:31:59 --> [DEPRECATED] strtotime(): Passing null to parameter #1 ($datetime) of type string is deprecated in APPPATH\Views\Admin\Admission\list.php on line 105.
 1 APPPATH\Views\Admin\Admission\list.php(105): strtotime(null)
 2 SYSTEMPATH\View\View.php(234): include('C:\\xampp\\htdocs\\Wolfox\\app\\Views\\Admin\\Admission\\list.php')
 3 SYSTEMPATH\View\View.php(237): CodeIgniter\View\View->CodeIgniter\View\{closure}()
 4 SYSTEMPATH\Common.php(1171): CodeIgniter\View\View->render('/Admin/Admission/list', [], true)
 5 APPPATH\Controllers\AdmissionMaster.php(309): view('/Admin/Admission/list', [...])
 6 SYSTEMPATH\CodeIgniter.php(933): App\Controllers\AdmissionMaster->list()
 7 SYSTEMPATH\CodeIgniter.php(509): CodeIgniter\CodeIgniter->runController(Object(App\Controllers\AdmissionMaster))
 8 SYSTEMPATH\CodeIgniter.php(355): CodeIgniter\CodeIgniter->handleRequest(null, Object(Config\Cache), false)
 9 SYSTEMPATH\Boot.php(325): CodeIgniter\CodeIgniter->run()
10 SYSTEMPATH\Boot.php(67): CodeIgniter\Boot::runCodeIgniter(Object(CodeIgniter\CodeIgniter))
11 FCPATH\index.php(56): CodeIgniter\Boot::bootWeb(Object(Config\Paths))
WARNING - 2025-02-11 11:31:59 --> [DEPRECATED] strtotime(): Passing null to parameter #1 ($datetime) of type string is deprecated in APPPATH\Views\Admin\Admission\list.php on line 105.
 1 APPPATH\Views\Admin\Admission\list.php(105): strtotime(null)
 2 SYSTEMPATH\View\View.php(234): include('C:\\xampp\\htdocs\\Wolfox\\app\\Views\\Admin\\Admission\\list.php')
 3 SYSTEMPATH\View\View.php(237): CodeIgniter\View\View->CodeIgniter\View\{closure}()
 4 SYSTEMPATH\Common.php(1171): CodeIgniter\View\View->render('/Admin/Admission/list', [], true)
 5 APPPATH\Controllers\AdmissionMaster.php(309): view('/Admin/Admission/list', [...])
 6 SYSTEMPATH\CodeIgniter.php(933): App\Controllers\AdmissionMaster->list()
 7 SYSTEMPATH\CodeIgniter.php(509): CodeIgniter\CodeIgniter->runController(Object(App\Controllers\AdmissionMaster))
 8 SYSTEMPATH\CodeIgniter.php(355): CodeIgniter\CodeIgniter->handleRequest(null, Object(Config\Cache), false)
 9 SYSTEMPATH\Boot.php(325): CodeIgniter\CodeIgniter->run()
10 SYSTEMPATH\Boot.php(67): CodeIgniter\Boot::runCodeIgniter(Object(CodeIgniter\CodeIgniter))
11 FCPATH\index.php(56): CodeIgniter\Boot::bootWeb(Object(Config\Paths))
WARNING - 2025-02-11 11:31:59 --> [DEPRECATED] strtotime(): Passing null to parameter #1 ($datetime) of type string is deprecated in APPPATH\Views\Admin\Admission\list.php on line 105.
 1 APPPATH\Views\Admin\Admission\list.php(105): strtotime(null)
 2 SYSTEMPATH\View\View.php(234): include('C:\\xampp\\htdocs\\Wolfox\\app\\Views\\Admin\\Admission\\list.php')
 3 SYSTEMPATH\View\View.php(237): CodeIgniter\View\View->CodeIgniter\View\{closure}()
 4 SYSTEMPATH\Common.php(1171): CodeIgniter\View\View->render('/Admin/Admission/list', [], true)
 5 APPPATH\Controllers\AdmissionMaster.php(309): view('/Admin/Admission/list', [...])
 6 SYSTEMPATH\CodeIgniter.php(933): App\Controllers\AdmissionMaster->list()
 7 SYSTEMPATH\CodeIgniter.php(509): CodeIgniter\CodeIgniter->runController(Object(App\Controllers\AdmissionMaster))
 8 SYSTEMPATH\CodeIgniter.php(355): CodeIgniter\CodeIgniter->handleRequest(null, Object(Config\Cache), false)
 9 SYSTEMPATH\Boot.php(325): CodeIgniter\CodeIgniter->run()
10 SYSTEMPATH\Boot.php(67): CodeIgniter\Boot::runCodeIgniter(Object(CodeIgniter\CodeIgniter))
11 FCPATH\index.php(56): CodeIgniter\Boot::bootWeb(Object(Config\Paths))
WARNING - 2025-02-11 11:31:59 --> [DEPRECATED] strtotime(): Passing null to parameter #1 ($datetime) of type string is deprecated in APPPATH\Views\Admin\Admission\list.php on line 105.
 1 APPPATH\Views\Admin\Admission\list.php(105): strtotime(null)
 2 SYSTEMPATH\View\View.php(234): include('C:\\xampp\\htdocs\\Wolfox\\app\\Views\\Admin\\Admission\\list.php')
 3 SYSTEMPATH\View\View.php(237): CodeIgniter\View\View->CodeIgniter\View\{closure}()
 4 SYSTEMPATH\Common.php(1171): CodeIgniter\View\View->render('/Admin/Admission/list', [], true)
 5 APPPATH\Controllers\AdmissionMaster.php(309): view('/Admin/Admission/list', [...])
 6 SYSTEMPATH\CodeIgniter.php(933): App\Controllers\AdmissionMaster->list()
 7 SYSTEMPATH\CodeIgniter.php(509): CodeIgniter\CodeIgniter->runController(Object(App\Controllers\AdmissionMaster))
 8 SYSTEMPATH\CodeIgniter.php(355): CodeIgniter\CodeIgniter->handleRequest(null, Object(Config\Cache), false)
 9 SYSTEMPATH\Boot.php(325): CodeIgniter\CodeIgniter->run()
10 SYSTEMPATH\Boot.php(67): CodeIgniter\Boot::runCodeIgniter(Object(CodeIgniter\CodeIgniter))
11 FCPATH\index.php(56): CodeIgniter\Boot::bootWeb(Object(Config\Paths))
WARNING - 2025-02-11 11:31:59 --> [DEPRECATED] strtotime(): Passing null to parameter #1 ($datetime) of type string is deprecated in APPPATH\Views\Admin\Admission\list.php on line 105.
 1 APPPATH\Views\Admin\Admission\list.php(105): strtotime(null)
 2 SYSTEMPATH\View\View.php(234): include('C:\\xampp\\htdocs\\Wolfox\\app\\Views\\Admin\\Admission\\list.php')
 3 SYSTEMPATH\View\View.php(237): CodeIgniter\View\View->CodeIgniter\View\{closure}()
 4 SYSTEMPATH\Common.php(1171): CodeIgniter\View\View->render('/Admin/Admission/list', [], true)
 5 APPPATH\Controllers\AdmissionMaster.php(309): view('/Admin/Admission/list', [...])
 6 SYSTEMPATH\CodeIgniter.php(933): App\Controllers\AdmissionMaster->list()
 7 SYSTEMPATH\CodeIgniter.php(509): CodeIgniter\CodeIgniter->runController(Object(App\Controllers\AdmissionMaster))
 8 SYSTEMPATH\CodeIgniter.php(355): CodeIgniter\CodeIgniter->handleRequest(null, Object(Config\Cache), false)
 9 SYSTEMPATH\Boot.php(325): CodeIgniter\CodeIgniter->run()
10 SYSTEMPATH\Boot.php(67): CodeIgniter\Boot::runCodeIgniter(Object(CodeIgniter\CodeIgniter))
11 FCPATH\index.php(56): CodeIgniter\Boot::bootWeb(Object(Config\Paths))
WARNING - 2025-02-11 11:31:59 --> [DEPRECATED] strtotime(): Passing null to parameter #1 ($datetime) of type string is deprecated in APPPATH\Views\Admin\Admission\list.php on line 105.
 1 APPPATH\Views\Admin\Admission\list.php(105): strtotime(null)
 2 SYSTEMPATH\View\View.php(234): include('C:\\xampp\\htdocs\\Wolfox\\app\\Views\\Admin\\Admission\\list.php')
 3 SYSTEMPATH\View\View.php(237): CodeIgniter\View\View->CodeIgniter\View\{closure}()
 4 SYSTEMPATH\Common.php(1171): CodeIgniter\View\View->render('/Admin/Admission/list', [], true)
 5 APPPATH\Controllers\AdmissionMaster.php(309): view('/Admin/Admission/list', [...])
 6 SYSTEMPATH\CodeIgniter.php(933): App\Controllers\AdmissionMaster->list()
 7 SYSTEMPATH\CodeIgniter.php(509): CodeIgniter\CodeIgniter->runController(Object(App\Controllers\AdmissionMaster))
 8 SYSTEMPATH\CodeIgniter.php(355): CodeIgniter\CodeIgniter->handleRequest(null, Object(Config\Cache), false)
 9 SYSTEMPATH\Boot.php(325): CodeIgniter\CodeIgniter->run()
10 SYSTEMPATH\Boot.php(67): CodeIgniter\Boot::runCodeIgniter(Object(CodeIgniter\CodeIgniter))
11 FCPATH\index.php(56): CodeIgniter\Boot::bootWeb(Object(Config\Paths))
WARNING - 2025-02-11 11:31:59 --> [DEPRECATED] strtotime(): Passing null to parameter #1 ($datetime) of type string is deprecated in APPPATH\Views\Admin\Admission\list.php on line 105.
 1 APPPATH\Views\Admin\Admission\list.php(105): strtotime(null)
 2 SYSTEMPATH\View\View.php(234): include('C:\\xampp\\htdocs\\Wolfox\\app\\Views\\Admin\\Admission\\list.php')
 3 SYSTEMPATH\View\View.php(237): CodeIgniter\View\View->CodeIgniter\View\{closure}()
 4 SYSTEMPATH\Common.php(1171): CodeIgniter\View\View->render('/Admin/Admission/list', [], true)
 5 APPPATH\Controllers\AdmissionMaster.php(309): view('/Admin/Admission/list', [...])
 6 SYSTEMPATH\CodeIgniter.php(933): App\Controllers\AdmissionMaster->list()
 7 SYSTEMPATH\CodeIgniter.php(509): CodeIgniter\CodeIgniter->runController(Object(App\Controllers\AdmissionMaster))
 8 SYSTEMPATH\CodeIgniter.php(355): CodeIgniter\CodeIgniter->handleRequest(null, Object(Config\Cache), false)
 9 SYSTEMPATH\Boot.php(325): CodeIgniter\CodeIgniter->run()
10 SYSTEMPATH\Boot.php(67): CodeIgniter\Boot::runCodeIgniter(Object(CodeIgniter\CodeIgniter))
11 FCPATH\index.php(56): CodeIgniter\Boot::bootWeb(Object(Config\Paths))
WARNING - 2025-02-11 11:31:59 --> [DEPRECATED] strtotime(): Passing null to parameter #1 ($datetime) of type string is deprecated in APPPATH\Views\Admin\Admission\list.php on line 105.
 1 APPPATH\Views\Admin\Admission\list.php(105): strtotime(null)
 2 SYSTEMPATH\View\View.php(234): include('C:\\xampp\\htdocs\\Wolfox\\app\\Views\\Admin\\Admission\\list.php')
 3 SYSTEMPATH\View\View.php(237): CodeIgniter\View\View->CodeIgniter\View\{closure}()
 4 SYSTEMPATH\Common.php(1171): CodeIgniter\View\View->render('/Admin/Admission/list', [], true)
 5 APPPATH\Controllers\AdmissionMaster.php(309): view('/Admin/Admission/list', [...])
 6 SYSTEMPATH\CodeIgniter.php(933): App\Controllers\AdmissionMaster->list()
 7 SYSTEMPATH\CodeIgniter.php(509): CodeIgniter\CodeIgniter->runController(Object(App\Controllers\AdmissionMaster))
 8 SYSTEMPATH\CodeIgniter.php(355): CodeIgniter\CodeIgniter->handleRequest(null, Object(Config\Cache), false)
 9 SYSTEMPATH\Boot.php(325): CodeIgniter\CodeIgniter->run()
10 SYSTEMPATH\Boot.php(67): CodeIgniter\Boot::runCodeIgniter(Object(CodeIgniter\CodeIgniter))
11 FCPATH\index.php(56): CodeIgniter\Boot::bootWeb(Object(Config\Paths))
INFO - 2025-02-11 11:32:42 --> Session: Class initialized using 'CodeIgniter\Session\Handlers\FileHandler' driver.
INFO - 2025-02-11 11:32:45 --> Session: Class initialized using 'CodeIgniter\Session\Handlers\FileHandler' driver.
INFO - 2025-02-11 11:32:52 --> Session: Class initialized using 'CodeIgniter\Session\Handlers\FileHandler' driver.
INFO - 2025-02-11 11:32:52 --> Session: Class initialized using 'CodeIgniter\Session\Handlers\FileHandler' driver.
WARNING - 2025-02-11 11:33:04 --> [DEPRECATED] strtotime(): Passing null to parameter #1 ($datetime) of type string is deprecated in APPPATH\Views\Admin\Admission\list.php on line 105.
 1 APPPATH\Views\Admin\Admission\list.php(105): strtotime(null)
 2 SYSTEMPATH\View\View.php(234): include('C:\\xampp\\htdocs\\Wolfox\\app\\Views\\Admin\\Admission\\list.php')
 3 SYSTEMPATH\View\View.php(237): CodeIgniter\View\View->CodeIgniter\View\{closure}()
 4 SYSTEMPATH\Common.php(1171): CodeIgniter\View\View->render('/Admin/Admission/list', [], true)
 5 APPPATH\Controllers\AdmissionMaster.php(309): view('/Admin/Admission/list', [...])
 6 SYSTEMPATH\CodeIgniter.php(933): App\Controllers\AdmissionMaster->list()
 7 SYSTEMPATH\CodeIgniter.php(509): CodeIgniter\CodeIgniter->runController(Object(App\Controllers\AdmissionMaster))
 8 SYSTEMPATH\CodeIgniter.php(355): CodeIgniter\CodeIgniter->handleRequest(null, Object(Config\Cache), false)
 9 SYSTEMPATH\Boot.php(325): CodeIgniter\CodeIgniter->run()
10 SYSTEMPATH\Boot.php(67): CodeIgniter\Boot::runCodeIgniter(Object(CodeIgniter\CodeIgniter))
11 FCPATH\index.php(56): CodeIgniter\Boot::bootWeb(Object(Config\Paths))
WARNING - 2025-02-11 11:33:04 --> [DEPRECATED] strtotime(): Passing null to parameter #1 ($datetime) of type string is deprecated in APPPATH\Views\Admin\Admission\list.php on line 105.
 1 APPPATH\Views\Admin\Admission\list.php(105): strtotime(null)
 2 SYSTEMPATH\View\View.php(234): include('C:\\xampp\\htdocs\\Wolfox\\app\\Views\\Admin\\Admission\\list.php')
 3 SYSTEMPATH\View\View.php(237): CodeIgniter\View\View->CodeIgniter\View\{closure}()
 4 SYSTEMPATH\Common.php(1171): CodeIgniter\View\View->render('/Admin/Admission/list', [], true)
 5 APPPATH\Controllers\AdmissionMaster.php(309): view('/Admin/Admission/list', [...])
 6 SYSTEMPATH\CodeIgniter.php(933): App\Controllers\AdmissionMaster->list()
 7 SYSTEMPATH\CodeIgniter.php(509): CodeIgniter\CodeIgniter->runController(Object(App\Controllers\AdmissionMaster))
 8 SYSTEMPATH\CodeIgniter.php(355): CodeIgniter\CodeIgniter->handleRequest(null, Object(Config\Cache), false)
 9 SYSTEMPATH\Boot.php(325): CodeIgniter\CodeIgniter->run()
10 SYSTEMPATH\Boot.php(67): CodeIgniter\Boot::runCodeIgniter(Object(CodeIgniter\CodeIgniter))
11 FCPATH\index.php(56): CodeIgniter\Boot::bootWeb(Object(Config\Paths))
WARNING - 2025-02-11 11:33:04 --> [DEPRECATED] strtotime(): Passing null to parameter #1 ($datetime) of type string is deprecated in APPPATH\Views\Admin\Admission\list.php on line 105.
 1 APPPATH\Views\Admin\Admission\list.php(105): strtotime(null)
 2 SYSTEMPATH\View\View.php(234): include('C:\\xampp\\htdocs\\Wolfox\\app\\Views\\Admin\\Admission\\list.php')
 3 SYSTEMPATH\View\View.php(237): CodeIgniter\View\View->CodeIgniter\View\{closure}()
 4 SYSTEMPATH\Common.php(1171): CodeIgniter\View\View->render('/Admin/Admission/list', [], true)
 5 APPPATH\Controllers\AdmissionMaster.php(309): view('/Admin/Admission/list', [...])
 6 SYSTEMPATH\CodeIgniter.php(933): App\Controllers\AdmissionMaster->list()
 7 SYSTEMPATH\CodeIgniter.php(509): CodeIgniter\CodeIgniter->runController(Object(App\Controllers\AdmissionMaster))
 8 SYSTEMPATH\CodeIgniter.php(355): CodeIgniter\CodeIgniter->handleRequest(null, Object(Config\Cache), false)
 9 SYSTEMPATH\Boot.php(325): CodeIgniter\CodeIgniter->run()
10 SYSTEMPATH\Boot.php(67): CodeIgniter\Boot::runCodeIgniter(Object(CodeIgniter\CodeIgniter))
11 FCPATH\index.php(56): CodeIgniter\Boot::bootWeb(Object(Config\Paths))
WARNING - 2025-02-11 11:33:04 --> [DEPRECATED] strtotime(): Passing null to parameter #1 ($datetime) of type string is deprecated in APPPATH\Views\Admin\Admission\list.php on line 105.
 1 APPPATH\Views\Admin\Admission\list.php(105): strtotime(null)
 2 SYSTEMPATH\View\View.php(234): include('C:\\xampp\\htdocs\\Wolfox\\app\\Views\\Admin\\Admission\\list.php')
 3 SYSTEMPATH\View\View.php(237): CodeIgniter\View\View->CodeIgniter\View\{closure}()
 4 SYSTEMPATH\Common.php(1171): CodeIgniter\View\View->render('/Admin/Admission/list', [], true)
 5 APPPATH\Controllers\AdmissionMaster.php(309): view('/Admin/Admission/list', [...])
 6 SYSTEMPATH\CodeIgniter.php(933): App\Controllers\AdmissionMaster->list()
 7 SYSTEMPATH\CodeIgniter.php(509): CodeIgniter\CodeIgniter->runController(Object(App\Controllers\AdmissionMaster))
 8 SYSTEMPATH\CodeIgniter.php(355): CodeIgniter\CodeIgniter->handleRequest(null, Object(Config\Cache), false)
 9 SYSTEMPATH\Boot.php(325): CodeIgniter\CodeIgniter->run()
10 SYSTEMPATH\Boot.php(67): CodeIgniter\Boot::runCodeIgniter(Object(CodeIgniter\CodeIgniter))
11 FCPATH\index.php(56): CodeIgniter\Boot::bootWeb(Object(Config\Paths))
WARNING - 2025-02-11 11:33:04 --> [DEPRECATED] strtotime(): Passing null to parameter #1 ($datetime) of type string is deprecated in APPPATH\Views\Admin\Admission\list.php on line 105.
 1 APPPATH\Views\Admin\Admission\list.php(105): strtotime(null)
 2 SYSTEMPATH\View\View.php(234): include('C:\\xampp\\htdocs\\Wolfox\\app\\Views\\Admin\\Admission\\list.php')
 3 SYSTEMPATH\View\View.php(237): CodeIgniter\View\View->CodeIgniter\View\{closure}()
 4 SYSTEMPATH\Common.php(1171): CodeIgniter\View\View->render('/Admin/Admission/list', [], true)
 5 APPPATH\Controllers\AdmissionMaster.php(309): view('/Admin/Admission/list', [...])
 6 SYSTEMPATH\CodeIgniter.php(933): App\Controllers\AdmissionMaster->list()
 7 SYSTEMPATH\CodeIgniter.php(509): CodeIgniter\CodeIgniter->runController(Object(App\Controllers\AdmissionMaster))
 8 SYSTEMPATH\CodeIgniter.php(355): CodeIgniter\CodeIgniter->handleRequest(null, Object(Config\Cache), false)
 9 SYSTEMPATH\Boot.php(325): CodeIgniter\CodeIgniter->run()
10 SYSTEMPATH\Boot.php(67): CodeIgniter\Boot::runCodeIgniter(Object(CodeIgniter\CodeIgniter))
11 FCPATH\index.php(56): CodeIgniter\Boot::bootWeb(Object(Config\Paths))
WARNING - 2025-02-11 11:33:04 --> [DEPRECATED] strtotime(): Passing null to parameter #1 ($datetime) of type string is deprecated in APPPATH\Views\Admin\Admission\list.php on line 105.
 1 APPPATH\Views\Admin\Admission\list.php(105): strtotime(null)
 2 SYSTEMPATH\View\View.php(234): include('C:\\xampp\\htdocs\\Wolfox\\app\\Views\\Admin\\Admission\\list.php')
 3 SYSTEMPATH\View\View.php(237): CodeIgniter\View\View->CodeIgniter\View\{closure}()
 4 SYSTEMPATH\Common.php(1171): CodeIgniter\View\View->render('/Admin/Admission/list', [], true)
 5 APPPATH\Controllers\AdmissionMaster.php(309): view('/Admin/Admission/list', [...])
 6 SYSTEMPATH\CodeIgniter.php(933): App\Controllers\AdmissionMaster->list()
 7 SYSTEMPATH\CodeIgniter.php(509): CodeIgniter\CodeIgniter->runController(Object(App\Controllers\AdmissionMaster))
 8 SYSTEMPATH\CodeIgniter.php(355): CodeIgniter\CodeIgniter->handleRequest(null, Object(Config\Cache), false)
 9 SYSTEMPATH\Boot.php(325): CodeIgniter\CodeIgniter->run()
10 SYSTEMPATH\Boot.php(67): CodeIgniter\Boot::runCodeIgniter(Object(CodeIgniter\CodeIgniter))
11 FCPATH\index.php(56): CodeIgniter\Boot::bootWeb(Object(Config\Paths))
WARNING - 2025-02-11 11:33:04 --> [DEPRECATED] strtotime(): Passing null to parameter #1 ($datetime) of type string is deprecated in APPPATH\Views\Admin\Admission\list.php on line 105.
 1 APPPATH\Views\Admin\Admission\list.php(105): strtotime(null)
 2 SYSTEMPATH\View\View.php(234): include('C:\\xampp\\htdocs\\Wolfox\\app\\Views\\Admin\\Admission\\list.php')
 3 SYSTEMPATH\View\View.php(237): CodeIgniter\View\View->CodeIgniter\View\{closure}()
 4 SYSTEMPATH\Common.php(1171): CodeIgniter\View\View->render('/Admin/Admission/list', [], true)
 5 APPPATH\Controllers\AdmissionMaster.php(309): view('/Admin/Admission/list', [...])
 6 SYSTEMPATH\CodeIgniter.php(933): App\Controllers\AdmissionMaster->list()
 7 SYSTEMPATH\CodeIgniter.php(509): CodeIgniter\CodeIgniter->runController(Object(App\Controllers\AdmissionMaster))
 8 SYSTEMPATH\CodeIgniter.php(355): CodeIgniter\CodeIgniter->handleRequest(null, Object(Config\Cache), false)
 9 SYSTEMPATH\Boot.php(325): CodeIgniter\CodeIgniter->run()
10 SYSTEMPATH\Boot.php(67): CodeIgniter\Boot::runCodeIgniter(Object(CodeIgniter\CodeIgniter))
11 FCPATH\index.php(56): CodeIgniter\Boot::bootWeb(Object(Config\Paths))
WARNING - 2025-02-11 11:33:04 --> [DEPRECATED] strtotime(): Passing null to parameter #1 ($datetime) of type string is deprecated in APPPATH\Views\Admin\Admission\list.php on line 105.
 1 APPPATH\Views\Admin\Admission\list.php(105): strtotime(null)
 2 SYSTEMPATH\View\View.php(234): include('C:\\xampp\\htdocs\\Wolfox\\app\\Views\\Admin\\Admission\\list.php')
 3 SYSTEMPATH\View\View.php(237): CodeIgniter\View\View->CodeIgniter\View\{closure}()
 4 SYSTEMPATH\Common.php(1171): CodeIgniter\View\View->render('/Admin/Admission/list', [], true)
 5 APPPATH\Controllers\AdmissionMaster.php(309): view('/Admin/Admission/list', [...])
 6 SYSTEMPATH\CodeIgniter.php(933): App\Controllers\AdmissionMaster->list()
 7 SYSTEMPATH\CodeIgniter.php(509): CodeIgniter\CodeIgniter->runController(Object(App\Controllers\AdmissionMaster))
 8 SYSTEMPATH\CodeIgniter.php(355): CodeIgniter\CodeIgniter->handleRequest(null, Object(Config\Cache), false)
 9 SYSTEMPATH\Boot.php(325): CodeIgniter\CodeIgniter->run()
10 SYSTEMPATH\Boot.php(67): CodeIgniter\Boot::runCodeIgniter(Object(CodeIgniter\CodeIgniter))
11 FCPATH\index.php(56): CodeIgniter\Boot::bootWeb(Object(Config\Paths))
WARNING - 2025-02-11 11:33:04 --> [DEPRECATED] strtotime(): Passing null to parameter #1 ($datetime) of type string is deprecated in APPPATH\Views\Admin\Admission\list.php on line 105.
 1 APPPATH\Views\Admin\Admission\list.php(105): strtotime(null)
 2 SYSTEMPATH\View\View.php(234): include('C:\\xampp\\htdocs\\Wolfox\\app\\Views\\Admin\\Admission\\list.php')
 3 SYSTEMPATH\View\View.php(237): CodeIgniter\View\View->CodeIgniter\View\{closure}()
 4 SYSTEMPATH\Common.php(1171): CodeIgniter\View\View->render('/Admin/Admission/list', [], true)
 5 APPPATH\Controllers\AdmissionMaster.php(309): view('/Admin/Admission/list', [...])
 6 SYSTEMPATH\CodeIgniter.php(933): App\Controllers\AdmissionMaster->list()
 7 SYSTEMPATH\CodeIgniter.php(509): CodeIgniter\CodeIgniter->runController(Object(App\Controllers\AdmissionMaster))
 8 SYSTEMPATH\CodeIgniter.php(355): CodeIgniter\CodeIgniter->handleRequest(null, Object(Config\Cache), false)
 9 SYSTEMPATH\Boot.php(325): CodeIgniter\CodeIgniter->run()
10 SYSTEMPATH\Boot.php(67): CodeIgniter\Boot::runCodeIgniter(Object(CodeIgniter\CodeIgniter))
11 FCPATH\index.php(56): CodeIgniter\Boot::bootWeb(Object(Config\Paths))
WARNING - 2025-02-11 11:33:04 --> [DEPRECATED] strtotime(): Passing null to parameter #1 ($datetime) of type string is deprecated in APPPATH\Views\Admin\Admission\list.php on line 105.
 1 APPPATH\Views\Admin\Admission\list.php(105): strtotime(null)
 2 SYSTEMPATH\View\View.php(234): include('C:\\xampp\\htdocs\\Wolfox\\app\\Views\\Admin\\Admission\\list.php')
 3 SYSTEMPATH\View\View.php(237): CodeIgniter\View\View->CodeIgniter\View\{closure}()
 4 SYSTEMPATH\Common.php(1171): CodeIgniter\View\View->render('/Admin/Admission/list', [], true)
 5 APPPATH\Controllers\AdmissionMaster.php(309): view('/Admin/Admission/list', [...])
 6 SYSTEMPATH\CodeIgniter.php(933): App\Controllers\AdmissionMaster->list()
 7 SYSTEMPATH\CodeIgniter.php(509): CodeIgniter\CodeIgniter->runController(Object(App\Controllers\AdmissionMaster))
 8 SYSTEMPATH\CodeIgniter.php(355): CodeIgniter\CodeIgniter->handleRequest(null, Object(Config\Cache), false)
 9 SYSTEMPATH\Boot.php(325): CodeIgniter\CodeIgniter->run()
10 SYSTEMPATH\Boot.php(67): CodeIgniter\Boot::runCodeIgniter(Object(CodeIgniter\CodeIgniter))
11 FCPATH\index.php(56): CodeIgniter\Boot::bootWeb(Object(Config\Paths))
WARNING - 2025-02-11 11:33:04 --> [DEPRECATED] strtotime(): Passing null to parameter #1 ($datetime) of type string is deprecated in APPPATH\Views\Admin\Admission\list.php on line 105.
 1 APPPATH\Views\Admin\Admission\list.php(105): strtotime(null)
 2 SYSTEMPATH\View\View.php(234): include('C:\\xampp\\htdocs\\Wolfox\\app\\Views\\Admin\\Admission\\list.php')
 3 SYSTEMPATH\View\View.php(237): CodeIgniter\View\View->CodeIgniter\View\{closure}()
 4 SYSTEMPATH\Common.php(1171): CodeIgniter\View\View->render('/Admin/Admission/list', [], true)
 5 APPPATH\Controllers\AdmissionMaster.php(309): view('/Admin/Admission/list', [...])
 6 SYSTEMPATH\CodeIgniter.php(933): App\Controllers\AdmissionMaster->list()
 7 SYSTEMPATH\CodeIgniter.php(509): CodeIgniter\CodeIgniter->runController(Object(App\Controllers\AdmissionMaster))
 8 SYSTEMPATH\CodeIgniter.php(355): CodeIgniter\CodeIgniter->handleRequest(null, Object(Config\Cache), false)
 9 SYSTEMPATH\Boot.php(325): CodeIgniter\CodeIgniter->run()
10 SYSTEMPATH\Boot.php(67): CodeIgniter\Boot::runCodeIgniter(Object(CodeIgniter\CodeIgniter))
11 FCPATH\index.php(56): CodeIgniter\Boot::bootWeb(Object(Config\Paths))
WARNING - 2025-02-11 11:33:04 --> [DEPRECATED] strtotime(): Passing null to parameter #1 ($datetime) of type string is deprecated in APPPATH\Views\Admin\Admission\list.php on line 105.
 1 APPPATH\Views\Admin\Admission\list.php(105): strtotime(null)
 2 SYSTEMPATH\View\View.php(234): include('C:\\xampp\\htdocs\\Wolfox\\app\\Views\\Admin\\Admission\\list.php')
 3 SYSTEMPATH\View\View.php(237): CodeIgniter\View\View->CodeIgniter\View\{closure}()
 4 SYSTEMPATH\Common.php(1171): CodeIgniter\View\View->render('/Admin/Admission/list', [], true)
 5 APPPATH\Controllers\AdmissionMaster.php(309): view('/Admin/Admission/list', [...])
 6 SYSTEMPATH\CodeIgniter.php(933): App\Controllers\AdmissionMaster->list()
 7 SYSTEMPATH\CodeIgniter.php(509): CodeIgniter\CodeIgniter->runController(Object(App\Controllers\AdmissionMaster))
 8 SYSTEMPATH\CodeIgniter.php(355): CodeIgniter\CodeIgniter->handleRequest(null, Object(Config\Cache), false)
 9 SYSTEMPATH\Boot.php(325): CodeIgniter\CodeIgniter->run()
10 SYSTEMPATH\Boot.php(67): CodeIgniter\Boot::runCodeIgniter(Object(CodeIgniter\CodeIgniter))
11 FCPATH\index.php(56): CodeIgniter\Boot::bootWeb(Object(Config\Paths))
CRITICAL - 2025-02-11 11:34:19 --> ErrorException: Undefined array key "id"
[Method: GET, Route: Admin/Course/List]
in APPPATH\Views\Admin\Course\list.php on line 54.
 1 APPPATH\Views\Admin\Course\list.php(54): CodeIgniter\Debug\Exceptions->errorHandler(2, 'Undefined array key "id"', 'C:\\xampp\\htdocs\\Wolfox\\app\\Views\\Admin\\Course\\list.php', 54)
 2 SYSTEMPATH\View\View.php(234): include('C:\\xampp\\htdocs\\Wolfox\\app\\Views\\Admin\\Course\\list.php')
 3 SYSTEMPATH\View\View.php(237): CodeIgniter\View\View->CodeIgniter\View\{closure}()
 4 SYSTEMPATH\Common.php(1171): CodeIgniter\View\View->render('/Admin/Course/list', [], true)
 5 APPPATH\Controllers\CourseMaster.php(56): view('/Admin/Course/list', [...])
 6 SYSTEMPATH\CodeIgniter.php(933): App\Controllers\CourseMaster->list()
 7 SYSTEMPATH\CodeIgniter.php(509): CodeIgniter\CodeIgniter->runController(Object(App\Controllers\CourseMaster))
 8 SYSTEMPATH\CodeIgniter.php(355): CodeIgniter\CodeIgniter->handleRequest(null, Object(Config\Cache), false)
 9 SYSTEMPATH\Boot.php(325): CodeIgniter\CodeIgniter->run()
10 SYSTEMPATH\Boot.php(67): CodeIgniter\Boot::runCodeIgniter(Object(CodeIgniter\CodeIgniter))
11 FCPATH\index.php(56): CodeIgniter\Boot::bootWeb(Object(Config\Paths))
ERROR - 2025-02-11 11:35:30 --> mysqli_sql_exception: Unknown column 'course.id' in 'where clause' in C:\xampp\htdocs\Wolfox\system\Database\MySQLi\Connection.php:312
Stack trace:
#0 C:\xampp\htdocs\Wolfox\system\Database\MySQLi\Connection.php(312): mysqli->query('SELECT *\nFROM `...', 0)
#1 C:\xampp\htdocs\Wolfox\system\Database\BaseConnection.php(734): CodeIgniter\Database\MySQLi\Connection->execute('SELECT *\nFROM `...')
#2 C:\xampp\htdocs\Wolfox\system\Database\BaseConnection.php(648): CodeIgniter\Database\BaseConnection->simpleQuery('SELECT *\nFROM `...')
#3 C:\xampp\htdocs\Wolfox\system\Database\BaseBuilder.php(1644): CodeIgniter\Database\BaseConnection->query('SELECT *\nFROM `...', Array, false)
#4 C:\xampp\htdocs\Wolfox\system\Model.php(210): CodeIgniter\Database\BaseBuilder->get()
#5 C:\xampp\htdocs\Wolfox\system\BaseModel.php(610): CodeIgniter\Model->doFind(true, '1')
#6 C:\xampp\htdocs\Wolfox\app\Controllers\CourseMaster.php(64): CodeIgniter\BaseModel->find('1')
#7 C:\xampp\htdocs\Wolfox\system\CodeIgniter.php(933): App\Controllers\CourseMaster->edit('1')
#8 C:\xampp\htdocs\Wolfox\system\CodeIgniter.php(509): CodeIgniter\CodeIgniter->runController(Object(App\Controllers\CourseMaster))
#9 C:\xampp\htdocs\Wolfox\system\CodeIgniter.php(355): CodeIgniter\CodeIgniter->handleRequest(NULL, Object(Config\Cache), false)
#10 C:\xampp\htdocs\Wolfox\system\Boot.php(325): CodeIgniter\CodeIgniter->run()
#11 C:\xampp\htdocs\Wolfox\system\Boot.php(67): CodeIgniter\Boot::runCodeIgniter(Object(CodeIgniter\CodeIgniter))
#12 C:\xampp\htdocs\Wolfox\index.php(56): CodeIgniter\Boot::bootWeb(Object(Config\Paths))
#13 {main}
CRITICAL - 2025-02-11 11:35:30 --> CodeIgniter\Database\Exceptions\DatabaseException: Unknown column 'course.id' in 'where clause'
[Method: GET, Route: Admin/Course/Edit/1]
in SYSTEMPATH\Database\BaseConnection.php on line 688.
 1 SYSTEMPATH\Database\BaseBuilder.php(1644): CodeIgniter\Database\BaseConnection->query('SELECT *
FROM `course`
WHERE `course`.`id` = :course.id:', [...], false)
 2 SYSTEMPATH\Model.php(210): CodeIgniter\Database\BaseBuilder->get()
 3 SYSTEMPATH\BaseModel.php(610): CodeIgniter\Model->doFind(true, '1')
 4 APPPATH\Controllers\CourseMaster.php(64): CodeIgniter\BaseModel->find('1')
 5 SYSTEMPATH\CodeIgniter.php(933): App\Controllers\CourseMaster->edit('1')
 6 SYSTEMPATH\CodeIgniter.php(509): CodeIgniter\CodeIgniter->runController(Object(App\Controllers\CourseMaster))
 7 SYSTEMPATH\CodeIgniter.php(355): CodeIgniter\CodeIgniter->handleRequest(null, Object(Config\Cache), false)
 8 SYSTEMPATH\Boot.php(325): CodeIgniter\CodeIgniter->run()
 9 SYSTEMPATH\Boot.php(67): CodeIgniter\Boot::runCodeIgniter(Object(CodeIgniter\CodeIgniter))
10 FCPATH\index.php(56): CodeIgniter\Boot::bootWeb(Object(Config\Paths))
CRITICAL - 2025-02-11 11:35:30 --> [Caused by] CodeIgniter\Database\Exceptions\DatabaseException: Unknown column 'course.id' in 'where clause'
in SYSTEMPATH\Database\MySQLi\Connection.php on line 317.
 1 SYSTEMPATH\Database\BaseConnection.php(734): CodeIgniter\Database\MySQLi\Connection->execute('SELECT *
FROM `course`
WHERE `course`.`id` = \'1\'')
 2 SYSTEMPATH\Database\BaseConnection.php(648): CodeIgniter\Database\BaseConnection->simpleQuery('SELECT *
FROM `course`
WHERE `course`.`id` = \'1\'')
 3 SYSTEMPATH\Database\BaseBuilder.php(1644): CodeIgniter\Database\BaseConnection->query('SELECT *
FROM `course`
WHERE `course`.`id` = :course.id:', [...], false)
 4 SYSTEMPATH\Model.php(210): CodeIgniter\Database\BaseBuilder->get()
 5 SYSTEMPATH\BaseModel.php(610): CodeIgniter\Model->doFind(true, '1')
 6 APPPATH\Controllers\CourseMaster.php(64): CodeIgniter\BaseModel->find('1')
 7 SYSTEMPATH\CodeIgniter.php(933): App\Controllers\CourseMaster->edit('1')
 8 SYSTEMPATH\CodeIgniter.php(509): CodeIgniter\CodeIgniter->runController(Object(App\Controllers\CourseMaster))
 9 SYSTEMPATH\CodeIgniter.php(355): CodeIgniter\CodeIgniter->handleRequest(null, Object(Config\Cache), false)
10 SYSTEMPATH\Boot.php(325): CodeIgniter\CodeIgniter->run()
11 SYSTEMPATH\Boot.php(67): CodeIgniter\Boot::runCodeIgniter(Object(CodeIgniter\CodeIgniter))
12 FCPATH\index.php(56): CodeIgniter\Boot::bootWeb(Object(Config\Paths))
CRITICAL - 2025-02-11 11:35:30 --> [Caused by] mysqli_sql_exception: Unknown column 'course.id' in 'where clause'
in SYSTEMPATH\Database\MySQLi\Connection.php on line 312.
 1 SYSTEMPATH\Database\MySQLi\Connection.php(312): mysqli->query('SELECT *
FROM `course`
WHERE `course`.`id` = \'1\'', 0)
 2 SYSTEMPATH\Database\BaseConnection.php(734): CodeIgniter\Database\MySQLi\Connection->execute('SELECT *
FROM `course`
WHERE `course`.`id` = \'1\'')
 3 SYSTEMPATH\Database\BaseConnection.php(648): CodeIgniter\Database\BaseConnection->simpleQuery('SELECT *
FROM `course`
WHERE `course`.`id` = \'1\'')
 4 SYSTEMPATH\Database\BaseBuilder.php(1644): CodeIgniter\Database\BaseConnection->query('SELECT *
FROM `course`
WHERE `course`.`id` = :course.id:', [...], false)
 5 SYSTEMPATH\Model.php(210): CodeIgniter\Database\BaseBuilder->get()
 6 SYSTEMPATH\BaseModel.php(610): CodeIgniter\Model->doFind(true, '1')
 7 APPPATH\Controllers\CourseMaster.php(64): CodeIgniter\BaseModel->find('1')
 8 SYSTEMPATH\CodeIgniter.php(933): App\Controllers\CourseMaster->edit('1')
 9 SYSTEMPATH\CodeIgniter.php(509): CodeIgniter\CodeIgniter->runController(Object(App\Controllers\CourseMaster))
10 SYSTEMPATH\CodeIgniter.php(355): CodeIgniter\CodeIgniter->handleRequest(null, Object(Config\Cache), false)
11 SYSTEMPATH\Boot.php(325): CodeIgniter\CodeIgniter->run()
12 SYSTEMPATH\Boot.php(67): CodeIgniter\Boot::runCodeIgniter(Object(CodeIgniter\CodeIgniter))
13 FCPATH\index.php(56): CodeIgniter\Boot::bootWeb(Object(Config\Paths))
CRITICAL - 2025-02-11 11:36:01 --> ErrorException: Undefined array key "id"
[Method: GET, Route: Admin/Course/Edit/1]
in APPPATH\Views\Admin\Course\edit.php on line 34.
 1 APPPATH\Views\Admin\Course\edit.php(34): CodeIgniter\Debug\Exceptions->errorHandler(2, 'Undefined array key "id"', 'C:\\xampp\\htdocs\\Wolfox\\app\\Views\\Admin\\Course\\edit.php', 34)
 2 SYSTEMPATH\View\View.php(234): include('C:\\xampp\\htdocs\\Wolfox\\app\\Views\\Admin\\Course\\edit.php')
 3 SYSTEMPATH\View\View.php(237): CodeIgniter\View\View->CodeIgniter\View\{closure}()
 4 SYSTEMPATH\Common.php(1171): CodeIgniter\View\View->render('/Admin/Course/Edit', [], true)
 5 APPPATH\Controllers\CourseMaster.php(67): view('/Admin/Course/Edit', [...])
 6 SYSTEMPATH\CodeIgniter.php(933): App\Controllers\CourseMaster->edit('1')
 7 SYSTEMPATH\CodeIgniter.php(509): CodeIgniter\CodeIgniter->runController(Object(App\Controllers\CourseMaster))
 8 SYSTEMPATH\CodeIgniter.php(355): CodeIgniter\CodeIgniter->handleRequest(null, Object(Config\Cache), false)
 9 SYSTEMPATH\Boot.php(325): CodeIgniter\CodeIgniter->run()
10 SYSTEMPATH\Boot.php(67): CodeIgniter\Boot::runCodeIgniter(Object(CodeIgniter\CodeIgniter))
11 FCPATH\index.php(56): CodeIgniter\Boot::bootWeb(Object(Config\Paths))
INFO - 2025-02-11 11:38:23 --> Session: Class initialized using 'CodeIgniter\Session\Handlers\FileHandler' driver.
INFO - 2025-02-11 11:38:55 --> Session: Class initialized using 'CodeIgniter\Session\Handlers\FileHandler' driver.
INFO - 2025-02-11 11:42:30 --> Session: Class initialized using 'CodeIgniter\Session\Handlers\FileHandler' driver.
WARNING - 2025-02-11 11:43:26 --> [DEPRECATED] strtotime(): Passing null to parameter #1 ($datetime) of type string is deprecated in APPPATH\Views\Admin\Admission\list.php on line 105.
 1 APPPATH\Views\Admin\Admission\list.php(105): strtotime(null)
 2 SYSTEMPATH\View\View.php(234): include('C:\\xampp\\htdocs\\Wolfox\\app\\Views\\Admin\\Admission\\list.php')
 3 SYSTEMPATH\View\View.php(237): CodeIgniter\View\View->CodeIgniter\View\{closure}()
 4 SYSTEMPATH\Common.php(1171): CodeIgniter\View\View->render('/Admin/Admission/list', [], true)
 5 APPPATH\Controllers\AdmissionMaster.php(309): view('/Admin/Admission/list', [...])
 6 SYSTEMPATH\CodeIgniter.php(933): App\Controllers\AdmissionMaster->list()
 7 SYSTEMPATH\CodeIgniter.php(509): CodeIgniter\CodeIgniter->runController(Object(App\Controllers\AdmissionMaster))
 8 SYSTEMPATH\CodeIgniter.php(355): CodeIgniter\CodeIgniter->handleRequest(null, Object(Config\Cache), false)
 9 SYSTEMPATH\Boot.php(325): CodeIgniter\CodeIgniter->run()
10 SYSTEMPATH\Boot.php(67): CodeIgniter\Boot::runCodeIgniter(Object(CodeIgniter\CodeIgniter))
11 FCPATH\index.php(56): CodeIgniter\Boot::bootWeb(Object(Config\Paths))
WARNING - 2025-02-11 11:43:26 --> [DEPRECATED] strtotime(): Passing null to parameter #1 ($datetime) of type string is deprecated in APPPATH\Views\Admin\Admission\list.php on line 105.
 1 APPPATH\Views\Admin\Admission\list.php(105): strtotime(null)
 2 SYSTEMPATH\View\View.php(234): include('C:\\xampp\\htdocs\\Wolfox\\app\\Views\\Admin\\Admission\\list.php')
 3 SYSTEMPATH\View\View.php(237): CodeIgniter\View\View->CodeIgniter\View\{closure}()
 4 SYSTEMPATH\Common.php(1171): CodeIgniter\View\View->render('/Admin/Admission/list', [], true)
 5 APPPATH\Controllers\AdmissionMaster.php(309): view('/Admin/Admission/list', [...])
 6 SYSTEMPATH\CodeIgniter.php(933): App\Controllers\AdmissionMaster->list()
 7 SYSTEMPATH\CodeIgniter.php(509): CodeIgniter\CodeIgniter->runController(Object(App\Controllers\AdmissionMaster))
 8 SYSTEMPATH\CodeIgniter.php(355): CodeIgniter\CodeIgniter->handleRequest(null, Object(Config\Cache), false)
 9 SYSTEMPATH\Boot.php(325): CodeIgniter\CodeIgniter->run()
10 SYSTEMPATH\Boot.php(67): CodeIgniter\Boot::runCodeIgniter(Object(CodeIgniter\CodeIgniter))
11 FCPATH\index.php(56): CodeIgniter\Boot::bootWeb(Object(Config\Paths))
WARNING - 2025-02-11 11:43:26 --> [DEPRECATED] strtotime(): Passing null to parameter #1 ($datetime) of type string is deprecated in APPPATH\Views\Admin\Admission\list.php on line 105.
 1 APPPATH\Views\Admin\Admission\list.php(105): strtotime(null)
 2 SYSTEMPATH\View\View.php(234): include('C:\\xampp\\htdocs\\Wolfox\\app\\Views\\Admin\\Admission\\list.php')
 3 SYSTEMPATH\View\View.php(237): CodeIgniter\View\View->CodeIgniter\View\{closure}()
 4 SYSTEMPATH\Common.php(1171): CodeIgniter\View\View->render('/Admin/Admission/list', [], true)
 5 APPPATH\Controllers\AdmissionMaster.php(309): view('/Admin/Admission/list', [...])
 6 SYSTEMPATH\CodeIgniter.php(933): App\Controllers\AdmissionMaster->list()
 7 SYSTEMPATH\CodeIgniter.php(509): CodeIgniter\CodeIgniter->runController(Object(App\Controllers\AdmissionMaster))
 8 SYSTEMPATH\CodeIgniter.php(355): CodeIgniter\CodeIgniter->handleRequest(null, Object(Config\Cache), false)
 9 SYSTEMPATH\Boot.php(325): CodeIgniter\CodeIgniter->run()
10 SYSTEMPATH\Boot.php(67): CodeIgniter\Boot::runCodeIgniter(Object(CodeIgniter\CodeIgniter))
11 FCPATH\index.php(56): CodeIgniter\Boot::bootWeb(Object(Config\Paths))
WARNING - 2025-02-11 11:43:26 --> [DEPRECATED] strtotime(): Passing null to parameter #1 ($datetime) of type string is deprecated in APPPATH\Views\Admin\Admission\list.php on line 105.
 1 APPPATH\Views\Admin\Admission\list.php(105): strtotime(null)
 2 SYSTEMPATH\View\View.php(234): include('C:\\xampp\\htdocs\\Wolfox\\app\\Views\\Admin\\Admission\\list.php')
 3 SYSTEMPATH\View\View.php(237): CodeIgniter\View\View->CodeIgniter\View\{closure}()
 4 SYSTEMPATH\Common.php(1171): CodeIgniter\View\View->render('/Admin/Admission/list', [], true)
 5 APPPATH\Controllers\AdmissionMaster.php(309): view('/Admin/Admission/list', [...])
 6 SYSTEMPATH\CodeIgniter.php(933): App\Controllers\AdmissionMaster->list()
 7 SYSTEMPATH\CodeIgniter.php(509): CodeIgniter\CodeIgniter->runController(Object(App\Controllers\AdmissionMaster))
 8 SYSTEMPATH\CodeIgniter.php(355): CodeIgniter\CodeIgniter->handleRequest(null, Object(Config\Cache), false)
 9 SYSTEMPATH\Boot.php(325): CodeIgniter\CodeIgniter->run()
10 SYSTEMPATH\Boot.php(67): CodeIgniter\Boot::runCodeIgniter(Object(CodeIgniter\CodeIgniter))
11 FCPATH\index.php(56): CodeIgniter\Boot::bootWeb(Object(Config\Paths))
WARNING - 2025-02-11 11:43:26 --> [DEPRECATED] strtotime(): Passing null to parameter #1 ($datetime) of type string is deprecated in APPPATH\Views\Admin\Admission\list.php on line 105.
 1 APPPATH\Views\Admin\Admission\list.php(105): strtotime(null)
 2 SYSTEMPATH\View\View.php(234): include('C:\\xampp\\htdocs\\Wolfox\\app\\Views\\Admin\\Admission\\list.php')
 3 SYSTEMPATH\View\View.php(237): CodeIgniter\View\View->CodeIgniter\View\{closure}()
 4 SYSTEMPATH\Common.php(1171): CodeIgniter\View\View->render('/Admin/Admission/list', [], true)
 5 APPPATH\Controllers\AdmissionMaster.php(309): view('/Admin/Admission/list', [...])
 6 SYSTEMPATH\CodeIgniter.php(933): App\Controllers\AdmissionMaster->list()
 7 SYSTEMPATH\CodeIgniter.php(509): CodeIgniter\CodeIgniter->runController(Object(App\Controllers\AdmissionMaster))
 8 SYSTEMPATH\CodeIgniter.php(355): CodeIgniter\CodeIgniter->handleRequest(null, Object(Config\Cache), false)
 9 SYSTEMPATH\Boot.php(325): CodeIgniter\CodeIgniter->run()
10 SYSTEMPATH\Boot.php(67): CodeIgniter\Boot::runCodeIgniter(Object(CodeIgniter\CodeIgniter))
11 FCPATH\index.php(56): CodeIgniter\Boot::bootWeb(Object(Config\Paths))
WARNING - 2025-02-11 11:43:26 --> [DEPRECATED] strtotime(): Passing null to parameter #1 ($datetime) of type string is deprecated in APPPATH\Views\Admin\Admission\list.php on line 105.
 1 APPPATH\Views\Admin\Admission\list.php(105): strtotime(null)
 2 SYSTEMPATH\View\View.php(234): include('C:\\xampp\\htdocs\\Wolfox\\app\\Views\\Admin\\Admission\\list.php')
 3 SYSTEMPATH\View\View.php(237): CodeIgniter\View\View->CodeIgniter\View\{closure}()
 4 SYSTEMPATH\Common.php(1171): CodeIgniter\View\View->render('/Admin/Admission/list', [], true)
 5 APPPATH\Controllers\AdmissionMaster.php(309): view('/Admin/Admission/list', [...])
 6 SYSTEMPATH\CodeIgniter.php(933): App\Controllers\AdmissionMaster->list()
 7 SYSTEMPATH\CodeIgniter.php(509): CodeIgniter\CodeIgniter->runController(Object(App\Controllers\AdmissionMaster))
 8 SYSTEMPATH\CodeIgniter.php(355): CodeIgniter\CodeIgniter->handleRequest(null, Object(Config\Cache), false)
 9 SYSTEMPATH\Boot.php(325): CodeIgniter\CodeIgniter->run()
10 SYSTEMPATH\Boot.php(67): CodeIgniter\Boot::runCodeIgniter(Object(CodeIgniter\CodeIgniter))
11 FCPATH\index.php(56): CodeIgniter\Boot::bootWeb(Object(Config\Paths))
WARNING - 2025-02-11 11:43:26 --> [DEPRECATED] strtotime(): Passing null to parameter #1 ($datetime) of type string is deprecated in APPPATH\Views\Admin\Admission\list.php on line 105.
 1 APPPATH\Views\Admin\Admission\list.php(105): strtotime(null)
 2 SYSTEMPATH\View\View.php(234): include('C:\\xampp\\htdocs\\Wolfox\\app\\Views\\Admin\\Admission\\list.php')
 3 SYSTEMPATH\View\View.php(237): CodeIgniter\View\View->CodeIgniter\View\{closure}()
 4 SYSTEMPATH\Common.php(1171): CodeIgniter\View\View->render('/Admin/Admission/list', [], true)
 5 APPPATH\Controllers\AdmissionMaster.php(309): view('/Admin/Admission/list', [...])
 6 SYSTEMPATH\CodeIgniter.php(933): App\Controllers\AdmissionMaster->list()
 7 SYSTEMPATH\CodeIgniter.php(509): CodeIgniter\CodeIgniter->runController(Object(App\Controllers\AdmissionMaster))
 8 SYSTEMPATH\CodeIgniter.php(355): CodeIgniter\CodeIgniter->handleRequest(null, Object(Config\Cache), false)
 9 SYSTEMPATH\Boot.php(325): CodeIgniter\CodeIgniter->run()
10 SYSTEMPATH\Boot.php(67): CodeIgniter\Boot::runCodeIgniter(Object(CodeIgniter\CodeIgniter))
11 FCPATH\index.php(56): CodeIgniter\Boot::bootWeb(Object(Config\Paths))
WARNING - 2025-02-11 11:43:26 --> [DEPRECATED] strtotime(): Passing null to parameter #1 ($datetime) of type string is deprecated in APPPATH\Views\Admin\Admission\list.php on line 105.
 1 APPPATH\Views\Admin\Admission\list.php(105): strtotime(null)
 2 SYSTEMPATH\View\View.php(234): include('C:\\xampp\\htdocs\\Wolfox\\app\\Views\\Admin\\Admission\\list.php')
 3 SYSTEMPATH\View\View.php(237): CodeIgniter\View\View->CodeIgniter\View\{closure}()
 4 SYSTEMPATH\Common.php(1171): CodeIgniter\View\View->render('/Admin/Admission/list', [], true)
 5 APPPATH\Controllers\AdmissionMaster.php(309): view('/Admin/Admission/list', [...])
 6 SYSTEMPATH\CodeIgniter.php(933): App\Controllers\AdmissionMaster->list()
 7 SYSTEMPATH\CodeIgniter.php(509): CodeIgniter\CodeIgniter->runController(Object(App\Controllers\AdmissionMaster))
 8 SYSTEMPATH\CodeIgniter.php(355): CodeIgniter\CodeIgniter->handleRequest(null, Object(Config\Cache), false)
 9 SYSTEMPATH\Boot.php(325): CodeIgniter\CodeIgniter->run()
10 SYSTEMPATH\Boot.php(67): CodeIgniter\Boot::runCodeIgniter(Object(CodeIgniter\CodeIgniter))
11 FCPATH\index.php(56): CodeIgniter\Boot::bootWeb(Object(Config\Paths))
WARNING - 2025-02-11 11:43:26 --> [DEPRECATED] strtotime(): Passing null to parameter #1 ($datetime) of type string is deprecated in APPPATH\Views\Admin\Admission\list.php on line 105.
 1 APPPATH\Views\Admin\Admission\list.php(105): strtotime(null)
 2 SYSTEMPATH\View\View.php(234): include('C:\\xampp\\htdocs\\Wolfox\\app\\Views\\Admin\\Admission\\list.php')
 3 SYSTEMPATH\View\View.php(237): CodeIgniter\View\View->CodeIgniter\View\{closure}()
 4 SYSTEMPATH\Common.php(1171): CodeIgniter\View\View->render('/Admin/Admission/list', [], true)
 5 APPPATH\Controllers\AdmissionMaster.php(309): view('/Admin/Admission/list', [...])
 6 SYSTEMPATH\CodeIgniter.php(933): App\Controllers\AdmissionMaster->list()
 7 SYSTEMPATH\CodeIgniter.php(509): CodeIgniter\CodeIgniter->runController(Object(App\Controllers\AdmissionMaster))
 8 SYSTEMPATH\CodeIgniter.php(355): CodeIgniter\CodeIgniter->handleRequest(null, Object(Config\Cache), false)
 9 SYSTEMPATH\Boot.php(325): CodeIgniter\CodeIgniter->run()
10 SYSTEMPATH\Boot.php(67): CodeIgniter\Boot::runCodeIgniter(Object(CodeIgniter\CodeIgniter))
11 FCPATH\index.php(56): CodeIgniter\Boot::bootWeb(Object(Config\Paths))
WARNING - 2025-02-11 11:43:26 --> [DEPRECATED] strtotime(): Passing null to parameter #1 ($datetime) of type string is deprecated in APPPATH\Views\Admin\Admission\list.php on line 105.
 1 APPPATH\Views\Admin\Admission\list.php(105): strtotime(null)
 2 SYSTEMPATH\View\View.php(234): include('C:\\xampp\\htdocs\\Wolfox\\app\\Views\\Admin\\Admission\\list.php')
 3 SYSTEMPATH\View\View.php(237): CodeIgniter\View\View->CodeIgniter\View\{closure}()
 4 SYSTEMPATH\Common.php(1171): CodeIgniter\View\View->render('/Admin/Admission/list', [], true)
 5 APPPATH\Controllers\AdmissionMaster.php(309): view('/Admin/Admission/list', [...])
 6 SYSTEMPATH\CodeIgniter.php(933): App\Controllers\AdmissionMaster->list()
 7 SYSTEMPATH\CodeIgniter.php(509): CodeIgniter\CodeIgniter->runController(Object(App\Controllers\AdmissionMaster))
 8 SYSTEMPATH\CodeIgniter.php(355): CodeIgniter\CodeIgniter->handleRequest(null, Object(Config\Cache), false)
 9 SYSTEMPATH\Boot.php(325): CodeIgniter\CodeIgniter->run()
10 SYSTEMPATH\Boot.php(67): CodeIgniter\Boot::runCodeIgniter(Object(CodeIgniter\CodeIgniter))
11 FCPATH\index.php(56): CodeIgniter\Boot::bootWeb(Object(Config\Paths))
WARNING - 2025-02-11 11:43:26 --> [DEPRECATED] strtotime(): Passing null to parameter #1 ($datetime) of type string is deprecated in APPPATH\Views\Admin\Admission\list.php on line 105.
 1 APPPATH\Views\Admin\Admission\list.php(105): strtotime(null)
 2 SYSTEMPATH\View\View.php(234): include('C:\\xampp\\htdocs\\Wolfox\\app\\Views\\Admin\\Admission\\list.php')
 3 SYSTEMPATH\View\View.php(237): CodeIgniter\View\View->CodeIgniter\View\{closure}()
 4 SYSTEMPATH\Common.php(1171): CodeIgniter\View\View->render('/Admin/Admission/list', [], true)
 5 APPPATH\Controllers\AdmissionMaster.php(309): view('/Admin/Admission/list', [...])
 6 SYSTEMPATH\CodeIgniter.php(933): App\Controllers\AdmissionMaster->list()
 7 SYSTEMPATH\CodeIgniter.php(509): CodeIgniter\CodeIgniter->runController(Object(App\Controllers\AdmissionMaster))
 8 SYSTEMPATH\CodeIgniter.php(355): CodeIgniter\CodeIgniter->handleRequest(null, Object(Config\Cache), false)
 9 SYSTEMPATH\Boot.php(325): CodeIgniter\CodeIgniter->run()
10 SYSTEMPATH\Boot.php(67): CodeIgniter\Boot::runCodeIgniter(Object(CodeIgniter\CodeIgniter))
11 FCPATH\index.php(56): CodeIgniter\Boot::bootWeb(Object(Config\Paths))
WARNING - 2025-02-11 11:43:26 --> [DEPRECATED] strtotime(): Passing null to parameter #1 ($datetime) of type string is deprecated in APPPATH\Views\Admin\Admission\list.php on line 105.
 1 APPPATH\Views\Admin\Admission\list.php(105): strtotime(null)
 2 SYSTEMPATH\View\View.php(234): include('C:\\xampp\\htdocs\\Wolfox\\app\\Views\\Admin\\Admission\\list.php')
 3 SYSTEMPATH\View\View.php(237): CodeIgniter\View\View->CodeIgniter\View\{closure}()
 4 SYSTEMPATH\Common.php(1171): CodeIgniter\View\View->render('/Admin/Admission/list', [], true)
 5 APPPATH\Controllers\AdmissionMaster.php(309): view('/Admin/Admission/list', [...])
 6 SYSTEMPATH\CodeIgniter.php(933): App\Controllers\AdmissionMaster->list()
 7 SYSTEMPATH\CodeIgniter.php(509): CodeIgniter\CodeIgniter->runController(Object(App\Controllers\AdmissionMaster))
 8 SYSTEMPATH\CodeIgniter.php(355): CodeIgniter\CodeIgniter->handleRequest(null, Object(Config\Cache), false)
 9 SYSTEMPATH\Boot.php(325): CodeIgniter\CodeIgniter->run()
10 SYSTEMPATH\Boot.php(67): CodeIgniter\Boot::runCodeIgniter(Object(CodeIgniter\CodeIgniter))
11 FCPATH\index.php(56): CodeIgniter\Boot::bootWeb(Object(Config\Paths))
INFO - 2025-02-11 11:50:08 --> Session: Class initialized using 'CodeIgniter\Session\Handlers\FileHandler' driver.
WARNING - 2025-02-11 11:50:16 --> [DEPRECATED] DateTime::__construct(): Passing null to parameter #1 ($datetime) of type string is deprecated in APPPATH\Controllers\AdmissionMaster.php on line 70.
 1 APPPATH\Controllers\AdmissionMaster.php(70): DateTime->__construct(null)
 2 SYSTEMPATH\CodeIgniter.php(933): App\Controllers\AdmissionMaster->save()
 3 SYSTEMPATH\CodeIgniter.php(509): CodeIgniter\CodeIgniter->runController(Object(App\Controllers\AdmissionMaster))
 4 SYSTEMPATH\CodeIgniter.php(355): CodeIgniter\CodeIgniter->handleRequest(null, Object(Config\Cache), false)
 5 SYSTEMPATH\Boot.php(325): CodeIgniter\CodeIgniter->run()
 6 SYSTEMPATH\Boot.php(67): CodeIgniter\Boot::runCodeIgniter(Object(CodeIgniter\CodeIgniter))
 7 FCPATH\index.php(56): CodeIgniter\Boot::bootWeb(Object(Config\Paths))
ERROR - 2025-02-11 11:50:16 --> mysqli_sql_exception: Unknown column 'course' in 'field list' in C:\xampp\htdocs\Wolfox\system\Database\MySQLi\Connection.php:312
Stack trace:
#0 C:\xampp\htdocs\Wolfox\system\Database\MySQLi\Connection.php(312): mysqli->query('INSERT INTO `ad...', 0)
#1 C:\xampp\htdocs\Wolfox\system\Database\BaseConnection.php(734): CodeIgniter\Database\MySQLi\Connection->execute('INSERT INTO `ad...')
#2 C:\xampp\htdocs\Wolfox\system\Database\BaseConnection.php(648): CodeIgniter\Database\BaseConnection->simpleQuery('INSERT INTO `ad...')
#3 C:\xampp\htdocs\Wolfox\system\Database\BaseBuilder.php(2340): CodeIgniter\Database\BaseConnection->query('INSERT INTO `ad...', Array, false)
#4 C:\xampp\htdocs\Wolfox\system\Model.php(394): CodeIgniter\Database\BaseBuilder->insert()
#5 C:\xampp\htdocs\Wolfox\system\BaseModel.php(840): CodeIgniter\Model->doInsert(Array)
#6 C:\xampp\htdocs\Wolfox\system\Model.php(802): CodeIgniter\BaseModel->insert(Array, true)
#7 C:\xampp\htdocs\Wolfox\app\Controllers\AdmissionMaster.php(267): CodeIgniter\Model->insert(Array)
#8 C:\xampp\htdocs\Wolfox\system\CodeIgniter.php(933): App\Controllers\AdmissionMaster->save()
#9 C:\xampp\htdocs\Wolfox\system\CodeIgniter.php(509): CodeIgniter\CodeIgniter->runController(Object(App\Controllers\AdmissionMaster))
#10 C:\xampp\htdocs\Wolfox\system\CodeIgniter.php(355): CodeIgniter\CodeIgniter->handleRequest(NULL, Object(Config\Cache), false)
#11 C:\xampp\htdocs\Wolfox\system\Boot.php(325): CodeIgniter\CodeIgniter->run()
#12 C:\xampp\htdocs\Wolfox\system\Boot.php(67): CodeIgniter\Boot::runCodeIgniter(Object(CodeIgniter\CodeIgniter))
#13 C:\xampp\htdocs\Wolfox\index.php(56): CodeIgniter\Boot::bootWeb(Object(Config\Paths))
#14 {main}
CRITICAL - 2025-02-11 11:50:16 --> CodeIgniter\Database\Exceptions\DatabaseException: Unknown column 'course' in 'field list'
[Method: POST, Route: Admin/Admission/Save]
in SYSTEMPATH\Database\BaseConnection.php on line 688.
 1 SYSTEMPATH\Database\BaseBuilder.php(2340): CodeIgniter\Database\BaseConnection->query('INSERT INTO `admission` (`firstname`, `middlename`, `lastname`, `email`, `phoneno`, `whatsappno`, `gender`, `dob`, `cstreet`, `ccity`, `cstate`, `cpincode`, `pstreet`, `pcity`, `pstate`, `ppincode`, `college`, `year`, `branch`, `course`, `batchtime`, `joiningdate`, `otp`, `StudentId`) VALUES (:firstname:, :middlename:, :lastname:, :email:, :phoneno:, :whatsappno:, :gender:, :dob:, :cstreet:, :ccity:, :cstate:, :cpincode:, :pstreet:, :pcity:, :pstate:, :ppincode:, :college:, :year:, :branch:, :course:, :batchtime:, :joiningdate:, :otp:, :StudentId:)', [...], false)
 2 SYSTEMPATH\Model.php(394): CodeIgniter\Database\BaseBuilder->insert()
 3 SYSTEMPATH\BaseModel.php(840): CodeIgniter\Model->doInsert([...])
 4 SYSTEMPATH\Model.php(802): CodeIgniter\BaseModel->insert([...], true)
 5 APPPATH\Controllers\AdmissionMaster.php(267): CodeIgniter\Model->insert([...])
 6 SYSTEMPATH\CodeIgniter.php(933): App\Controllers\AdmissionMaster->save()
 7 SYSTEMPATH\CodeIgniter.php(509): CodeIgniter\CodeIgniter->runController(Object(App\Controllers\AdmissionMaster))
 8 SYSTEMPATH\CodeIgniter.php(355): CodeIgniter\CodeIgniter->handleRequest(null, Object(Config\Cache), false)
 9 SYSTEMPATH\Boot.php(325): CodeIgniter\CodeIgniter->run()
10 SYSTEMPATH\Boot.php(67): CodeIgniter\Boot::runCodeIgniter(Object(CodeIgniter\CodeIgniter))
11 FCPATH\index.php(56): CodeIgniter\Boot::bootWeb(Object(Config\Paths))
CRITICAL - 2025-02-11 11:50:16 --> [Caused by] CodeIgniter\Database\Exceptions\DatabaseException: Unknown column 'course' in 'field list'
in SYSTEMPATH\Database\MySQLi\Connection.php on line 317.
 1 SYSTEMPATH\Database\BaseConnection.php(734): CodeIgniter\Database\MySQLi\Connection->execute('INSERT INTO `admission` (`firstname`, `middlename`, `lastname`, `email`, `phoneno`, `whatsappno`, `gender`, `dob`, `cstreet`, `ccity`, `cstate`, `cpincode`, `pstreet`, `pcity`, `pstate`, `ppincode`, `college`, `year`, `branch`, `course`, `batchtime`, `joiningdate`, `otp`, `StudentId`) VALUES (NULL, NULL, NULL, NULL, NULL, NULL, NULL, NULL, NULL, NULL, NULL, NULL, NULL, NULL, NULL, NULL, NULL, NULL, NULL, NULL, NULL, NULL, 877043, \'WF25FEB0009\')')
 2 SYSTEMPATH\Database\BaseConnection.php(648): CodeIgniter\Database\BaseConnection->simpleQuery('INSERT INTO `admission` (`firstname`, `middlename`, `lastname`, `email`, `phoneno`, `whatsappno`, `gender`, `dob`, `cstreet`, `ccity`, `cstate`, `cpincode`, `pstreet`, `pcity`, `pstate`, `ppincode`, `college`, `year`, `branch`, `course`, `batchtime`, `joiningdate`, `otp`, `StudentId`) VALUES (NULL, NULL, NULL, NULL, NULL, NULL, NULL, NULL, NULL, NULL, NULL, NULL, NULL, NULL, NULL, NULL, NULL, NULL, NULL, NULL, NULL, NULL, 877043, \'WF25FEB0009\')')
 3 SYSTEMPATH\Database\BaseBuilder.php(2340): CodeIgniter\Database\BaseConnection->query('INSERT INTO `admission` (`firstname`, `middlename`, `lastname`, `email`, `phoneno`, `whatsappno`, `gender`, `dob`, `cstreet`, `ccity`, `cstate`, `cpincode`, `pstreet`, `pcity`, `pstate`, `ppincode`, `college`, `year`, `branch`, `course`, `batchtime`, `joiningdate`, `otp`, `StudentId`) VALUES (:firstname:, :middlename:, :lastname:, :email:, :phoneno:, :whatsappno:, :gender:, :dob:, :cstreet:, :ccity:, :cstate:, :cpincode:, :pstreet:, :pcity:, :pstate:, :ppincode:, :college:, :year:, :branch:, :course:, :batchtime:, :joiningdate:, :otp:, :StudentId:)', [...], false)
 4 SYSTEMPATH\Model.php(394): CodeIgniter\Database\BaseBuilder->insert()
 5 SYSTEMPATH\BaseModel.php(840): CodeIgniter\Model->doInsert([...])
 6 SYSTEMPATH\Model.php(802): CodeIgniter\BaseModel->insert([...], true)
 7 APPPATH\Controllers\AdmissionMaster.php(267): CodeIgniter\Model->insert([...])
 8 SYSTEMPATH\CodeIgniter.php(933): App\Controllers\AdmissionMaster->save()
 9 SYSTEMPATH\CodeIgniter.php(509): CodeIgniter\CodeIgniter->runController(Object(App\Controllers\AdmissionMaster))
10 SYSTEMPATH\CodeIgniter.php(355): CodeIgniter\CodeIgniter->handleRequest(null, Object(Config\Cache), false)
11 SYSTEMPATH\Boot.php(325): CodeIgniter\CodeIgniter->run()
12 SYSTEMPATH\Boot.php(67): CodeIgniter\Boot::runCodeIgniter(Object(CodeIgniter\CodeIgniter))
13 FCPATH\index.php(56): CodeIgniter\Boot::bootWeb(Object(Config\Paths))
CRITICAL - 2025-02-11 11:50:16 --> [Caused by] mysqli_sql_exception: Unknown column 'course' in 'field list'
in SYSTEMPATH\Database\MySQLi\Connection.php on line 312.
 1 SYSTEMPATH\Database\MySQLi\Connection.php(312): mysqli->query('INSERT INTO `admission` (`firstname`, `middlename`, `lastname`, `email`, `phoneno`, `whatsappno`, `gender`, `dob`, `cstreet`, `ccity`, `cstate`, `cpincode`, `pstreet`, `pcity`, `pstate`, `ppincode`, `college`, `year`, `branch`, `course`, `batchtime`, `joiningdate`, `otp`, `StudentId`) VALUES (NULL, NULL, NULL, NULL, NULL, NULL, NULL, NULL, NULL, NULL, NULL, NULL, NULL, NULL, NULL, NULL, NULL, NULL, NULL, NULL, NULL, NULL, 877043, \'WF25FEB0009\')', 0)
 2 SYSTEMPATH\Database\BaseConnection.php(734): CodeIgniter\Database\MySQLi\Connection->execute('INSERT INTO `admission` (`firstname`, `middlename`, `lastname`, `email`, `phoneno`, `whatsappno`, `gender`, `dob`, `cstreet`, `ccity`, `cstate`, `cpincode`, `pstreet`, `pcity`, `pstate`, `ppincode`, `college`, `year`, `branch`, `course`, `batchtime`, `joiningdate`, `otp`, `StudentId`) VALUES (NULL, NULL, NULL, NULL, NULL, NULL, NULL, NULL, NULL, NULL, NULL, NULL, NULL, NULL, NULL, NULL, NULL, NULL, NULL, NULL, NULL, NULL, 877043, \'WF25FEB0009\')')
 3 SYSTEMPATH\Database\BaseConnection.php(648): CodeIgniter\Database\BaseConnection->simpleQuery('INSERT INTO `admission` (`firstname`, `middlename`, `lastname`, `email`, `phoneno`, `whatsappno`, `gender`, `dob`, `cstreet`, `ccity`, `cstate`, `cpincode`, `pstreet`, `pcity`, `pstate`, `ppincode`, `college`, `year`, `branch`, `course`, `batchtime`, `joiningdate`, `otp`, `StudentId`) VALUES (NULL, NULL, NULL, NULL, NULL, NULL, NULL, NULL, NULL, NULL, NULL, NULL, NULL, NULL, NULL, NULL, NULL, NULL, NULL, NULL, NULL, NULL, 877043, \'WF25FEB0009\')')
 4 SYSTEMPATH\Database\BaseBuilder.php(2340): CodeIgniter\Database\BaseConnection->query('INSERT INTO `admission` (`firstname`, `middlename`, `lastname`, `email`, `phoneno`, `whatsappno`, `gender`, `dob`, `cstreet`, `ccity`, `cstate`, `cpincode`, `pstreet`, `pcity`, `pstate`, `ppincode`, `college`, `year`, `branch`, `course`, `batchtime`, `joiningdate`, `otp`, `StudentId`) VALUES (:firstname:, :middlename:, :lastname:, :email:, :phoneno:, :whatsappno:, :gender:, :dob:, :cstreet:, :ccity:, :cstate:, :cpincode:, :pstreet:, :pcity:, :pstate:, :ppincode:, :college:, :year:, :branch:, :course:, :batchtime:, :joiningdate:, :otp:, :StudentId:)', [...], false)
 5 SYSTEMPATH\Model.php(394): CodeIgniter\Database\BaseBuilder->insert()
 6 SYSTEMPATH\BaseModel.php(840): CodeIgniter\Model->doInsert([...])
 7 SYSTEMPATH\Model.php(802): CodeIgniter\BaseModel->insert([...], true)
 8 APPPATH\Controllers\AdmissionMaster.php(267): CodeIgniter\Model->insert([...])
 9 SYSTEMPATH\CodeIgniter.php(933): App\Controllers\AdmissionMaster->save()
10 SYSTEMPATH\CodeIgniter.php(509): CodeIgniter\CodeIgniter->runController(Object(App\Controllers\AdmissionMaster))
11 SYSTEMPATH\CodeIgniter.php(355): CodeIgniter\CodeIgniter->handleRequest(null, Object(Config\Cache), false)
12 SYSTEMPATH\Boot.php(325): CodeIgniter\CodeIgniter->run()
13 SYSTEMPATH\Boot.php(67): CodeIgniter\Boot::runCodeIgniter(Object(CodeIgniter\CodeIgniter))
14 FCPATH\index.php(56): CodeIgniter\Boot::bootWeb(Object(Config\Paths))
WARNING - 2025-02-11 11:52:25 --> [DEPRECATED] DateTime::__construct(): Passing null to parameter #1 ($datetime) of type string is deprecated in APPPATH\Controllers\AdmissionMaster.php on line 70.
 1 APPPATH\Controllers\AdmissionMaster.php(70): DateTime->__construct(null)
 2 SYSTEMPATH\CodeIgniter.php(933): App\Controllers\AdmissionMaster->save()
 3 SYSTEMPATH\CodeIgniter.php(509): CodeIgniter\CodeIgniter->runController(Object(App\Controllers\AdmissionMaster))
 4 SYSTEMPATH\CodeIgniter.php(355): CodeIgniter\CodeIgniter->handleRequest(null, Object(Config\Cache), false)
 5 SYSTEMPATH\Boot.php(325): CodeIgniter\CodeIgniter->run()
 6 SYSTEMPATH\Boot.php(67): CodeIgniter\Boot::runCodeIgniter(Object(CodeIgniter\CodeIgniter))
 7 FCPATH\index.php(56): CodeIgniter\Boot::bootWeb(Object(Config\Paths))
ERROR - 2025-02-11 11:52:25 --> mysqli_sql_exception: Unknown column 'course' in 'field list' in C:\xampp\htdocs\Wolfox\system\Database\MySQLi\Connection.php:312
Stack trace:
#0 C:\xampp\htdocs\Wolfox\system\Database\MySQLi\Connection.php(312): mysqli->query('INSERT INTO `ad...', 0)
#1 C:\xampp\htdocs\Wolfox\system\Database\BaseConnection.php(734): CodeIgniter\Database\MySQLi\Connection->execute('INSERT INTO `ad...')
#2 C:\xampp\htdocs\Wolfox\system\Database\BaseConnection.php(648): CodeIgniter\Database\BaseConnection->simpleQuery('INSERT INTO `ad...')
#3 C:\xampp\htdocs\Wolfox\system\Database\BaseBuilder.php(2340): CodeIgniter\Database\BaseConnection->query('INSERT INTO `ad...', Array, false)
#4 C:\xampp\htdocs\Wolfox\system\Model.php(394): CodeIgniter\Database\BaseBuilder->insert()
#5 C:\xampp\htdocs\Wolfox\system\BaseModel.php(840): CodeIgniter\Model->doInsert(Array)
#6 C:\xampp\htdocs\Wolfox\system\Model.php(802): CodeIgniter\BaseModel->insert(Array, true)
#7 C:\xampp\htdocs\Wolfox\app\Controllers\AdmissionMaster.php(267): CodeIgniter\Model->insert(Array)
#8 C:\xampp\htdocs\Wolfox\system\CodeIgniter.php(933): App\Controllers\AdmissionMaster->save()
#9 C:\xampp\htdocs\Wolfox\system\CodeIgniter.php(509): CodeIgniter\CodeIgniter->runController(Object(App\Controllers\AdmissionMaster))
#10 C:\xampp\htdocs\Wolfox\system\CodeIgniter.php(355): CodeIgniter\CodeIgniter->handleRequest(NULL, Object(Config\Cache), false)
#11 C:\xampp\htdocs\Wolfox\system\Boot.php(325): CodeIgniter\CodeIgniter->run()
#12 C:\xampp\htdocs\Wolfox\system\Boot.php(67): CodeIgniter\Boot::runCodeIgniter(Object(CodeIgniter\CodeIgniter))
#13 C:\xampp\htdocs\Wolfox\index.php(56): CodeIgniter\Boot::bootWeb(Object(Config\Paths))
#14 {main}
CRITICAL - 2025-02-11 11:52:25 --> CodeIgniter\Database\Exceptions\DatabaseException: Unknown column 'course' in 'field list'
[Method: POST, Route: Admin/Admission/Save]
in SYSTEMPATH\Database\BaseConnection.php on line 688.
 1 SYSTEMPATH\Database\BaseBuilder.php(2340): CodeIgniter\Database\BaseConnection->query('INSERT INTO `admission` (`firstname`, `middlename`, `lastname`, `email`, `phoneno`, `whatsappno`, `gender`, `dob`, `cstreet`, `ccity`, `cstate`, `cpincode`, `pstreet`, `pcity`, `pstate`, `ppincode`, `college`, `year`, `branch`, `course`, `batchtime`, `joiningdate`, `otp`, `StudentId`) VALUES (:firstname:, :middlename:, :lastname:, :email:, :phoneno:, :whatsappno:, :gender:, :dob:, :cstreet:, :ccity:, :cstate:, :cpincode:, :pstreet:, :pcity:, :pstate:, :ppincode:, :college:, :year:, :branch:, :course:, :batchtime:, :joiningdate:, :otp:, :StudentId:)', [...], false)
 2 SYSTEMPATH\Model.php(394): CodeIgniter\Database\BaseBuilder->insert()
 3 SYSTEMPATH\BaseModel.php(840): CodeIgniter\Model->doInsert([...])
 4 SYSTEMPATH\Model.php(802): CodeIgniter\BaseModel->insert([...], true)
 5 APPPATH\Controllers\AdmissionMaster.php(267): CodeIgniter\Model->insert([...])
 6 SYSTEMPATH\CodeIgniter.php(933): App\Controllers\AdmissionMaster->save()
 7 SYSTEMPATH\CodeIgniter.php(509): CodeIgniter\CodeIgniter->runController(Object(App\Controllers\AdmissionMaster))
 8 SYSTEMPATH\CodeIgniter.php(355): CodeIgniter\CodeIgniter->handleRequest(null, Object(Config\Cache), false)
 9 SYSTEMPATH\Boot.php(325): CodeIgniter\CodeIgniter->run()
10 SYSTEMPATH\Boot.php(67): CodeIgniter\Boot::runCodeIgniter(Object(CodeIgniter\CodeIgniter))
11 FCPATH\index.php(56): CodeIgniter\Boot::bootWeb(Object(Config\Paths))
CRITICAL - 2025-02-11 11:52:25 --> [Caused by] CodeIgniter\Database\Exceptions\DatabaseException: Unknown column 'course' in 'field list'
in SYSTEMPATH\Database\MySQLi\Connection.php on line 317.
 1 SYSTEMPATH\Database\BaseConnection.php(734): CodeIgniter\Database\MySQLi\Connection->execute('INSERT INTO `admission` (`firstname`, `middlename`, `lastname`, `email`, `phoneno`, `whatsappno`, `gender`, `dob`, `cstreet`, `ccity`, `cstate`, `cpincode`, `pstreet`, `pcity`, `pstate`, `ppincode`, `college`, `year`, `branch`, `course`, `batchtime`, `joiningdate`, `otp`, `StudentId`) VALUES (NULL, NULL, NULL, NULL, NULL, NULL, NULL, NULL, NULL, NULL, NULL, NULL, NULL, NULL, NULL, NULL, NULL, NULL, NULL, NULL, NULL, NULL, 870, \'WF25FEB0009\')')
 2 SYSTEMPATH\Database\BaseConnection.php(648): CodeIgniter\Database\BaseConnection->simpleQuery('INSERT INTO `admission` (`firstname`, `middlename`, `lastname`, `email`, `phoneno`, `whatsappno`, `gender`, `dob`, `cstreet`, `ccity`, `cstate`, `cpincode`, `pstreet`, `pcity`, `pstate`, `ppincode`, `college`, `year`, `branch`, `course`, `batchtime`, `joiningdate`, `otp`, `StudentId`) VALUES (NULL, NULL, NULL, NULL, NULL, NULL, NULL, NULL, NULL, NULL, NULL, NULL, NULL, NULL, NULL, NULL, NULL, NULL, NULL, NULL, NULL, NULL, 870, \'WF25FEB0009\')')
 3 SYSTEMPATH\Database\BaseBuilder.php(2340): CodeIgniter\Database\BaseConnection->query('INSERT INTO `admission` (`firstname`, `middlename`, `lastname`, `email`, `phoneno`, `whatsappno`, `gender`, `dob`, `cstreet`, `ccity`, `cstate`, `cpincode`, `pstreet`, `pcity`, `pstate`, `ppincode`, `college`, `year`, `branch`, `course`, `batchtime`, `joiningdate`, `otp`, `StudentId`) VALUES (:firstname:, :middlename:, :lastname:, :email:, :phoneno:, :whatsappno:, :gender:, :dob:, :cstreet:, :ccity:, :cstate:, :cpincode:, :pstreet:, :pcity:, :pstate:, :ppincode:, :college:, :year:, :branch:, :course:, :batchtime:, :joiningdate:, :otp:, :StudentId:)', [...], false)
 4 SYSTEMPATH\Model.php(394): CodeIgniter\Database\BaseBuilder->insert()
 5 SYSTEMPATH\BaseModel.php(840): CodeIgniter\Model->doInsert([...])
 6 SYSTEMPATH\Model.php(802): CodeIgniter\BaseModel->insert([...], true)
 7 APPPATH\Controllers\AdmissionMaster.php(267): CodeIgniter\Model->insert([...])
 8 SYSTEMPATH\CodeIgniter.php(933): App\Controllers\AdmissionMaster->save()
 9 SYSTEMPATH\CodeIgniter.php(509): CodeIgniter\CodeIgniter->runController(Object(App\Controllers\AdmissionMaster))
10 SYSTEMPATH\CodeIgniter.php(355): CodeIgniter\CodeIgniter->handleRequest(null, Object(Config\Cache), false)
11 SYSTEMPATH\Boot.php(325): CodeIgniter\CodeIgniter->run()
12 SYSTEMPATH\Boot.php(67): CodeIgniter\Boot::runCodeIgniter(Object(CodeIgniter\CodeIgniter))
13 FCPATH\index.php(56): CodeIgniter\Boot::bootWeb(Object(Config\Paths))
CRITICAL - 2025-02-11 11:52:25 --> [Caused by] mysqli_sql_exception: Unknown column 'course' in 'field list'
in SYSTEMPATH\Database\MySQLi\Connection.php on line 312.
 1 SYSTEMPATH\Database\MySQLi\Connection.php(312): mysqli->query('INSERT INTO `admission` (`firstname`, `middlename`, `lastname`, `email`, `phoneno`, `whatsappno`, `gender`, `dob`, `cstreet`, `ccity`, `cstate`, `cpincode`, `pstreet`, `pcity`, `pstate`, `ppincode`, `college`, `year`, `branch`, `course`, `batchtime`, `joiningdate`, `otp`, `StudentId`) VALUES (NULL, NULL, NULL, NULL, NULL, NULL, NULL, NULL, NULL, NULL, NULL, NULL, NULL, NULL, NULL, NULL, NULL, NULL, NULL, NULL, NULL, NULL, 870, \'WF25FEB0009\')', 0)
 2 SYSTEMPATH\Database\BaseConnection.php(734): CodeIgniter\Database\MySQLi\Connection->execute('INSERT INTO `admission` (`firstname`, `middlename`, `lastname`, `email`, `phoneno`, `whatsappno`, `gender`, `dob`, `cstreet`, `ccity`, `cstate`, `cpincode`, `pstreet`, `pcity`, `pstate`, `ppincode`, `college`, `year`, `branch`, `course`, `batchtime`, `joiningdate`, `otp`, `StudentId`) VALUES (NULL, NULL, NULL, NULL, NULL, NULL, NULL, NULL, NULL, NULL, NULL, NULL, NULL, NULL, NULL, NULL, NULL, NULL, NULL, NULL, NULL, NULL, 870, \'WF25FEB0009\')')
 3 SYSTEMPATH\Database\BaseConnection.php(648): CodeIgniter\Database\BaseConnection->simpleQuery('INSERT INTO `admission` (`firstname`, `middlename`, `lastname`, `email`, `phoneno`, `whatsappno`, `gender`, `dob`, `cstreet`, `ccity`, `cstate`, `cpincode`, `pstreet`, `pcity`, `pstate`, `ppincode`, `college`, `year`, `branch`, `course`, `batchtime`, `joiningdate`, `otp`, `StudentId`) VALUES (NULL, NULL, NULL, NULL, NULL, NULL, NULL, NULL, NULL, NULL, NULL, NULL, NULL, NULL, NULL, NULL, NULL, NULL, NULL, NULL, NULL, NULL, 870, \'WF25FEB0009\')')
 4 SYSTEMPATH\Database\BaseBuilder.php(2340): CodeIgniter\Database\BaseConnection->query('INSERT INTO `admission` (`firstname`, `middlename`, `lastname`, `email`, `phoneno`, `whatsappno`, `gender`, `dob`, `cstreet`, `ccity`, `cstate`, `cpincode`, `pstreet`, `pcity`, `pstate`, `ppincode`, `college`, `year`, `branch`, `course`, `batchtime`, `joiningdate`, `otp`, `StudentId`) VALUES (:firstname:, :middlename:, :lastname:, :email:, :phoneno:, :whatsappno:, :gender:, :dob:, :cstreet:, :ccity:, :cstate:, :cpincode:, :pstreet:, :pcity:, :pstate:, :ppincode:, :college:, :year:, :branch:, :course:, :batchtime:, :joiningdate:, :otp:, :StudentId:)', [...], false)
 5 SYSTEMPATH\Model.php(394): CodeIgniter\Database\BaseBuilder->insert()
 6 SYSTEMPATH\BaseModel.php(840): CodeIgniter\Model->doInsert([...])
 7 SYSTEMPATH\Model.php(802): CodeIgniter\BaseModel->insert([...], true)
 8 APPPATH\Controllers\AdmissionMaster.php(267): CodeIgniter\Model->insert([...])
 9 SYSTEMPATH\CodeIgniter.php(933): App\Controllers\AdmissionMaster->save()
10 SYSTEMPATH\CodeIgniter.php(509): CodeIgniter\CodeIgniter->runController(Object(App\Controllers\AdmissionMaster))
11 SYSTEMPATH\CodeIgniter.php(355): CodeIgniter\CodeIgniter->handleRequest(null, Object(Config\Cache), false)
12 SYSTEMPATH\Boot.php(325): CodeIgniter\CodeIgniter->run()
13 SYSTEMPATH\Boot.php(67): CodeIgniter\Boot::runCodeIgniter(Object(CodeIgniter\CodeIgniter))
14 FCPATH\index.php(56): CodeIgniter\Boot::bootWeb(Object(Config\Paths))
INFO - 2025-02-11 11:52:28 --> Session: Class initialized using 'CodeIgniter\Session\Handlers\FileHandler' driver.
WARNING - 2025-02-11 11:52:32 --> [DEPRECATED] DateTime::__construct(): Passing null to parameter #1 ($datetime) of type string is deprecated in APPPATH\Controllers\AdmissionMaster.php on line 70.
 1 APPPATH\Controllers\AdmissionMaster.php(70): DateTime->__construct(null)
 2 SYSTEMPATH\CodeIgniter.php(933): App\Controllers\AdmissionMaster->save()
 3 SYSTEMPATH\CodeIgniter.php(509): CodeIgniter\CodeIgniter->runController(Object(App\Controllers\AdmissionMaster))
 4 SYSTEMPATH\CodeIgniter.php(355): CodeIgniter\CodeIgniter->handleRequest(null, Object(Config\Cache), false)
 5 SYSTEMPATH\Boot.php(325): CodeIgniter\CodeIgniter->run()
 6 SYSTEMPATH\Boot.php(67): CodeIgniter\Boot::runCodeIgniter(Object(CodeIgniter\CodeIgniter))
 7 FCPATH\index.php(56): CodeIgniter\Boot::bootWeb(Object(Config\Paths))
ERROR - 2025-02-11 11:52:32 --> mysqli_sql_exception: Unknown column 'course' in 'field list' in C:\xampp\htdocs\Wolfox\system\Database\MySQLi\Connection.php:312
Stack trace:
#0 C:\xampp\htdocs\Wolfox\system\Database\MySQLi\Connection.php(312): mysqli->query('INSERT INTO `ad...', 0)
#1 C:\xampp\htdocs\Wolfox\system\Database\BaseConnection.php(734): CodeIgniter\Database\MySQLi\Connection->execute('INSERT INTO `ad...')
#2 C:\xampp\htdocs\Wolfox\system\Database\BaseConnection.php(648): CodeIgniter\Database\BaseConnection->simpleQuery('INSERT INTO `ad...')
#3 C:\xampp\htdocs\Wolfox\system\Database\BaseBuilder.php(2340): CodeIgniter\Database\BaseConnection->query('INSERT INTO `ad...', Array, false)
#4 C:\xampp\htdocs\Wolfox\system\Model.php(394): CodeIgniter\Database\BaseBuilder->insert()
#5 C:\xampp\htdocs\Wolfox\system\BaseModel.php(840): CodeIgniter\Model->doInsert(Array)
#6 C:\xampp\htdocs\Wolfox\system\Model.php(802): CodeIgniter\BaseModel->insert(Array, true)
#7 C:\xampp\htdocs\Wolfox\app\Controllers\AdmissionMaster.php(267): CodeIgniter\Model->insert(Array)
#8 C:\xampp\htdocs\Wolfox\system\CodeIgniter.php(933): App\Controllers\AdmissionMaster->save()
#9 C:\xampp\htdocs\Wolfox\system\CodeIgniter.php(509): CodeIgniter\CodeIgniter->runController(Object(App\Controllers\AdmissionMaster))
#10 C:\xampp\htdocs\Wolfox\system\CodeIgniter.php(355): CodeIgniter\CodeIgniter->handleRequest(NULL, Object(Config\Cache), false)
#11 C:\xampp\htdocs\Wolfox\system\Boot.php(325): CodeIgniter\CodeIgniter->run()
#12 C:\xampp\htdocs\Wolfox\system\Boot.php(67): CodeIgniter\Boot::runCodeIgniter(Object(CodeIgniter\CodeIgniter))
#13 C:\xampp\htdocs\Wolfox\index.php(56): CodeIgniter\Boot::bootWeb(Object(Config\Paths))
#14 {main}
CRITICAL - 2025-02-11 11:52:32 --> CodeIgniter\Database\Exceptions\DatabaseException: Unknown column 'course' in 'field list'
[Method: POST, Route: Admin/Admission/Save]
in SYSTEMPATH\Database\BaseConnection.php on line 688.
 1 SYSTEMPATH\Database\BaseBuilder.php(2340): CodeIgniter\Database\BaseConnection->query('INSERT INTO `admission` (`firstname`, `middlename`, `lastname`, `email`, `phoneno`, `whatsappno`, `gender`, `dob`, `cstreet`, `ccity`, `cstate`, `cpincode`, `pstreet`, `pcity`, `pstate`, `ppincode`, `college`, `year`, `branch`, `course`, `batchtime`, `joiningdate`, `otp`, `StudentId`) VALUES (:firstname:, :middlename:, :lastname:, :email:, :phoneno:, :whatsappno:, :gender:, :dob:, :cstreet:, :ccity:, :cstate:, :cpincode:, :pstreet:, :pcity:, :pstate:, :ppincode:, :college:, :year:, :branch:, :course:, :batchtime:, :joiningdate:, :otp:, :StudentId:)', [...], false)
 2 SYSTEMPATH\Model.php(394): CodeIgniter\Database\BaseBuilder->insert()
 3 SYSTEMPATH\BaseModel.php(840): CodeIgniter\Model->doInsert([...])
 4 SYSTEMPATH\Model.php(802): CodeIgniter\BaseModel->insert([...], true)
 5 APPPATH\Controllers\AdmissionMaster.php(267): CodeIgniter\Model->insert([...])
 6 SYSTEMPATH\CodeIgniter.php(933): App\Controllers\AdmissionMaster->save()
 7 SYSTEMPATH\CodeIgniter.php(509): CodeIgniter\CodeIgniter->runController(Object(App\Controllers\AdmissionMaster))
 8 SYSTEMPATH\CodeIgniter.php(355): CodeIgniter\CodeIgniter->handleRequest(null, Object(Config\Cache), false)
 9 SYSTEMPATH\Boot.php(325): CodeIgniter\CodeIgniter->run()
10 SYSTEMPATH\Boot.php(67): CodeIgniter\Boot::runCodeIgniter(Object(CodeIgniter\CodeIgniter))
11 FCPATH\index.php(56): CodeIgniter\Boot::bootWeb(Object(Config\Paths))
CRITICAL - 2025-02-11 11:52:32 --> [Caused by] CodeIgniter\Database\Exceptions\DatabaseException: Unknown column 'course' in 'field list'
in SYSTEMPATH\Database\MySQLi\Connection.php on line 317.
 1 SYSTEMPATH\Database\BaseConnection.php(734): CodeIgniter\Database\MySQLi\Connection->execute('INSERT INTO `admission` (`firstname`, `middlename`, `lastname`, `email`, `phoneno`, `whatsappno`, `gender`, `dob`, `cstreet`, `ccity`, `cstate`, `cpincode`, `pstreet`, `pcity`, `pstate`, `ppincode`, `college`, `year`, `branch`, `course`, `batchtime`, `joiningdate`, `otp`, `StudentId`) VALUES (NULL, NULL, NULL, NULL, NULL, NULL, NULL, NULL, NULL, NULL, NULL, NULL, NULL, NULL, NULL, NULL, NULL, NULL, NULL, NULL, NULL, NULL, 80301, \'WF25FEB0009\')')
 2 SYSTEMPATH\Database\BaseConnection.php(648): CodeIgniter\Database\BaseConnection->simpleQuery('INSERT INTO `admission` (`firstname`, `middlename`, `lastname`, `email`, `phoneno`, `whatsappno`, `gender`, `dob`, `cstreet`, `ccity`, `cstate`, `cpincode`, `pstreet`, `pcity`, `pstate`, `ppincode`, `college`, `year`, `branch`, `course`, `batchtime`, `joiningdate`, `otp`, `StudentId`) VALUES (NULL, NULL, NULL, NULL, NULL, NULL, NULL, NULL, NULL, NULL, NULL, NULL, NULL, NULL, NULL, NULL, NULL, NULL, NULL, NULL, NULL, NULL, 80301, \'WF25FEB0009\')')
 3 SYSTEMPATH\Database\BaseBuilder.php(2340): CodeIgniter\Database\BaseConnection->query('INSERT INTO `admission` (`firstname`, `middlename`, `lastname`, `email`, `phoneno`, `whatsappno`, `gender`, `dob`, `cstreet`, `ccity`, `cstate`, `cpincode`, `pstreet`, `pcity`, `pstate`, `ppincode`, `college`, `year`, `branch`, `course`, `batchtime`, `joiningdate`, `otp`, `StudentId`) VALUES (:firstname:, :middlename:, :lastname:, :email:, :phoneno:, :whatsappno:, :gender:, :dob:, :cstreet:, :ccity:, :cstate:, :cpincode:, :pstreet:, :pcity:, :pstate:, :ppincode:, :college:, :year:, :branch:, :course:, :batchtime:, :joiningdate:, :otp:, :StudentId:)', [...], false)
 4 SYSTEMPATH\Model.php(394): CodeIgniter\Database\BaseBuilder->insert()
 5 SYSTEMPATH\BaseModel.php(840): CodeIgniter\Model->doInsert([...])
 6 SYSTEMPATH\Model.php(802): CodeIgniter\BaseModel->insert([...], true)
 7 APPPATH\Controllers\AdmissionMaster.php(267): CodeIgniter\Model->insert([...])
 8 SYSTEMPATH\CodeIgniter.php(933): App\Controllers\AdmissionMaster->save()
 9 SYSTEMPATH\CodeIgniter.php(509): CodeIgniter\CodeIgniter->runController(Object(App\Controllers\AdmissionMaster))
10 SYSTEMPATH\CodeIgniter.php(355): CodeIgniter\CodeIgniter->handleRequest(null, Object(Config\Cache), false)
11 SYSTEMPATH\Boot.php(325): CodeIgniter\CodeIgniter->run()
12 SYSTEMPATH\Boot.php(67): CodeIgniter\Boot::runCodeIgniter(Object(CodeIgniter\CodeIgniter))
13 FCPATH\index.php(56): CodeIgniter\Boot::bootWeb(Object(Config\Paths))
CRITICAL - 2025-02-11 11:52:32 --> [Caused by] mysqli_sql_exception: Unknown column 'course' in 'field list'
in SYSTEMPATH\Database\MySQLi\Connection.php on line 312.
 1 SYSTEMPATH\Database\MySQLi\Connection.php(312): mysqli->query('INSERT INTO `admission` (`firstname`, `middlename`, `lastname`, `email`, `phoneno`, `whatsappno`, `gender`, `dob`, `cstreet`, `ccity`, `cstate`, `cpincode`, `pstreet`, `pcity`, `pstate`, `ppincode`, `college`, `year`, `branch`, `course`, `batchtime`, `joiningdate`, `otp`, `StudentId`) VALUES (NULL, NULL, NULL, NULL, NULL, NULL, NULL, NULL, NULL, NULL, NULL, NULL, NULL, NULL, NULL, NULL, NULL, NULL, NULL, NULL, NULL, NULL, 80301, \'WF25FEB0009\')', 0)
 2 SYSTEMPATH\Database\BaseConnection.php(734): CodeIgniter\Database\MySQLi\Connection->execute('INSERT INTO `admission` (`firstname`, `middlename`, `lastname`, `email`, `phoneno`, `whatsappno`, `gender`, `dob`, `cstreet`, `ccity`, `cstate`, `cpincode`, `pstreet`, `pcity`, `pstate`, `ppincode`, `college`, `year`, `branch`, `course`, `batchtime`, `joiningdate`, `otp`, `StudentId`) VALUES (NULL, NULL, NULL, NULL, NULL, NULL, NULL, NULL, NULL, NULL, NULL, NULL, NULL, NULL, NULL, NULL, NULL, NULL, NULL, NULL, NULL, NULL, 80301, \'WF25FEB0009\')')
 3 SYSTEMPATH\Database\BaseConnection.php(648): CodeIgniter\Database\BaseConnection->simpleQuery('INSERT INTO `admission` (`firstname`, `middlename`, `lastname`, `email`, `phoneno`, `whatsappno`, `gender`, `dob`, `cstreet`, `ccity`, `cstate`, `cpincode`, `pstreet`, `pcity`, `pstate`, `ppincode`, `college`, `year`, `branch`, `course`, `batchtime`, `joiningdate`, `otp`, `StudentId`) VALUES (NULL, NULL, NULL, NULL, NULL, NULL, NULL, NULL, NULL, NULL, NULL, NULL, NULL, NULL, NULL, NULL, NULL, NULL, NULL, NULL, NULL, NULL, 80301, \'WF25FEB0009\')')
 4 SYSTEMPATH\Database\BaseBuilder.php(2340): CodeIgniter\Database\BaseConnection->query('INSERT INTO `admission` (`firstname`, `middlename`, `lastname`, `email`, `phoneno`, `whatsappno`, `gender`, `dob`, `cstreet`, `ccity`, `cstate`, `cpincode`, `pstreet`, `pcity`, `pstate`, `ppincode`, `college`, `year`, `branch`, `course`, `batchtime`, `joiningdate`, `otp`, `StudentId`) VALUES (:firstname:, :middlename:, :lastname:, :email:, :phoneno:, :whatsappno:, :gender:, :dob:, :cstreet:, :ccity:, :cstate:, :cpincode:, :pstreet:, :pcity:, :pstate:, :ppincode:, :college:, :year:, :branch:, :course:, :batchtime:, :joiningdate:, :otp:, :StudentId:)', [...], false)
 5 SYSTEMPATH\Model.php(394): CodeIgniter\Database\BaseBuilder->insert()
 6 SYSTEMPATH\BaseModel.php(840): CodeIgniter\Model->doInsert([...])
 7 SYSTEMPATH\Model.php(802): CodeIgniter\BaseModel->insert([...], true)
 8 APPPATH\Controllers\AdmissionMaster.php(267): CodeIgniter\Model->insert([...])
 9 SYSTEMPATH\CodeIgniter.php(933): App\Controllers\AdmissionMaster->save()
10 SYSTEMPATH\CodeIgniter.php(509): CodeIgniter\CodeIgniter->runController(Object(App\Controllers\AdmissionMaster))
11 SYSTEMPATH\CodeIgniter.php(355): CodeIgniter\CodeIgniter->handleRequest(null, Object(Config\Cache), false)
12 SYSTEMPATH\Boot.php(325): CodeIgniter\CodeIgniter->run()
13 SYSTEMPATH\Boot.php(67): CodeIgniter\Boot::runCodeIgniter(Object(CodeIgniter\CodeIgniter))
14 FCPATH\index.php(56): CodeIgniter\Boot::bootWeb(Object(Config\Paths))
WARNING - 2025-02-11 11:54:44 --> [DEPRECATED] DateTime::__construct(): Passing null to parameter #1 ($datetime) of type string is deprecated in APPPATH\Controllers\AdmissionMaster.php on line 70.
 1 APPPATH\Controllers\AdmissionMaster.php(70): DateTime->__construct(null)
 2 SYSTEMPATH\CodeIgniter.php(933): App\Controllers\AdmissionMaster->save()
 3 SYSTEMPATH\CodeIgniter.php(509): CodeIgniter\CodeIgniter->runController(Object(App\Controllers\AdmissionMaster))
 4 SYSTEMPATH\CodeIgniter.php(355): CodeIgniter\CodeIgniter->handleRequest(null, Object(Config\Cache), false)
 5 SYSTEMPATH\Boot.php(325): CodeIgniter\CodeIgniter->run()
 6 SYSTEMPATH\Boot.php(67): CodeIgniter\Boot::runCodeIgniter(Object(CodeIgniter\CodeIgniter))
 7 FCPATH\index.php(56): CodeIgniter\Boot::bootWeb(Object(Config\Paths))
ERROR - 2025-02-11 11:54:44 --> mysqli_sql_exception: Unknown column 'batchtime' in 'field list' in C:\xampp\htdocs\Wolfox\system\Database\MySQLi\Connection.php:312
Stack trace:
#0 C:\xampp\htdocs\Wolfox\system\Database\MySQLi\Connection.php(312): mysqli->query('INSERT INTO `ad...', 0)
#1 C:\xampp\htdocs\Wolfox\system\Database\BaseConnection.php(734): CodeIgniter\Database\MySQLi\Connection->execute('INSERT INTO `ad...')
#2 C:\xampp\htdocs\Wolfox\system\Database\BaseConnection.php(648): CodeIgniter\Database\BaseConnection->simpleQuery('INSERT INTO `ad...')
#3 C:\xampp\htdocs\Wolfox\system\Database\BaseBuilder.php(2340): CodeIgniter\Database\BaseConnection->query('INSERT INTO `ad...', Array, false)
#4 C:\xampp\htdocs\Wolfox\system\Model.php(394): CodeIgniter\Database\BaseBuilder->insert()
#5 C:\xampp\htdocs\Wolfox\system\BaseModel.php(840): CodeIgniter\Model->doInsert(Array)
#6 C:\xampp\htdocs\Wolfox\system\Model.php(802): CodeIgniter\BaseModel->insert(Array, true)
#7 C:\xampp\htdocs\Wolfox\app\Controllers\AdmissionMaster.php(267): CodeIgniter\Model->insert(Array)
#8 C:\xampp\htdocs\Wolfox\system\CodeIgniter.php(933): App\Controllers\AdmissionMaster->save()
#9 C:\xampp\htdocs\Wolfox\system\CodeIgniter.php(509): CodeIgniter\CodeIgniter->runController(Object(App\Controllers\AdmissionMaster))
#10 C:\xampp\htdocs\Wolfox\system\CodeIgniter.php(355): CodeIgniter\CodeIgniter->handleRequest(NULL, Object(Config\Cache), false)
#11 C:\xampp\htdocs\Wolfox\system\Boot.php(325): CodeIgniter\CodeIgniter->run()
#12 C:\xampp\htdocs\Wolfox\system\Boot.php(67): CodeIgniter\Boot::runCodeIgniter(Object(CodeIgniter\CodeIgniter))
#13 C:\xampp\htdocs\Wolfox\index.php(56): CodeIgniter\Boot::bootWeb(Object(Config\Paths))
#14 {main}
CRITICAL - 2025-02-11 11:54:44 --> CodeIgniter\Database\Exceptions\DatabaseException: Unknown column 'batchtime' in 'field list'
[Method: POST, Route: Admin/Admission/Save]
in SYSTEMPATH\Database\BaseConnection.php on line 688.
 1 SYSTEMPATH\Database\BaseBuilder.php(2340): CodeIgniter\Database\BaseConnection->query('INSERT INTO `admission` (`firstname`, `middlename`, `lastname`, `email`, `phoneno`, `whatsappno`, `gender`, `dob`, `cstreet`, `ccity`, `cstate`, `cpincode`, `pstreet`, `pcity`, `pstate`, `ppincode`, `college`, `year`, `branch`, `batchtime`, `joiningdate`, `otp`, `StudentId`) VALUES (:firstname:, :middlename:, :lastname:, :email:, :phoneno:, :whatsappno:, :gender:, :dob:, :cstreet:, :ccity:, :cstate:, :cpincode:, :pstreet:, :pcity:, :pstate:, :ppincode:, :college:, :year:, :branch:, :batchtime:, :joiningdate:, :otp:, :StudentId:)', [...], false)
 2 SYSTEMPATH\Model.php(394): CodeIgniter\Database\BaseBuilder->insert()
 3 SYSTEMPATH\BaseModel.php(840): CodeIgniter\Model->doInsert([...])
 4 SYSTEMPATH\Model.php(802): CodeIgniter\BaseModel->insert([...], true)
 5 APPPATH\Controllers\AdmissionMaster.php(267): CodeIgniter\Model->insert([...])
 6 SYSTEMPATH\CodeIgniter.php(933): App\Controllers\AdmissionMaster->save()
 7 SYSTEMPATH\CodeIgniter.php(509): CodeIgniter\CodeIgniter->runController(Object(App\Controllers\AdmissionMaster))
 8 SYSTEMPATH\CodeIgniter.php(355): CodeIgniter\CodeIgniter->handleRequest(null, Object(Config\Cache), false)
 9 SYSTEMPATH\Boot.php(325): CodeIgniter\CodeIgniter->run()
10 SYSTEMPATH\Boot.php(67): CodeIgniter\Boot::runCodeIgniter(Object(CodeIgniter\CodeIgniter))
11 FCPATH\index.php(56): CodeIgniter\Boot::bootWeb(Object(Config\Paths))
CRITICAL - 2025-02-11 11:54:44 --> [Caused by] CodeIgniter\Database\Exceptions\DatabaseException: Unknown column 'batchtime' in 'field list'
in SYSTEMPATH\Database\MySQLi\Connection.php on line 317.
 1 SYSTEMPATH\Database\BaseConnection.php(734): CodeIgniter\Database\MySQLi\Connection->execute('INSERT INTO `admission` (`firstname`, `middlename`, `lastname`, `email`, `phoneno`, `whatsappno`, `gender`, `dob`, `cstreet`, `ccity`, `cstate`, `cpincode`, `pstreet`, `pcity`, `pstate`, `ppincode`, `college`, `year`, `branch`, `batchtime`, `joiningdate`, `otp`, `StudentId`) VALUES (NULL, NULL, NULL, NULL, NULL, NULL, NULL, NULL, NULL, NULL, NULL, NULL, NULL, NULL, NULL, NULL, NULL, NULL, NULL, NULL, NULL, 189760, \'WF25FEB0009\')')
 2 SYSTEMPATH\Database\BaseConnection.php(648): CodeIgniter\Database\BaseConnection->simpleQuery('INSERT INTO `admission` (`firstname`, `middlename`, `lastname`, `email`, `phoneno`, `whatsappno`, `gender`, `dob`, `cstreet`, `ccity`, `cstate`, `cpincode`, `pstreet`, `pcity`, `pstate`, `ppincode`, `college`, `year`, `branch`, `batchtime`, `joiningdate`, `otp`, `StudentId`) VALUES (NULL, NULL, NULL, NULL, NULL, NULL, NULL, NULL, NULL, NULL, NULL, NULL, NULL, NULL, NULL, NULL, NULL, NULL, NULL, NULL, NULL, 189760, \'WF25FEB0009\')')
 3 SYSTEMPATH\Database\BaseBuilder.php(2340): CodeIgniter\Database\BaseConnection->query('INSERT INTO `admission` (`firstname`, `middlename`, `lastname`, `email`, `phoneno`, `whatsappno`, `gender`, `dob`, `cstreet`, `ccity`, `cstate`, `cpincode`, `pstreet`, `pcity`, `pstate`, `ppincode`, `college`, `year`, `branch`, `batchtime`, `joiningdate`, `otp`, `StudentId`) VALUES (:firstname:, :middlename:, :lastname:, :email:, :phoneno:, :whatsappno:, :gender:, :dob:, :cstreet:, :ccity:, :cstate:, :cpincode:, :pstreet:, :pcity:, :pstate:, :ppincode:, :college:, :year:, :branch:, :batchtime:, :joiningdate:, :otp:, :StudentId:)', [...], false)
 4 SYSTEMPATH\Model.php(394): CodeIgniter\Database\BaseBuilder->insert()
 5 SYSTEMPATH\BaseModel.php(840): CodeIgniter\Model->doInsert([...])
 6 SYSTEMPATH\Model.php(802): CodeIgniter\BaseModel->insert([...], true)
 7 APPPATH\Controllers\AdmissionMaster.php(267): CodeIgniter\Model->insert([...])
 8 SYSTEMPATH\CodeIgniter.php(933): App\Controllers\AdmissionMaster->save()
 9 SYSTEMPATH\CodeIgniter.php(509): CodeIgniter\CodeIgniter->runController(Object(App\Controllers\AdmissionMaster))
10 SYSTEMPATH\CodeIgniter.php(355): CodeIgniter\CodeIgniter->handleRequest(null, Object(Config\Cache), false)
11 SYSTEMPATH\Boot.php(325): CodeIgniter\CodeIgniter->run()
12 SYSTEMPATH\Boot.php(67): CodeIgniter\Boot::runCodeIgniter(Object(CodeIgniter\CodeIgniter))
13 FCPATH\index.php(56): CodeIgniter\Boot::bootWeb(Object(Config\Paths))
CRITICAL - 2025-02-11 11:54:44 --> [Caused by] mysqli_sql_exception: Unknown column 'batchtime' in 'field list'
in SYSTEMPATH\Database\MySQLi\Connection.php on line 312.
 1 SYSTEMPATH\Database\MySQLi\Connection.php(312): mysqli->query('INSERT INTO `admission` (`firstname`, `middlename`, `lastname`, `email`, `phoneno`, `whatsappno`, `gender`, `dob`, `cstreet`, `ccity`, `cstate`, `cpincode`, `pstreet`, `pcity`, `pstate`, `ppincode`, `college`, `year`, `branch`, `batchtime`, `joiningdate`, `otp`, `StudentId`) VALUES (NULL, NULL, NULL, NULL, NULL, NULL, NULL, NULL, NULL, NULL, NULL, NULL, NULL, NULL, NULL, NULL, NULL, NULL, NULL, NULL, NULL, 189760, \'WF25FEB0009\')', 0)
 2 SYSTEMPATH\Database\BaseConnection.php(734): CodeIgniter\Database\MySQLi\Connection->execute('INSERT INTO `admission` (`firstname`, `middlename`, `lastname`, `email`, `phoneno`, `whatsappno`, `gender`, `dob`, `cstreet`, `ccity`, `cstate`, `cpincode`, `pstreet`, `pcity`, `pstate`, `ppincode`, `college`, `year`, `branch`, `batchtime`, `joiningdate`, `otp`, `StudentId`) VALUES (NULL, NULL, NULL, NULL, NULL, NULL, NULL, NULL, NULL, NULL, NULL, NULL, NULL, NULL, NULL, NULL, NULL, NULL, NULL, NULL, NULL, 189760, \'WF25FEB0009\')')
 3 SYSTEMPATH\Database\BaseConnection.php(648): CodeIgniter\Database\BaseConnection->simpleQuery('INSERT INTO `admission` (`firstname`, `middlename`, `lastname`, `email`, `phoneno`, `whatsappno`, `gender`, `dob`, `cstreet`, `ccity`, `cstate`, `cpincode`, `pstreet`, `pcity`, `pstate`, `ppincode`, `college`, `year`, `branch`, `batchtime`, `joiningdate`, `otp`, `StudentId`) VALUES (NULL, NULL, NULL, NULL, NULL, NULL, NULL, NULL, NULL, NULL, NULL, NULL, NULL, NULL, NULL, NULL, NULL, NULL, NULL, NULL, NULL, 189760, \'WF25FEB0009\')')
 4 SYSTEMPATH\Database\BaseBuilder.php(2340): CodeIgniter\Database\BaseConnection->query('INSERT INTO `admission` (`firstname`, `middlename`, `lastname`, `email`, `phoneno`, `whatsappno`, `gender`, `dob`, `cstreet`, `ccity`, `cstate`, `cpincode`, `pstreet`, `pcity`, `pstate`, `ppincode`, `college`, `year`, `branch`, `batchtime`, `joiningdate`, `otp`, `StudentId`) VALUES (:firstname:, :middlename:, :lastname:, :email:, :phoneno:, :whatsappno:, :gender:, :dob:, :cstreet:, :ccity:, :cstate:, :cpincode:, :pstreet:, :pcity:, :pstate:, :ppincode:, :college:, :year:, :branch:, :batchtime:, :joiningdate:, :otp:, :StudentId:)', [...], false)
 5 SYSTEMPATH\Model.php(394): CodeIgniter\Database\BaseBuilder->insert()
 6 SYSTEMPATH\BaseModel.php(840): CodeIgniter\Model->doInsert([...])
 7 SYSTEMPATH\Model.php(802): CodeIgniter\BaseModel->insert([...], true)
 8 APPPATH\Controllers\AdmissionMaster.php(267): CodeIgniter\Model->insert([...])
 9 SYSTEMPATH\CodeIgniter.php(933): App\Controllers\AdmissionMaster->save()
10 SYSTEMPATH\CodeIgniter.php(509): CodeIgniter\CodeIgniter->runController(Object(App\Controllers\AdmissionMaster))
11 SYSTEMPATH\CodeIgniter.php(355): CodeIgniter\CodeIgniter->handleRequest(null, Object(Config\Cache), false)
12 SYSTEMPATH\Boot.php(325): CodeIgniter\CodeIgniter->run()
13 SYSTEMPATH\Boot.php(67): CodeIgniter\Boot::runCodeIgniter(Object(CodeIgniter\CodeIgniter))
14 FCPATH\index.php(56): CodeIgniter\Boot::bootWeb(Object(Config\Paths))
WARNING - 2025-02-11 11:55:06 --> [DEPRECATED] DateTime::__construct(): Passing null to parameter #1 ($datetime) of type string is deprecated in APPPATH\Controllers\AdmissionMaster.php on line 70.
 1 APPPATH\Controllers\AdmissionMaster.php(70): DateTime->__construct(null)
 2 SYSTEMPATH\CodeIgniter.php(933): App\Controllers\AdmissionMaster->save()
 3 SYSTEMPATH\CodeIgniter.php(509): CodeIgniter\CodeIgniter->runController(Object(App\Controllers\AdmissionMaster))
 4 SYSTEMPATH\CodeIgniter.php(355): CodeIgniter\CodeIgniter->handleRequest(null, Object(Config\Cache), false)
 5 SYSTEMPATH\Boot.php(325): CodeIgniter\CodeIgniter->run()
 6 SYSTEMPATH\Boot.php(67): CodeIgniter\Boot::runCodeIgniter(Object(CodeIgniter\CodeIgniter))
 7 FCPATH\index.php(56): CodeIgniter\Boot::bootWeb(Object(Config\Paths))
INFO - 2025-02-11 11:55:07 --> Session: Class initialized using 'CodeIgniter\Session\Handlers\FileHandler' driver.
WARNING - 2025-02-11 11:55:19 --> [DEPRECATED] DateTime::__construct(): Passing null to parameter #1 ($datetime) of type string is deprecated in APPPATH\Controllers\AdmissionMaster.php on line 70.
 1 APPPATH\Controllers\AdmissionMaster.php(70): DateTime->__construct(null)
 2 SYSTEMPATH\CodeIgniter.php(933): App\Controllers\AdmissionMaster->save()
 3 SYSTEMPATH\CodeIgniter.php(509): CodeIgniter\CodeIgniter->runController(Object(App\Controllers\AdmissionMaster))
 4 SYSTEMPATH\CodeIgniter.php(355): CodeIgniter\CodeIgniter->handleRequest(null, Object(Config\Cache), false)
 5 SYSTEMPATH\Boot.php(325): CodeIgniter\CodeIgniter->run()
 6 SYSTEMPATH\Boot.php(67): CodeIgniter\Boot::runCodeIgniter(Object(CodeIgniter\CodeIgniter))
 7 FCPATH\index.php(56): CodeIgniter\Boot::bootWeb(Object(Config\Paths))
INFO - 2025-02-11 11:55:22 --> Session: Class initialized using 'CodeIgniter\Session\Handlers\FileHandler' driver.
INFO - 2025-02-11 11:57:20 --> Session: Class initialized using 'CodeIgniter\Session\Handlers\FileHandler' driver.
WARNING - 2025-02-11 11:57:27 --> [DEPRECATED] DateTime::__construct(): Passing null to parameter #1 ($datetime) of type string is deprecated in APPPATH\Controllers\AdmissionMaster.php on line 70.
 1 APPPATH\Controllers\AdmissionMaster.php(70): DateTime->__construct(null)
 2 SYSTEMPATH\CodeIgniter.php(933): App\Controllers\AdmissionMaster->save()
 3 SYSTEMPATH\CodeIgniter.php(509): CodeIgniter\CodeIgniter->runController(Object(App\Controllers\AdmissionMaster))
 4 SYSTEMPATH\CodeIgniter.php(355): CodeIgniter\CodeIgniter->handleRequest(null, Object(Config\Cache), false)
 5 SYSTEMPATH\Boot.php(325): CodeIgniter\CodeIgniter->run()
 6 SYSTEMPATH\Boot.php(67): CodeIgniter\Boot::runCodeIgniter(Object(CodeIgniter\CodeIgniter))
 7 FCPATH\index.php(56): CodeIgniter\Boot::bootWeb(Object(Config\Paths))
INFO - 2025-02-11 11:57:27 --> Session: Class initialized using 'CodeIgniter\Session\Handlers\FileHandler' driver.
INFO - 2025-02-11 11:57:27 --> Session: Class initialized using 'CodeIgniter\Session\Handlers\FileHandler' driver.
INFO - 2025-02-11 11:57:34 --> Session: Class initialized using 'CodeIgniter\Session\Handlers\FileHandler' driver.
INFO - 2025-02-11 11:57:40 --> Session: Class initialized using 'CodeIgniter\Session\Handlers\FileHandler' driver.
INFO - 2025-02-11 11:57:40 --> Session: Class initialized using 'CodeIgniter\Session\Handlers\FileHandler' driver.
INFO - 2025-02-11 11:57:56 --> Session: Class initialized using 'CodeIgniter\Session\Handlers\FileHandler' driver.
INFO - 2025-02-11 11:57:56 --> Session: Class initialized using 'CodeIgniter\Session\Handlers\FileHandler' driver.
INFO - 2025-02-11 11:58:17 --> Session: Class initialized using 'CodeIgniter\Session\Handlers\FileHandler' driver.
INFO - 2025-02-11 11:58:17 --> Session: Class initialized using 'CodeIgniter\Session\Handlers\FileHandler' driver.
WARNING - 2025-02-11 12:01:49 --> [DEPRECATED] strtotime(): Passing null to parameter #1 ($datetime) of type string is deprecated in APPPATH\Views\Admin\Admission\list.php on line 105.
 1 APPPATH\Views\Admin\Admission\list.php(105): strtotime(null)
 2 SYSTEMPATH\View\View.php(234): include('C:\\xampp\\htdocs\\Wolfox\\app\\Views\\Admin\\Admission\\list.php')
 3 SYSTEMPATH\View\View.php(237): CodeIgniter\View\View->CodeIgniter\View\{closure}()
 4 SYSTEMPATH\Common.php(1171): CodeIgniter\View\View->render('/Admin/Admission/list', [], true)
 5 APPPATH\Controllers\AdmissionMaster.php(305): view('/Admin/Admission/list', [...])
 6 SYSTEMPATH\CodeIgniter.php(933): App\Controllers\AdmissionMaster->list()
 7 SYSTEMPATH\CodeIgniter.php(509): CodeIgniter\CodeIgniter->runController(Object(App\Controllers\AdmissionMaster))
 8 SYSTEMPATH\CodeIgniter.php(355): CodeIgniter\CodeIgniter->handleRequest(null, Object(Config\Cache), false)
 9 SYSTEMPATH\Boot.php(325): CodeIgniter\CodeIgniter->run()
10 SYSTEMPATH\Boot.php(67): CodeIgniter\Boot::runCodeIgniter(Object(CodeIgniter\CodeIgniter))
11 FCPATH\index.php(56): CodeIgniter\Boot::bootWeb(Object(Config\Paths))
WARNING - 2025-02-11 12:01:49 --> [DEPRECATED] strtotime(): Passing null to parameter #1 ($datetime) of type string is deprecated in APPPATH\Views\Admin\Admission\list.php on line 105.
 1 APPPATH\Views\Admin\Admission\list.php(105): strtotime(null)
 2 SYSTEMPATH\View\View.php(234): include('C:\\xampp\\htdocs\\Wolfox\\app\\Views\\Admin\\Admission\\list.php')
 3 SYSTEMPATH\View\View.php(237): CodeIgniter\View\View->CodeIgniter\View\{closure}()
 4 SYSTEMPATH\Common.php(1171): CodeIgniter\View\View->render('/Admin/Admission/list', [], true)
 5 APPPATH\Controllers\AdmissionMaster.php(305): view('/Admin/Admission/list', [...])
 6 SYSTEMPATH\CodeIgniter.php(933): App\Controllers\AdmissionMaster->list()
 7 SYSTEMPATH\CodeIgniter.php(509): CodeIgniter\CodeIgniter->runController(Object(App\Controllers\AdmissionMaster))
 8 SYSTEMPATH\CodeIgniter.php(355): CodeIgniter\CodeIgniter->handleRequest(null, Object(Config\Cache), false)
 9 SYSTEMPATH\Boot.php(325): CodeIgniter\CodeIgniter->run()
10 SYSTEMPATH\Boot.php(67): CodeIgniter\Boot::runCodeIgniter(Object(CodeIgniter\CodeIgniter))
11 FCPATH\index.php(56): CodeIgniter\Boot::bootWeb(Object(Config\Paths))
WARNING - 2025-02-11 12:01:49 --> [DEPRECATED] strtotime(): Passing null to parameter #1 ($datetime) of type string is deprecated in APPPATH\Views\Admin\Admission\list.php on line 105.
 1 APPPATH\Views\Admin\Admission\list.php(105): strtotime(null)
 2 SYSTEMPATH\View\View.php(234): include('C:\\xampp\\htdocs\\Wolfox\\app\\Views\\Admin\\Admission\\list.php')
 3 SYSTEMPATH\View\View.php(237): CodeIgniter\View\View->CodeIgniter\View\{closure}()
 4 SYSTEMPATH\Common.php(1171): CodeIgniter\View\View->render('/Admin/Admission/list', [], true)
 5 APPPATH\Controllers\AdmissionMaster.php(305): view('/Admin/Admission/list', [...])
 6 SYSTEMPATH\CodeIgniter.php(933): App\Controllers\AdmissionMaster->list()
 7 SYSTEMPATH\CodeIgniter.php(509): CodeIgniter\CodeIgniter->runController(Object(App\Controllers\AdmissionMaster))
 8 SYSTEMPATH\CodeIgniter.php(355): CodeIgniter\CodeIgniter->handleRequest(null, Object(Config\Cache), false)
 9 SYSTEMPATH\Boot.php(325): CodeIgniter\CodeIgniter->run()
10 SYSTEMPATH\Boot.php(67): CodeIgniter\Boot::runCodeIgniter(Object(CodeIgniter\CodeIgniter))
11 FCPATH\index.php(56): CodeIgniter\Boot::bootWeb(Object(Config\Paths))
WARNING - 2025-02-11 12:01:49 --> [DEPRECATED] strtotime(): Passing null to parameter #1 ($datetime) of type string is deprecated in APPPATH\Views\Admin\Admission\list.php on line 105.
 1 APPPATH\Views\Admin\Admission\list.php(105): strtotime(null)
 2 SYSTEMPATH\View\View.php(234): include('C:\\xampp\\htdocs\\Wolfox\\app\\Views\\Admin\\Admission\\list.php')
 3 SYSTEMPATH\View\View.php(237): CodeIgniter\View\View->CodeIgniter\View\{closure}()
 4 SYSTEMPATH\Common.php(1171): CodeIgniter\View\View->render('/Admin/Admission/list', [], true)
 5 APPPATH\Controllers\AdmissionMaster.php(305): view('/Admin/Admission/list', [...])
 6 SYSTEMPATH\CodeIgniter.php(933): App\Controllers\AdmissionMaster->list()
 7 SYSTEMPATH\CodeIgniter.php(509): CodeIgniter\CodeIgniter->runController(Object(App\Controllers\AdmissionMaster))
 8 SYSTEMPATH\CodeIgniter.php(355): CodeIgniter\CodeIgniter->handleRequest(null, Object(Config\Cache), false)
 9 SYSTEMPATH\Boot.php(325): CodeIgniter\CodeIgniter->run()
10 SYSTEMPATH\Boot.php(67): CodeIgniter\Boot::runCodeIgniter(Object(CodeIgniter\CodeIgniter))
11 FCPATH\index.php(56): CodeIgniter\Boot::bootWeb(Object(Config\Paths))
WARNING - 2025-02-11 12:08:11 --> [DEPRECATED] DateTime::__construct(): Passing null to parameter #1 ($datetime) of type string is deprecated in APPPATH\Controllers\AdmissionMaster.php on line 70.
 1 APPPATH\Controllers\AdmissionMaster.php(70): DateTime->__construct(null)
 2 SYSTEMPATH\CodeIgniter.php(933): App\Controllers\AdmissionMaster->save()
 3 SYSTEMPATH\CodeIgniter.php(509): CodeIgniter\CodeIgniter->runController(Object(App\Controllers\AdmissionMaster))
 4 SYSTEMPATH\CodeIgniter.php(355): CodeIgniter\CodeIgniter->handleRequest(null, Object(Config\Cache), false)
 5 SYSTEMPATH\Boot.php(325): CodeIgniter\CodeIgniter->run()
 6 SYSTEMPATH\Boot.php(67): CodeIgniter\Boot::runCodeIgniter(Object(CodeIgniter\CodeIgniter))
 7 FCPATH\index.php(56): CodeIgniter\Boot::bootWeb(Object(Config\Paths))
WARNING - 2025-02-11 12:09:38 --> [DEPRECATED] DateTime::__construct(): Passing null to parameter #1 ($datetime) of type string is deprecated in APPPATH\Controllers\AdmissionMaster.php on line 70.
 1 APPPATH\Controllers\AdmissionMaster.php(70): DateTime->__construct(null)
 2 SYSTEMPATH\CodeIgniter.php(933): App\Controllers\AdmissionMaster->save()
 3 SYSTEMPATH\CodeIgniter.php(509): CodeIgniter\CodeIgniter->runController(Object(App\Controllers\AdmissionMaster))
 4 SYSTEMPATH\CodeIgniter.php(355): CodeIgniter\CodeIgniter->handleRequest(null, Object(Config\Cache), false)
 5 SYSTEMPATH\Boot.php(325): CodeIgniter\CodeIgniter->run()
 6 SYSTEMPATH\Boot.php(67): CodeIgniter\Boot::runCodeIgniter(Object(CodeIgniter\CodeIgniter))
 7 FCPATH\index.php(56): CodeIgniter\Boot::bootWeb(Object(Config\Paths))
INFO - 2025-02-11 12:10:02 --> Session: Class initialized using 'CodeIgniter\Session\Handlers\FileHandler' driver.
INFO - 2025-02-11 12:10:29 --> Session: Class initialized using 'CodeIgniter\Session\Handlers\FileHandler' driver.
INFO - 2025-02-11 12:12:38 --> Session: Class initialized using 'CodeIgniter\Session\Handlers\FileHandler' driver.
WARNING - 2025-02-11 12:22:21 --> [DEPRECATED] strtotime(): Passing null to parameter #1 ($datetime) of type string is deprecated in APPPATH\Views\Admin\Admission\list.php on line 115.
 1 APPPATH\Views\Admin\Admission\list.php(115): strtotime(null)
 2 SYSTEMPATH\View\View.php(234): include('C:\\xampp\\htdocs\\Wolfox\\app\\Views\\Admin\\Admission\\list.php')
 3 SYSTEMPATH\View\View.php(237): CodeIgniter\View\View->CodeIgniter\View\{closure}()
 4 SYSTEMPATH\Common.php(1171): CodeIgniter\View\View->render('/Admin/Admission/list', [], true)
 5 APPPATH\Controllers\AdmissionMaster.php(305): view('/Admin/Admission/list', [...])
 6 SYSTEMPATH\CodeIgniter.php(933): App\Controllers\AdmissionMaster->list()
 7 SYSTEMPATH\CodeIgniter.php(509): CodeIgniter\CodeIgniter->runController(Object(App\Controllers\AdmissionMaster))
 8 SYSTEMPATH\CodeIgniter.php(355): CodeIgniter\CodeIgniter->handleRequest(null, Object(Config\Cache), false)
 9 SYSTEMPATH\Boot.php(325): CodeIgniter\CodeIgniter->run()
10 SYSTEMPATH\Boot.php(67): CodeIgniter\Boot::runCodeIgniter(Object(CodeIgniter\CodeIgniter))
11 FCPATH\index.php(56): CodeIgniter\Boot::bootWeb(Object(Config\Paths))
WARNING - 2025-02-11 12:22:21 --> [DEPRECATED] strtotime(): Passing null to parameter #1 ($datetime) of type string is deprecated in APPPATH\Views\Admin\Admission\list.php on line 115.
 1 APPPATH\Views\Admin\Admission\list.php(115): strtotime(null)
 2 SYSTEMPATH\View\View.php(234): include('C:\\xampp\\htdocs\\Wolfox\\app\\Views\\Admin\\Admission\\list.php')
 3 SYSTEMPATH\View\View.php(237): CodeIgniter\View\View->CodeIgniter\View\{closure}()
 4 SYSTEMPATH\Common.php(1171): CodeIgniter\View\View->render('/Admin/Admission/list', [], true)
 5 APPPATH\Controllers\AdmissionMaster.php(305): view('/Admin/Admission/list', [...])
 6 SYSTEMPATH\CodeIgniter.php(933): App\Controllers\AdmissionMaster->list()
 7 SYSTEMPATH\CodeIgniter.php(509): CodeIgniter\CodeIgniter->runController(Object(App\Controllers\AdmissionMaster))
 8 SYSTEMPATH\CodeIgniter.php(355): CodeIgniter\CodeIgniter->handleRequest(null, Object(Config\Cache), false)
 9 SYSTEMPATH\Boot.php(325): CodeIgniter\CodeIgniter->run()
10 SYSTEMPATH\Boot.php(67): CodeIgniter\Boot::runCodeIgniter(Object(CodeIgniter\CodeIgniter))
11 FCPATH\index.php(56): CodeIgniter\Boot::bootWeb(Object(Config\Paths))
WARNING - 2025-02-11 12:22:21 --> [DEPRECATED] strtotime(): Passing null to parameter #1 ($datetime) of type string is deprecated in APPPATH\Views\Admin\Admission\list.php on line 115.
 1 APPPATH\Views\Admin\Admission\list.php(115): strtotime(null)
 2 SYSTEMPATH\View\View.php(234): include('C:\\xampp\\htdocs\\Wolfox\\app\\Views\\Admin\\Admission\\list.php')
 3 SYSTEMPATH\View\View.php(237): CodeIgniter\View\View->CodeIgniter\View\{closure}()
 4 SYSTEMPATH\Common.php(1171): CodeIgniter\View\View->render('/Admin/Admission/list', [], true)
 5 APPPATH\Controllers\AdmissionMaster.php(305): view('/Admin/Admission/list', [...])
 6 SYSTEMPATH\CodeIgniter.php(933): App\Controllers\AdmissionMaster->list()
 7 SYSTEMPATH\CodeIgniter.php(509): CodeIgniter\CodeIgniter->runController(Object(App\Controllers\AdmissionMaster))
 8 SYSTEMPATH\CodeIgniter.php(355): CodeIgniter\CodeIgniter->handleRequest(null, Object(Config\Cache), false)
 9 SYSTEMPATH\Boot.php(325): CodeIgniter\CodeIgniter->run()
10 SYSTEMPATH\Boot.php(67): CodeIgniter\Boot::runCodeIgniter(Object(CodeIgniter\CodeIgniter))
11 FCPATH\index.php(56): CodeIgniter\Boot::bootWeb(Object(Config\Paths))
WARNING - 2025-02-11 12:22:21 --> [DEPRECATED] strtotime(): Passing null to parameter #1 ($datetime) of type string is deprecated in APPPATH\Views\Admin\Admission\list.php on line 115.
 1 APPPATH\Views\Admin\Admission\list.php(115): strtotime(null)
 2 SYSTEMPATH\View\View.php(234): include('C:\\xampp\\htdocs\\Wolfox\\app\\Views\\Admin\\Admission\\list.php')
 3 SYSTEMPATH\View\View.php(237): CodeIgniter\View\View->CodeIgniter\View\{closure}()
 4 SYSTEMPATH\Common.php(1171): CodeIgniter\View\View->render('/Admin/Admission/list', [], true)
 5 APPPATH\Controllers\AdmissionMaster.php(305): view('/Admin/Admission/list', [...])
 6 SYSTEMPATH\CodeIgniter.php(933): App\Controllers\AdmissionMaster->list()
 7 SYSTEMPATH\CodeIgniter.php(509): CodeIgniter\CodeIgniter->runController(Object(App\Controllers\AdmissionMaster))
 8 SYSTEMPATH\CodeIgniter.php(355): CodeIgniter\CodeIgniter->handleRequest(null, Object(Config\Cache), false)
 9 SYSTEMPATH\Boot.php(325): CodeIgniter\CodeIgniter->run()
10 SYSTEMPATH\Boot.php(67): CodeIgniter\Boot::runCodeIgniter(Object(CodeIgniter\CodeIgniter))
11 FCPATH\index.php(56): CodeIgniter\Boot::bootWeb(Object(Config\Paths))
WARNING - 2025-02-11 12:22:21 --> [DEPRECATED] strtotime(): Passing null to parameter #1 ($datetime) of type string is deprecated in APPPATH\Views\Admin\Admission\list.php on line 115.
 1 APPPATH\Views\Admin\Admission\list.php(115): strtotime(null)
 2 SYSTEMPATH\View\View.php(234): include('C:\\xampp\\htdocs\\Wolfox\\app\\Views\\Admin\\Admission\\list.php')
 3 SYSTEMPATH\View\View.php(237): CodeIgniter\View\View->CodeIgniter\View\{closure}()
 4 SYSTEMPATH\Common.php(1171): CodeIgniter\View\View->render('/Admin/Admission/list', [], true)
 5 APPPATH\Controllers\AdmissionMaster.php(305): view('/Admin/Admission/list', [...])
 6 SYSTEMPATH\CodeIgniter.php(933): App\Controllers\AdmissionMaster->list()
 7 SYSTEMPATH\CodeIgniter.php(509): CodeIgniter\CodeIgniter->runController(Object(App\Controllers\AdmissionMaster))
 8 SYSTEMPATH\CodeIgniter.php(355): CodeIgniter\CodeIgniter->handleRequest(null, Object(Config\Cache), false)
 9 SYSTEMPATH\Boot.php(325): CodeIgniter\CodeIgniter->run()
10 SYSTEMPATH\Boot.php(67): CodeIgniter\Boot::runCodeIgniter(Object(CodeIgniter\CodeIgniter))
11 FCPATH\index.php(56): CodeIgniter\Boot::bootWeb(Object(Config\Paths))
WARNING - 2025-02-11 12:22:21 --> [DEPRECATED] strtotime(): Passing null to parameter #1 ($datetime) of type string is deprecated in APPPATH\Views\Admin\Admission\list.php on line 115.
 1 APPPATH\Views\Admin\Admission\list.php(115): strtotime(null)
 2 SYSTEMPATH\View\View.php(234): include('C:\\xampp\\htdocs\\Wolfox\\app\\Views\\Admin\\Admission\\list.php')
 3 SYSTEMPATH\View\View.php(237): CodeIgniter\View\View->CodeIgniter\View\{closure}()
 4 SYSTEMPATH\Common.php(1171): CodeIgniter\View\View->render('/Admin/Admission/list', [], true)
 5 APPPATH\Controllers\AdmissionMaster.php(305): view('/Admin/Admission/list', [...])
 6 SYSTEMPATH\CodeIgniter.php(933): App\Controllers\AdmissionMaster->list()
 7 SYSTEMPATH\CodeIgniter.php(509): CodeIgniter\CodeIgniter->runController(Object(App\Controllers\AdmissionMaster))
 8 SYSTEMPATH\CodeIgniter.php(355): CodeIgniter\CodeIgniter->handleRequest(null, Object(Config\Cache), false)
 9 SYSTEMPATH\Boot.php(325): CodeIgniter\CodeIgniter->run()
10 SYSTEMPATH\Boot.php(67): CodeIgniter\Boot::runCodeIgniter(Object(CodeIgniter\CodeIgniter))
11 FCPATH\index.php(56): CodeIgniter\Boot::bootWeb(Object(Config\Paths))
WARNING - 2025-02-11 12:22:21 --> [DEPRECATED] strtotime(): Passing null to parameter #1 ($datetime) of type string is deprecated in APPPATH\Views\Admin\Admission\list.php on line 115.
 1 APPPATH\Views\Admin\Admission\list.php(115): strtotime(null)
 2 SYSTEMPATH\View\View.php(234): include('C:\\xampp\\htdocs\\Wolfox\\app\\Views\\Admin\\Admission\\list.php')
 3 SYSTEMPATH\View\View.php(237): CodeIgniter\View\View->CodeIgniter\View\{closure}()
 4 SYSTEMPATH\Common.php(1171): CodeIgniter\View\View->render('/Admin/Admission/list', [], true)
 5 APPPATH\Controllers\AdmissionMaster.php(305): view('/Admin/Admission/list', [...])
 6 SYSTEMPATH\CodeIgniter.php(933): App\Controllers\AdmissionMaster->list()
 7 SYSTEMPATH\CodeIgniter.php(509): CodeIgniter\CodeIgniter->runController(Object(App\Controllers\AdmissionMaster))
 8 SYSTEMPATH\CodeIgniter.php(355): CodeIgniter\CodeIgniter->handleRequest(null, Object(Config\Cache), false)
 9 SYSTEMPATH\Boot.php(325): CodeIgniter\CodeIgniter->run()
10 SYSTEMPATH\Boot.php(67): CodeIgniter\Boot::runCodeIgniter(Object(CodeIgniter\CodeIgniter))
11 FCPATH\index.php(56): CodeIgniter\Boot::bootWeb(Object(Config\Paths))
WARNING - 2025-02-11 12:22:21 --> [DEPRECATED] strtotime(): Passing null to parameter #1 ($datetime) of type string is deprecated in APPPATH\Views\Admin\Admission\list.php on line 115.
 1 APPPATH\Views\Admin\Admission\list.php(115): strtotime(null)
 2 SYSTEMPATH\View\View.php(234): include('C:\\xampp\\htdocs\\Wolfox\\app\\Views\\Admin\\Admission\\list.php')
 3 SYSTEMPATH\View\View.php(237): CodeIgniter\View\View->CodeIgniter\View\{closure}()
 4 SYSTEMPATH\Common.php(1171): CodeIgniter\View\View->render('/Admin/Admission/list', [], true)
 5 APPPATH\Controllers\AdmissionMaster.php(305): view('/Admin/Admission/list', [...])
 6 SYSTEMPATH\CodeIgniter.php(933): App\Controllers\AdmissionMaster->list()
 7 SYSTEMPATH\CodeIgniter.php(509): CodeIgniter\CodeIgniter->runController(Object(App\Controllers\AdmissionMaster))
 8 SYSTEMPATH\CodeIgniter.php(355): CodeIgniter\CodeIgniter->handleRequest(null, Object(Config\Cache), false)
 9 SYSTEMPATH\Boot.php(325): CodeIgniter\CodeIgniter->run()
10 SYSTEMPATH\Boot.php(67): CodeIgniter\Boot::runCodeIgniter(Object(CodeIgniter\CodeIgniter))
11 FCPATH\index.php(56): CodeIgniter\Boot::bootWeb(Object(Config\Paths))
WARNING - 2025-02-11 12:22:21 --> [DEPRECATED] strtotime(): Passing null to parameter #1 ($datetime) of type string is deprecated in APPPATH\Views\Admin\Admission\list.php on line 115.
 1 APPPATH\Views\Admin\Admission\list.php(115): strtotime(null)
 2 SYSTEMPATH\View\View.php(234): include('C:\\xampp\\htdocs\\Wolfox\\app\\Views\\Admin\\Admission\\list.php')
 3 SYSTEMPATH\View\View.php(237): CodeIgniter\View\View->CodeIgniter\View\{closure}()
 4 SYSTEMPATH\Common.php(1171): CodeIgniter\View\View->render('/Admin/Admission/list', [], true)
 5 APPPATH\Controllers\AdmissionMaster.php(305): view('/Admin/Admission/list', [...])
 6 SYSTEMPATH\CodeIgniter.php(933): App\Controllers\AdmissionMaster->list()
 7 SYSTEMPATH\CodeIgniter.php(509): CodeIgniter\CodeIgniter->runController(Object(App\Controllers\AdmissionMaster))
 8 SYSTEMPATH\CodeIgniter.php(355): CodeIgniter\CodeIgniter->handleRequest(null, Object(Config\Cache), false)
 9 SYSTEMPATH\Boot.php(325): CodeIgniter\CodeIgniter->run()
10 SYSTEMPATH\Boot.php(67): CodeIgniter\Boot::runCodeIgniter(Object(CodeIgniter\CodeIgniter))
11 FCPATH\index.php(56): CodeIgniter\Boot::bootWeb(Object(Config\Paths))
WARNING - 2025-02-11 12:22:21 --> [DEPRECATED] strtotime(): Passing null to parameter #1 ($datetime) of type string is deprecated in APPPATH\Views\Admin\Admission\list.php on line 115.
 1 APPPATH\Views\Admin\Admission\list.php(115): strtotime(null)
 2 SYSTEMPATH\View\View.php(234): include('C:\\xampp\\htdocs\\Wolfox\\app\\Views\\Admin\\Admission\\list.php')
 3 SYSTEMPATH\View\View.php(237): CodeIgniter\View\View->CodeIgniter\View\{closure}()
 4 SYSTEMPATH\Common.php(1171): CodeIgniter\View\View->render('/Admin/Admission/list', [], true)
 5 APPPATH\Controllers\AdmissionMaster.php(305): view('/Admin/Admission/list', [...])
 6 SYSTEMPATH\CodeIgniter.php(933): App\Controllers\AdmissionMaster->list()
 7 SYSTEMPATH\CodeIgniter.php(509): CodeIgniter\CodeIgniter->runController(Object(App\Controllers\AdmissionMaster))
 8 SYSTEMPATH\CodeIgniter.php(355): CodeIgniter\CodeIgniter->handleRequest(null, Object(Config\Cache), false)
 9 SYSTEMPATH\Boot.php(325): CodeIgniter\CodeIgniter->run()
10 SYSTEMPATH\Boot.php(67): CodeIgniter\Boot::runCodeIgniter(Object(CodeIgniter\CodeIgniter))
11 FCPATH\index.php(56): CodeIgniter\Boot::bootWeb(Object(Config\Paths))
WARNING - 2025-02-11 12:22:21 --> [DEPRECATED] strtotime(): Passing null to parameter #1 ($datetime) of type string is deprecated in APPPATH\Views\Admin\Admission\list.php on line 115.
 1 APPPATH\Views\Admin\Admission\list.php(115): strtotime(null)
 2 SYSTEMPATH\View\View.php(234): include('C:\\xampp\\htdocs\\Wolfox\\app\\Views\\Admin\\Admission\\list.php')
 3 SYSTEMPATH\View\View.php(237): CodeIgniter\View\View->CodeIgniter\View\{closure}()
 4 SYSTEMPATH\Common.php(1171): CodeIgniter\View\View->render('/Admin/Admission/list', [], true)
 5 APPPATH\Controllers\AdmissionMaster.php(305): view('/Admin/Admission/list', [...])
 6 SYSTEMPATH\CodeIgniter.php(933): App\Controllers\AdmissionMaster->list()
 7 SYSTEMPATH\CodeIgniter.php(509): CodeIgniter\CodeIgniter->runController(Object(App\Controllers\AdmissionMaster))
 8 SYSTEMPATH\CodeIgniter.php(355): CodeIgniter\CodeIgniter->handleRequest(null, Object(Config\Cache), false)
 9 SYSTEMPATH\Boot.php(325): CodeIgniter\CodeIgniter->run()
10 SYSTEMPATH\Boot.php(67): CodeIgniter\Boot::runCodeIgniter(Object(CodeIgniter\CodeIgniter))
11 FCPATH\index.php(56): CodeIgniter\Boot::bootWeb(Object(Config\Paths))
WARNING - 2025-02-11 12:22:21 --> [DEPRECATED] strtotime(): Passing null to parameter #1 ($datetime) of type string is deprecated in APPPATH\Views\Admin\Admission\list.php on line 115.
 1 APPPATH\Views\Admin\Admission\list.php(115): strtotime(null)
 2 SYSTEMPATH\View\View.php(234): include('C:\\xampp\\htdocs\\Wolfox\\app\\Views\\Admin\\Admission\\list.php')
 3 SYSTEMPATH\View\View.php(237): CodeIgniter\View\View->CodeIgniter\View\{closure}()
 4 SYSTEMPATH\Common.php(1171): CodeIgniter\View\View->render('/Admin/Admission/list', [], true)
 5 APPPATH\Controllers\AdmissionMaster.php(305): view('/Admin/Admission/list', [...])
 6 SYSTEMPATH\CodeIgniter.php(933): App\Controllers\AdmissionMaster->list()
 7 SYSTEMPATH\CodeIgniter.php(509): CodeIgniter\CodeIgniter->runController(Object(App\Controllers\AdmissionMaster))
 8 SYSTEMPATH\CodeIgniter.php(355): CodeIgniter\CodeIgniter->handleRequest(null, Object(Config\Cache), false)
 9 SYSTEMPATH\Boot.php(325): CodeIgniter\CodeIgniter->run()
10 SYSTEMPATH\Boot.php(67): CodeIgniter\Boot::runCodeIgniter(Object(CodeIgniter\CodeIgniter))
11 FCPATH\index.php(56): CodeIgniter\Boot::bootWeb(Object(Config\Paths))
INFO - 2025-02-11 12:29:33 --> Session: Class initialized using 'CodeIgniter\Session\Handlers\FileHandler' driver.
CRITICAL - 2025-02-11 12:29:33 --> ErrorException: Undefined array key "cinno"
[Method: GET, Route: Admin/companylist/list]
in APPPATH\Views\Admin\company\companylist.php on line 444.
 1 APPPATH\Views\Admin\company\companylist.php(444): CodeIgniter\Debug\Exceptions->errorHandler(2, 'Undefined array key "cinno"', 'C:\\xampp\\htdocs\\Wolfox\\app\\Views\\Admin\\company\\companylist.php', 444)
 2 SYSTEMPATH\View\View.php(234): include('C:\\xampp\\htdocs\\Wolfox\\app\\Views\\Admin\\company\\companylist.php')
 3 SYSTEMPATH\View\View.php(237): CodeIgniter\View\View->CodeIgniter\View\{closure}()
 4 SYSTEMPATH\Common.php(1171): CodeIgniter\View\View->render('Admin/company/companylist', [], true)
 5 APPPATH\Controllers\CmsMaster.php(11): view('Admin/company/companylist', [...])
 6 SYSTEMPATH\CodeIgniter.php(933): App\Controllers\CmsMaster->list()
 7 SYSTEMPATH\CodeIgniter.php(509): CodeIgniter\CodeIgniter->runController(Object(App\Controllers\CmsMaster))
 8 SYSTEMPATH\CodeIgniter.php(355): CodeIgniter\CodeIgniter->handleRequest(null, Object(Config\Cache), false)
 9 SYSTEMPATH\Boot.php(325): CodeIgniter\CodeIgniter->run()
10 SYSTEMPATH\Boot.php(67): CodeIgniter\Boot::runCodeIgniter(Object(CodeIgniter\CodeIgniter))
11 FCPATH\index.php(56): CodeIgniter\Boot::bootWeb(Object(Config\Paths))
INFO - 2025-02-11 12:30:14 --> Session: Class initialized using 'CodeIgniter\Session\Handlers\FileHandler' driver.
INFO - 2025-02-11 12:31:04 --> Session: Class initialized using 'CodeIgniter\Session\Handlers\FileHandler' driver.
INFO - 2025-02-11 12:31:59 --> Session: Class initialized using 'CodeIgniter\Session\Handlers\FileHandler' driver.
INFO - 2025-02-11 12:32:01 --> Session: Class initialized using 'CodeIgniter\Session\Handlers\FileHandler' driver.
INFO - 2025-02-11 12:33:25 --> Session: Class initialized using 'CodeIgniter\Session\Handlers\FileHandler' driver.
INFO - 2025-02-11 12:33:29 --> Session: Class initialized using 'CodeIgniter\Session\Handlers\FileHandler' driver.
