INFO - 2025-03-11 04:02:37 --> Session: Class initialized using 'CodeIgniter\Session\Handlers\FileHandler' driver.
INFO - 2025-03-11 04:02:49 --> Session: Class initialized using 'CodeIgniter\Session\Handlers\FileHandler' driver.
INFO - 2025-03-11 04:14:49 --> Session: Class initialized using 'CodeIgniter\Session\Handlers\FileHandler' driver.
INFO - 2025-03-11 04:14:49 --> Session: Class initialized using 'CodeIgniter\Session\Handlers\FileHandler' driver.
INFO - 2025-03-11 04:15:40 --> Session: Class initialized using 'CodeIgniter\Session\Handlers\FileHandler' driver.
INFO - 2025-03-11 04:15:55 --> Session: Class initialized using 'CodeIgniter\Session\Handlers\FileHandler' driver.
INFO - 2025-03-11 04:16:04 --> Session: Class initialized using 'CodeIgniter\Session\Handlers\FileHandler' driver.
INFO - 2025-03-11 04:16:04 --> Session: Class initialized using 'CodeIgniter\Session\Handlers\FileHandler' driver.
INFO - 2025-03-11 04:16:20 --> Session: Class initialized using 'CodeIgniter\Session\Handlers\FileHandler' driver.
INFO - 2025-03-11 04:16:20 --> Session: Class initialized using 'CodeIgniter\Session\Handlers\FileHandler' driver.
INFO - 2025-03-11 04:17:37 --> Session: Class initialized using 'CodeIgniter\Session\Handlers\FileHandler' driver.
INFO - 2025-03-11 04:17:37 --> Session: Class initialized using 'CodeIgniter\Session\Handlers\FileHandler' driver.
INFO - 2025-03-11 04:18:48 --> Session: Class initialized using 'CodeIgniter\Session\Handlers\FileHandler' driver.
INFO - 2025-03-11 04:18:54 --> Session: Class initialized using 'CodeIgniter\Session\Handlers\FileHandler' driver.
INFO - 2025-03-11 04:19:00 --> Session: Class initialized using 'CodeIgniter\Session\Handlers\FileHandler' driver.
INFO - 2025-03-11 04:19:22 --> Session: Class initialized using 'CodeIgniter\Session\Handlers\FileHandler' driver.
INFO - 2025-03-11 04:23:49 --> Session: Class initialized using 'CodeIgniter\Session\Handlers\FileHandler' driver.
INFO - 2025-03-11 04:23:55 --> Session: Class initialized using 'CodeIgniter\Session\Handlers\FileHandler' driver.
INFO - 2025-03-11 04:26:01 --> Session: Class initialized using 'CodeIgniter\Session\Handlers\FileHandler' driver.
INFO - 2025-03-11 04:26:03 --> Session: Class initialized using 'CodeIgniter\Session\Handlers\FileHandler' driver.
INFO - 2025-03-11 04:26:05 --> Session: Class initialized using 'CodeIgniter\Session\Handlers\FileHandler' driver.
INFO - 2025-03-11 04:26:08 --> Session: Class initialized using 'CodeIgniter\Session\Handlers\FileHandler' driver.
INFO - 2025-03-11 04:26:10 --> Session: Class initialized using 'CodeIgniter\Session\Handlers\FileHandler' driver.
INFO - 2025-03-11 04:26:13 --> Session: Class initialized using 'CodeIgniter\Session\Handlers\FileHandler' driver.
INFO - 2025-03-11 04:26:16 --> Session: Class initialized using 'CodeIgniter\Session\Handlers\FileHandler' driver.
INFO - 2025-03-11 04:26:20 --> Session: Class initialized using 'CodeIgniter\Session\Handlers\FileHandler' driver.
INFO - 2025-03-11 04:26:22 --> Session: Class initialized using 'CodeIgniter\Session\Handlers\FileHandler' driver.
INFO - 2025-03-11 04:27:14 --> Session: Class initialized using 'CodeIgniter\Session\Handlers\FileHandler' driver.
INFO - 2025-03-11 04:35:44 --> Session: Class initialized using 'CodeIgniter\Session\Handlers\FileHandler' driver.
INFO - 2025-03-11 04:36:49 --> Session: Class initialized using 'CodeIgniter\Session\Handlers\FileHandler' driver.
INFO - 2025-03-11 04:36:49 --> Session: Class initialized using 'CodeIgniter\Session\Handlers\FileHandler' driver.
INFO - 2025-03-11 04:38:39 --> Session: Class initialized using 'CodeIgniter\Session\Handlers\FileHandler' driver.
INFO - 2025-03-11 04:38:39 --> Session: Class initialized using 'CodeIgniter\Session\Handlers\FileHandler' driver.
INFO - 2025-03-11 04:51:44 --> Session: Class initialized using 'CodeIgniter\Session\Handlers\FileHandler' driver.
INFO - 2025-03-11 04:51:44 --> Session: Class initialized using 'CodeIgniter\Session\Handlers\FileHandler' driver.
INFO - 2025-03-11 04:52:11 --> Session: Class initialized using 'CodeIgniter\Session\Handlers\FileHandler' driver.
INFO - 2025-03-11 04:52:11 --> Session: Class initialized using 'CodeIgniter\Session\Handlers\FileHandler' driver.
INFO - 2025-03-11 04:52:21 --> Session: Class initialized using 'CodeIgniter\Session\Handlers\FileHandler' driver.
INFO - 2025-03-11 04:52:25 --> Session: Class initialized using 'CodeIgniter\Session\Handlers\FileHandler' driver.
INFO - 2025-03-11 04:54:25 --> Session: Class initialized using 'CodeIgniter\Session\Handlers\FileHandler' driver.
INFO - 2025-03-11 04:54:47 --> Session: Class initialized using 'CodeIgniter\Session\Handlers\FileHandler' driver.
INFO - 2025-03-11 05:20:55 --> Session: Class initialized using 'CodeIgniter\Session\Handlers\FileHandler' driver.
INFO - 2025-03-11 05:20:59 --> Session: Class initialized using 'CodeIgniter\Session\Handlers\FileHandler' driver.
INFO - 2025-03-11 05:22:55 --> Session: Class initialized using 'CodeIgniter\Session\Handlers\FileHandler' driver.
INFO - 2025-03-11 05:23:29 --> Session: Class initialized using 'CodeIgniter\Session\Handlers\FileHandler' driver.
INFO - 2025-03-11 05:24:46 --> Session: Class initialized using 'CodeIgniter\Session\Handlers\FileHandler' driver.
INFO - 2025-03-11 05:24:46 --> Session: Class initialized using 'CodeIgniter\Session\Handlers\FileHandler' driver.
INFO - 2025-03-11 05:25:01 --> Session: Class initialized using 'CodeIgniter\Session\Handlers\FileHandler' driver.
INFO - 2025-03-11 05:25:15 --> Session: Class initialized using 'CodeIgniter\Session\Handlers\FileHandler' driver.
INFO - 2025-03-11 05:25:23 --> Session: Class initialized using 'CodeIgniter\Session\Handlers\FileHandler' driver.
INFO - 2025-03-11 05:25:56 --> Session: Class initialized using 'CodeIgniter\Session\Handlers\FileHandler' driver.
INFO - 2025-03-11 05:26:08 --> Session: Class initialized using 'CodeIgniter\Session\Handlers\FileHandler' driver.
INFO - 2025-03-11 05:26:12 --> Session: Class initialized using 'CodeIgniter\Session\Handlers\FileHandler' driver.
INFO - 2025-03-11 05:26:34 --> Session: Class initialized using 'CodeIgniter\Session\Handlers\FileHandler' driver.
INFO - 2025-03-11 05:26:34 --> Session: Class initialized using 'CodeIgniter\Session\Handlers\FileHandler' driver.
INFO - 2025-03-11 05:26:47 --> Session: Class initialized using 'CodeIgniter\Session\Handlers\FileHandler' driver.
INFO - 2025-03-11 05:27:02 --> Session: Class initialized using 'CodeIgniter\Session\Handlers\FileHandler' driver.
INFO - 2025-03-11 05:27:17 --> Session: Class initialized using 'CodeIgniter\Session\Handlers\FileHandler' driver.
INFO - 2025-03-11 05:27:31 --> Session: Class initialized using 'CodeIgniter\Session\Handlers\FileHandler' driver.
INFO - 2025-03-11 05:27:32 --> Session: Class initialized using 'CodeIgniter\Session\Handlers\FileHandler' driver.
INFO - 2025-03-11 05:27:54 --> Session: Class initialized using 'CodeIgniter\Session\Handlers\FileHandler' driver.
INFO - 2025-03-11 05:28:06 --> Session: Class initialized using 'CodeIgniter\Session\Handlers\FileHandler' driver.
INFO - 2025-03-11 05:28:07 --> Session: Class initialized using 'CodeIgniter\Session\Handlers\FileHandler' driver.
INFO - 2025-03-11 05:29:14 --> Session: Class initialized using 'CodeIgniter\Session\Handlers\FileHandler' driver.
INFO - 2025-03-11 05:29:20 --> Session: Class initialized using 'CodeIgniter\Session\Handlers\FileHandler' driver.
INFO - 2025-03-11 05:29:23 --> Session: Class initialized using 'CodeIgniter\Session\Handlers\FileHandler' driver.
INFO - 2025-03-11 05:29:23 --> Session: Class initialized using 'CodeIgniter\Session\Handlers\FileHandler' driver.
INFO - 2025-03-11 05:29:42 --> Session: Class initialized using 'CodeIgniter\Session\Handlers\FileHandler' driver.
INFO - 2025-03-11 05:29:42 --> Session: Class initialized using 'CodeIgniter\Session\Handlers\FileHandler' driver.
INFO - 2025-03-11 05:29:50 --> Session: Class initialized using 'CodeIgniter\Session\Handlers\FileHandler' driver.
INFO - 2025-03-11 05:29:50 --> Session: Class initialized using 'CodeIgniter\Session\Handlers\FileHandler' driver.
INFO - 2025-03-11 05:30:01 --> Session: Class initialized using 'CodeIgniter\Session\Handlers\FileHandler' driver.
INFO - 2025-03-11 05:30:04 --> Session: Class initialized using 'CodeIgniter\Session\Handlers\FileHandler' driver.
INFO - 2025-03-11 05:30:04 --> Session: Class initialized using 'CodeIgniter\Session\Handlers\FileHandler' driver.
INFO - 2025-03-11 05:30:29 --> Session: Class initialized using 'CodeIgniter\Session\Handlers\FileHandler' driver.
INFO - 2025-03-11 05:30:34 --> Session: Class initialized using 'CodeIgniter\Session\Handlers\FileHandler' driver.
INFO - 2025-03-11 05:30:42 --> Session: Class initialized using 'CodeIgniter\Session\Handlers\FileHandler' driver.
INFO - 2025-03-11 05:30:42 --> Session: Class initialized using 'CodeIgniter\Session\Handlers\FileHandler' driver.
INFO - 2025-03-11 05:30:46 --> Session: Class initialized using 'CodeIgniter\Session\Handlers\FileHandler' driver.
INFO - 2025-03-11 05:30:49 --> Session: Class initialized using 'CodeIgniter\Session\Handlers\FileHandler' driver.
INFO - 2025-03-11 05:30:49 --> Session: Class initialized using 'CodeIgniter\Session\Handlers\FileHandler' driver.
INFO - 2025-03-11 05:31:01 --> Session: Class initialized using 'CodeIgniter\Session\Handlers\FileHandler' driver.
INFO - 2025-03-11 05:31:01 --> Session: Class initialized using 'CodeIgniter\Session\Handlers\FileHandler' driver.
INFO - 2025-03-11 05:31:28 --> Session: Class initialized using 'CodeIgniter\Session\Handlers\FileHandler' driver.
INFO - 2025-03-11 05:31:32 --> Session: Class initialized using 'CodeIgniter\Session\Handlers\FileHandler' driver.
INFO - 2025-03-11 05:31:42 --> Session: Class initialized using 'CodeIgniter\Session\Handlers\FileHandler' driver.
INFO - 2025-03-11 05:31:47 --> Session: Class initialized using 'CodeIgniter\Session\Handlers\FileHandler' driver.
INFO - 2025-03-11 05:31:47 --> Session: Class initialized using 'CodeIgniter\Session\Handlers\FileHandler' driver.
INFO - 2025-03-11 05:31:51 --> Session: Class initialized using 'CodeIgniter\Session\Handlers\FileHandler' driver.
INFO - 2025-03-11 05:31:52 --> Session: Class initialized using 'CodeIgniter\Session\Handlers\FileHandler' driver.
INFO - 2025-03-11 05:31:53 --> Session: Class initialized using 'CodeIgniter\Session\Handlers\FileHandler' driver.
INFO - 2025-03-11 05:31:56 --> Session: Class initialized using 'CodeIgniter\Session\Handlers\FileHandler' driver.
INFO - 2025-03-11 05:31:56 --> Session: Class initialized using 'CodeIgniter\Session\Handlers\FileHandler' driver.
INFO - 2025-03-11 05:32:23 --> Session: Class initialized using 'CodeIgniter\Session\Handlers\FileHandler' driver.
INFO - 2025-03-11 05:32:28 --> Session: Class initialized using 'CodeIgniter\Session\Handlers\FileHandler' driver.
INFO - 2025-03-11 05:32:30 --> Session: Class initialized using 'CodeIgniter\Session\Handlers\FileHandler' driver.
INFO - 2025-03-11 05:32:42 --> Session: Class initialized using 'CodeIgniter\Session\Handlers\FileHandler' driver.
INFO - 2025-03-11 05:32:51 --> Session: Class initialized using 'CodeIgniter\Session\Handlers\FileHandler' driver.
INFO - 2025-03-11 05:33:43 --> Session: Class initialized using 'CodeIgniter\Session\Handlers\FileHandler' driver.
INFO - 2025-03-11 05:33:43 --> Session: Class initialized using 'CodeIgniter\Session\Handlers\FileHandler' driver.
WARNING - 2025-03-11 05:34:01 --> [DEPRECATED] strtolower(): Passing null to parameter #1 ($string) of type string is deprecated in APPPATH\Controllers\AdmissionMaster.php on line 52.
 1 APPPATH\Controllers\AdmissionMaster.php(52): strtolower(null)
 2 SYSTEMPATH\CodeIgniter.php(933): App\Controllers\AdmissionMaster->save()
 3 SYSTEMPATH\CodeIgniter.php(509): CodeIgniter\CodeIgniter->runController(Object(App\Controllers\AdmissionMaster))
 4 SYSTEMPATH\CodeIgniter.php(355): CodeIgniter\CodeIgniter->handleRequest(null, Object(Config\Cache), false)
 5 SYSTEMPATH\Boot.php(325): CodeIgniter\CodeIgniter->run()
 6 SYSTEMPATH\Boot.php(67): CodeIgniter\Boot::runCodeIgniter(Object(CodeIgniter\CodeIgniter))
 7 FCPATH\index.php(56): CodeIgniter\Boot::bootWeb(Object(Config\Paths))
WARNING - 2025-03-11 05:34:01 --> [DEPRECATED] strtolower(): Passing null to parameter #1 ($string) of type string is deprecated in APPPATH\Controllers\AdmissionMaster.php on line 53.
 1 APPPATH\Controllers\AdmissionMaster.php(53): strtolower(null)
 2 SYSTEMPATH\CodeIgniter.php(933): App\Controllers\AdmissionMaster->save()
 3 SYSTEMPATH\CodeIgniter.php(509): CodeIgniter\CodeIgniter->runController(Object(App\Controllers\AdmissionMaster))
 4 SYSTEMPATH\CodeIgniter.php(355): CodeIgniter\CodeIgniter->handleRequest(null, Object(Config\Cache), false)
 5 SYSTEMPATH\Boot.php(325): CodeIgniter\CodeIgniter->run()
 6 SYSTEMPATH\Boot.php(67): CodeIgniter\Boot::runCodeIgniter(Object(CodeIgniter\CodeIgniter))
 7 FCPATH\index.php(56): CodeIgniter\Boot::bootWeb(Object(Config\Paths))
WARNING - 2025-03-11 05:34:01 --> [DEPRECATED] strtolower(): Passing null to parameter #1 ($string) of type string is deprecated in APPPATH\Controllers\AdmissionMaster.php on line 54.
 1 APPPATH\Controllers\AdmissionMaster.php(54): strtolower(null)
 2 SYSTEMPATH\CodeIgniter.php(933): App\Controllers\AdmissionMaster->save()
 3 SYSTEMPATH\CodeIgniter.php(509): CodeIgniter\CodeIgniter->runController(Object(App\Controllers\AdmissionMaster))
 4 SYSTEMPATH\CodeIgniter.php(355): CodeIgniter\CodeIgniter->handleRequest(null, Object(Config\Cache), false)
 5 SYSTEMPATH\Boot.php(325): CodeIgniter\CodeIgniter->run()
 6 SYSTEMPATH\Boot.php(67): CodeIgniter\Boot::runCodeIgniter(Object(CodeIgniter\CodeIgniter))
 7 FCPATH\index.php(56): CodeIgniter\Boot::bootWeb(Object(Config\Paths))
WARNING - 2025-03-11 05:34:01 --> [DEPRECATED] substr(): Passing null to parameter #1 ($string) of type string is deprecated in APPPATH\Controllers\AdmissionMaster.php on line 75.
 1 APPPATH\Controllers\AdmissionMaster.php(75): substr(null, -4)
 2 SYSTEMPATH\CodeIgniter.php(933): App\Controllers\AdmissionMaster->save()
 3 SYSTEMPATH\CodeIgniter.php(509): CodeIgniter\CodeIgniter->runController(Object(App\Controllers\AdmissionMaster))
 4 SYSTEMPATH\CodeIgniter.php(355): CodeIgniter\CodeIgniter->handleRequest(null, Object(Config\Cache), false)
 5 SYSTEMPATH\Boot.php(325): CodeIgniter\CodeIgniter->run()
 6 SYSTEMPATH\Boot.php(67): CodeIgniter\Boot::runCodeIgniter(Object(CodeIgniter\CodeIgniter))
 7 FCPATH\index.php(56): CodeIgniter\Boot::bootWeb(Object(Config\Paths))
WARNING - 2025-03-11 05:34:01 --> [DEPRECATED] DateTime::__construct(): Passing null to parameter #1 ($datetime) of type string is deprecated in APPPATH\Controllers\AdmissionMaster.php on line 86.
 1 APPPATH\Controllers\AdmissionMaster.php(86): DateTime->__construct(null)
 2 SYSTEMPATH\CodeIgniter.php(933): App\Controllers\AdmissionMaster->save()
 3 SYSTEMPATH\CodeIgniter.php(509): CodeIgniter\CodeIgniter->runController(Object(App\Controllers\AdmissionMaster))
 4 SYSTEMPATH\CodeIgniter.php(355): CodeIgniter\CodeIgniter->handleRequest(null, Object(Config\Cache), false)
 5 SYSTEMPATH\Boot.php(325): CodeIgniter\CodeIgniter->run()
 6 SYSTEMPATH\Boot.php(67): CodeIgniter\Boot::runCodeIgniter(Object(CodeIgniter\CodeIgniter))
 7 FCPATH\index.php(56): CodeIgniter\Boot::bootWeb(Object(Config\Paths))
WARNING - 2025-03-11 05:34:01 --> [DEPRECATED] strtotime(): Passing null to parameter #1 ($datetime) of type string is deprecated in APPPATH\Controllers\AdmissionMaster.php on line 96.
 1 APPPATH\Controllers\AdmissionMaster.php(96): strtotime(null)
 2 SYSTEMPATH\CodeIgniter.php(933): App\Controllers\AdmissionMaster->save()
 3 SYSTEMPATH\CodeIgniter.php(509): CodeIgniter\CodeIgniter->runController(Object(App\Controllers\AdmissionMaster))
 4 SYSTEMPATH\CodeIgniter.php(355): CodeIgniter\CodeIgniter->handleRequest(null, Object(Config\Cache), false)
 5 SYSTEMPATH\Boot.php(325): CodeIgniter\CodeIgniter->run()
 6 SYSTEMPATH\Boot.php(67): CodeIgniter\Boot::runCodeIgniter(Object(CodeIgniter\CodeIgniter))
 7 FCPATH\index.php(56): CodeIgniter\Boot::bootWeb(Object(Config\Paths))
WARNING - 2025-03-11 05:34:01 --> [DEPRECATED] strtotime(): Passing null to parameter #1 ($datetime) of type string is deprecated in APPPATH\Controllers\AdmissionMaster.php on line 97.
 1 APPPATH\Controllers\AdmissionMaster.php(97): strtotime(null)
 2 SYSTEMPATH\CodeIgniter.php(933): App\Controllers\AdmissionMaster->save()
 3 SYSTEMPATH\CodeIgniter.php(509): CodeIgniter\CodeIgniter->runController(Object(App\Controllers\AdmissionMaster))
 4 SYSTEMPATH\CodeIgniter.php(355): CodeIgniter\CodeIgniter->handleRequest(null, Object(Config\Cache), false)
 5 SYSTEMPATH\Boot.php(325): CodeIgniter\CodeIgniter->run()
 6 SYSTEMPATH\Boot.php(67): CodeIgniter\Boot::runCodeIgniter(Object(CodeIgniter\CodeIgniter))
 7 FCPATH\index.php(56): CodeIgniter\Boot::bootWeb(Object(Config\Paths))
INFO - 2025-03-11 05:34:01 --> Session: Class initialized using 'CodeIgniter\Session\Handlers\FileHandler' driver.
INFO - 2025-03-11 05:34:01 --> Session: Class initialized using 'CodeIgniter\Session\Handlers\FileHandler' driver.
INFO - 2025-03-11 05:39:07 --> Session: Class initialized using 'CodeIgniter\Session\Handlers\FileHandler' driver.
INFO - 2025-03-11 05:39:25 --> Session: Class initialized using 'CodeIgniter\Session\Handlers\FileHandler' driver.
INFO - 2025-03-11 05:39:27 --> Session: Class initialized using 'CodeIgniter\Session\Handlers\FileHandler' driver.
INFO - 2025-03-11 05:39:42 --> Session: Class initialized using 'CodeIgniter\Session\Handlers\FileHandler' driver.
WARNING - 2025-03-11 05:41:44 --> [DEPRECATED] strtolower(): Passing null to parameter #1 ($string) of type string is deprecated in APPPATH\Controllers\AdmissionMaster.php on line 52.
 1 APPPATH\Controllers\AdmissionMaster.php(52): strtolower(null)
 2 SYSTEMPATH\CodeIgniter.php(933): App\Controllers\AdmissionMaster->save()
 3 SYSTEMPATH\CodeIgniter.php(509): CodeIgniter\CodeIgniter->runController(Object(App\Controllers\AdmissionMaster))
 4 SYSTEMPATH\CodeIgniter.php(355): CodeIgniter\CodeIgniter->handleRequest(null, Object(Config\Cache), false)
 5 SYSTEMPATH\Boot.php(325): CodeIgniter\CodeIgniter->run()
 6 SYSTEMPATH\Boot.php(67): CodeIgniter\Boot::runCodeIgniter(Object(CodeIgniter\CodeIgniter))
 7 FCPATH\index.php(56): CodeIgniter\Boot::bootWeb(Object(Config\Paths))
WARNING - 2025-03-11 05:41:44 --> [DEPRECATED] strtolower(): Passing null to parameter #1 ($string) of type string is deprecated in APPPATH\Controllers\AdmissionMaster.php on line 53.
 1 APPPATH\Controllers\AdmissionMaster.php(53): strtolower(null)
 2 SYSTEMPATH\CodeIgniter.php(933): App\Controllers\AdmissionMaster->save()
 3 SYSTEMPATH\CodeIgniter.php(509): CodeIgniter\CodeIgniter->runController(Object(App\Controllers\AdmissionMaster))
 4 SYSTEMPATH\CodeIgniter.php(355): CodeIgniter\CodeIgniter->handleRequest(null, Object(Config\Cache), false)
 5 SYSTEMPATH\Boot.php(325): CodeIgniter\CodeIgniter->run()
 6 SYSTEMPATH\Boot.php(67): CodeIgniter\Boot::runCodeIgniter(Object(CodeIgniter\CodeIgniter))
 7 FCPATH\index.php(56): CodeIgniter\Boot::bootWeb(Object(Config\Paths))
WARNING - 2025-03-11 05:41:44 --> [DEPRECATED] strtolower(): Passing null to parameter #1 ($string) of type string is deprecated in APPPATH\Controllers\AdmissionMaster.php on line 54.
 1 APPPATH\Controllers\AdmissionMaster.php(54): strtolower(null)
 2 SYSTEMPATH\CodeIgniter.php(933): App\Controllers\AdmissionMaster->save()
 3 SYSTEMPATH\CodeIgniter.php(509): CodeIgniter\CodeIgniter->runController(Object(App\Controllers\AdmissionMaster))
 4 SYSTEMPATH\CodeIgniter.php(355): CodeIgniter\CodeIgniter->handleRequest(null, Object(Config\Cache), false)
 5 SYSTEMPATH\Boot.php(325): CodeIgniter\CodeIgniter->run()
 6 SYSTEMPATH\Boot.php(67): CodeIgniter\Boot::runCodeIgniter(Object(CodeIgniter\CodeIgniter))
 7 FCPATH\index.php(56): CodeIgniter\Boot::bootWeb(Object(Config\Paths))
WARNING - 2025-03-11 05:41:44 --> [DEPRECATED] substr(): Passing null to parameter #1 ($string) of type string is deprecated in APPPATH\Controllers\AdmissionMaster.php on line 75.
 1 APPPATH\Controllers\AdmissionMaster.php(75): substr(null, -4)
 2 SYSTEMPATH\CodeIgniter.php(933): App\Controllers\AdmissionMaster->save()
 3 SYSTEMPATH\CodeIgniter.php(509): CodeIgniter\CodeIgniter->runController(Object(App\Controllers\AdmissionMaster))
 4 SYSTEMPATH\CodeIgniter.php(355): CodeIgniter\CodeIgniter->handleRequest(null, Object(Config\Cache), false)
 5 SYSTEMPATH\Boot.php(325): CodeIgniter\CodeIgniter->run()
 6 SYSTEMPATH\Boot.php(67): CodeIgniter\Boot::runCodeIgniter(Object(CodeIgniter\CodeIgniter))
 7 FCPATH\index.php(56): CodeIgniter\Boot::bootWeb(Object(Config\Paths))
WARNING - 2025-03-11 05:41:44 --> [DEPRECATED] DateTime::__construct(): Passing null to parameter #1 ($datetime) of type string is deprecated in APPPATH\Controllers\AdmissionMaster.php on line 86.
 1 APPPATH\Controllers\AdmissionMaster.php(86): DateTime->__construct(null)
 2 SYSTEMPATH\CodeIgniter.php(933): App\Controllers\AdmissionMaster->save()
 3 SYSTEMPATH\CodeIgniter.php(509): CodeIgniter\CodeIgniter->runController(Object(App\Controllers\AdmissionMaster))
 4 SYSTEMPATH\CodeIgniter.php(355): CodeIgniter\CodeIgniter->handleRequest(null, Object(Config\Cache), false)
 5 SYSTEMPATH\Boot.php(325): CodeIgniter\CodeIgniter->run()
 6 SYSTEMPATH\Boot.php(67): CodeIgniter\Boot::runCodeIgniter(Object(CodeIgniter\CodeIgniter))
 7 FCPATH\index.php(56): CodeIgniter\Boot::bootWeb(Object(Config\Paths))
WARNING - 2025-03-11 05:41:44 --> [DEPRECATED] strtotime(): Passing null to parameter #1 ($datetime) of type string is deprecated in APPPATH\Controllers\AdmissionMaster.php on line 96.
 1 APPPATH\Controllers\AdmissionMaster.php(96): strtotime(null)
 2 SYSTEMPATH\CodeIgniter.php(933): App\Controllers\AdmissionMaster->save()
 3 SYSTEMPATH\CodeIgniter.php(509): CodeIgniter\CodeIgniter->runController(Object(App\Controllers\AdmissionMaster))
 4 SYSTEMPATH\CodeIgniter.php(355): CodeIgniter\CodeIgniter->handleRequest(null, Object(Config\Cache), false)
 5 SYSTEMPATH\Boot.php(325): CodeIgniter\CodeIgniter->run()
 6 SYSTEMPATH\Boot.php(67): CodeIgniter\Boot::runCodeIgniter(Object(CodeIgniter\CodeIgniter))
 7 FCPATH\index.php(56): CodeIgniter\Boot::bootWeb(Object(Config\Paths))
WARNING - 2025-03-11 05:41:44 --> [DEPRECATED] strtotime(): Passing null to parameter #1 ($datetime) of type string is deprecated in APPPATH\Controllers\AdmissionMaster.php on line 97.
 1 APPPATH\Controllers\AdmissionMaster.php(97): strtotime(null)
 2 SYSTEMPATH\CodeIgniter.php(933): App\Controllers\AdmissionMaster->save()
 3 SYSTEMPATH\CodeIgniter.php(509): CodeIgniter\CodeIgniter->runController(Object(App\Controllers\AdmissionMaster))
 4 SYSTEMPATH\CodeIgniter.php(355): CodeIgniter\CodeIgniter->handleRequest(null, Object(Config\Cache), false)
 5 SYSTEMPATH\Boot.php(325): CodeIgniter\CodeIgniter->run()
 6 SYSTEMPATH\Boot.php(67): CodeIgniter\Boot::runCodeIgniter(Object(CodeIgniter\CodeIgniter))
 7 FCPATH\index.php(56): CodeIgniter\Boot::bootWeb(Object(Config\Paths))
INFO - 2025-03-11 05:41:44 --> Session: Class initialized using 'CodeIgniter\Session\Handlers\FileHandler' driver.
INFO - 2025-03-11 05:41:44 --> Session: Class initialized using 'CodeIgniter\Session\Handlers\FileHandler' driver.
INFO - 2025-03-11 05:41:47 --> Session: Class initialized using 'CodeIgniter\Session\Handlers\FileHandler' driver.
INFO - 2025-03-11 05:43:20 --> Session: Class initialized using 'CodeIgniter\Session\Handlers\FileHandler' driver.
CRITICAL - 2025-03-11 05:43:20 --> ErrorException: Undefined variable $cdate
[Method: GET, Route: Admin/Inquiry/pending]
in APPPATH\Views\Admin\Inquiry\pending.php on line 59.
 1 APPPATH\Views\Admin\Inquiry\pending.php(59): CodeIgniter\Debug\Exceptions->errorHandler(2, 'Undefined variable $cdate', 'C:\\xampp\\htdocs\\Wolfox\\app\\Views\\Admin\\Inquiry\\pending.php', 59)
 2 SYSTEMPATH\View\View.php(234): include('C:\\xampp\\htdocs\\Wolfox\\app\\Views\\Admin\\Inquiry\\pending.php')
 3 SYSTEMPATH\View\View.php(237): CodeIgniter\View\View->CodeIgniter\View\{closure}()
 4 SYSTEMPATH\Common.php(1171): CodeIgniter\View\View->render('Admin/Inquiry/pending', [], true)
 5 APPPATH\Controllers\InquiryMaster.php(439): view('Admin/Inquiry/pending', [...])
 6 SYSTEMPATH\CodeIgniter.php(933): App\Controllers\InquiryMaster->pendingList()
 7 SYSTEMPATH\CodeIgniter.php(509): CodeIgniter\CodeIgniter->runController(Object(App\Controllers\InquiryMaster))
 8 SYSTEMPATH\CodeIgniter.php(355): CodeIgniter\CodeIgniter->handleRequest(null, Object(Config\Cache), false)
 9 SYSTEMPATH\Boot.php(325): CodeIgniter\CodeIgniter->run()
10 SYSTEMPATH\Boot.php(67): CodeIgniter\Boot::runCodeIgniter(Object(CodeIgniter\CodeIgniter))
11 FCPATH\index.php(56): CodeIgniter\Boot::bootWeb(Object(Config\Paths))
INFO - 2025-03-11 05:43:24 --> Session: Class initialized using 'CodeIgniter\Session\Handlers\FileHandler' driver.
CRITICAL - 2025-03-11 05:43:24 --> ErrorException: Undefined variable $cdate
[Method: GET, Route: Admin/Inquiry/pending]
in APPPATH\Views\Admin\Inquiry\pending.php on line 59.
 1 APPPATH\Views\Admin\Inquiry\pending.php(59): CodeIgniter\Debug\Exceptions->errorHandler(2, 'Undefined variable $cdate', 'C:\\xampp\\htdocs\\Wolfox\\app\\Views\\Admin\\Inquiry\\pending.php', 59)
 2 SYSTEMPATH\View\View.php(234): include('C:\\xampp\\htdocs\\Wolfox\\app\\Views\\Admin\\Inquiry\\pending.php')
 3 SYSTEMPATH\View\View.php(237): CodeIgniter\View\View->CodeIgniter\View\{closure}()
 4 SYSTEMPATH\Common.php(1171): CodeIgniter\View\View->render('Admin/Inquiry/pending', [], true)
 5 APPPATH\Controllers\InquiryMaster.php(439): view('Admin/Inquiry/pending', [...])
 6 SYSTEMPATH\CodeIgniter.php(933): App\Controllers\InquiryMaster->pendingList()
 7 SYSTEMPATH\CodeIgniter.php(509): CodeIgniter\CodeIgniter->runController(Object(App\Controllers\InquiryMaster))
 8 SYSTEMPATH\CodeIgniter.php(355): CodeIgniter\CodeIgniter->handleRequest(null, Object(Config\Cache), false)
 9 SYSTEMPATH\Boot.php(325): CodeIgniter\CodeIgniter->run()
10 SYSTEMPATH\Boot.php(67): CodeIgniter\Boot::runCodeIgniter(Object(CodeIgniter\CodeIgniter))
11 FCPATH\index.php(56): CodeIgniter\Boot::bootWeb(Object(Config\Paths))
INFO - 2025-03-11 05:43:33 --> Session: Class initialized using 'CodeIgniter\Session\Handlers\FileHandler' driver.
INFO - 2025-03-11 05:43:39 --> Session: Class initialized using 'CodeIgniter\Session\Handlers\FileHandler' driver.
INFO - 2025-03-11 05:43:41 --> Session: Class initialized using 'CodeIgniter\Session\Handlers\FileHandler' driver.
INFO - 2025-03-11 05:43:44 --> Session: Class initialized using 'CodeIgniter\Session\Handlers\FileHandler' driver.
WARNING - 2025-03-11 05:45:20 --> [DEPRECATED] strtolower(): Passing null to parameter #1 ($string) of type string is deprecated in APPPATH\Controllers\AdmissionMaster.php on line 52.
 1 APPPATH\Controllers\AdmissionMaster.php(52): strtolower(null)
 2 SYSTEMPATH\CodeIgniter.php(933): App\Controllers\AdmissionMaster->save()
 3 SYSTEMPATH\CodeIgniter.php(509): CodeIgniter\CodeIgniter->runController(Object(App\Controllers\AdmissionMaster))
 4 SYSTEMPATH\CodeIgniter.php(355): CodeIgniter\CodeIgniter->handleRequest(null, Object(Config\Cache), false)
 5 SYSTEMPATH\Boot.php(325): CodeIgniter\CodeIgniter->run()
 6 SYSTEMPATH\Boot.php(67): CodeIgniter\Boot::runCodeIgniter(Object(CodeIgniter\CodeIgniter))
 7 FCPATH\index.php(56): CodeIgniter\Boot::bootWeb(Object(Config\Paths))
WARNING - 2025-03-11 05:45:20 --> [DEPRECATED] strtolower(): Passing null to parameter #1 ($string) of type string is deprecated in APPPATH\Controllers\AdmissionMaster.php on line 53.
 1 APPPATH\Controllers\AdmissionMaster.php(53): strtolower(null)
 2 SYSTEMPATH\CodeIgniter.php(933): App\Controllers\AdmissionMaster->save()
 3 SYSTEMPATH\CodeIgniter.php(509): CodeIgniter\CodeIgniter->runController(Object(App\Controllers\AdmissionMaster))
 4 SYSTEMPATH\CodeIgniter.php(355): CodeIgniter\CodeIgniter->handleRequest(null, Object(Config\Cache), false)
 5 SYSTEMPATH\Boot.php(325): CodeIgniter\CodeIgniter->run()
 6 SYSTEMPATH\Boot.php(67): CodeIgniter\Boot::runCodeIgniter(Object(CodeIgniter\CodeIgniter))
 7 FCPATH\index.php(56): CodeIgniter\Boot::bootWeb(Object(Config\Paths))
WARNING - 2025-03-11 05:45:20 --> [DEPRECATED] strtolower(): Passing null to parameter #1 ($string) of type string is deprecated in APPPATH\Controllers\AdmissionMaster.php on line 54.
 1 APPPATH\Controllers\AdmissionMaster.php(54): strtolower(null)
 2 SYSTEMPATH\CodeIgniter.php(933): App\Controllers\AdmissionMaster->save()
 3 SYSTEMPATH\CodeIgniter.php(509): CodeIgniter\CodeIgniter->runController(Object(App\Controllers\AdmissionMaster))
 4 SYSTEMPATH\CodeIgniter.php(355): CodeIgniter\CodeIgniter->handleRequest(null, Object(Config\Cache), false)
 5 SYSTEMPATH\Boot.php(325): CodeIgniter\CodeIgniter->run()
 6 SYSTEMPATH\Boot.php(67): CodeIgniter\Boot::runCodeIgniter(Object(CodeIgniter\CodeIgniter))
 7 FCPATH\index.php(56): CodeIgniter\Boot::bootWeb(Object(Config\Paths))
WARNING - 2025-03-11 05:45:20 --> [DEPRECATED] substr(): Passing null to parameter #1 ($string) of type string is deprecated in APPPATH\Controllers\AdmissionMaster.php on line 75.
 1 APPPATH\Controllers\AdmissionMaster.php(75): substr(null, -4)
 2 SYSTEMPATH\CodeIgniter.php(933): App\Controllers\AdmissionMaster->save()
 3 SYSTEMPATH\CodeIgniter.php(509): CodeIgniter\CodeIgniter->runController(Object(App\Controllers\AdmissionMaster))
 4 SYSTEMPATH\CodeIgniter.php(355): CodeIgniter\CodeIgniter->handleRequest(null, Object(Config\Cache), false)
 5 SYSTEMPATH\Boot.php(325): CodeIgniter\CodeIgniter->run()
 6 SYSTEMPATH\Boot.php(67): CodeIgniter\Boot::runCodeIgniter(Object(CodeIgniter\CodeIgniter))
 7 FCPATH\index.php(56): CodeIgniter\Boot::bootWeb(Object(Config\Paths))
WARNING - 2025-03-11 05:45:20 --> [DEPRECATED] DateTime::__construct(): Passing null to parameter #1 ($datetime) of type string is deprecated in APPPATH\Controllers\AdmissionMaster.php on line 86.
 1 APPPATH\Controllers\AdmissionMaster.php(86): DateTime->__construct(null)
 2 SYSTEMPATH\CodeIgniter.php(933): App\Controllers\AdmissionMaster->save()
 3 SYSTEMPATH\CodeIgniter.php(509): CodeIgniter\CodeIgniter->runController(Object(App\Controllers\AdmissionMaster))
 4 SYSTEMPATH\CodeIgniter.php(355): CodeIgniter\CodeIgniter->handleRequest(null, Object(Config\Cache), false)
 5 SYSTEMPATH\Boot.php(325): CodeIgniter\CodeIgniter->run()
 6 SYSTEMPATH\Boot.php(67): CodeIgniter\Boot::runCodeIgniter(Object(CodeIgniter\CodeIgniter))
 7 FCPATH\index.php(56): CodeIgniter\Boot::bootWeb(Object(Config\Paths))
WARNING - 2025-03-11 05:45:20 --> [DEPRECATED] strtotime(): Passing null to parameter #1 ($datetime) of type string is deprecated in APPPATH\Controllers\AdmissionMaster.php on line 96.
 1 APPPATH\Controllers\AdmissionMaster.php(96): strtotime(null)
 2 SYSTEMPATH\CodeIgniter.php(933): App\Controllers\AdmissionMaster->save()
 3 SYSTEMPATH\CodeIgniter.php(509): CodeIgniter\CodeIgniter->runController(Object(App\Controllers\AdmissionMaster))
 4 SYSTEMPATH\CodeIgniter.php(355): CodeIgniter\CodeIgniter->handleRequest(null, Object(Config\Cache), false)
 5 SYSTEMPATH\Boot.php(325): CodeIgniter\CodeIgniter->run()
 6 SYSTEMPATH\Boot.php(67): CodeIgniter\Boot::runCodeIgniter(Object(CodeIgniter\CodeIgniter))
 7 FCPATH\index.php(56): CodeIgniter\Boot::bootWeb(Object(Config\Paths))
WARNING - 2025-03-11 05:45:20 --> [DEPRECATED] strtotime(): Passing null to parameter #1 ($datetime) of type string is deprecated in APPPATH\Controllers\AdmissionMaster.php on line 97.
 1 APPPATH\Controllers\AdmissionMaster.php(97): strtotime(null)
 2 SYSTEMPATH\CodeIgniter.php(933): App\Controllers\AdmissionMaster->save()
 3 SYSTEMPATH\CodeIgniter.php(509): CodeIgniter\CodeIgniter->runController(Object(App\Controllers\AdmissionMaster))
 4 SYSTEMPATH\CodeIgniter.php(355): CodeIgniter\CodeIgniter->handleRequest(null, Object(Config\Cache), false)
 5 SYSTEMPATH\Boot.php(325): CodeIgniter\CodeIgniter->run()
 6 SYSTEMPATH\Boot.php(67): CodeIgniter\Boot::runCodeIgniter(Object(CodeIgniter\CodeIgniter))
 7 FCPATH\index.php(56): CodeIgniter\Boot::bootWeb(Object(Config\Paths))
INFO - 2025-03-11 05:45:20 --> Session: Class initialized using 'CodeIgniter\Session\Handlers\FileHandler' driver.
INFO - 2025-03-11 05:45:21 --> Session: Class initialized using 'CodeIgniter\Session\Handlers\FileHandler' driver.
INFO - 2025-03-11 05:45:26 --> Session: Class initialized using 'CodeIgniter\Session\Handlers\FileHandler' driver.
INFO - 2025-03-11 05:45:29 --> Session: Class initialized using 'CodeIgniter\Session\Handlers\FileHandler' driver.
INFO - 2025-03-11 05:45:36 --> Session: Class initialized using 'CodeIgniter\Session\Handlers\FileHandler' driver.
INFO - 2025-03-11 05:45:50 --> Session: Class initialized using 'CodeIgniter\Session\Handlers\FileHandler' driver.
INFO - 2025-03-11 05:45:52 --> Session: Class initialized using 'CodeIgniter\Session\Handlers\FileHandler' driver.
WARNING - 2025-03-11 05:45:59 --> [DEPRECATED] strtolower(): Passing null to parameter #1 ($string) of type string is deprecated in APPPATH\Controllers\AdmissionMaster.php on line 52.
 1 APPPATH\Controllers\AdmissionMaster.php(52): strtolower(null)
 2 SYSTEMPATH\CodeIgniter.php(933): App\Controllers\AdmissionMaster->save()
 3 SYSTEMPATH\CodeIgniter.php(509): CodeIgniter\CodeIgniter->runController(Object(App\Controllers\AdmissionMaster))
 4 SYSTEMPATH\CodeIgniter.php(355): CodeIgniter\CodeIgniter->handleRequest(null, Object(Config\Cache), false)
 5 SYSTEMPATH\Boot.php(325): CodeIgniter\CodeIgniter->run()
 6 SYSTEMPATH\Boot.php(67): CodeIgniter\Boot::runCodeIgniter(Object(CodeIgniter\CodeIgniter))
 7 FCPATH\index.php(56): CodeIgniter\Boot::bootWeb(Object(Config\Paths))
WARNING - 2025-03-11 05:45:59 --> [DEPRECATED] strtolower(): Passing null to parameter #1 ($string) of type string is deprecated in APPPATH\Controllers\AdmissionMaster.php on line 53.
 1 APPPATH\Controllers\AdmissionMaster.php(53): strtolower(null)
 2 SYSTEMPATH\CodeIgniter.php(933): App\Controllers\AdmissionMaster->save()
 3 SYSTEMPATH\CodeIgniter.php(509): CodeIgniter\CodeIgniter->runController(Object(App\Controllers\AdmissionMaster))
 4 SYSTEMPATH\CodeIgniter.php(355): CodeIgniter\CodeIgniter->handleRequest(null, Object(Config\Cache), false)
 5 SYSTEMPATH\Boot.php(325): CodeIgniter\CodeIgniter->run()
 6 SYSTEMPATH\Boot.php(67): CodeIgniter\Boot::runCodeIgniter(Object(CodeIgniter\CodeIgniter))
 7 FCPATH\index.php(56): CodeIgniter\Boot::bootWeb(Object(Config\Paths))
WARNING - 2025-03-11 05:45:59 --> [DEPRECATED] strtolower(): Passing null to parameter #1 ($string) of type string is deprecated in APPPATH\Controllers\AdmissionMaster.php on line 54.
 1 APPPATH\Controllers\AdmissionMaster.php(54): strtolower(null)
 2 SYSTEMPATH\CodeIgniter.php(933): App\Controllers\AdmissionMaster->save()
 3 SYSTEMPATH\CodeIgniter.php(509): CodeIgniter\CodeIgniter->runController(Object(App\Controllers\AdmissionMaster))
 4 SYSTEMPATH\CodeIgniter.php(355): CodeIgniter\CodeIgniter->handleRequest(null, Object(Config\Cache), false)
 5 SYSTEMPATH\Boot.php(325): CodeIgniter\CodeIgniter->run()
 6 SYSTEMPATH\Boot.php(67): CodeIgniter\Boot::runCodeIgniter(Object(CodeIgniter\CodeIgniter))
 7 FCPATH\index.php(56): CodeIgniter\Boot::bootWeb(Object(Config\Paths))
WARNING - 2025-03-11 05:45:59 --> [DEPRECATED] substr(): Passing null to parameter #1 ($string) of type string is deprecated in APPPATH\Controllers\AdmissionMaster.php on line 75.
 1 APPPATH\Controllers\AdmissionMaster.php(75): substr(null, -4)
 2 SYSTEMPATH\CodeIgniter.php(933): App\Controllers\AdmissionMaster->save()
 3 SYSTEMPATH\CodeIgniter.php(509): CodeIgniter\CodeIgniter->runController(Object(App\Controllers\AdmissionMaster))
 4 SYSTEMPATH\CodeIgniter.php(355): CodeIgniter\CodeIgniter->handleRequest(null, Object(Config\Cache), false)
 5 SYSTEMPATH\Boot.php(325): CodeIgniter\CodeIgniter->run()
 6 SYSTEMPATH\Boot.php(67): CodeIgniter\Boot::runCodeIgniter(Object(CodeIgniter\CodeIgniter))
 7 FCPATH\index.php(56): CodeIgniter\Boot::bootWeb(Object(Config\Paths))
WARNING - 2025-03-11 05:45:59 --> [DEPRECATED] DateTime::__construct(): Passing null to parameter #1 ($datetime) of type string is deprecated in APPPATH\Controllers\AdmissionMaster.php on line 86.
 1 APPPATH\Controllers\AdmissionMaster.php(86): DateTime->__construct(null)
 2 SYSTEMPATH\CodeIgniter.php(933): App\Controllers\AdmissionMaster->save()
 3 SYSTEMPATH\CodeIgniter.php(509): CodeIgniter\CodeIgniter->runController(Object(App\Controllers\AdmissionMaster))
 4 SYSTEMPATH\CodeIgniter.php(355): CodeIgniter\CodeIgniter->handleRequest(null, Object(Config\Cache), false)
 5 SYSTEMPATH\Boot.php(325): CodeIgniter\CodeIgniter->run()
 6 SYSTEMPATH\Boot.php(67): CodeIgniter\Boot::runCodeIgniter(Object(CodeIgniter\CodeIgniter))
 7 FCPATH\index.php(56): CodeIgniter\Boot::bootWeb(Object(Config\Paths))
WARNING - 2025-03-11 05:45:59 --> [DEPRECATED] strtotime(): Passing null to parameter #1 ($datetime) of type string is deprecated in APPPATH\Controllers\AdmissionMaster.php on line 96.
 1 APPPATH\Controllers\AdmissionMaster.php(96): strtotime(null)
 2 SYSTEMPATH\CodeIgniter.php(933): App\Controllers\AdmissionMaster->save()
 3 SYSTEMPATH\CodeIgniter.php(509): CodeIgniter\CodeIgniter->runController(Object(App\Controllers\AdmissionMaster))
 4 SYSTEMPATH\CodeIgniter.php(355): CodeIgniter\CodeIgniter->handleRequest(null, Object(Config\Cache), false)
 5 SYSTEMPATH\Boot.php(325): CodeIgniter\CodeIgniter->run()
 6 SYSTEMPATH\Boot.php(67): CodeIgniter\Boot::runCodeIgniter(Object(CodeIgniter\CodeIgniter))
 7 FCPATH\index.php(56): CodeIgniter\Boot::bootWeb(Object(Config\Paths))
WARNING - 2025-03-11 05:45:59 --> [DEPRECATED] strtotime(): Passing null to parameter #1 ($datetime) of type string is deprecated in APPPATH\Controllers\AdmissionMaster.php on line 97.
 1 APPPATH\Controllers\AdmissionMaster.php(97): strtotime(null)
 2 SYSTEMPATH\CodeIgniter.php(933): App\Controllers\AdmissionMaster->save()
 3 SYSTEMPATH\CodeIgniter.php(509): CodeIgniter\CodeIgniter->runController(Object(App\Controllers\AdmissionMaster))
 4 SYSTEMPATH\CodeIgniter.php(355): CodeIgniter\CodeIgniter->handleRequest(null, Object(Config\Cache), false)
 5 SYSTEMPATH\Boot.php(325): CodeIgniter\CodeIgniter->run()
 6 SYSTEMPATH\Boot.php(67): CodeIgniter\Boot::runCodeIgniter(Object(CodeIgniter\CodeIgniter))
 7 FCPATH\index.php(56): CodeIgniter\Boot::bootWeb(Object(Config\Paths))
INFO - 2025-03-11 05:45:59 --> Session: Class initialized using 'CodeIgniter\Session\Handlers\FileHandler' driver.
INFO - 2025-03-11 05:45:59 --> Session: Class initialized using 'CodeIgniter\Session\Handlers\FileHandler' driver.
INFO - 2025-03-11 05:46:06 --> Session: Class initialized using 'CodeIgniter\Session\Handlers\FileHandler' driver.
INFO - 2025-03-11 05:46:09 --> Session: Class initialized using 'CodeIgniter\Session\Handlers\FileHandler' driver.
INFO - 2025-03-11 05:47:25 --> Session: Class initialized using 'CodeIgniter\Session\Handlers\FileHandler' driver.
INFO - 2025-03-11 05:47:25 --> Session: Class initialized using 'CodeIgniter\Session\Handlers\FileHandler' driver.
WARNING - 2025-03-11 05:47:32 --> [DEPRECATED] strtolower(): Passing null to parameter #1 ($string) of type string is deprecated in APPPATH\Controllers\AdmissionMaster.php on line 52.
 1 APPPATH\Controllers\AdmissionMaster.php(52): strtolower(null)
 2 SYSTEMPATH\CodeIgniter.php(933): App\Controllers\AdmissionMaster->save()
 3 SYSTEMPATH\CodeIgniter.php(509): CodeIgniter\CodeIgniter->runController(Object(App\Controllers\AdmissionMaster))
 4 SYSTEMPATH\CodeIgniter.php(355): CodeIgniter\CodeIgniter->handleRequest(null, Object(Config\Cache), false)
 5 SYSTEMPATH\Boot.php(325): CodeIgniter\CodeIgniter->run()
 6 SYSTEMPATH\Boot.php(67): CodeIgniter\Boot::runCodeIgniter(Object(CodeIgniter\CodeIgniter))
 7 FCPATH\index.php(56): CodeIgniter\Boot::bootWeb(Object(Config\Paths))
WARNING - 2025-03-11 05:47:32 --> [DEPRECATED] strtolower(): Passing null to parameter #1 ($string) of type string is deprecated in APPPATH\Controllers\AdmissionMaster.php on line 53.
 1 APPPATH\Controllers\AdmissionMaster.php(53): strtolower(null)
 2 SYSTEMPATH\CodeIgniter.php(933): App\Controllers\AdmissionMaster->save()
 3 SYSTEMPATH\CodeIgniter.php(509): CodeIgniter\CodeIgniter->runController(Object(App\Controllers\AdmissionMaster))
 4 SYSTEMPATH\CodeIgniter.php(355): CodeIgniter\CodeIgniter->handleRequest(null, Object(Config\Cache), false)
 5 SYSTEMPATH\Boot.php(325): CodeIgniter\CodeIgniter->run()
 6 SYSTEMPATH\Boot.php(67): CodeIgniter\Boot::runCodeIgniter(Object(CodeIgniter\CodeIgniter))
 7 FCPATH\index.php(56): CodeIgniter\Boot::bootWeb(Object(Config\Paths))
WARNING - 2025-03-11 05:47:32 --> [DEPRECATED] strtolower(): Passing null to parameter #1 ($string) of type string is deprecated in APPPATH\Controllers\AdmissionMaster.php on line 54.
 1 APPPATH\Controllers\AdmissionMaster.php(54): strtolower(null)
 2 SYSTEMPATH\CodeIgniter.php(933): App\Controllers\AdmissionMaster->save()
 3 SYSTEMPATH\CodeIgniter.php(509): CodeIgniter\CodeIgniter->runController(Object(App\Controllers\AdmissionMaster))
 4 SYSTEMPATH\CodeIgniter.php(355): CodeIgniter\CodeIgniter->handleRequest(null, Object(Config\Cache), false)
 5 SYSTEMPATH\Boot.php(325): CodeIgniter\CodeIgniter->run()
 6 SYSTEMPATH\Boot.php(67): CodeIgniter\Boot::runCodeIgniter(Object(CodeIgniter\CodeIgniter))
 7 FCPATH\index.php(56): CodeIgniter\Boot::bootWeb(Object(Config\Paths))
WARNING - 2025-03-11 05:47:32 --> [DEPRECATED] substr(): Passing null to parameter #1 ($string) of type string is deprecated in APPPATH\Controllers\AdmissionMaster.php on line 75.
 1 APPPATH\Controllers\AdmissionMaster.php(75): substr(null, -4)
 2 SYSTEMPATH\CodeIgniter.php(933): App\Controllers\AdmissionMaster->save()
 3 SYSTEMPATH\CodeIgniter.php(509): CodeIgniter\CodeIgniter->runController(Object(App\Controllers\AdmissionMaster))
 4 SYSTEMPATH\CodeIgniter.php(355): CodeIgniter\CodeIgniter->handleRequest(null, Object(Config\Cache), false)
 5 SYSTEMPATH\Boot.php(325): CodeIgniter\CodeIgniter->run()
 6 SYSTEMPATH\Boot.php(67): CodeIgniter\Boot::runCodeIgniter(Object(CodeIgniter\CodeIgniter))
 7 FCPATH\index.php(56): CodeIgniter\Boot::bootWeb(Object(Config\Paths))
WARNING - 2025-03-11 05:47:32 --> [DEPRECATED] DateTime::__construct(): Passing null to parameter #1 ($datetime) of type string is deprecated in APPPATH\Controllers\AdmissionMaster.php on line 86.
 1 APPPATH\Controllers\AdmissionMaster.php(86): DateTime->__construct(null)
 2 SYSTEMPATH\CodeIgniter.php(933): App\Controllers\AdmissionMaster->save()
 3 SYSTEMPATH\CodeIgniter.php(509): CodeIgniter\CodeIgniter->runController(Object(App\Controllers\AdmissionMaster))
 4 SYSTEMPATH\CodeIgniter.php(355): CodeIgniter\CodeIgniter->handleRequest(null, Object(Config\Cache), false)
 5 SYSTEMPATH\Boot.php(325): CodeIgniter\CodeIgniter->run()
 6 SYSTEMPATH\Boot.php(67): CodeIgniter\Boot::runCodeIgniter(Object(CodeIgniter\CodeIgniter))
 7 FCPATH\index.php(56): CodeIgniter\Boot::bootWeb(Object(Config\Paths))
WARNING - 2025-03-11 05:47:32 --> [DEPRECATED] strtotime(): Passing null to parameter #1 ($datetime) of type string is deprecated in APPPATH\Controllers\AdmissionMaster.php on line 96.
 1 APPPATH\Controllers\AdmissionMaster.php(96): strtotime(null)
 2 SYSTEMPATH\CodeIgniter.php(933): App\Controllers\AdmissionMaster->save()
 3 SYSTEMPATH\CodeIgniter.php(509): CodeIgniter\CodeIgniter->runController(Object(App\Controllers\AdmissionMaster))
 4 SYSTEMPATH\CodeIgniter.php(355): CodeIgniter\CodeIgniter->handleRequest(null, Object(Config\Cache), false)
 5 SYSTEMPATH\Boot.php(325): CodeIgniter\CodeIgniter->run()
 6 SYSTEMPATH\Boot.php(67): CodeIgniter\Boot::runCodeIgniter(Object(CodeIgniter\CodeIgniter))
 7 FCPATH\index.php(56): CodeIgniter\Boot::bootWeb(Object(Config\Paths))
WARNING - 2025-03-11 05:47:32 --> [DEPRECATED] strtotime(): Passing null to parameter #1 ($datetime) of type string is deprecated in APPPATH\Controllers\AdmissionMaster.php on line 97.
 1 APPPATH\Controllers\AdmissionMaster.php(97): strtotime(null)
 2 SYSTEMPATH\CodeIgniter.php(933): App\Controllers\AdmissionMaster->save()
 3 SYSTEMPATH\CodeIgniter.php(509): CodeIgniter\CodeIgniter->runController(Object(App\Controllers\AdmissionMaster))
 4 SYSTEMPATH\CodeIgniter.php(355): CodeIgniter\CodeIgniter->handleRequest(null, Object(Config\Cache), false)
 5 SYSTEMPATH\Boot.php(325): CodeIgniter\CodeIgniter->run()
 6 SYSTEMPATH\Boot.php(67): CodeIgniter\Boot::runCodeIgniter(Object(CodeIgniter\CodeIgniter))
 7 FCPATH\index.php(56): CodeIgniter\Boot::bootWeb(Object(Config\Paths))
INFO - 2025-03-11 05:47:32 --> Session: Class initialized using 'CodeIgniter\Session\Handlers\FileHandler' driver.
INFO - 2025-03-11 05:47:32 --> Session: Class initialized using 'CodeIgniter\Session\Handlers\FileHandler' driver.
WARNING - 2025-03-11 05:47:32 --> [DEPRECATED] strtotime(): Passing null to parameter #1 ($datetime) of type string is deprecated in APPPATH\Views\Admin\Admission\list.php on line 123.
 1 APPPATH\Views\Admin\Admission\list.php(123): strtotime(null)
 2 SYSTEMPATH\View\View.php(234): include('C:\\xampp\\htdocs\\Wolfox\\app\\Views\\Admin\\Admission\\list.php')
 3 SYSTEMPATH\View\View.php(237): CodeIgniter\View\View->CodeIgniter\View\{closure}()
 4 SYSTEMPATH\Common.php(1171): CodeIgniter\View\View->render('/Admin/Admission/list', [], true)
 5 APPPATH\Controllers\AdmissionMaster.php(329): view('/Admin/Admission/list', [...])
 6 SYSTEMPATH\CodeIgniter.php(933): App\Controllers\AdmissionMaster->list()
 7 SYSTEMPATH\CodeIgniter.php(509): CodeIgniter\CodeIgniter->runController(Object(App\Controllers\AdmissionMaster))
 8 SYSTEMPATH\CodeIgniter.php(355): CodeIgniter\CodeIgniter->handleRequest(null, Object(Config\Cache), false)
 9 SYSTEMPATH\Boot.php(325): CodeIgniter\CodeIgniter->run()
10 SYSTEMPATH\Boot.php(67): CodeIgniter\Boot::runCodeIgniter(Object(CodeIgniter\CodeIgniter))
11 FCPATH\index.php(56): CodeIgniter\Boot::bootWeb(Object(Config\Paths))
WARNING - 2025-03-11 05:47:32 --> [DEPRECATED] strtotime(): Passing null to parameter #1 ($datetime) of type string is deprecated in APPPATH\Views\Admin\Admission\list.php on line 292.
 1 APPPATH\Views\Admin\Admission\list.php(292): strtotime(null)
 2 SYSTEMPATH\View\View.php(234): include('C:\\xampp\\htdocs\\Wolfox\\app\\Views\\Admin\\Admission\\list.php')
 3 SYSTEMPATH\View\View.php(237): CodeIgniter\View\View->CodeIgniter\View\{closure}()
 4 SYSTEMPATH\Common.php(1171): CodeIgniter\View\View->render('/Admin/Admission/list', [], true)
 5 APPPATH\Controllers\AdmissionMaster.php(329): view('/Admin/Admission/list', [...])
 6 SYSTEMPATH\CodeIgniter.php(933): App\Controllers\AdmissionMaster->list()
 7 SYSTEMPATH\CodeIgniter.php(509): CodeIgniter\CodeIgniter->runController(Object(App\Controllers\AdmissionMaster))
 8 SYSTEMPATH\CodeIgniter.php(355): CodeIgniter\CodeIgniter->handleRequest(null, Object(Config\Cache), false)
 9 SYSTEMPATH\Boot.php(325): CodeIgniter\CodeIgniter->run()
10 SYSTEMPATH\Boot.php(67): CodeIgniter\Boot::runCodeIgniter(Object(CodeIgniter\CodeIgniter))
11 FCPATH\index.php(56): CodeIgniter\Boot::bootWeb(Object(Config\Paths))
WARNING - 2025-03-11 05:47:32 --> [DEPRECATED] strtotime(): Passing null to parameter #1 ($datetime) of type string is deprecated in APPPATH\Views\Admin\Admission\list.php on line 292.
 1 APPPATH\Views\Admin\Admission\list.php(292): strtotime(null)
 2 SYSTEMPATH\View\View.php(234): include('C:\\xampp\\htdocs\\Wolfox\\app\\Views\\Admin\\Admission\\list.php')
 3 SYSTEMPATH\View\View.php(237): CodeIgniter\View\View->CodeIgniter\View\{closure}()
 4 SYSTEMPATH\Common.php(1171): CodeIgniter\View\View->render('/Admin/Admission/list', [], true)
 5 APPPATH\Controllers\AdmissionMaster.php(329): view('/Admin/Admission/list', [...])
 6 SYSTEMPATH\CodeIgniter.php(933): App\Controllers\AdmissionMaster->list()
 7 SYSTEMPATH\CodeIgniter.php(509): CodeIgniter\CodeIgniter->runController(Object(App\Controllers\AdmissionMaster))
 8 SYSTEMPATH\CodeIgniter.php(355): CodeIgniter\CodeIgniter->handleRequest(null, Object(Config\Cache), false)
 9 SYSTEMPATH\Boot.php(325): CodeIgniter\CodeIgniter->run()
10 SYSTEMPATH\Boot.php(67): CodeIgniter\Boot::runCodeIgniter(Object(CodeIgniter\CodeIgniter))
11 FCPATH\index.php(56): CodeIgniter\Boot::bootWeb(Object(Config\Paths))
INFO - 2025-03-11 05:47:38 --> Session: Class initialized using 'CodeIgniter\Session\Handlers\FileHandler' driver.
INFO - 2025-03-11 05:47:41 --> Session: Class initialized using 'CodeIgniter\Session\Handlers\FileHandler' driver.
INFO - 2025-03-11 05:47:54 --> Session: Class initialized using 'CodeIgniter\Session\Handlers\FileHandler' driver.
INFO - 2025-03-11 05:47:54 --> Session: Class initialized using 'CodeIgniter\Session\Handlers\FileHandler' driver.
WARNING - 2025-03-11 05:48:06 --> [DEPRECATED] strtolower(): Passing null to parameter #1 ($string) of type string is deprecated in APPPATH\Controllers\InquiryMaster.php on line 43.
 1 APPPATH\Controllers\InquiryMaster.php(43): strtolower(null)
 2 SYSTEMPATH\CodeIgniter.php(933): App\Controllers\InquiryMaster->save()
 3 SYSTEMPATH\CodeIgniter.php(509): CodeIgniter\CodeIgniter->runController(Object(App\Controllers\InquiryMaster))
 4 SYSTEMPATH\CodeIgniter.php(355): CodeIgniter\CodeIgniter->handleRequest(null, Object(Config\Cache), false)
 5 SYSTEMPATH\Boot.php(325): CodeIgniter\CodeIgniter->run()
 6 SYSTEMPATH\Boot.php(67): CodeIgniter\Boot::runCodeIgniter(Object(CodeIgniter\CodeIgniter))
 7 FCPATH\index.php(56): CodeIgniter\Boot::bootWeb(Object(Config\Paths))
WARNING - 2025-03-11 05:48:06 --> [DEPRECATED] strtolower(): Passing null to parameter #1 ($string) of type string is deprecated in APPPATH\Controllers\InquiryMaster.php on line 44.
 1 APPPATH\Controllers\InquiryMaster.php(44): strtolower(null)
 2 SYSTEMPATH\CodeIgniter.php(933): App\Controllers\InquiryMaster->save()
 3 SYSTEMPATH\CodeIgniter.php(509): CodeIgniter\CodeIgniter->runController(Object(App\Controllers\InquiryMaster))
 4 SYSTEMPATH\CodeIgniter.php(355): CodeIgniter\CodeIgniter->handleRequest(null, Object(Config\Cache), false)
 5 SYSTEMPATH\Boot.php(325): CodeIgniter\CodeIgniter->run()
 6 SYSTEMPATH\Boot.php(67): CodeIgniter\Boot::runCodeIgniter(Object(CodeIgniter\CodeIgniter))
 7 FCPATH\index.php(56): CodeIgniter\Boot::bootWeb(Object(Config\Paths))
WARNING - 2025-03-11 05:48:06 --> [DEPRECATED] strtolower(): Passing null to parameter #1 ($string) of type string is deprecated in APPPATH\Controllers\InquiryMaster.php on line 45.
 1 APPPATH\Controllers\InquiryMaster.php(45): strtolower(null)
 2 SYSTEMPATH\CodeIgniter.php(933): App\Controllers\InquiryMaster->save()
 3 SYSTEMPATH\CodeIgniter.php(509): CodeIgniter\CodeIgniter->runController(Object(App\Controllers\InquiryMaster))
 4 SYSTEMPATH\CodeIgniter.php(355): CodeIgniter\CodeIgniter->handleRequest(null, Object(Config\Cache), false)
 5 SYSTEMPATH\Boot.php(325): CodeIgniter\CodeIgniter->run()
 6 SYSTEMPATH\Boot.php(67): CodeIgniter\Boot::runCodeIgniter(Object(CodeIgniter\CodeIgniter))
 7 FCPATH\index.php(56): CodeIgniter\Boot::bootWeb(Object(Config\Paths))
WARNING - 2025-03-11 05:48:06 --> [DEPRECATED] substr(): Passing null to parameter #1 ($string) of type string is deprecated in APPPATH\Controllers\InquiryMaster.php on line 52.
 1 APPPATH\Controllers\InquiryMaster.php(52): substr(null, -4)
 2 SYSTEMPATH\CodeIgniter.php(933): App\Controllers\InquiryMaster->save()
 3 SYSTEMPATH\CodeIgniter.php(509): CodeIgniter\CodeIgniter->runController(Object(App\Controllers\InquiryMaster))
 4 SYSTEMPATH\CodeIgniter.php(355): CodeIgniter\CodeIgniter->handleRequest(null, Object(Config\Cache), false)
 5 SYSTEMPATH\Boot.php(325): CodeIgniter\CodeIgniter->run()
 6 SYSTEMPATH\Boot.php(67): CodeIgniter\Boot::runCodeIgniter(Object(CodeIgniter\CodeIgniter))
 7 FCPATH\index.php(56): CodeIgniter\Boot::bootWeb(Object(Config\Paths))
INFO - 2025-03-11 05:48:06 --> Session: Class initialized using 'CodeIgniter\Session\Handlers\FileHandler' driver.
INFO - 2025-03-11 05:48:06 --> Session: Class initialized using 'CodeIgniter\Session\Handlers\FileHandler' driver.
INFO - 2025-03-11 05:48:11 --> Session: Class initialized using 'CodeIgniter\Session\Handlers\FileHandler' driver.
INFO - 2025-03-11 05:48:20 --> Session: Class initialized using 'CodeIgniter\Session\Handlers\FileHandler' driver.
INFO - 2025-03-11 05:48:22 --> Session: Class initialized using 'CodeIgniter\Session\Handlers\FileHandler' driver.
INFO - 2025-03-11 05:48:26 --> Session: Class initialized using 'CodeIgniter\Session\Handlers\FileHandler' driver.
INFO - 2025-03-11 05:48:28 --> Session: Class initialized using 'CodeIgniter\Session\Handlers\FileHandler' driver.
INFO - 2025-03-11 05:48:50 --> Session: Class initialized using 'CodeIgniter\Session\Handlers\FileHandler' driver.
INFO - 2025-03-11 05:48:56 --> Session: Class initialized using 'CodeIgniter\Session\Handlers\FileHandler' driver.
WARNING - 2025-03-11 05:48:56 --> [DEPRECATED] strtotime(): Passing null to parameter #1 ($datetime) of type string is deprecated in APPPATH\Views\Admin\Admission\list.php on line 123.
 1 APPPATH\Views\Admin\Admission\list.php(123): strtotime(null)
 2 SYSTEMPATH\View\View.php(234): include('C:\\xampp\\htdocs\\Wolfox\\app\\Views\\Admin\\Admission\\list.php')
 3 SYSTEMPATH\View\View.php(237): CodeIgniter\View\View->CodeIgniter\View\{closure}()
 4 SYSTEMPATH\Common.php(1171): CodeIgniter\View\View->render('/Admin/Admission/list', [], true)
 5 APPPATH\Controllers\AdmissionMaster.php(329): view('/Admin/Admission/list', [...])
 6 SYSTEMPATH\CodeIgniter.php(933): App\Controllers\AdmissionMaster->list()
 7 SYSTEMPATH\CodeIgniter.php(509): CodeIgniter\CodeIgniter->runController(Object(App\Controllers\AdmissionMaster))
 8 SYSTEMPATH\CodeIgniter.php(355): CodeIgniter\CodeIgniter->handleRequest(null, Object(Config\Cache), false)
 9 SYSTEMPATH\Boot.php(325): CodeIgniter\CodeIgniter->run()
10 SYSTEMPATH\Boot.php(67): CodeIgniter\Boot::runCodeIgniter(Object(CodeIgniter\CodeIgniter))
11 FCPATH\index.php(56): CodeIgniter\Boot::bootWeb(Object(Config\Paths))
WARNING - 2025-03-11 05:48:56 --> [DEPRECATED] strtotime(): Passing null to parameter #1 ($datetime) of type string is deprecated in APPPATH\Views\Admin\Admission\list.php on line 292.
 1 APPPATH\Views\Admin\Admission\list.php(292): strtotime(null)
 2 SYSTEMPATH\View\View.php(234): include('C:\\xampp\\htdocs\\Wolfox\\app\\Views\\Admin\\Admission\\list.php')
 3 SYSTEMPATH\View\View.php(237): CodeIgniter\View\View->CodeIgniter\View\{closure}()
 4 SYSTEMPATH\Common.php(1171): CodeIgniter\View\View->render('/Admin/Admission/list', [], true)
 5 APPPATH\Controllers\AdmissionMaster.php(329): view('/Admin/Admission/list', [...])
 6 SYSTEMPATH\CodeIgniter.php(933): App\Controllers\AdmissionMaster->list()
 7 SYSTEMPATH\CodeIgniter.php(509): CodeIgniter\CodeIgniter->runController(Object(App\Controllers\AdmissionMaster))
 8 SYSTEMPATH\CodeIgniter.php(355): CodeIgniter\CodeIgniter->handleRequest(null, Object(Config\Cache), false)
 9 SYSTEMPATH\Boot.php(325): CodeIgniter\CodeIgniter->run()
10 SYSTEMPATH\Boot.php(67): CodeIgniter\Boot::runCodeIgniter(Object(CodeIgniter\CodeIgniter))
11 FCPATH\index.php(56): CodeIgniter\Boot::bootWeb(Object(Config\Paths))
WARNING - 2025-03-11 05:48:56 --> [DEPRECATED] strtotime(): Passing null to parameter #1 ($datetime) of type string is deprecated in APPPATH\Views\Admin\Admission\list.php on line 292.
 1 APPPATH\Views\Admin\Admission\list.php(292): strtotime(null)
 2 SYSTEMPATH\View\View.php(234): include('C:\\xampp\\htdocs\\Wolfox\\app\\Views\\Admin\\Admission\\list.php')
 3 SYSTEMPATH\View\View.php(237): CodeIgniter\View\View->CodeIgniter\View\{closure}()
 4 SYSTEMPATH\Common.php(1171): CodeIgniter\View\View->render('/Admin/Admission/list', [], true)
 5 APPPATH\Controllers\AdmissionMaster.php(329): view('/Admin/Admission/list', [...])
 6 SYSTEMPATH\CodeIgniter.php(933): App\Controllers\AdmissionMaster->list()
 7 SYSTEMPATH\CodeIgniter.php(509): CodeIgniter\CodeIgniter->runController(Object(App\Controllers\AdmissionMaster))
 8 SYSTEMPATH\CodeIgniter.php(355): CodeIgniter\CodeIgniter->handleRequest(null, Object(Config\Cache), false)
 9 SYSTEMPATH\Boot.php(325): CodeIgniter\CodeIgniter->run()
10 SYSTEMPATH\Boot.php(67): CodeIgniter\Boot::runCodeIgniter(Object(CodeIgniter\CodeIgniter))
11 FCPATH\index.php(56): CodeIgniter\Boot::bootWeb(Object(Config\Paths))
INFO - 2025-03-11 05:48:58 --> Session: Class initialized using 'CodeIgniter\Session\Handlers\FileHandler' driver.
WARNING - 2025-03-11 05:50:34 --> [DEPRECATED] strtotime(): Passing null to parameter #1 ($datetime) of type string is deprecated in APPPATH\Controllers\AdmissionMaster.php on line 432.
 1 APPPATH\Controllers\AdmissionMaster.php(432): strtotime(null)
 2 SYSTEMPATH\CodeIgniter.php(933): App\Controllers\AdmissionMaster->update()
 3 SYSTEMPATH\CodeIgniter.php(509): CodeIgniter\CodeIgniter->runController(Object(App\Controllers\AdmissionMaster))
 4 SYSTEMPATH\CodeIgniter.php(355): CodeIgniter\CodeIgniter->handleRequest(null, Object(Config\Cache), false)
 5 SYSTEMPATH\Boot.php(325): CodeIgniter\CodeIgniter->run()
 6 SYSTEMPATH\Boot.php(67): CodeIgniter\Boot::runCodeIgniter(Object(CodeIgniter\CodeIgniter))
 7 FCPATH\index.php(56): CodeIgniter\Boot::bootWeb(Object(Config\Paths))
WARNING - 2025-03-11 05:50:34 --> [DEPRECATED] strtotime(): Passing null to parameter #1 ($datetime) of type string is deprecated in APPPATH\Controllers\AdmissionMaster.php on line 433.
 1 APPPATH\Controllers\AdmissionMaster.php(433): strtotime(null)
 2 SYSTEMPATH\CodeIgniter.php(933): App\Controllers\AdmissionMaster->update()
 3 SYSTEMPATH\CodeIgniter.php(509): CodeIgniter\CodeIgniter->runController(Object(App\Controllers\AdmissionMaster))
 4 SYSTEMPATH\CodeIgniter.php(355): CodeIgniter\CodeIgniter->handleRequest(null, Object(Config\Cache), false)
 5 SYSTEMPATH\Boot.php(325): CodeIgniter\CodeIgniter->run()
 6 SYSTEMPATH\Boot.php(67): CodeIgniter\Boot::runCodeIgniter(Object(CodeIgniter\CodeIgniter))
 7 FCPATH\index.php(56): CodeIgniter\Boot::bootWeb(Object(Config\Paths))
WARNING - 2025-03-11 05:50:34 --> [DEPRECATED] strtotime(): Passing null to parameter #1 ($datetime) of type string is deprecated in APPPATH\Controllers\AdmissionMaster.php on line 497.
 1 APPPATH\Controllers\AdmissionMaster.php(497): strtotime(null)
 2 SYSTEMPATH\CodeIgniter.php(933): App\Controllers\AdmissionMaster->update()
 3 SYSTEMPATH\CodeIgniter.php(509): CodeIgniter\CodeIgniter->runController(Object(App\Controllers\AdmissionMaster))
 4 SYSTEMPATH\CodeIgniter.php(355): CodeIgniter\CodeIgniter->handleRequest(null, Object(Config\Cache), false)
 5 SYSTEMPATH\Boot.php(325): CodeIgniter\CodeIgniter->run()
 6 SYSTEMPATH\Boot.php(67): CodeIgniter\Boot::runCodeIgniter(Object(CodeIgniter\CodeIgniter))
 7 FCPATH\index.php(56): CodeIgniter\Boot::bootWeb(Object(Config\Paths))
WARNING - 2025-03-11 05:50:34 --> [DEPRECATED] strtotime(): Passing null to parameter #1 ($datetime) of type string is deprecated in APPPATH\Controllers\AdmissionMaster.php on line 498.
 1 APPPATH\Controllers\AdmissionMaster.php(498): strtotime(null)
 2 SYSTEMPATH\CodeIgniter.php(933): App\Controllers\AdmissionMaster->update()
 3 SYSTEMPATH\CodeIgniter.php(509): CodeIgniter\CodeIgniter->runController(Object(App\Controllers\AdmissionMaster))
 4 SYSTEMPATH\CodeIgniter.php(355): CodeIgniter\CodeIgniter->handleRequest(null, Object(Config\Cache), false)
 5 SYSTEMPATH\Boot.php(325): CodeIgniter\CodeIgniter->run()
 6 SYSTEMPATH\Boot.php(67): CodeIgniter\Boot::runCodeIgniter(Object(CodeIgniter\CodeIgniter))
 7 FCPATH\index.php(56): CodeIgniter\Boot::bootWeb(Object(Config\Paths))
INFO - 2025-03-11 05:50:34 --> Session: Class initialized using 'CodeIgniter\Session\Handlers\FileHandler' driver.
INFO - 2025-03-11 05:50:34 --> Session: Class initialized using 'CodeIgniter\Session\Handlers\FileHandler' driver.
INFO - 2025-03-11 05:50:41 --> Session: Class initialized using 'CodeIgniter\Session\Handlers\FileHandler' driver.
INFO - 2025-03-11 05:51:00 --> Session: Class initialized using 'CodeIgniter\Session\Handlers\FileHandler' driver.
INFO - 2025-03-11 05:53:14 --> Session: Class initialized using 'CodeIgniter\Session\Handlers\FileHandler' driver.
INFO - 2025-03-11 05:53:42 --> Session: Class initialized using 'CodeIgniter\Session\Handlers\FileHandler' driver.
INFO - 2025-03-11 05:54:04 --> Session: Class initialized using 'CodeIgniter\Session\Handlers\FileHandler' driver.
INFO - 2025-03-11 05:54:04 --> Session: Class initialized using 'CodeIgniter\Session\Handlers\FileHandler' driver.
INFO - 2025-03-11 05:54:08 --> Session: Class initialized using 'CodeIgniter\Session\Handlers\FileHandler' driver.
INFO - 2025-03-11 05:54:12 --> Session: Class initialized using 'CodeIgniter\Session\Handlers\FileHandler' driver.
INFO - 2025-03-11 05:54:47 --> Session: Class initialized using 'CodeIgniter\Session\Handlers\FileHandler' driver.
INFO - 2025-03-11 05:55:58 --> Session: Class initialized using 'CodeIgniter\Session\Handlers\FileHandler' driver.
INFO - 2025-03-11 05:56:38 --> Session: Class initialized using 'CodeIgniter\Session\Handlers\FileHandler' driver.
INFO - 2025-03-11 05:56:47 --> Session: Class initialized using 'CodeIgniter\Session\Handlers\FileHandler' driver.
INFO - 2025-03-11 05:58:50 --> Session: Class initialized using 'CodeIgniter\Session\Handlers\FileHandler' driver.
ERROR - 2025-03-11 05:59:22 --> mysqli_sql_exception: You have an error in your SQL syntax; check the manual that corresponds to your MariaDB server version for the right syntax to use near ' `admission`.`id` AS `studid`, `fee`., `course`.`course`, `course`.`fee`, `ba...' at line 1 in C:\xampp\htdocs\Wolfox\system\Database\MySQLi\Connection.php:312
Stack trace:
#0 C:\xampp\htdocs\Wolfox\system\Database\MySQLi\Connection.php(312): mysqli->query('SELECT `admissi...', 0)
#1 C:\xampp\htdocs\Wolfox\system\Database\BaseConnection.php(734): CodeIgniter\Database\MySQLi\Connection->execute('SELECT `admissi...')
#2 C:\xampp\htdocs\Wolfox\system\Database\BaseConnection.php(648): CodeIgniter\Database\BaseConnection->simpleQuery('SELECT `admissi...')
#3 C:\xampp\htdocs\Wolfox\system\Database\BaseBuilder.php(1644): CodeIgniter\Database\BaseConnection->query('SELECT `admissi...', Array, false)
#4 C:\xampp\htdocs\Wolfox\system\Model.php(330): CodeIgniter\Database\BaseBuilder->get()
#5 C:\xampp\htdocs\Wolfox\system\BaseModel.php(714): CodeIgniter\Model->doFirst()
#6 C:\xampp\htdocs\Wolfox\app\Controllers\AdmissionMaster.php(1211): CodeIgniter\BaseModel->first()
#7 C:\xampp\htdocs\Wolfox\system\CodeIgniter.php(933): App\Controllers\AdmissionMaster->feereceipt('18')
#8 C:\xampp\htdocs\Wolfox\system\CodeIgniter.php(509): CodeIgniter\CodeIgniter->runController(Object(App\Controllers\AdmissionMaster))
#9 C:\xampp\htdocs\Wolfox\system\CodeIgniter.php(355): CodeIgniter\CodeIgniter->handleRequest(NULL, Object(Config\Cache), false)
#10 C:\xampp\htdocs\Wolfox\system\Boot.php(325): CodeIgniter\CodeIgniter->run()
#11 C:\xampp\htdocs\Wolfox\system\Boot.php(67): CodeIgniter\Boot::runCodeIgniter(Object(CodeIgniter\CodeIgniter))
#12 C:\xampp\htdocs\Wolfox\index.php(56): CodeIgniter\Boot::bootWeb(Object(Config\Paths))
#13 {main}
CRITICAL - 2025-03-11 05:59:22 --> CodeIgniter\Database\Exceptions\DatabaseException: You have an error in your SQL syntax; check the manual that corresponds to your MariaDB server version for the right syntax to use near ' `admission`.`id` AS `studid`, `fee`., `course`.`course`, `course`.`fee`, `ba...' at line 1
[Method: GET, Route: Admin/Admission/feereceipt/18]
in SYSTEMPATH\Database\BaseConnection.php on line 688.
 1 SYSTEMPATH\Database\BaseBuilder.php(1644): CodeIgniter\Database\BaseConnection->query('SELECT `admission`., `admission`.`id` AS `studid`, `fee`., `course`.`course`, `course`.`fee`, `batch`.`batchname`, `batch`.`starttime`, `batch`.`endtime`, `branch`.`branchname` AS `branchname`, `collegename`.`collegename` AS `collegename`
FROM `admission`
LEFT JOIN `course` ON `course`.`courseid` = `admission`.`courseid`
LEFT JOIN `batch` ON `batch`.`batchid` = `admission`.`batchid`
LEFT JOIN (SELECT `id`, `sid`, `cashdate`
FROM `fee`
WHERE `sid` = \'18\'
ORDER BY `cashdate` DESC
 LIMIT 1) as latest ON `latest`.`sid` = `admission`.`id`
LEFT JOIN `branch` ON `branch`.`id` = `admission`.`branchid`
LEFT JOIN `collegename` ON `collegename`.`id` = `admission`.`collegeid`
LEFT JOIN `fee` ON `fee`.`id` = `latest`.`id`
WHERE `admission`.`status` = :admission.status:
AND `admission`.`flag` = :admission.flag:
ORDER BY `admission`.`id` DESC
 LIMIT 1', [...], false)
 2 SYSTEMPATH\Model.php(330): CodeIgniter\Database\BaseBuilder->get()
 3 SYSTEMPATH\BaseModel.php(714): CodeIgniter\Model->doFirst()
 4 APPPATH\Controllers\AdmissionMaster.php(1211): CodeIgniter\BaseModel->first()
 5 SYSTEMPATH\CodeIgniter.php(933): App\Controllers\AdmissionMaster->feereceipt('18')
 6 SYSTEMPATH\CodeIgniter.php(509): CodeIgniter\CodeIgniter->runController(Object(App\Controllers\AdmissionMaster))
 7 SYSTEMPATH\CodeIgniter.php(355): CodeIgniter\CodeIgniter->handleRequest(null, Object(Config\Cache), false)
 8 SYSTEMPATH\Boot.php(325): CodeIgniter\CodeIgniter->run()
 9 SYSTEMPATH\Boot.php(67): CodeIgniter\Boot::runCodeIgniter(Object(CodeIgniter\CodeIgniter))
10 FCPATH\index.php(56): CodeIgniter\Boot::bootWeb(Object(Config\Paths))
CRITICAL - 2025-03-11 05:59:22 --> [Caused by] CodeIgniter\Database\Exceptions\DatabaseException: You have an error in your SQL syntax; check the manual that corresponds to your MariaDB server version for the right syntax to use near ' `admission`.`id` AS `studid`, `fee`., `course`.`course`, `course`.`fee`, `ba...' at line 1
in SYSTEMPATH\Database\MySQLi\Connection.php on line 317.
 1 SYSTEMPATH\Database\BaseConnection.php(734): CodeIgniter\Database\MySQLi\Connection->execute('SELECT `admission`., `admission`.`id` AS `studid`, `fee`., `course`.`course`, `course`.`fee`, `batch`.`batchname`, `batch`.`starttime`, `batch`.`endtime`, `branch`.`branchname` AS `branchname`, `collegename`.`collegename` AS `collegename`
FROM `admission`
LEFT JOIN `course` ON `course`.`courseid` = `admission`.`courseid`
LEFT JOIN `batch` ON `batch`.`batchid` = `admission`.`batchid`
LEFT JOIN (SELECT `id`, `sid`, `cashdate`
FROM `fee`
WHERE `sid` = \'18\'
ORDER BY `cashdate` DESC
 LIMIT 1) as latest ON `latest`.`sid` = `admission`.`id`
LEFT JOIN `branch` ON `branch`.`id` = `admission`.`branchid`
LEFT JOIN `collegename` ON `collegename`.`id` = `admission`.`collegeid`
LEFT JOIN `fee` ON `fee`.`id` = `latest`.`id`
WHERE `admission`.`status` = 1
AND `admission`.`flag` = 1
ORDER BY `admission`.`id` DESC
 LIMIT 1')
 2 SYSTEMPATH\Database\BaseConnection.php(648): CodeIgniter\Database\BaseConnection->simpleQuery('SELECT `admission`., `admission`.`id` AS `studid`, `fee`., `course`.`course`, `course`.`fee`, `batch`.`batchname`, `batch`.`starttime`, `batch`.`endtime`, `branch`.`branchname` AS `branchname`, `collegename`.`collegename` AS `collegename`
FROM `admission`
LEFT JOIN `course` ON `course`.`courseid` = `admission`.`courseid`
LEFT JOIN `batch` ON `batch`.`batchid` = `admission`.`batchid`
LEFT JOIN (SELECT `id`, `sid`, `cashdate`
FROM `fee`
WHERE `sid` = \'18\'
ORDER BY `cashdate` DESC
 LIMIT 1) as latest ON `latest`.`sid` = `admission`.`id`
LEFT JOIN `branch` ON `branch`.`id` = `admission`.`branchid`
LEFT JOIN `collegename` ON `collegename`.`id` = `admission`.`collegeid`
LEFT JOIN `fee` ON `fee`.`id` = `latest`.`id`
WHERE `admission`.`status` = 1
AND `admission`.`flag` = 1
ORDER BY `admission`.`id` DESC
 LIMIT 1')
 3 SYSTEMPATH\Database\BaseBuilder.php(1644): CodeIgniter\Database\BaseConnection->query('SELECT `admission`., `admission`.`id` AS `studid`, `fee`., `course`.`course`, `course`.`fee`, `batch`.`batchname`, `batch`.`starttime`, `batch`.`endtime`, `branch`.`branchname` AS `branchname`, `collegename`.`collegename` AS `collegename`
FROM `admission`
LEFT JOIN `course` ON `course`.`courseid` = `admission`.`courseid`
LEFT JOIN `batch` ON `batch`.`batchid` = `admission`.`batchid`
LEFT JOIN (SELECT `id`, `sid`, `cashdate`
FROM `fee`
WHERE `sid` = \'18\'
ORDER BY `cashdate` DESC
 LIMIT 1) as latest ON `latest`.`sid` = `admission`.`id`
LEFT JOIN `branch` ON `branch`.`id` = `admission`.`branchid`
LEFT JOIN `collegename` ON `collegename`.`id` = `admission`.`collegeid`
LEFT JOIN `fee` ON `fee`.`id` = `latest`.`id`
WHERE `admission`.`status` = :admission.status:
AND `admission`.`flag` = :admission.flag:
ORDER BY `admission`.`id` DESC
 LIMIT 1', [...], false)
 4 SYSTEMPATH\Model.php(330): CodeIgniter\Database\BaseBuilder->get()
 5 SYSTEMPATH\BaseModel.php(714): CodeIgniter\Model->doFirst()
 6 APPPATH\Controllers\AdmissionMaster.php(1211): CodeIgniter\BaseModel->first()
 7 SYSTEMPATH\CodeIgniter.php(933): App\Controllers\AdmissionMaster->feereceipt('18')
 8 SYSTEMPATH\CodeIgniter.php(509): CodeIgniter\CodeIgniter->runController(Object(App\Controllers\AdmissionMaster))
 9 SYSTEMPATH\CodeIgniter.php(355): CodeIgniter\CodeIgniter->handleRequest(null, Object(Config\Cache), false)
10 SYSTEMPATH\Boot.php(325): CodeIgniter\CodeIgniter->run()
11 SYSTEMPATH\Boot.php(67): CodeIgniter\Boot::runCodeIgniter(Object(CodeIgniter\CodeIgniter))
12 FCPATH\index.php(56): CodeIgniter\Boot::bootWeb(Object(Config\Paths))
CRITICAL - 2025-03-11 05:59:22 --> [Caused by] mysqli_sql_exception: You have an error in your SQL syntax; check the manual that corresponds to your MariaDB server version for the right syntax to use near ' `admission`.`id` AS `studid`, `fee`., `course`.`course`, `course`.`fee`, `ba...' at line 1
in SYSTEMPATH\Database\MySQLi\Connection.php on line 312.
 1 SYSTEMPATH\Database\MySQLi\Connection.php(312): mysqli->query('SELECT `admission`., `admission`.`id` AS `studid`, `fee`., `course`.`course`, `course`.`fee`, `batch`.`batchname`, `batch`.`starttime`, `batch`.`endtime`, `branch`.`branchname` AS `branchname`, `collegename`.`collegename` AS `collegename`
FROM `admission`
LEFT JOIN `course` ON `course`.`courseid` = `admission`.`courseid`
LEFT JOIN `batch` ON `batch`.`batchid` = `admission`.`batchid`
LEFT JOIN (SELECT `id`, `sid`, `cashdate`
FROM `fee`
WHERE `sid` = \'18\'
ORDER BY `cashdate` DESC
 LIMIT 1) as latest ON `latest`.`sid` = `admission`.`id`
LEFT JOIN `branch` ON `branch`.`id` = `admission`.`branchid`
LEFT JOIN `collegename` ON `collegename`.`id` = `admission`.`collegeid`
LEFT JOIN `fee` ON `fee`.`id` = `latest`.`id`
WHERE `admission`.`status` = 1
AND `admission`.`flag` = 1
ORDER BY `admission`.`id` DESC
 LIMIT 1', 0)
 2 SYSTEMPATH\Database\BaseConnection.php(734): CodeIgniter\Database\MySQLi\Connection->execute('SELECT `admission`., `admission`.`id` AS `studid`, `fee`., `course`.`course`, `course`.`fee`, `batch`.`batchname`, `batch`.`starttime`, `batch`.`endtime`, `branch`.`branchname` AS `branchname`, `collegename`.`collegename` AS `collegename`
FROM `admission`
LEFT JOIN `course` ON `course`.`courseid` = `admission`.`courseid`
LEFT JOIN `batch` ON `batch`.`batchid` = `admission`.`batchid`
LEFT JOIN (SELECT `id`, `sid`, `cashdate`
FROM `fee`
WHERE `sid` = \'18\'
ORDER BY `cashdate` DESC
 LIMIT 1) as latest ON `latest`.`sid` = `admission`.`id`
LEFT JOIN `branch` ON `branch`.`id` = `admission`.`branchid`
LEFT JOIN `collegename` ON `collegename`.`id` = `admission`.`collegeid`
LEFT JOIN `fee` ON `fee`.`id` = `latest`.`id`
WHERE `admission`.`status` = 1
AND `admission`.`flag` = 1
ORDER BY `admission`.`id` DESC
 LIMIT 1')
 3 SYSTEMPATH\Database\BaseConnection.php(648): CodeIgniter\Database\BaseConnection->simpleQuery('SELECT `admission`., `admission`.`id` AS `studid`, `fee`., `course`.`course`, `course`.`fee`, `batch`.`batchname`, `batch`.`starttime`, `batch`.`endtime`, `branch`.`branchname` AS `branchname`, `collegename`.`collegename` AS `collegename`
FROM `admission`
LEFT JOIN `course` ON `course`.`courseid` = `admission`.`courseid`
LEFT JOIN `batch` ON `batch`.`batchid` = `admission`.`batchid`
LEFT JOIN (SELECT `id`, `sid`, `cashdate`
FROM `fee`
WHERE `sid` = \'18\'
ORDER BY `cashdate` DESC
 LIMIT 1) as latest ON `latest`.`sid` = `admission`.`id`
LEFT JOIN `branch` ON `branch`.`id` = `admission`.`branchid`
LEFT JOIN `collegename` ON `collegename`.`id` = `admission`.`collegeid`
LEFT JOIN `fee` ON `fee`.`id` = `latest`.`id`
WHERE `admission`.`status` = 1
AND `admission`.`flag` = 1
ORDER BY `admission`.`id` DESC
 LIMIT 1')
 4 SYSTEMPATH\Database\BaseBuilder.php(1644): CodeIgniter\Database\BaseConnection->query('SELECT `admission`., `admission`.`id` AS `studid`, `fee`., `course`.`course`, `course`.`fee`, `batch`.`batchname`, `batch`.`starttime`, `batch`.`endtime`, `branch`.`branchname` AS `branchname`, `collegename`.`collegename` AS `collegename`
FROM `admission`
LEFT JOIN `course` ON `course`.`courseid` = `admission`.`courseid`
LEFT JOIN `batch` ON `batch`.`batchid` = `admission`.`batchid`
LEFT JOIN (SELECT `id`, `sid`, `cashdate`
FROM `fee`
WHERE `sid` = \'18\'
ORDER BY `cashdate` DESC
 LIMIT 1) as latest ON `latest`.`sid` = `admission`.`id`
LEFT JOIN `branch` ON `branch`.`id` = `admission`.`branchid`
LEFT JOIN `collegename` ON `collegename`.`id` = `admission`.`collegeid`
LEFT JOIN `fee` ON `fee`.`id` = `latest`.`id`
WHERE `admission`.`status` = :admission.status:
AND `admission`.`flag` = :admission.flag:
ORDER BY `admission`.`id` DESC
 LIMIT 1', [...], false)
 5 SYSTEMPATH\Model.php(330): CodeIgniter\Database\BaseBuilder->get()
 6 SYSTEMPATH\BaseModel.php(714): CodeIgniter\Model->doFirst()
 7 APPPATH\Controllers\AdmissionMaster.php(1211): CodeIgniter\BaseModel->first()
 8 SYSTEMPATH\CodeIgniter.php(933): App\Controllers\AdmissionMaster->feereceipt('18')
 9 SYSTEMPATH\CodeIgniter.php(509): CodeIgniter\CodeIgniter->runController(Object(App\Controllers\AdmissionMaster))
10 SYSTEMPATH\CodeIgniter.php(355): CodeIgniter\CodeIgniter->handleRequest(null, Object(Config\Cache), false)
11 SYSTEMPATH\Boot.php(325): CodeIgniter\CodeIgniter->run()
12 SYSTEMPATH\Boot.php(67): CodeIgniter\Boot::runCodeIgniter(Object(CodeIgniter\CodeIgniter))
13 FCPATH\index.php(56): CodeIgniter\Boot::bootWeb(Object(Config\Paths))
INFO - 2025-03-11 05:59:34 --> Session: Class initialized using 'CodeIgniter\Session\Handlers\FileHandler' driver.
ERROR - 2025-03-11 05:59:42 --> mysqli_sql_exception: You have an error in your SQL syntax; check the manual that corresponds to your MariaDB server version for the right syntax to use near ' `admission`.`id` AS `studid`, `fee`., `course`.`course`, `course`.`fee`, `ba...' at line 1 in C:\xampp\htdocs\Wolfox\system\Database\MySQLi\Connection.php:312
Stack trace:
#0 C:\xampp\htdocs\Wolfox\system\Database\MySQLi\Connection.php(312): mysqli->query('SELECT `admissi...', 0)
#1 C:\xampp\htdocs\Wolfox\system\Database\BaseConnection.php(734): CodeIgniter\Database\MySQLi\Connection->execute('SELECT `admissi...')
#2 C:\xampp\htdocs\Wolfox\system\Database\BaseConnection.php(648): CodeIgniter\Database\BaseConnection->simpleQuery('SELECT `admissi...')
#3 C:\xampp\htdocs\Wolfox\system\Database\BaseBuilder.php(1644): CodeIgniter\Database\BaseConnection->query('SELECT `admissi...', Array, false)
#4 C:\xampp\htdocs\Wolfox\system\Model.php(330): CodeIgniter\Database\BaseBuilder->get()
#5 C:\xampp\htdocs\Wolfox\system\BaseModel.php(714): CodeIgniter\Model->doFirst()
#6 C:\xampp\htdocs\Wolfox\app\Controllers\AdmissionMaster.php(1211): CodeIgniter\BaseModel->first()
#7 C:\xampp\htdocs\Wolfox\system\CodeIgniter.php(933): App\Controllers\AdmissionMaster->feereceipt('18')
#8 C:\xampp\htdocs\Wolfox\system\CodeIgniter.php(509): CodeIgniter\CodeIgniter->runController(Object(App\Controllers\AdmissionMaster))
#9 C:\xampp\htdocs\Wolfox\system\CodeIgniter.php(355): CodeIgniter\CodeIgniter->handleRequest(NULL, Object(Config\Cache), false)
#10 C:\xampp\htdocs\Wolfox\system\Boot.php(325): CodeIgniter\CodeIgniter->run()
#11 C:\xampp\htdocs\Wolfox\system\Boot.php(67): CodeIgniter\Boot::runCodeIgniter(Object(CodeIgniter\CodeIgniter))
#12 C:\xampp\htdocs\Wolfox\index.php(56): CodeIgniter\Boot::bootWeb(Object(Config\Paths))
#13 {main}
CRITICAL - 2025-03-11 05:59:42 --> CodeIgniter\Database\Exceptions\DatabaseException: You have an error in your SQL syntax; check the manual that corresponds to your MariaDB server version for the right syntax to use near ' `admission`.`id` AS `studid`, `fee`., `course`.`course`, `course`.`fee`, `ba...' at line 1
[Method: GET, Route: Admin/Admission/feereceipt/18]
in SYSTEMPATH\Database\BaseConnection.php on line 688.
 1 SYSTEMPATH\Database\BaseBuilder.php(1644): CodeIgniter\Database\BaseConnection->query('SELECT `admission`., `admission`.`id` AS `studid`, `fee`., `course`.`course`, `course`.`fee`, `batch`.`batchname`, `batch`.`starttime`, `batch`.`endtime`, `branch`.`branchname` AS `branchname`, `collegename`.`collegename` AS `collegename`
FROM `admission`
LEFT JOIN `course` ON `course`.`courseid` = `admission`.`courseid`
LEFT JOIN `batch` ON `batch`.`batchid` = `admission`.`batchid`
LEFT JOIN (SELECT `id`, `sid`, `cashdate`
FROM `fee`
WHERE `sid` = \'18\'
ORDER BY `cashdate` DESC
 LIMIT 1) as latest ON `latest`.`sid` = `admission`.`id`
LEFT JOIN `branch` ON `branch`.`id` = `admission`.`branchid`
LEFT JOIN `collegename` ON `collegename`.`id` = `admission`.`collegeid`
LEFT JOIN `fee` ON `fee`.`id` = `latest`.`id`
WHERE `admission`.`status` = :admission.status:
AND `admission`.`flag` = :admission.flag:
ORDER BY `admission`.`id` DESC
 LIMIT 1', [...], false)
 2 SYSTEMPATH\Model.php(330): CodeIgniter\Database\BaseBuilder->get()
 3 SYSTEMPATH\BaseModel.php(714): CodeIgniter\Model->doFirst()
 4 APPPATH\Controllers\AdmissionMaster.php(1211): CodeIgniter\BaseModel->first()
 5 SYSTEMPATH\CodeIgniter.php(933): App\Controllers\AdmissionMaster->feereceipt('18')
 6 SYSTEMPATH\CodeIgniter.php(509): CodeIgniter\CodeIgniter->runController(Object(App\Controllers\AdmissionMaster))
 7 SYSTEMPATH\CodeIgniter.php(355): CodeIgniter\CodeIgniter->handleRequest(null, Object(Config\Cache), false)
 8 SYSTEMPATH\Boot.php(325): CodeIgniter\CodeIgniter->run()
 9 SYSTEMPATH\Boot.php(67): CodeIgniter\Boot::runCodeIgniter(Object(CodeIgniter\CodeIgniter))
10 FCPATH\index.php(56): CodeIgniter\Boot::bootWeb(Object(Config\Paths))
CRITICAL - 2025-03-11 05:59:42 --> [Caused by] CodeIgniter\Database\Exceptions\DatabaseException: You have an error in your SQL syntax; check the manual that corresponds to your MariaDB server version for the right syntax to use near ' `admission`.`id` AS `studid`, `fee`., `course`.`course`, `course`.`fee`, `ba...' at line 1
in SYSTEMPATH\Database\MySQLi\Connection.php on line 317.
 1 SYSTEMPATH\Database\BaseConnection.php(734): CodeIgniter\Database\MySQLi\Connection->execute('SELECT `admission`., `admission`.`id` AS `studid`, `fee`., `course`.`course`, `course`.`fee`, `batch`.`batchname`, `batch`.`starttime`, `batch`.`endtime`, `branch`.`branchname` AS `branchname`, `collegename`.`collegename` AS `collegename`
FROM `admission`
LEFT JOIN `course` ON `course`.`courseid` = `admission`.`courseid`
LEFT JOIN `batch` ON `batch`.`batchid` = `admission`.`batchid`
LEFT JOIN (SELECT `id`, `sid`, `cashdate`
FROM `fee`
WHERE `sid` = \'18\'
ORDER BY `cashdate` DESC
 LIMIT 1) as latest ON `latest`.`sid` = `admission`.`id`
LEFT JOIN `branch` ON `branch`.`id` = `admission`.`branchid`
LEFT JOIN `collegename` ON `collegename`.`id` = `admission`.`collegeid`
LEFT JOIN `fee` ON `fee`.`id` = `latest`.`id`
WHERE `admission`.`status` = 1
AND `admission`.`flag` = 1
ORDER BY `admission`.`id` DESC
 LIMIT 1')
 2 SYSTEMPATH\Database\BaseConnection.php(648): CodeIgniter\Database\BaseConnection->simpleQuery('SELECT `admission`., `admission`.`id` AS `studid`, `fee`., `course`.`course`, `course`.`fee`, `batch`.`batchname`, `batch`.`starttime`, `batch`.`endtime`, `branch`.`branchname` AS `branchname`, `collegename`.`collegename` AS `collegename`
FROM `admission`
LEFT JOIN `course` ON `course`.`courseid` = `admission`.`courseid`
LEFT JOIN `batch` ON `batch`.`batchid` = `admission`.`batchid`
LEFT JOIN (SELECT `id`, `sid`, `cashdate`
FROM `fee`
WHERE `sid` = \'18\'
ORDER BY `cashdate` DESC
 LIMIT 1) as latest ON `latest`.`sid` = `admission`.`id`
LEFT JOIN `branch` ON `branch`.`id` = `admission`.`branchid`
LEFT JOIN `collegename` ON `collegename`.`id` = `admission`.`collegeid`
LEFT JOIN `fee` ON `fee`.`id` = `latest`.`id`
WHERE `admission`.`status` = 1
AND `admission`.`flag` = 1
ORDER BY `admission`.`id` DESC
 LIMIT 1')
 3 SYSTEMPATH\Database\BaseBuilder.php(1644): CodeIgniter\Database\BaseConnection->query('SELECT `admission`., `admission`.`id` AS `studid`, `fee`., `course`.`course`, `course`.`fee`, `batch`.`batchname`, `batch`.`starttime`, `batch`.`endtime`, `branch`.`branchname` AS `branchname`, `collegename`.`collegename` AS `collegename`
FROM `admission`
LEFT JOIN `course` ON `course`.`courseid` = `admission`.`courseid`
LEFT JOIN `batch` ON `batch`.`batchid` = `admission`.`batchid`
LEFT JOIN (SELECT `id`, `sid`, `cashdate`
FROM `fee`
WHERE `sid` = \'18\'
ORDER BY `cashdate` DESC
 LIMIT 1) as latest ON `latest`.`sid` = `admission`.`id`
LEFT JOIN `branch` ON `branch`.`id` = `admission`.`branchid`
LEFT JOIN `collegename` ON `collegename`.`id` = `admission`.`collegeid`
LEFT JOIN `fee` ON `fee`.`id` = `latest`.`id`
WHERE `admission`.`status` = :admission.status:
AND `admission`.`flag` = :admission.flag:
ORDER BY `admission`.`id` DESC
 LIMIT 1', [...], false)
 4 SYSTEMPATH\Model.php(330): CodeIgniter\Database\BaseBuilder->get()
 5 SYSTEMPATH\BaseModel.php(714): CodeIgniter\Model->doFirst()
 6 APPPATH\Controllers\AdmissionMaster.php(1211): CodeIgniter\BaseModel->first()
 7 SYSTEMPATH\CodeIgniter.php(933): App\Controllers\AdmissionMaster->feereceipt('18')
 8 SYSTEMPATH\CodeIgniter.php(509): CodeIgniter\CodeIgniter->runController(Object(App\Controllers\AdmissionMaster))
 9 SYSTEMPATH\CodeIgniter.php(355): CodeIgniter\CodeIgniter->handleRequest(null, Object(Config\Cache), false)
10 SYSTEMPATH\Boot.php(325): CodeIgniter\CodeIgniter->run()
11 SYSTEMPATH\Boot.php(67): CodeIgniter\Boot::runCodeIgniter(Object(CodeIgniter\CodeIgniter))
12 FCPATH\index.php(56): CodeIgniter\Boot::bootWeb(Object(Config\Paths))
CRITICAL - 2025-03-11 05:59:42 --> [Caused by] mysqli_sql_exception: You have an error in your SQL syntax; check the manual that corresponds to your MariaDB server version for the right syntax to use near ' `admission`.`id` AS `studid`, `fee`., `course`.`course`, `course`.`fee`, `ba...' at line 1
in SYSTEMPATH\Database\MySQLi\Connection.php on line 312.
 1 SYSTEMPATH\Database\MySQLi\Connection.php(312): mysqli->query('SELECT `admission`., `admission`.`id` AS `studid`, `fee`., `course`.`course`, `course`.`fee`, `batch`.`batchname`, `batch`.`starttime`, `batch`.`endtime`, `branch`.`branchname` AS `branchname`, `collegename`.`collegename` AS `collegename`
FROM `admission`
LEFT JOIN `course` ON `course`.`courseid` = `admission`.`courseid`
LEFT JOIN `batch` ON `batch`.`batchid` = `admission`.`batchid`
LEFT JOIN (SELECT `id`, `sid`, `cashdate`
FROM `fee`
WHERE `sid` = \'18\'
ORDER BY `cashdate` DESC
 LIMIT 1) as latest ON `latest`.`sid` = `admission`.`id`
LEFT JOIN `branch` ON `branch`.`id` = `admission`.`branchid`
LEFT JOIN `collegename` ON `collegename`.`id` = `admission`.`collegeid`
LEFT JOIN `fee` ON `fee`.`id` = `latest`.`id`
WHERE `admission`.`status` = 1
AND `admission`.`flag` = 1
ORDER BY `admission`.`id` DESC
 LIMIT 1', 0)
 2 SYSTEMPATH\Database\BaseConnection.php(734): CodeIgniter\Database\MySQLi\Connection->execute('SELECT `admission`., `admission`.`id` AS `studid`, `fee`., `course`.`course`, `course`.`fee`, `batch`.`batchname`, `batch`.`starttime`, `batch`.`endtime`, `branch`.`branchname` AS `branchname`, `collegename`.`collegename` AS `collegename`
FROM `admission`
LEFT JOIN `course` ON `course`.`courseid` = `admission`.`courseid`
LEFT JOIN `batch` ON `batch`.`batchid` = `admission`.`batchid`
LEFT JOIN (SELECT `id`, `sid`, `cashdate`
FROM `fee`
WHERE `sid` = \'18\'
ORDER BY `cashdate` DESC
 LIMIT 1) as latest ON `latest`.`sid` = `admission`.`id`
LEFT JOIN `branch` ON `branch`.`id` = `admission`.`branchid`
LEFT JOIN `collegename` ON `collegename`.`id` = `admission`.`collegeid`
LEFT JOIN `fee` ON `fee`.`id` = `latest`.`id`
WHERE `admission`.`status` = 1
AND `admission`.`flag` = 1
ORDER BY `admission`.`id` DESC
 LIMIT 1')
 3 SYSTEMPATH\Database\BaseConnection.php(648): CodeIgniter\Database\BaseConnection->simpleQuery('SELECT `admission`., `admission`.`id` AS `studid`, `fee`., `course`.`course`, `course`.`fee`, `batch`.`batchname`, `batch`.`starttime`, `batch`.`endtime`, `branch`.`branchname` AS `branchname`, `collegename`.`collegename` AS `collegename`
FROM `admission`
LEFT JOIN `course` ON `course`.`courseid` = `admission`.`courseid`
LEFT JOIN `batch` ON `batch`.`batchid` = `admission`.`batchid`
LEFT JOIN (SELECT `id`, `sid`, `cashdate`
FROM `fee`
WHERE `sid` = \'18\'
ORDER BY `cashdate` DESC
 LIMIT 1) as latest ON `latest`.`sid` = `admission`.`id`
LEFT JOIN `branch` ON `branch`.`id` = `admission`.`branchid`
LEFT JOIN `collegename` ON `collegename`.`id` = `admission`.`collegeid`
LEFT JOIN `fee` ON `fee`.`id` = `latest`.`id`
WHERE `admission`.`status` = 1
AND `admission`.`flag` = 1
ORDER BY `admission`.`id` DESC
 LIMIT 1')
 4 SYSTEMPATH\Database\BaseBuilder.php(1644): CodeIgniter\Database\BaseConnection->query('SELECT `admission`., `admission`.`id` AS `studid`, `fee`., `course`.`course`, `course`.`fee`, `batch`.`batchname`, `batch`.`starttime`, `batch`.`endtime`, `branch`.`branchname` AS `branchname`, `collegename`.`collegename` AS `collegename`
FROM `admission`
LEFT JOIN `course` ON `course`.`courseid` = `admission`.`courseid`
LEFT JOIN `batch` ON `batch`.`batchid` = `admission`.`batchid`
LEFT JOIN (SELECT `id`, `sid`, `cashdate`
FROM `fee`
WHERE `sid` = \'18\'
ORDER BY `cashdate` DESC
 LIMIT 1) as latest ON `latest`.`sid` = `admission`.`id`
LEFT JOIN `branch` ON `branch`.`id` = `admission`.`branchid`
LEFT JOIN `collegename` ON `collegename`.`id` = `admission`.`collegeid`
LEFT JOIN `fee` ON `fee`.`id` = `latest`.`id`
WHERE `admission`.`status` = :admission.status:
AND `admission`.`flag` = :admission.flag:
ORDER BY `admission`.`id` DESC
 LIMIT 1', [...], false)
 5 SYSTEMPATH\Model.php(330): CodeIgniter\Database\BaseBuilder->get()
 6 SYSTEMPATH\BaseModel.php(714): CodeIgniter\Model->doFirst()
 7 APPPATH\Controllers\AdmissionMaster.php(1211): CodeIgniter\BaseModel->first()
 8 SYSTEMPATH\CodeIgniter.php(933): App\Controllers\AdmissionMaster->feereceipt('18')
 9 SYSTEMPATH\CodeIgniter.php(509): CodeIgniter\CodeIgniter->runController(Object(App\Controllers\AdmissionMaster))
10 SYSTEMPATH\CodeIgniter.php(355): CodeIgniter\CodeIgniter->handleRequest(null, Object(Config\Cache), false)
11 SYSTEMPATH\Boot.php(325): CodeIgniter\CodeIgniter->run()
12 SYSTEMPATH\Boot.php(67): CodeIgniter\Boot::runCodeIgniter(Object(CodeIgniter\CodeIgniter))
13 FCPATH\index.php(56): CodeIgniter\Boot::bootWeb(Object(Config\Paths))
ERROR - 2025-03-11 06:00:42 --> mysqli_sql_exception: You have an error in your SQL syntax; check the manual that corresponds to your MariaDB server version for the right syntax to use near ' `admission`.`id` AS `studid`, `fee`., `course`.`course`, `course`.`fee`, `ba...' at line 1 in C:\xampp\htdocs\Wolfox\system\Database\MySQLi\Connection.php:312
Stack trace:
#0 C:\xampp\htdocs\Wolfox\system\Database\MySQLi\Connection.php(312): mysqli->query('SELECT `admissi...', 0)
#1 C:\xampp\htdocs\Wolfox\system\Database\BaseConnection.php(734): CodeIgniter\Database\MySQLi\Connection->execute('SELECT `admissi...')
#2 C:\xampp\htdocs\Wolfox\system\Database\BaseConnection.php(648): CodeIgniter\Database\BaseConnection->simpleQuery('SELECT `admissi...')
#3 C:\xampp\htdocs\Wolfox\system\Database\BaseBuilder.php(1644): CodeIgniter\Database\BaseConnection->query('SELECT `admissi...', Array, false)
#4 C:\xampp\htdocs\Wolfox\system\Model.php(330): CodeIgniter\Database\BaseBuilder->get()
#5 C:\xampp\htdocs\Wolfox\system\BaseModel.php(714): CodeIgniter\Model->doFirst()
#6 C:\xampp\htdocs\Wolfox\app\Controllers\AdmissionMaster.php(1210): CodeIgniter\BaseModel->first()
#7 C:\xampp\htdocs\Wolfox\system\CodeIgniter.php(933): App\Controllers\AdmissionMaster->feereceipt('18')
#8 C:\xampp\htdocs\Wolfox\system\CodeIgniter.php(509): CodeIgniter\CodeIgniter->runController(Object(App\Controllers\AdmissionMaster))
#9 C:\xampp\htdocs\Wolfox\system\CodeIgniter.php(355): CodeIgniter\CodeIgniter->handleRequest(NULL, Object(Config\Cache), false)
#10 C:\xampp\htdocs\Wolfox\system\Boot.php(325): CodeIgniter\CodeIgniter->run()
#11 C:\xampp\htdocs\Wolfox\system\Boot.php(67): CodeIgniter\Boot::runCodeIgniter(Object(CodeIgniter\CodeIgniter))
#12 C:\xampp\htdocs\Wolfox\index.php(56): CodeIgniter\Boot::bootWeb(Object(Config\Paths))
#13 {main}
CRITICAL - 2025-03-11 06:00:42 --> CodeIgniter\Database\Exceptions\DatabaseException: You have an error in your SQL syntax; check the manual that corresponds to your MariaDB server version for the right syntax to use near ' `admission`.`id` AS `studid`, `fee`., `course`.`course`, `course`.`fee`, `ba...' at line 1
[Method: GET, Route: Admin/Admission/feereceipt/18]
in SYSTEMPATH\Database\BaseConnection.php on line 688.
 1 SYSTEMPATH\Database\BaseBuilder.php(1644): CodeIgniter\Database\BaseConnection->query('SELECT `admission`., `admission`.`id` AS `studid`, `fee`., `course`.`course`, `course`.`fee`, `batch`.`batchname`, `batch`.`starttime`, `batch`.`endtime`, `branch`.`branchname` AS `branchname`, `collegename`.`collegename` AS `collegename`
FROM `admission`
LEFT JOIN `course` ON `course`.`courseid` = `admission`.`courseid`
LEFT JOIN `batch` ON `batch`.`batchid` = `admission`.`batchid`
LEFT JOIN (SELECT `id`, `sid`, `cashdate`
FROM `fee`
WHERE `sid` = \'18\'
ORDER BY `cashdate` DESC
 LIMIT 1) as latest ON `latest`.`sid` = `admission`.`id`
LEFT JOIN `branch` ON `branch`.`id` = `admission`.`branchid`
LEFT JOIN `collegename` ON `collegename`.`id` = `admission`.`collegeid`
LEFT JOIN `fee` ON `fee`.`id` = `latest`.`id`
WHERE `admission`.`status` = :admission.status:
AND `admission`.`flag` = :admission.flag:
ORDER BY `admission`.`id` DESC
 LIMIT 1', [...], false)
 2 SYSTEMPATH\Model.php(330): CodeIgniter\Database\BaseBuilder->get()
 3 SYSTEMPATH\BaseModel.php(714): CodeIgniter\Model->doFirst()
 4 APPPATH\Controllers\AdmissionMaster.php(1210): CodeIgniter\BaseModel->first()
 5 SYSTEMPATH\CodeIgniter.php(933): App\Controllers\AdmissionMaster->feereceipt('18')
 6 SYSTEMPATH\CodeIgniter.php(509): CodeIgniter\CodeIgniter->runController(Object(App\Controllers\AdmissionMaster))
 7 SYSTEMPATH\CodeIgniter.php(355): CodeIgniter\CodeIgniter->handleRequest(null, Object(Config\Cache), false)
 8 SYSTEMPATH\Boot.php(325): CodeIgniter\CodeIgniter->run()
 9 SYSTEMPATH\Boot.php(67): CodeIgniter\Boot::runCodeIgniter(Object(CodeIgniter\CodeIgniter))
10 FCPATH\index.php(56): CodeIgniter\Boot::bootWeb(Object(Config\Paths))
CRITICAL - 2025-03-11 06:00:42 --> [Caused by] CodeIgniter\Database\Exceptions\DatabaseException: You have an error in your SQL syntax; check the manual that corresponds to your MariaDB server version for the right syntax to use near ' `admission`.`id` AS `studid`, `fee`., `course`.`course`, `course`.`fee`, `ba...' at line 1
in SYSTEMPATH\Database\MySQLi\Connection.php on line 317.
 1 SYSTEMPATH\Database\BaseConnection.php(734): CodeIgniter\Database\MySQLi\Connection->execute('SELECT `admission`., `admission`.`id` AS `studid`, `fee`., `course`.`course`, `course`.`fee`, `batch`.`batchname`, `batch`.`starttime`, `batch`.`endtime`, `branch`.`branchname` AS `branchname`, `collegename`.`collegename` AS `collegename`
FROM `admission`
LEFT JOIN `course` ON `course`.`courseid` = `admission`.`courseid`
LEFT JOIN `batch` ON `batch`.`batchid` = `admission`.`batchid`
LEFT JOIN (SELECT `id`, `sid`, `cashdate`
FROM `fee`
WHERE `sid` = \'18\'
ORDER BY `cashdate` DESC
 LIMIT 1) as latest ON `latest`.`sid` = `admission`.`id`
LEFT JOIN `branch` ON `branch`.`id` = `admission`.`branchid`
LEFT JOIN `collegename` ON `collegename`.`id` = `admission`.`collegeid`
LEFT JOIN `fee` ON `fee`.`id` = `latest`.`id`
WHERE `admission`.`status` = 1
AND `admission`.`flag` = 1
ORDER BY `admission`.`id` DESC
 LIMIT 1')
 2 SYSTEMPATH\Database\BaseConnection.php(648): CodeIgniter\Database\BaseConnection->simpleQuery('SELECT `admission`., `admission`.`id` AS `studid`, `fee`., `course`.`course`, `course`.`fee`, `batch`.`batchname`, `batch`.`starttime`, `batch`.`endtime`, `branch`.`branchname` AS `branchname`, `collegename`.`collegename` AS `collegename`
FROM `admission`
LEFT JOIN `course` ON `course`.`courseid` = `admission`.`courseid`
LEFT JOIN `batch` ON `batch`.`batchid` = `admission`.`batchid`
LEFT JOIN (SELECT `id`, `sid`, `cashdate`
FROM `fee`
WHERE `sid` = \'18\'
ORDER BY `cashdate` DESC
 LIMIT 1) as latest ON `latest`.`sid` = `admission`.`id`
LEFT JOIN `branch` ON `branch`.`id` = `admission`.`branchid`
LEFT JOIN `collegename` ON `collegename`.`id` = `admission`.`collegeid`
LEFT JOIN `fee` ON `fee`.`id` = `latest`.`id`
WHERE `admission`.`status` = 1
AND `admission`.`flag` = 1
ORDER BY `admission`.`id` DESC
 LIMIT 1')
 3 SYSTEMPATH\Database\BaseBuilder.php(1644): CodeIgniter\Database\BaseConnection->query('SELECT `admission`., `admission`.`id` AS `studid`, `fee`., `course`.`course`, `course`.`fee`, `batch`.`batchname`, `batch`.`starttime`, `batch`.`endtime`, `branch`.`branchname` AS `branchname`, `collegename`.`collegename` AS `collegename`
FROM `admission`
LEFT JOIN `course` ON `course`.`courseid` = `admission`.`courseid`
LEFT JOIN `batch` ON `batch`.`batchid` = `admission`.`batchid`
LEFT JOIN (SELECT `id`, `sid`, `cashdate`
FROM `fee`
WHERE `sid` = \'18\'
ORDER BY `cashdate` DESC
 LIMIT 1) as latest ON `latest`.`sid` = `admission`.`id`
LEFT JOIN `branch` ON `branch`.`id` = `admission`.`branchid`
LEFT JOIN `collegename` ON `collegename`.`id` = `admission`.`collegeid`
LEFT JOIN `fee` ON `fee`.`id` = `latest`.`id`
WHERE `admission`.`status` = :admission.status:
AND `admission`.`flag` = :admission.flag:
ORDER BY `admission`.`id` DESC
 LIMIT 1', [...], false)
 4 SYSTEMPATH\Model.php(330): CodeIgniter\Database\BaseBuilder->get()
 5 SYSTEMPATH\BaseModel.php(714): CodeIgniter\Model->doFirst()
 6 APPPATH\Controllers\AdmissionMaster.php(1210): CodeIgniter\BaseModel->first()
 7 SYSTEMPATH\CodeIgniter.php(933): App\Controllers\AdmissionMaster->feereceipt('18')
 8 SYSTEMPATH\CodeIgniter.php(509): CodeIgniter\CodeIgniter->runController(Object(App\Controllers\AdmissionMaster))
 9 SYSTEMPATH\CodeIgniter.php(355): CodeIgniter\CodeIgniter->handleRequest(null, Object(Config\Cache), false)
10 SYSTEMPATH\Boot.php(325): CodeIgniter\CodeIgniter->run()
11 SYSTEMPATH\Boot.php(67): CodeIgniter\Boot::runCodeIgniter(Object(CodeIgniter\CodeIgniter))
12 FCPATH\index.php(56): CodeIgniter\Boot::bootWeb(Object(Config\Paths))
CRITICAL - 2025-03-11 06:00:42 --> [Caused by] mysqli_sql_exception: You have an error in your SQL syntax; check the manual that corresponds to your MariaDB server version for the right syntax to use near ' `admission`.`id` AS `studid`, `fee`., `course`.`course`, `course`.`fee`, `ba...' at line 1
in SYSTEMPATH\Database\MySQLi\Connection.php on line 312.
 1 SYSTEMPATH\Database\MySQLi\Connection.php(312): mysqli->query('SELECT `admission`., `admission`.`id` AS `studid`, `fee`., `course`.`course`, `course`.`fee`, `batch`.`batchname`, `batch`.`starttime`, `batch`.`endtime`, `branch`.`branchname` AS `branchname`, `collegename`.`collegename` AS `collegename`
FROM `admission`
LEFT JOIN `course` ON `course`.`courseid` = `admission`.`courseid`
LEFT JOIN `batch` ON `batch`.`batchid` = `admission`.`batchid`
LEFT JOIN (SELECT `id`, `sid`, `cashdate`
FROM `fee`
WHERE `sid` = \'18\'
ORDER BY `cashdate` DESC
 LIMIT 1) as latest ON `latest`.`sid` = `admission`.`id`
LEFT JOIN `branch` ON `branch`.`id` = `admission`.`branchid`
LEFT JOIN `collegename` ON `collegename`.`id` = `admission`.`collegeid`
LEFT JOIN `fee` ON `fee`.`id` = `latest`.`id`
WHERE `admission`.`status` = 1
AND `admission`.`flag` = 1
ORDER BY `admission`.`id` DESC
 LIMIT 1', 0)
 2 SYSTEMPATH\Database\BaseConnection.php(734): CodeIgniter\Database\MySQLi\Connection->execute('SELECT `admission`., `admission`.`id` AS `studid`, `fee`., `course`.`course`, `course`.`fee`, `batch`.`batchname`, `batch`.`starttime`, `batch`.`endtime`, `branch`.`branchname` AS `branchname`, `collegename`.`collegename` AS `collegename`
FROM `admission`
LEFT JOIN `course` ON `course`.`courseid` = `admission`.`courseid`
LEFT JOIN `batch` ON `batch`.`batchid` = `admission`.`batchid`
LEFT JOIN (SELECT `id`, `sid`, `cashdate`
FROM `fee`
WHERE `sid` = \'18\'
ORDER BY `cashdate` DESC
 LIMIT 1) as latest ON `latest`.`sid` = `admission`.`id`
LEFT JOIN `branch` ON `branch`.`id` = `admission`.`branchid`
LEFT JOIN `collegename` ON `collegename`.`id` = `admission`.`collegeid`
LEFT JOIN `fee` ON `fee`.`id` = `latest`.`id`
WHERE `admission`.`status` = 1
AND `admission`.`flag` = 1
ORDER BY `admission`.`id` DESC
 LIMIT 1')
 3 SYSTEMPATH\Database\BaseConnection.php(648): CodeIgniter\Database\BaseConnection->simpleQuery('SELECT `admission`., `admission`.`id` AS `studid`, `fee`., `course`.`course`, `course`.`fee`, `batch`.`batchname`, `batch`.`starttime`, `batch`.`endtime`, `branch`.`branchname` AS `branchname`, `collegename`.`collegename` AS `collegename`
FROM `admission`
LEFT JOIN `course` ON `course`.`courseid` = `admission`.`courseid`
LEFT JOIN `batch` ON `batch`.`batchid` = `admission`.`batchid`
LEFT JOIN (SELECT `id`, `sid`, `cashdate`
FROM `fee`
WHERE `sid` = \'18\'
ORDER BY `cashdate` DESC
 LIMIT 1) as latest ON `latest`.`sid` = `admission`.`id`
LEFT JOIN `branch` ON `branch`.`id` = `admission`.`branchid`
LEFT JOIN `collegename` ON `collegename`.`id` = `admission`.`collegeid`
LEFT JOIN `fee` ON `fee`.`id` = `latest`.`id`
WHERE `admission`.`status` = 1
AND `admission`.`flag` = 1
ORDER BY `admission`.`id` DESC
 LIMIT 1')
 4 SYSTEMPATH\Database\BaseBuilder.php(1644): CodeIgniter\Database\BaseConnection->query('SELECT `admission`., `admission`.`id` AS `studid`, `fee`., `course`.`course`, `course`.`fee`, `batch`.`batchname`, `batch`.`starttime`, `batch`.`endtime`, `branch`.`branchname` AS `branchname`, `collegename`.`collegename` AS `collegename`
FROM `admission`
LEFT JOIN `course` ON `course`.`courseid` = `admission`.`courseid`
LEFT JOIN `batch` ON `batch`.`batchid` = `admission`.`batchid`
LEFT JOIN (SELECT `id`, `sid`, `cashdate`
FROM `fee`
WHERE `sid` = \'18\'
ORDER BY `cashdate` DESC
 LIMIT 1) as latest ON `latest`.`sid` = `admission`.`id`
LEFT JOIN `branch` ON `branch`.`id` = `admission`.`branchid`
LEFT JOIN `collegename` ON `collegename`.`id` = `admission`.`collegeid`
LEFT JOIN `fee` ON `fee`.`id` = `latest`.`id`
WHERE `admission`.`status` = :admission.status:
AND `admission`.`flag` = :admission.flag:
ORDER BY `admission`.`id` DESC
 LIMIT 1', [...], false)
 5 SYSTEMPATH\Model.php(330): CodeIgniter\Database\BaseBuilder->get()
 6 SYSTEMPATH\BaseModel.php(714): CodeIgniter\Model->doFirst()
 7 APPPATH\Controllers\AdmissionMaster.php(1210): CodeIgniter\BaseModel->first()
 8 SYSTEMPATH\CodeIgniter.php(933): App\Controllers\AdmissionMaster->feereceipt('18')
 9 SYSTEMPATH\CodeIgniter.php(509): CodeIgniter\CodeIgniter->runController(Object(App\Controllers\AdmissionMaster))
10 SYSTEMPATH\CodeIgniter.php(355): CodeIgniter\CodeIgniter->handleRequest(null, Object(Config\Cache), false)
11 SYSTEMPATH\Boot.php(325): CodeIgniter\CodeIgniter->run()
12 SYSTEMPATH\Boot.php(67): CodeIgniter\Boot::runCodeIgniter(Object(CodeIgniter\CodeIgniter))
13 FCPATH\index.php(56): CodeIgniter\Boot::bootWeb(Object(Config\Paths))
INFO - 2025-03-11 06:00:45 --> Session: Class initialized using 'CodeIgniter\Session\Handlers\FileHandler' driver.
ERROR - 2025-03-11 06:00:52 --> mysqli_sql_exception: You have an error in your SQL syntax; check the manual that corresponds to your MariaDB server version for the right syntax to use near ' `admission`.`id` AS `studid`, `fee`., `course`.`course`, `course`.`fee`, `ba...' at line 1 in C:\xampp\htdocs\Wolfox\system\Database\MySQLi\Connection.php:312
Stack trace:
#0 C:\xampp\htdocs\Wolfox\system\Database\MySQLi\Connection.php(312): mysqli->query('SELECT `admissi...', 0)
#1 C:\xampp\htdocs\Wolfox\system\Database\BaseConnection.php(734): CodeIgniter\Database\MySQLi\Connection->execute('SELECT `admissi...')
#2 C:\xampp\htdocs\Wolfox\system\Database\BaseConnection.php(648): CodeIgniter\Database\BaseConnection->simpleQuery('SELECT `admissi...')
#3 C:\xampp\htdocs\Wolfox\system\Database\BaseBuilder.php(1644): CodeIgniter\Database\BaseConnection->query('SELECT `admissi...', Array, false)
#4 C:\xampp\htdocs\Wolfox\system\Model.php(330): CodeIgniter\Database\BaseBuilder->get()
#5 C:\xampp\htdocs\Wolfox\system\BaseModel.php(714): CodeIgniter\Model->doFirst()
#6 C:\xampp\htdocs\Wolfox\app\Controllers\AdmissionMaster.php(1210): CodeIgniter\BaseModel->first()
#7 C:\xampp\htdocs\Wolfox\system\CodeIgniter.php(933): App\Controllers\AdmissionMaster->feereceipt('18')
#8 C:\xampp\htdocs\Wolfox\system\CodeIgniter.php(509): CodeIgniter\CodeIgniter->runController(Object(App\Controllers\AdmissionMaster))
#9 C:\xampp\htdocs\Wolfox\system\CodeIgniter.php(355): CodeIgniter\CodeIgniter->handleRequest(NULL, Object(Config\Cache), false)
#10 C:\xampp\htdocs\Wolfox\system\Boot.php(325): CodeIgniter\CodeIgniter->run()
#11 C:\xampp\htdocs\Wolfox\system\Boot.php(67): CodeIgniter\Boot::runCodeIgniter(Object(CodeIgniter\CodeIgniter))
#12 C:\xampp\htdocs\Wolfox\index.php(56): CodeIgniter\Boot::bootWeb(Object(Config\Paths))
#13 {main}
CRITICAL - 2025-03-11 06:00:52 --> CodeIgniter\Database\Exceptions\DatabaseException: You have an error in your SQL syntax; check the manual that corresponds to your MariaDB server version for the right syntax to use near ' `admission`.`id` AS `studid`, `fee`., `course`.`course`, `course`.`fee`, `ba...' at line 1
[Method: GET, Route: Admin/Admission/feereceipt/18]
in SYSTEMPATH\Database\BaseConnection.php on line 688.
 1 SYSTEMPATH\Database\BaseBuilder.php(1644): CodeIgniter\Database\BaseConnection->query('SELECT `admission`., `admission`.`id` AS `studid`, `fee`., `course`.`course`, `course`.`fee`, `batch`.`batchname`, `batch`.`starttime`, `batch`.`endtime`, `branch`.`branchname` AS `branchname`, `collegename`.`collegename` AS `collegename`
FROM `admission`
LEFT JOIN `course` ON `course`.`courseid` = `admission`.`courseid`
LEFT JOIN `batch` ON `batch`.`batchid` = `admission`.`batchid`
LEFT JOIN (SELECT `id`, `sid`, `cashdate`
FROM `fee`
WHERE `sid` = \'18\'
ORDER BY `cashdate` DESC
 LIMIT 1) as latest ON `latest`.`sid` = `admission`.`id`
LEFT JOIN `branch` ON `branch`.`id` = `admission`.`branchid`
LEFT JOIN `collegename` ON `collegename`.`id` = `admission`.`collegeid`
LEFT JOIN `fee` ON `fee`.`id` = `latest`.`id`
WHERE `admission`.`status` = :admission.status:
AND `admission`.`flag` = :admission.flag:
ORDER BY `admission`.`id` DESC
 LIMIT 1', [...], false)
 2 SYSTEMPATH\Model.php(330): CodeIgniter\Database\BaseBuilder->get()
 3 SYSTEMPATH\BaseModel.php(714): CodeIgniter\Model->doFirst()
 4 APPPATH\Controllers\AdmissionMaster.php(1210): CodeIgniter\BaseModel->first()
 5 SYSTEMPATH\CodeIgniter.php(933): App\Controllers\AdmissionMaster->feereceipt('18')
 6 SYSTEMPATH\CodeIgniter.php(509): CodeIgniter\CodeIgniter->runController(Object(App\Controllers\AdmissionMaster))
 7 SYSTEMPATH\CodeIgniter.php(355): CodeIgniter\CodeIgniter->handleRequest(null, Object(Config\Cache), false)
 8 SYSTEMPATH\Boot.php(325): CodeIgniter\CodeIgniter->run()
 9 SYSTEMPATH\Boot.php(67): CodeIgniter\Boot::runCodeIgniter(Object(CodeIgniter\CodeIgniter))
10 FCPATH\index.php(56): CodeIgniter\Boot::bootWeb(Object(Config\Paths))
CRITICAL - 2025-03-11 06:00:52 --> [Caused by] CodeIgniter\Database\Exceptions\DatabaseException: You have an error in your SQL syntax; check the manual that corresponds to your MariaDB server version for the right syntax to use near ' `admission`.`id` AS `studid`, `fee`., `course`.`course`, `course`.`fee`, `ba...' at line 1
in SYSTEMPATH\Database\MySQLi\Connection.php on line 317.
 1 SYSTEMPATH\Database\BaseConnection.php(734): CodeIgniter\Database\MySQLi\Connection->execute('SELECT `admission`., `admission`.`id` AS `studid`, `fee`., `course`.`course`, `course`.`fee`, `batch`.`batchname`, `batch`.`starttime`, `batch`.`endtime`, `branch`.`branchname` AS `branchname`, `collegename`.`collegename` AS `collegename`
FROM `admission`
LEFT JOIN `course` ON `course`.`courseid` = `admission`.`courseid`
LEFT JOIN `batch` ON `batch`.`batchid` = `admission`.`batchid`
LEFT JOIN (SELECT `id`, `sid`, `cashdate`
FROM `fee`
WHERE `sid` = \'18\'
ORDER BY `cashdate` DESC
 LIMIT 1) as latest ON `latest`.`sid` = `admission`.`id`
LEFT JOIN `branch` ON `branch`.`id` = `admission`.`branchid`
LEFT JOIN `collegename` ON `collegename`.`id` = `admission`.`collegeid`
LEFT JOIN `fee` ON `fee`.`id` = `latest`.`id`
WHERE `admission`.`status` = 1
AND `admission`.`flag` = 1
ORDER BY `admission`.`id` DESC
 LIMIT 1')
 2 SYSTEMPATH\Database\BaseConnection.php(648): CodeIgniter\Database\BaseConnection->simpleQuery('SELECT `admission`., `admission`.`id` AS `studid`, `fee`., `course`.`course`, `course`.`fee`, `batch`.`batchname`, `batch`.`starttime`, `batch`.`endtime`, `branch`.`branchname` AS `branchname`, `collegename`.`collegename` AS `collegename`
FROM `admission`
LEFT JOIN `course` ON `course`.`courseid` = `admission`.`courseid`
LEFT JOIN `batch` ON `batch`.`batchid` = `admission`.`batchid`
LEFT JOIN (SELECT `id`, `sid`, `cashdate`
FROM `fee`
WHERE `sid` = \'18\'
ORDER BY `cashdate` DESC
 LIMIT 1) as latest ON `latest`.`sid` = `admission`.`id`
LEFT JOIN `branch` ON `branch`.`id` = `admission`.`branchid`
LEFT JOIN `collegename` ON `collegename`.`id` = `admission`.`collegeid`
LEFT JOIN `fee` ON `fee`.`id` = `latest`.`id`
WHERE `admission`.`status` = 1
AND `admission`.`flag` = 1
ORDER BY `admission`.`id` DESC
 LIMIT 1')
 3 SYSTEMPATH\Database\BaseBuilder.php(1644): CodeIgniter\Database\BaseConnection->query('SELECT `admission`., `admission`.`id` AS `studid`, `fee`., `course`.`course`, `course`.`fee`, `batch`.`batchname`, `batch`.`starttime`, `batch`.`endtime`, `branch`.`branchname` AS `branchname`, `collegename`.`collegename` AS `collegename`
FROM `admission`
LEFT JOIN `course` ON `course`.`courseid` = `admission`.`courseid`
LEFT JOIN `batch` ON `batch`.`batchid` = `admission`.`batchid`
LEFT JOIN (SELECT `id`, `sid`, `cashdate`
FROM `fee`
WHERE `sid` = \'18\'
ORDER BY `cashdate` DESC
 LIMIT 1) as latest ON `latest`.`sid` = `admission`.`id`
LEFT JOIN `branch` ON `branch`.`id` = `admission`.`branchid`
LEFT JOIN `collegename` ON `collegename`.`id` = `admission`.`collegeid`
LEFT JOIN `fee` ON `fee`.`id` = `latest`.`id`
WHERE `admission`.`status` = :admission.status:
AND `admission`.`flag` = :admission.flag:
ORDER BY `admission`.`id` DESC
 LIMIT 1', [...], false)
 4 SYSTEMPATH\Model.php(330): CodeIgniter\Database\BaseBuilder->get()
 5 SYSTEMPATH\BaseModel.php(714): CodeIgniter\Model->doFirst()
 6 APPPATH\Controllers\AdmissionMaster.php(1210): CodeIgniter\BaseModel->first()
 7 SYSTEMPATH\CodeIgniter.php(933): App\Controllers\AdmissionMaster->feereceipt('18')
 8 SYSTEMPATH\CodeIgniter.php(509): CodeIgniter\CodeIgniter->runController(Object(App\Controllers\AdmissionMaster))
 9 SYSTEMPATH\CodeIgniter.php(355): CodeIgniter\CodeIgniter->handleRequest(null, Object(Config\Cache), false)
10 SYSTEMPATH\Boot.php(325): CodeIgniter\CodeIgniter->run()
11 SYSTEMPATH\Boot.php(67): CodeIgniter\Boot::runCodeIgniter(Object(CodeIgniter\CodeIgniter))
12 FCPATH\index.php(56): CodeIgniter\Boot::bootWeb(Object(Config\Paths))
CRITICAL - 2025-03-11 06:00:52 --> [Caused by] mysqli_sql_exception: You have an error in your SQL syntax; check the manual that corresponds to your MariaDB server version for the right syntax to use near ' `admission`.`id` AS `studid`, `fee`., `course`.`course`, `course`.`fee`, `ba...' at line 1
in SYSTEMPATH\Database\MySQLi\Connection.php on line 312.
 1 SYSTEMPATH\Database\MySQLi\Connection.php(312): mysqli->query('SELECT `admission`., `admission`.`id` AS `studid`, `fee`., `course`.`course`, `course`.`fee`, `batch`.`batchname`, `batch`.`starttime`, `batch`.`endtime`, `branch`.`branchname` AS `branchname`, `collegename`.`collegename` AS `collegename`
FROM `admission`
LEFT JOIN `course` ON `course`.`courseid` = `admission`.`courseid`
LEFT JOIN `batch` ON `batch`.`batchid` = `admission`.`batchid`
LEFT JOIN (SELECT `id`, `sid`, `cashdate`
FROM `fee`
WHERE `sid` = \'18\'
ORDER BY `cashdate` DESC
 LIMIT 1) as latest ON `latest`.`sid` = `admission`.`id`
LEFT JOIN `branch` ON `branch`.`id` = `admission`.`branchid`
LEFT JOIN `collegename` ON `collegename`.`id` = `admission`.`collegeid`
LEFT JOIN `fee` ON `fee`.`id` = `latest`.`id`
WHERE `admission`.`status` = 1
AND `admission`.`flag` = 1
ORDER BY `admission`.`id` DESC
 LIMIT 1', 0)
 2 SYSTEMPATH\Database\BaseConnection.php(734): CodeIgniter\Database\MySQLi\Connection->execute('SELECT `admission`., `admission`.`id` AS `studid`, `fee`., `course`.`course`, `course`.`fee`, `batch`.`batchname`, `batch`.`starttime`, `batch`.`endtime`, `branch`.`branchname` AS `branchname`, `collegename`.`collegename` AS `collegename`
FROM `admission`
LEFT JOIN `course` ON `course`.`courseid` = `admission`.`courseid`
LEFT JOIN `batch` ON `batch`.`batchid` = `admission`.`batchid`
LEFT JOIN (SELECT `id`, `sid`, `cashdate`
FROM `fee`
WHERE `sid` = \'18\'
ORDER BY `cashdate` DESC
 LIMIT 1) as latest ON `latest`.`sid` = `admission`.`id`
LEFT JOIN `branch` ON `branch`.`id` = `admission`.`branchid`
LEFT JOIN `collegename` ON `collegename`.`id` = `admission`.`collegeid`
LEFT JOIN `fee` ON `fee`.`id` = `latest`.`id`
WHERE `admission`.`status` = 1
AND `admission`.`flag` = 1
ORDER BY `admission`.`id` DESC
 LIMIT 1')
 3 SYSTEMPATH\Database\BaseConnection.php(648): CodeIgniter\Database\BaseConnection->simpleQuery('SELECT `admission`., `admission`.`id` AS `studid`, `fee`., `course`.`course`, `course`.`fee`, `batch`.`batchname`, `batch`.`starttime`, `batch`.`endtime`, `branch`.`branchname` AS `branchname`, `collegename`.`collegename` AS `collegename`
FROM `admission`
LEFT JOIN `course` ON `course`.`courseid` = `admission`.`courseid`
LEFT JOIN `batch` ON `batch`.`batchid` = `admission`.`batchid`
LEFT JOIN (SELECT `id`, `sid`, `cashdate`
FROM `fee`
WHERE `sid` = \'18\'
ORDER BY `cashdate` DESC
 LIMIT 1) as latest ON `latest`.`sid` = `admission`.`id`
LEFT JOIN `branch` ON `branch`.`id` = `admission`.`branchid`
LEFT JOIN `collegename` ON `collegename`.`id` = `admission`.`collegeid`
LEFT JOIN `fee` ON `fee`.`id` = `latest`.`id`
WHERE `admission`.`status` = 1
AND `admission`.`flag` = 1
ORDER BY `admission`.`id` DESC
 LIMIT 1')
 4 SYSTEMPATH\Database\BaseBuilder.php(1644): CodeIgniter\Database\BaseConnection->query('SELECT `admission`., `admission`.`id` AS `studid`, `fee`., `course`.`course`, `course`.`fee`, `batch`.`batchname`, `batch`.`starttime`, `batch`.`endtime`, `branch`.`branchname` AS `branchname`, `collegename`.`collegename` AS `collegename`
FROM `admission`
LEFT JOIN `course` ON `course`.`courseid` = `admission`.`courseid`
LEFT JOIN `batch` ON `batch`.`batchid` = `admission`.`batchid`
LEFT JOIN (SELECT `id`, `sid`, `cashdate`
FROM `fee`
WHERE `sid` = \'18\'
ORDER BY `cashdate` DESC
 LIMIT 1) as latest ON `latest`.`sid` = `admission`.`id`
LEFT JOIN `branch` ON `branch`.`id` = `admission`.`branchid`
LEFT JOIN `collegename` ON `collegename`.`id` = `admission`.`collegeid`
LEFT JOIN `fee` ON `fee`.`id` = `latest`.`id`
WHERE `admission`.`status` = :admission.status:
AND `admission`.`flag` = :admission.flag:
ORDER BY `admission`.`id` DESC
 LIMIT 1', [...], false)
 5 SYSTEMPATH\Model.php(330): CodeIgniter\Database\BaseBuilder->get()
 6 SYSTEMPATH\BaseModel.php(714): CodeIgniter\Model->doFirst()
 7 APPPATH\Controllers\AdmissionMaster.php(1210): CodeIgniter\BaseModel->first()
 8 SYSTEMPATH\CodeIgniter.php(933): App\Controllers\AdmissionMaster->feereceipt('18')
 9 SYSTEMPATH\CodeIgniter.php(509): CodeIgniter\CodeIgniter->runController(Object(App\Controllers\AdmissionMaster))
10 SYSTEMPATH\CodeIgniter.php(355): CodeIgniter\CodeIgniter->handleRequest(null, Object(Config\Cache), false)
11 SYSTEMPATH\Boot.php(325): CodeIgniter\CodeIgniter->run()
12 SYSTEMPATH\Boot.php(67): CodeIgniter\Boot::runCodeIgniter(Object(CodeIgniter\CodeIgniter))
13 FCPATH\index.php(56): CodeIgniter\Boot::bootWeb(Object(Config\Paths))
ERROR - 2025-03-11 06:02:43 --> mysqli_sql_exception: You have an error in your SQL syntax; check the manual that corresponds to your MariaDB server version for the right syntax to use near ' `admission`.`id` AS `studid`, `fee`., `course`.`course`, `course`.`fee`, `ba...' at line 1 in C:\xampp\htdocs\Wolfox\system\Database\MySQLi\Connection.php:312
Stack trace:
#0 C:\xampp\htdocs\Wolfox\system\Database\MySQLi\Connection.php(312): mysqli->query('SELECT `admissi...', 0)
#1 C:\xampp\htdocs\Wolfox\system\Database\BaseConnection.php(734): CodeIgniter\Database\MySQLi\Connection->execute('SELECT `admissi...')
#2 C:\xampp\htdocs\Wolfox\system\Database\BaseConnection.php(648): CodeIgniter\Database\BaseConnection->simpleQuery('SELECT `admissi...')
#3 C:\xampp\htdocs\Wolfox\system\Database\BaseBuilder.php(1644): CodeIgniter\Database\BaseConnection->query('SELECT `admissi...', Array, false)
#4 C:\xampp\htdocs\Wolfox\system\Model.php(330): CodeIgniter\Database\BaseBuilder->get()
#5 C:\xampp\htdocs\Wolfox\system\BaseModel.php(714): CodeIgniter\Model->doFirst()
#6 C:\xampp\htdocs\Wolfox\app\Controllers\AdmissionMaster.php(1210): CodeIgniter\BaseModel->first()
#7 C:\xampp\htdocs\Wolfox\system\CodeIgniter.php(933): App\Controllers\AdmissionMaster->feereceipt('18')
#8 C:\xampp\htdocs\Wolfox\system\CodeIgniter.php(509): CodeIgniter\CodeIgniter->runController(Object(App\Controllers\AdmissionMaster))
#9 C:\xampp\htdocs\Wolfox\system\CodeIgniter.php(355): CodeIgniter\CodeIgniter->handleRequest(NULL, Object(Config\Cache), false)
#10 C:\xampp\htdocs\Wolfox\system\Boot.php(325): CodeIgniter\CodeIgniter->run()
#11 C:\xampp\htdocs\Wolfox\system\Boot.php(67): CodeIgniter\Boot::runCodeIgniter(Object(CodeIgniter\CodeIgniter))
#12 C:\xampp\htdocs\Wolfox\index.php(56): CodeIgniter\Boot::bootWeb(Object(Config\Paths))
#13 {main}
CRITICAL - 2025-03-11 06:02:43 --> CodeIgniter\Database\Exceptions\DatabaseException: You have an error in your SQL syntax; check the manual that corresponds to your MariaDB server version for the right syntax to use near ' `admission`.`id` AS `studid`, `fee`., `course`.`course`, `course`.`fee`, `ba...' at line 1
[Method: GET, Route: Admin/Admission/feereceipt/18]
in SYSTEMPATH\Database\BaseConnection.php on line 688.
 1 SYSTEMPATH\Database\BaseBuilder.php(1644): CodeIgniter\Database\BaseConnection->query('SELECT `admission`., `admission`.`id` AS `studid`, `fee`., `course`.`course`, `course`.`fee`, `batch`.`batchname`, `batch`.`starttime`, `batch`.`endtime`, `branch`.`branchname` AS `branchname`, `collegename`.`collegename` AS `collegename`
FROM `admission`
LEFT JOIN `course` ON `course`.`courseid` = `admission`.`courseid`
LEFT JOIN `batch` ON `batch`.`batchid` = `admission`.`batchid`
LEFT JOIN (SELECT `id`, `sid`, `cashdate`
FROM `fee`
WHERE `sid` = \'18\'
ORDER BY `cashdate` DESC
 LIMIT 1) as latest ON `latest`.`sid` = `admission`.`id`
LEFT JOIN `branch` ON `branch`.`id` = `admission`.`branchid`
LEFT JOIN `collegename` ON `collegename`.`id` = `admission`.`collegeid`
LEFT JOIN `fee` ON `fee`.`id` = `latest`.`id`
WHERE `admission`.`status` = :admission.status:
AND `admission`.`flag` = :admission.flag:
ORDER BY `admission`.`id` DESC
 LIMIT 1', [...], false)
 2 SYSTEMPATH\Model.php(330): CodeIgniter\Database\BaseBuilder->get()
 3 SYSTEMPATH\BaseModel.php(714): CodeIgniter\Model->doFirst()
 4 APPPATH\Controllers\AdmissionMaster.php(1210): CodeIgniter\BaseModel->first()
 5 SYSTEMPATH\CodeIgniter.php(933): App\Controllers\AdmissionMaster->feereceipt('18')
 6 SYSTEMPATH\CodeIgniter.php(509): CodeIgniter\CodeIgniter->runController(Object(App\Controllers\AdmissionMaster))
 7 SYSTEMPATH\CodeIgniter.php(355): CodeIgniter\CodeIgniter->handleRequest(null, Object(Config\Cache), false)
 8 SYSTEMPATH\Boot.php(325): CodeIgniter\CodeIgniter->run()
 9 SYSTEMPATH\Boot.php(67): CodeIgniter\Boot::runCodeIgniter(Object(CodeIgniter\CodeIgniter))
10 FCPATH\index.php(56): CodeIgniter\Boot::bootWeb(Object(Config\Paths))
CRITICAL - 2025-03-11 06:02:43 --> [Caused by] CodeIgniter\Database\Exceptions\DatabaseException: You have an error in your SQL syntax; check the manual that corresponds to your MariaDB server version for the right syntax to use near ' `admission`.`id` AS `studid`, `fee`., `course`.`course`, `course`.`fee`, `ba...' at line 1
in SYSTEMPATH\Database\MySQLi\Connection.php on line 317.
 1 SYSTEMPATH\Database\BaseConnection.php(734): CodeIgniter\Database\MySQLi\Connection->execute('SELECT `admission`., `admission`.`id` AS `studid`, `fee`., `course`.`course`, `course`.`fee`, `batch`.`batchname`, `batch`.`starttime`, `batch`.`endtime`, `branch`.`branchname` AS `branchname`, `collegename`.`collegename` AS `collegename`
FROM `admission`
LEFT JOIN `course` ON `course`.`courseid` = `admission`.`courseid`
LEFT JOIN `batch` ON `batch`.`batchid` = `admission`.`batchid`
LEFT JOIN (SELECT `id`, `sid`, `cashdate`
FROM `fee`
WHERE `sid` = \'18\'
ORDER BY `cashdate` DESC
 LIMIT 1) as latest ON `latest`.`sid` = `admission`.`id`
LEFT JOIN `branch` ON `branch`.`id` = `admission`.`branchid`
LEFT JOIN `collegename` ON `collegename`.`id` = `admission`.`collegeid`
LEFT JOIN `fee` ON `fee`.`id` = `latest`.`id`
WHERE `admission`.`status` = 1
AND `admission`.`flag` = 1
ORDER BY `admission`.`id` DESC
 LIMIT 1')
 2 SYSTEMPATH\Database\BaseConnection.php(648): CodeIgniter\Database\BaseConnection->simpleQuery('SELECT `admission`., `admission`.`id` AS `studid`, `fee`., `course`.`course`, `course`.`fee`, `batch`.`batchname`, `batch`.`starttime`, `batch`.`endtime`, `branch`.`branchname` AS `branchname`, `collegename`.`collegename` AS `collegename`
FROM `admission`
LEFT JOIN `course` ON `course`.`courseid` = `admission`.`courseid`
LEFT JOIN `batch` ON `batch`.`batchid` = `admission`.`batchid`
LEFT JOIN (SELECT `id`, `sid`, `cashdate`
FROM `fee`
WHERE `sid` = \'18\'
ORDER BY `cashdate` DESC
 LIMIT 1) as latest ON `latest`.`sid` = `admission`.`id`
LEFT JOIN `branch` ON `branch`.`id` = `admission`.`branchid`
LEFT JOIN `collegename` ON `collegename`.`id` = `admission`.`collegeid`
LEFT JOIN `fee` ON `fee`.`id` = `latest`.`id`
WHERE `admission`.`status` = 1
AND `admission`.`flag` = 1
ORDER BY `admission`.`id` DESC
 LIMIT 1')
 3 SYSTEMPATH\Database\BaseBuilder.php(1644): CodeIgniter\Database\BaseConnection->query('SELECT `admission`., `admission`.`id` AS `studid`, `fee`., `course`.`course`, `course`.`fee`, `batch`.`batchname`, `batch`.`starttime`, `batch`.`endtime`, `branch`.`branchname` AS `branchname`, `collegename`.`collegename` AS `collegename`
FROM `admission`
LEFT JOIN `course` ON `course`.`courseid` = `admission`.`courseid`
LEFT JOIN `batch` ON `batch`.`batchid` = `admission`.`batchid`
LEFT JOIN (SELECT `id`, `sid`, `cashdate`
FROM `fee`
WHERE `sid` = \'18\'
ORDER BY `cashdate` DESC
 LIMIT 1) as latest ON `latest`.`sid` = `admission`.`id`
LEFT JOIN `branch` ON `branch`.`id` = `admission`.`branchid`
LEFT JOIN `collegename` ON `collegename`.`id` = `admission`.`collegeid`
LEFT JOIN `fee` ON `fee`.`id` = `latest`.`id`
WHERE `admission`.`status` = :admission.status:
AND `admission`.`flag` = :admission.flag:
ORDER BY `admission`.`id` DESC
 LIMIT 1', [...], false)
 4 SYSTEMPATH\Model.php(330): CodeIgniter\Database\BaseBuilder->get()
 5 SYSTEMPATH\BaseModel.php(714): CodeIgniter\Model->doFirst()
 6 APPPATH\Controllers\AdmissionMaster.php(1210): CodeIgniter\BaseModel->first()
 7 SYSTEMPATH\CodeIgniter.php(933): App\Controllers\AdmissionMaster->feereceipt('18')
 8 SYSTEMPATH\CodeIgniter.php(509): CodeIgniter\CodeIgniter->runController(Object(App\Controllers\AdmissionMaster))
 9 SYSTEMPATH\CodeIgniter.php(355): CodeIgniter\CodeIgniter->handleRequest(null, Object(Config\Cache), false)
10 SYSTEMPATH\Boot.php(325): CodeIgniter\CodeIgniter->run()
11 SYSTEMPATH\Boot.php(67): CodeIgniter\Boot::runCodeIgniter(Object(CodeIgniter\CodeIgniter))
12 FCPATH\index.php(56): CodeIgniter\Boot::bootWeb(Object(Config\Paths))
CRITICAL - 2025-03-11 06:02:43 --> [Caused by] mysqli_sql_exception: You have an error in your SQL syntax; check the manual that corresponds to your MariaDB server version for the right syntax to use near ' `admission`.`id` AS `studid`, `fee`., `course`.`course`, `course`.`fee`, `ba...' at line 1
in SYSTEMPATH\Database\MySQLi\Connection.php on line 312.
 1 SYSTEMPATH\Database\MySQLi\Connection.php(312): mysqli->query('SELECT `admission`., `admission`.`id` AS `studid`, `fee`., `course`.`course`, `course`.`fee`, `batch`.`batchname`, `batch`.`starttime`, `batch`.`endtime`, `branch`.`branchname` AS `branchname`, `collegename`.`collegename` AS `collegename`
FROM `admission`
LEFT JOIN `course` ON `course`.`courseid` = `admission`.`courseid`
LEFT JOIN `batch` ON `batch`.`batchid` = `admission`.`batchid`
LEFT JOIN (SELECT `id`, `sid`, `cashdate`
FROM `fee`
WHERE `sid` = \'18\'
ORDER BY `cashdate` DESC
 LIMIT 1) as latest ON `latest`.`sid` = `admission`.`id`
LEFT JOIN `branch` ON `branch`.`id` = `admission`.`branchid`
LEFT JOIN `collegename` ON `collegename`.`id` = `admission`.`collegeid`
LEFT JOIN `fee` ON `fee`.`id` = `latest`.`id`
WHERE `admission`.`status` = 1
AND `admission`.`flag` = 1
ORDER BY `admission`.`id` DESC
 LIMIT 1', 0)
 2 SYSTEMPATH\Database\BaseConnection.php(734): CodeIgniter\Database\MySQLi\Connection->execute('SELECT `admission`., `admission`.`id` AS `studid`, `fee`., `course`.`course`, `course`.`fee`, `batch`.`batchname`, `batch`.`starttime`, `batch`.`endtime`, `branch`.`branchname` AS `branchname`, `collegename`.`collegename` AS `collegename`
FROM `admission`
LEFT JOIN `course` ON `course`.`courseid` = `admission`.`courseid`
LEFT JOIN `batch` ON `batch`.`batchid` = `admission`.`batchid`
LEFT JOIN (SELECT `id`, `sid`, `cashdate`
FROM `fee`
WHERE `sid` = \'18\'
ORDER BY `cashdate` DESC
 LIMIT 1) as latest ON `latest`.`sid` = `admission`.`id`
LEFT JOIN `branch` ON `branch`.`id` = `admission`.`branchid`
LEFT JOIN `collegename` ON `collegename`.`id` = `admission`.`collegeid`
LEFT JOIN `fee` ON `fee`.`id` = `latest`.`id`
WHERE `admission`.`status` = 1
AND `admission`.`flag` = 1
ORDER BY `admission`.`id` DESC
 LIMIT 1')
 3 SYSTEMPATH\Database\BaseConnection.php(648): CodeIgniter\Database\BaseConnection->simpleQuery('SELECT `admission`., `admission`.`id` AS `studid`, `fee`., `course`.`course`, `course`.`fee`, `batch`.`batchname`, `batch`.`starttime`, `batch`.`endtime`, `branch`.`branchname` AS `branchname`, `collegename`.`collegename` AS `collegename`
FROM `admission`
LEFT JOIN `course` ON `course`.`courseid` = `admission`.`courseid`
LEFT JOIN `batch` ON `batch`.`batchid` = `admission`.`batchid`
LEFT JOIN (SELECT `id`, `sid`, `cashdate`
FROM `fee`
WHERE `sid` = \'18\'
ORDER BY `cashdate` DESC
 LIMIT 1) as latest ON `latest`.`sid` = `admission`.`id`
LEFT JOIN `branch` ON `branch`.`id` = `admission`.`branchid`
LEFT JOIN `collegename` ON `collegename`.`id` = `admission`.`collegeid`
LEFT JOIN `fee` ON `fee`.`id` = `latest`.`id`
WHERE `admission`.`status` = 1
AND `admission`.`flag` = 1
ORDER BY `admission`.`id` DESC
 LIMIT 1')
 4 SYSTEMPATH\Database\BaseBuilder.php(1644): CodeIgniter\Database\BaseConnection->query('SELECT `admission`., `admission`.`id` AS `studid`, `fee`., `course`.`course`, `course`.`fee`, `batch`.`batchname`, `batch`.`starttime`, `batch`.`endtime`, `branch`.`branchname` AS `branchname`, `collegename`.`collegename` AS `collegename`
FROM `admission`
LEFT JOIN `course` ON `course`.`courseid` = `admission`.`courseid`
LEFT JOIN `batch` ON `batch`.`batchid` = `admission`.`batchid`
LEFT JOIN (SELECT `id`, `sid`, `cashdate`
FROM `fee`
WHERE `sid` = \'18\'
ORDER BY `cashdate` DESC
 LIMIT 1) as latest ON `latest`.`sid` = `admission`.`id`
LEFT JOIN `branch` ON `branch`.`id` = `admission`.`branchid`
LEFT JOIN `collegename` ON `collegename`.`id` = `admission`.`collegeid`
LEFT JOIN `fee` ON `fee`.`id` = `latest`.`id`
WHERE `admission`.`status` = :admission.status:
AND `admission`.`flag` = :admission.flag:
ORDER BY `admission`.`id` DESC
 LIMIT 1', [...], false)
 5 SYSTEMPATH\Model.php(330): CodeIgniter\Database\BaseBuilder->get()
 6 SYSTEMPATH\BaseModel.php(714): CodeIgniter\Model->doFirst()
 7 APPPATH\Controllers\AdmissionMaster.php(1210): CodeIgniter\BaseModel->first()
 8 SYSTEMPATH\CodeIgniter.php(933): App\Controllers\AdmissionMaster->feereceipt('18')
 9 SYSTEMPATH\CodeIgniter.php(509): CodeIgniter\CodeIgniter->runController(Object(App\Controllers\AdmissionMaster))
10 SYSTEMPATH\CodeIgniter.php(355): CodeIgniter\CodeIgniter->handleRequest(null, Object(Config\Cache), false)
11 SYSTEMPATH\Boot.php(325): CodeIgniter\CodeIgniter->run()
12 SYSTEMPATH\Boot.php(67): CodeIgniter\Boot::runCodeIgniter(Object(CodeIgniter\CodeIgniter))
13 FCPATH\index.php(56): CodeIgniter\Boot::bootWeb(Object(Config\Paths))
INFO - 2025-03-11 06:04:24 --> Session: Class initialized using 'CodeIgniter\Session\Handlers\FileHandler' driver.
INFO - 2025-03-11 06:04:30 --> Session: Class initialized using 'CodeIgniter\Session\Handlers\FileHandler' driver.
DEBUG - 2025-03-11 06:04:56 --> Received SID: 18
INFO - 2025-03-11 06:04:56 --> Session: Class initialized using 'CodeIgniter\Session\Handlers\FileHandler' driver.
INFO - 2025-03-11 06:04:56 --> Session: Class initialized using 'CodeIgniter\Session\Handlers\FileHandler' driver.
INFO - 2025-03-11 06:05:16 --> Session: Class initialized using 'CodeIgniter\Session\Handlers\FileHandler' driver.
INFO - 2025-03-11 06:05:22 --> Session: Class initialized using 'CodeIgniter\Session\Handlers\FileHandler' driver.
INFO - 2025-03-11 06:05:25 --> Session: Class initialized using 'CodeIgniter\Session\Handlers\FileHandler' driver.
INFO - 2025-03-11 06:05:25 --> Session: Class initialized using 'CodeIgniter\Session\Handlers\FileHandler' driver.
INFO - 2025-03-11 06:06:08 --> Session: Class initialized using 'CodeIgniter\Session\Handlers\FileHandler' driver.
INFO - 2025-03-11 06:06:08 --> Session: Class initialized using 'CodeIgniter\Session\Handlers\FileHandler' driver.
INFO - 2025-03-11 06:06:11 --> Session: Class initialized using 'CodeIgniter\Session\Handlers\FileHandler' driver.
INFO - 2025-03-11 06:06:24 --> Session: Class initialized using 'CodeIgniter\Session\Handlers\FileHandler' driver.
INFO - 2025-03-11 06:06:29 --> Session: Class initialized using 'CodeIgniter\Session\Handlers\FileHandler' driver.
INFO - 2025-03-11 06:06:29 --> Session: Class initialized using 'CodeIgniter\Session\Handlers\FileHandler' driver.
INFO - 2025-03-11 06:06:58 --> Session: Class initialized using 'CodeIgniter\Session\Handlers\FileHandler' driver.
INFO - 2025-03-11 06:06:58 --> Session: Class initialized using 'CodeIgniter\Session\Handlers\FileHandler' driver.
INFO - 2025-03-11 06:07:01 --> Session: Class initialized using 'CodeIgniter\Session\Handlers\FileHandler' driver.
INFO - 2025-03-11 06:07:31 --> Session: Class initialized using 'CodeIgniter\Session\Handlers\FileHandler' driver.
INFO - 2025-03-11 06:07:57 --> Session: Class initialized using 'CodeIgniter\Session\Handlers\FileHandler' driver.
INFO - 2025-03-11 06:08:13 --> Session: Class initialized using 'CodeIgniter\Session\Handlers\FileHandler' driver.
INFO - 2025-03-11 06:08:22 --> Session: Class initialized using 'CodeIgniter\Session\Handlers\FileHandler' driver.
INFO - 2025-03-11 06:08:26 --> Session: Class initialized using 'CodeIgniter\Session\Handlers\FileHandler' driver.
INFO - 2025-03-11 06:08:37 --> Session: Class initialized using 'CodeIgniter\Session\Handlers\FileHandler' driver.
INFO - 2025-03-11 06:09:24 --> Session: Class initialized using 'CodeIgniter\Session\Handlers\FileHandler' driver.
INFO - 2025-03-11 06:09:24 --> Session: Class initialized using 'CodeIgniter\Session\Handlers\FileHandler' driver.
INFO - 2025-03-11 06:09:35 --> Session: Class initialized using 'CodeIgniter\Session\Handlers\FileHandler' driver.
INFO - 2025-03-11 06:09:52 --> Session: Class initialized using 'CodeIgniter\Session\Handlers\FileHandler' driver.
INFO - 2025-03-11 06:10:00 --> Session: Class initialized using 'CodeIgniter\Session\Handlers\FileHandler' driver.
INFO - 2025-03-11 06:10:00 --> Session: Class initialized using 'CodeIgniter\Session\Handlers\FileHandler' driver.
INFO - 2025-03-11 06:10:09 --> Session: Class initialized using 'CodeIgniter\Session\Handlers\FileHandler' driver.
INFO - 2025-03-11 06:10:15 --> Session: Class initialized using 'CodeIgniter\Session\Handlers\FileHandler' driver.
INFO - 2025-03-11 06:11:29 --> Session: Class initialized using 'CodeIgniter\Session\Handlers\FileHandler' driver.
INFO - 2025-03-11 06:11:29 --> Session: Class initialized using 'CodeIgniter\Session\Handlers\FileHandler' driver.
INFO - 2025-03-11 06:14:13 --> Session: Class initialized using 'CodeIgniter\Session\Handlers\FileHandler' driver.
INFO - 2025-03-11 06:14:17 --> Session: Class initialized using 'CodeIgniter\Session\Handlers\FileHandler' driver.
INFO - 2025-03-11 06:14:17 --> Session: Class initialized using 'CodeIgniter\Session\Handlers\FileHandler' driver.
INFO - 2025-03-11 06:14:23 --> Session: Class initialized using 'CodeIgniter\Session\Handlers\FileHandler' driver.
INFO - 2025-03-11 06:16:11 --> Session: Class initialized using 'CodeIgniter\Session\Handlers\FileHandler' driver.
INFO - 2025-03-11 06:17:31 --> Session: Class initialized using 'CodeIgniter\Session\Handlers\FileHandler' driver.
INFO - 2025-03-11 06:17:39 --> Session: Class initialized using 'CodeIgniter\Session\Handlers\FileHandler' driver.
INFO - 2025-03-11 06:17:39 --> Session: Class initialized using 'CodeIgniter\Session\Handlers\FileHandler' driver.
INFO - 2025-03-11 06:17:52 --> Session: Class initialized using 'CodeIgniter\Session\Handlers\FileHandler' driver.
INFO - 2025-03-11 06:17:59 --> Session: Class initialized using 'CodeIgniter\Session\Handlers\FileHandler' driver.
INFO - 2025-03-11 06:18:37 --> Session: Class initialized using 'CodeIgniter\Session\Handlers\FileHandler' driver.
INFO - 2025-03-11 06:18:48 --> Session: Class initialized using 'CodeIgniter\Session\Handlers\FileHandler' driver.
INFO - 2025-03-11 06:18:48 --> Session: Class initialized using 'CodeIgniter\Session\Handlers\FileHandler' driver.
INFO - 2025-03-11 06:18:54 --> Session: Class initialized using 'CodeIgniter\Session\Handlers\FileHandler' driver.
INFO - 2025-03-11 06:19:06 --> Session: Class initialized using 'CodeIgniter\Session\Handlers\FileHandler' driver.
INFO - 2025-03-11 06:19:16 --> Session: Class initialized using 'CodeIgniter\Session\Handlers\FileHandler' driver.
INFO - 2025-03-11 06:19:16 --> Session: Class initialized using 'CodeIgniter\Session\Handlers\FileHandler' driver.
INFO - 2025-03-11 06:19:22 --> Session: Class initialized using 'CodeIgniter\Session\Handlers\FileHandler' driver.
INFO - 2025-03-11 06:19:24 --> Session: Class initialized using 'CodeIgniter\Session\Handlers\FileHandler' driver.
INFO - 2025-03-11 06:19:29 --> Session: Class initialized using 'CodeIgniter\Session\Handlers\FileHandler' driver.
INFO - 2025-03-11 06:19:34 --> Session: Class initialized using 'CodeIgniter\Session\Handlers\FileHandler' driver.
INFO - 2025-03-11 06:19:34 --> Session: Class initialized using 'CodeIgniter\Session\Handlers\FileHandler' driver.
INFO - 2025-03-11 06:19:47 --> Session: Class initialized using 'CodeIgniter\Session\Handlers\FileHandler' driver.
INFO - 2025-03-11 06:19:49 --> Session: Class initialized using 'CodeIgniter\Session\Handlers\FileHandler' driver.
INFO - 2025-03-11 06:20:02 --> Session: Class initialized using 'CodeIgniter\Session\Handlers\FileHandler' driver.
INFO - 2025-03-11 06:21:11 --> Session: Class initialized using 'CodeIgniter\Session\Handlers\FileHandler' driver.
INFO - 2025-03-11 06:21:15 --> Session: Class initialized using 'CodeIgniter\Session\Handlers\FileHandler' driver.
INFO - 2025-03-11 06:21:34 --> Session: Class initialized using 'CodeIgniter\Session\Handlers\FileHandler' driver.
INFO - 2025-03-11 06:22:02 --> Session: Class initialized using 'CodeIgniter\Session\Handlers\FileHandler' driver.
INFO - 2025-03-11 06:22:06 --> Session: Class initialized using 'CodeIgniter\Session\Handlers\FileHandler' driver.
DEBUG - 2025-03-11 06:22:26 --> Received SID: 18
INFO - 2025-03-11 06:22:26 --> Session: Class initialized using 'CodeIgniter\Session\Handlers\FileHandler' driver.
INFO - 2025-03-11 06:22:26 --> Session: Class initialized using 'CodeIgniter\Session\Handlers\FileHandler' driver.
INFO - 2025-03-11 06:22:32 --> Session: Class initialized using 'CodeIgniter\Session\Handlers\FileHandler' driver.
INFO - 2025-03-11 06:22:45 --> Session: Class initialized using 'CodeIgniter\Session\Handlers\FileHandler' driver.
INFO - 2025-03-11 06:22:47 --> Session: Class initialized using 'CodeIgniter\Session\Handlers\FileHandler' driver.
INFO - 2025-03-11 06:22:58 --> Session: Class initialized using 'CodeIgniter\Session\Handlers\FileHandler' driver.
INFO - 2025-03-11 06:22:58 --> Session: Class initialized using 'CodeIgniter\Session\Handlers\FileHandler' driver.
INFO - 2025-03-11 06:23:04 --> Session: Class initialized using 'CodeIgniter\Session\Handlers\FileHandler' driver.
INFO - 2025-03-11 06:23:18 --> Session: Class initialized using 'CodeIgniter\Session\Handlers\FileHandler' driver.
INFO - 2025-03-11 06:23:28 --> Session: Class initialized using 'CodeIgniter\Session\Handlers\FileHandler' driver.
INFO - 2025-03-11 06:23:29 --> Session: Class initialized using 'CodeIgniter\Session\Handlers\FileHandler' driver.
INFO - 2025-03-11 06:23:34 --> Session: Class initialized using 'CodeIgniter\Session\Handlers\FileHandler' driver.
INFO - 2025-03-11 06:23:37 --> Session: Class initialized using 'CodeIgniter\Session\Handlers\FileHandler' driver.
INFO - 2025-03-11 06:23:50 --> Session: Class initialized using 'CodeIgniter\Session\Handlers\FileHandler' driver.
INFO - 2025-03-11 06:23:57 --> Session: Class initialized using 'CodeIgniter\Session\Handlers\FileHandler' driver.
INFO - 2025-03-11 06:24:00 --> Session: Class initialized using 'CodeIgniter\Session\Handlers\FileHandler' driver.
INFO - 2025-03-11 06:24:01 --> Session: Class initialized using 'CodeIgniter\Session\Handlers\FileHandler' driver.
INFO - 2025-03-11 06:24:08 --> Session: Class initialized using 'CodeIgniter\Session\Handlers\FileHandler' driver.
INFO - 2025-03-11 06:24:09 --> Session: Class initialized using 'CodeIgniter\Session\Handlers\FileHandler' driver.
INFO - 2025-03-11 06:24:11 --> Session: Class initialized using 'CodeIgniter\Session\Handlers\FileHandler' driver.
INFO - 2025-03-11 06:25:05 --> Session: Class initialized using 'CodeIgniter\Session\Handlers\FileHandler' driver.
INFO - 2025-03-11 06:25:13 --> Session: Class initialized using 'CodeIgniter\Session\Handlers\FileHandler' driver.
WARNING - 2025-03-11 06:25:19 --> [DEPRECATED] DateTime::__construct(): Passing null to parameter #1 ($datetime) of type string is deprecated in APPPATH\Views\Admin\Admission\completionletter.php on line 70.
 1 APPPATH\Views\Admin\Admission\completionletter.php(70): DateTime->__construct(null)
 2 SYSTEMPATH\View\View.php(234): include('C:\\xampp\\htdocs\\Wolfox\\app\\Views\\Admin\\Admission\\completionletter.php')
 3 SYSTEMPATH\View\View.php(237): CodeIgniter\View\View->CodeIgniter\View\{closure}()
 4 SYSTEMPATH\Common.php(1171): CodeIgniter\View\View->render('/Admin/Admission/completionletter', [], true)
 5 APPPATH\Controllers\AdmissionMaster.php(641): view('/Admin/Admission/completionletter', [...])
 6 SYSTEMPATH\CodeIgniter.php(933): App\Controllers\AdmissionMaster->completionletter('9')
 7 SYSTEMPATH\CodeIgniter.php(509): CodeIgniter\CodeIgniter->runController(Object(App\Controllers\AdmissionMaster))
 8 SYSTEMPATH\CodeIgniter.php(355): CodeIgniter\CodeIgniter->handleRequest(null, Object(Config\Cache), false)
 9 SYSTEMPATH\Boot.php(325): CodeIgniter\CodeIgniter->run()
10 SYSTEMPATH\Boot.php(67): CodeIgniter\Boot::runCodeIgniter(Object(CodeIgniter\CodeIgniter))
11 FCPATH\index.php(56): CodeIgniter\Boot::bootWeb(Object(Config\Paths))
INFO - 2025-03-11 06:25:29 --> Session: Class initialized using 'CodeIgniter\Session\Handlers\FileHandler' driver.
INFO - 2025-03-11 06:25:33 --> Session: Class initialized using 'CodeIgniter\Session\Handlers\FileHandler' driver.
INFO - 2025-03-11 06:25:35 --> Session: Class initialized using 'CodeIgniter\Session\Handlers\FileHandler' driver.
INFO - 2025-03-11 06:25:37 --> Session: Class initialized using 'CodeIgniter\Session\Handlers\FileHandler' driver.
INFO - 2025-03-11 06:25:59 --> Session: Class initialized using 'CodeIgniter\Session\Handlers\FileHandler' driver.
INFO - 2025-03-11 06:26:16 --> Session: Class initialized using 'CodeIgniter\Session\Handlers\FileHandler' driver.
INFO - 2025-03-11 06:26:48 --> Session: Class initialized using 'CodeIgniter\Session\Handlers\FileHandler' driver.
INFO - 2025-03-11 06:26:52 --> Session: Class initialized using 'CodeIgniter\Session\Handlers\FileHandler' driver.
INFO - 2025-03-11 06:27:27 --> Session: Class initialized using 'CodeIgniter\Session\Handlers\FileHandler' driver.
INFO - 2025-03-11 06:27:33 --> Session: Class initialized using 'CodeIgniter\Session\Handlers\FileHandler' driver.
INFO - 2025-03-11 06:27:47 --> Session: Class initialized using 'CodeIgniter\Session\Handlers\FileHandler' driver.
INFO - 2025-03-11 06:28:10 --> Session: Class initialized using 'CodeIgniter\Session\Handlers\FileHandler' driver.
INFO - 2025-03-11 06:28:34 --> Session: Class initialized using 'CodeIgniter\Session\Handlers\FileHandler' driver.
INFO - 2025-03-11 06:28:47 --> Session: Class initialized using 'CodeIgniter\Session\Handlers\FileHandler' driver.
INFO - 2025-03-11 06:28:53 --> Session: Class initialized using 'CodeIgniter\Session\Handlers\FileHandler' driver.
INFO - 2025-03-11 06:30:38 --> Session: Class initialized using 'CodeIgniter\Session\Handlers\FileHandler' driver.
INFO - 2025-03-11 06:31:53 --> Session: Class initialized using 'CodeIgniter\Session\Handlers\FileHandler' driver.
INFO - 2025-03-11 06:32:25 --> Session: Class initialized using 'CodeIgniter\Session\Handlers\FileHandler' driver.
INFO - 2025-03-11 06:32:51 --> Session: Class initialized using 'CodeIgniter\Session\Handlers\FileHandler' driver.
INFO - 2025-03-11 06:34:01 --> Session: Class initialized using 'CodeIgniter\Session\Handlers\FileHandler' driver.
INFO - 2025-03-11 06:34:50 --> Session: Class initialized using 'CodeIgniter\Session\Handlers\FileHandler' driver.
INFO - 2025-03-11 06:35:52 --> Session: Class initialized using 'CodeIgniter\Session\Handlers\FileHandler' driver.
INFO - 2025-03-11 06:37:24 --> Session: Class initialized using 'CodeIgniter\Session\Handlers\FileHandler' driver.
INFO - 2025-03-11 06:37:53 --> Session: Class initialized using 'CodeIgniter\Session\Handlers\FileHandler' driver.
INFO - 2025-03-11 06:37:59 --> Session: Class initialized using 'CodeIgniter\Session\Handlers\FileHandler' driver.
INFO - 2025-03-11 06:38:09 --> Session: Class initialized using 'CodeIgniter\Session\Handlers\FileHandler' driver.
INFO - 2025-03-11 06:38:13 --> Session: Class initialized using 'CodeIgniter\Session\Handlers\FileHandler' driver.
INFO - 2025-03-11 06:38:21 --> Session: Class initialized using 'CodeIgniter\Session\Handlers\FileHandler' driver.
INFO - 2025-03-11 06:38:32 --> Session: Class initialized using 'CodeIgniter\Session\Handlers\FileHandler' driver.
INFO - 2025-03-11 06:38:48 --> Session: Class initialized using 'CodeIgniter\Session\Handlers\FileHandler' driver.
INFO - 2025-03-11 06:39:04 --> Session: Class initialized using 'CodeIgniter\Session\Handlers\FileHandler' driver.
INFO - 2025-03-11 06:39:08 --> Session: Class initialized using 'CodeIgniter\Session\Handlers\FileHandler' driver.
INFO - 2025-03-11 06:39:21 --> Session: Class initialized using 'CodeIgniter\Session\Handlers\FileHandler' driver.
INFO - 2025-03-11 06:39:39 --> Session: Class initialized using 'CodeIgniter\Session\Handlers\FileHandler' driver.
INFO - 2025-03-11 06:39:43 --> Session: Class initialized using 'CodeIgniter\Session\Handlers\FileHandler' driver.
INFO - 2025-03-11 06:40:26 --> Session: Class initialized using 'CodeIgniter\Session\Handlers\FileHandler' driver.
INFO - 2025-03-11 06:40:38 --> Session: Class initialized using 'CodeIgniter\Session\Handlers\FileHandler' driver.
INFO - 2025-03-11 06:41:19 --> Session: Class initialized using 'CodeIgniter\Session\Handlers\FileHandler' driver.
INFO - 2025-03-11 06:41:27 --> Session: Class initialized using 'CodeIgniter\Session\Handlers\FileHandler' driver.
INFO - 2025-03-11 06:41:36 --> Session: Class initialized using 'CodeIgniter\Session\Handlers\FileHandler' driver.
INFO - 2025-03-11 06:41:41 --> Session: Class initialized using 'CodeIgniter\Session\Handlers\FileHandler' driver.
INFO - 2025-03-11 06:41:49 --> Session: Class initialized using 'CodeIgniter\Session\Handlers\FileHandler' driver.
INFO - 2025-03-11 06:41:53 --> Session: Class initialized using 'CodeIgniter\Session\Handlers\FileHandler' driver.
INFO - 2025-03-11 06:42:09 --> Session: Class initialized using 'CodeIgniter\Session\Handlers\FileHandler' driver.
INFO - 2025-03-11 06:42:13 --> Session: Class initialized using 'CodeIgniter\Session\Handlers\FileHandler' driver.
INFO - 2025-03-11 06:42:29 --> Session: Class initialized using 'CodeIgniter\Session\Handlers\FileHandler' driver.
INFO - 2025-03-11 06:42:46 --> Session: Class initialized using 'CodeIgniter\Session\Handlers\FileHandler' driver.
INFO - 2025-03-11 06:42:53 --> Session: Class initialized using 'CodeIgniter\Session\Handlers\FileHandler' driver.
INFO - 2025-03-11 06:42:55 --> Session: Class initialized using 'CodeIgniter\Session\Handlers\FileHandler' driver.
INFO - 2025-03-11 06:42:58 --> Session: Class initialized using 'CodeIgniter\Session\Handlers\FileHandler' driver.
INFO - 2025-03-11 06:44:07 --> Session: Class initialized using 'CodeIgniter\Session\Handlers\FileHandler' driver.
INFO - 2025-03-11 06:46:36 --> Session: Class initialized using 'CodeIgniter\Session\Handlers\FileHandler' driver.
INFO - 2025-03-11 06:47:18 --> Session: Class initialized using 'CodeIgniter\Session\Handlers\FileHandler' driver.
INFO - 2025-03-11 06:47:49 --> Session: Class initialized using 'CodeIgniter\Session\Handlers\FileHandler' driver.
INFO - 2025-03-11 06:49:15 --> Session: Class initialized using 'CodeIgniter\Session\Handlers\FileHandler' driver.
INFO - 2025-03-11 06:49:30 --> Session: Class initialized using 'CodeIgniter\Session\Handlers\FileHandler' driver.
INFO - 2025-03-11 06:50:01 --> Session: Class initialized using 'CodeIgniter\Session\Handlers\FileHandler' driver.
INFO - 2025-03-11 06:50:01 --> Session: Class initialized using 'CodeIgniter\Session\Handlers\FileHandler' driver.
INFO - 2025-03-11 06:50:12 --> Session: Class initialized using 'CodeIgniter\Session\Handlers\FileHandler' driver.
CRITICAL - 2025-03-11 06:50:12 --> ErrorException: Trying to access array offset on value of type null
[Method: POST, Route: student/save]
in APPPATH\Controllers\StudentLoginMaster.php on line 51.
 1 APPPATH\Controllers\StudentLoginMaster.php(51): CodeIgniter\Debug\Exceptions->errorHandler(2, 'Trying to access array offset on value of type null', 'C:\\xampp\\htdocs\\Wolfox\\app\\Controllers\\StudentLoginMaster.php', 51)
 2 SYSTEMPATH\CodeIgniter.php(933): App\Controllers\StudentLoginMaster->save()
 3 SYSTEMPATH\CodeIgniter.php(509): CodeIgniter\CodeIgniter->runController(Object(App\Controllers\StudentLoginMaster))
 4 SYSTEMPATH\CodeIgniter.php(355): CodeIgniter\CodeIgniter->handleRequest(null, Object(Config\Cache), false)
 5 SYSTEMPATH\Boot.php(325): CodeIgniter\CodeIgniter->run()
 6 SYSTEMPATH\Boot.php(67): CodeIgniter\Boot::runCodeIgniter(Object(CodeIgniter\CodeIgniter))
 7 FCPATH\index.php(56): CodeIgniter\Boot::bootWeb(Object(Config\Paths))
INFO - 2025-03-11 06:50:22 --> Session: Class initialized using 'CodeIgniter\Session\Handlers\FileHandler' driver.
INFO - 2025-03-11 06:50:53 --> Session: Class initialized using 'CodeIgniter\Session\Handlers\FileHandler' driver.
CRITICAL - 2025-03-11 06:50:53 --> ErrorException: Trying to access array offset on value of type null
[Method: POST, Route: student/save]
in APPPATH\Controllers\StudentLoginMaster.php on line 51.
 1 APPPATH\Controllers\StudentLoginMaster.php(51): CodeIgniter\Debug\Exceptions->errorHandler(2, 'Trying to access array offset on value of type null', 'C:\\xampp\\htdocs\\Wolfox\\app\\Controllers\\StudentLoginMaster.php', 51)
 2 SYSTEMPATH\CodeIgniter.php(933): App\Controllers\StudentLoginMaster->save()
 3 SYSTEMPATH\CodeIgniter.php(509): CodeIgniter\CodeIgniter->runController(Object(App\Controllers\StudentLoginMaster))
 4 SYSTEMPATH\CodeIgniter.php(355): CodeIgniter\CodeIgniter->handleRequest(null, Object(Config\Cache), false)
 5 SYSTEMPATH\Boot.php(325): CodeIgniter\CodeIgniter->run()
 6 SYSTEMPATH\Boot.php(67): CodeIgniter\Boot::runCodeIgniter(Object(CodeIgniter\CodeIgniter))
 7 FCPATH\index.php(56): CodeIgniter\Boot::bootWeb(Object(Config\Paths))
INFO - 2025-03-11 06:51:06 --> Session: Class initialized using 'CodeIgniter\Session\Handlers\FileHandler' driver.
INFO - 2025-03-11 06:51:08 --> Session: Class initialized using 'CodeIgniter\Session\Handlers\FileHandler' driver.
INFO - 2025-03-11 06:51:13 --> Session: Class initialized using 'CodeIgniter\Session\Handlers\FileHandler' driver.
INFO - 2025-03-11 06:51:34 --> Session: Class initialized using 'CodeIgniter\Session\Handlers\FileHandler' driver.
CRITICAL - 2025-03-11 06:51:34 --> ErrorException: Trying to access array offset on value of type null
[Method: POST, Route: student/save]
in APPPATH\Controllers\StudentLoginMaster.php on line 51.
 1 APPPATH\Controllers\StudentLoginMaster.php(51): CodeIgniter\Debug\Exceptions->errorHandler(2, 'Trying to access array offset on value of type null', 'C:\\xampp\\htdocs\\Wolfox\\app\\Controllers\\StudentLoginMaster.php', 51)
 2 SYSTEMPATH\CodeIgniter.php(933): App\Controllers\StudentLoginMaster->save()
 3 SYSTEMPATH\CodeIgniter.php(509): CodeIgniter\CodeIgniter->runController(Object(App\Controllers\StudentLoginMaster))
 4 SYSTEMPATH\CodeIgniter.php(355): CodeIgniter\CodeIgniter->handleRequest(null, Object(Config\Cache), false)
 5 SYSTEMPATH\Boot.php(325): CodeIgniter\CodeIgniter->run()
 6 SYSTEMPATH\Boot.php(67): CodeIgniter\Boot::runCodeIgniter(Object(CodeIgniter\CodeIgniter))
 7 FCPATH\index.php(56): CodeIgniter\Boot::bootWeb(Object(Config\Paths))
INFO - 2025-03-11 06:52:22 --> Session: Class initialized using 'CodeIgniter\Session\Handlers\FileHandler' driver.
INFO - 2025-03-11 06:52:28 --> Session: Class initialized using 'CodeIgniter\Session\Handlers\FileHandler' driver.
INFO - 2025-03-11 06:52:36 --> Session: Class initialized using 'CodeIgniter\Session\Handlers\FileHandler' driver.
INFO - 2025-03-11 06:52:50 --> Session: Class initialized using 'CodeIgniter\Session\Handlers\FileHandler' driver.
CRITICAL - 2025-03-11 06:52:50 --> ErrorException: Trying to access array offset on value of type null
[Method: POST, Route: student/save]
in APPPATH\Controllers\StudentLoginMaster.php on line 52.
 1 APPPATH\Controllers\StudentLoginMaster.php(52): CodeIgniter\Debug\Exceptions->errorHandler(2, 'Trying to access array offset on value of type null', 'C:\\xampp\\htdocs\\Wolfox\\app\\Controllers\\StudentLoginMaster.php', 52)
 2 SYSTEMPATH\CodeIgniter.php(933): App\Controllers\StudentLoginMaster->save()
 3 SYSTEMPATH\CodeIgniter.php(509): CodeIgniter\CodeIgniter->runController(Object(App\Controllers\StudentLoginMaster))
 4 SYSTEMPATH\CodeIgniter.php(355): CodeIgniter\CodeIgniter->handleRequest(null, Object(Config\Cache), false)
 5 SYSTEMPATH\Boot.php(325): CodeIgniter\CodeIgniter->run()
 6 SYSTEMPATH\Boot.php(67): CodeIgniter\Boot::runCodeIgniter(Object(CodeIgniter\CodeIgniter))
 7 FCPATH\index.php(56): CodeIgniter\Boot::bootWeb(Object(Config\Paths))
INFO - 2025-03-11 06:53:43 --> Session: Class initialized using 'CodeIgniter\Session\Handlers\FileHandler' driver.
INFO - 2025-03-11 06:54:50 --> Session: Class initialized using 'CodeIgniter\Session\Handlers\FileHandler' driver.
INFO - 2025-03-11 06:55:00 --> Session: Class initialized using 'CodeIgniter\Session\Handlers\FileHandler' driver.
INFO - 2025-03-11 06:55:02 --> Session: Class initialized using 'CodeIgniter\Session\Handlers\FileHandler' driver.
INFO - 2025-03-11 06:55:05 --> Session: Class initialized using 'CodeIgniter\Session\Handlers\FileHandler' driver.
INFO - 2025-03-11 06:55:19 --> Session: Class initialized using 'CodeIgniter\Session\Handlers\FileHandler' driver.
INFO - 2025-03-11 06:56:05 --> Session: Class initialized using 'CodeIgniter\Session\Handlers\FileHandler' driver.
INFO - 2025-03-11 06:56:05 --> Session: Class initialized using 'CodeIgniter\Session\Handlers\FileHandler' driver.
INFO - 2025-03-11 06:56:15 --> Session: Class initialized using 'CodeIgniter\Session\Handlers\FileHandler' driver.
INFO - 2025-03-11 06:56:29 --> Session: Class initialized using 'CodeIgniter\Session\Handlers\FileHandler' driver.
CRITICAL - 2025-03-11 06:56:29 --> ErrorException: Trying to access array offset on value of type null
[Method: POST, Route: student/save]
in APPPATH\Controllers\StudentLoginMaster.php on line 52.
 1 APPPATH\Controllers\StudentLoginMaster.php(52): CodeIgniter\Debug\Exceptions->errorHandler(2, 'Trying to access array offset on value of type null', 'C:\\xampp\\htdocs\\Wolfox\\app\\Controllers\\StudentLoginMaster.php', 52)
 2 SYSTEMPATH\CodeIgniter.php(933): App\Controllers\StudentLoginMaster->save()
 3 SYSTEMPATH\CodeIgniter.php(509): CodeIgniter\CodeIgniter->runController(Object(App\Controllers\StudentLoginMaster))
 4 SYSTEMPATH\CodeIgniter.php(355): CodeIgniter\CodeIgniter->handleRequest(null, Object(Config\Cache), false)
 5 SYSTEMPATH\Boot.php(325): CodeIgniter\CodeIgniter->run()
 6 SYSTEMPATH\Boot.php(67): CodeIgniter\Boot::runCodeIgniter(Object(CodeIgniter\CodeIgniter))
 7 FCPATH\index.php(56): CodeIgniter\Boot::bootWeb(Object(Config\Paths))
INFO - 2025-03-11 06:56:49 --> Session: Class initialized using 'CodeIgniter\Session\Handlers\FileHandler' driver.
INFO - 2025-03-11 06:57:00 --> Session: Class initialized using 'CodeIgniter\Session\Handlers\FileHandler' driver.
INFO - 2025-03-11 06:57:08 --> Session: Class initialized using 'CodeIgniter\Session\Handlers\FileHandler' driver.
CRITICAL - 2025-03-11 06:57:08 --> ErrorException: Trying to access array offset on value of type null
[Method: POST, Route: student/save]
in APPPATH\Controllers\StudentLoginMaster.php on line 52.
 1 APPPATH\Controllers\StudentLoginMaster.php(52): CodeIgniter\Debug\Exceptions->errorHandler(2, 'Trying to access array offset on value of type null', 'C:\\xampp\\htdocs\\Wolfox\\app\\Controllers\\StudentLoginMaster.php', 52)
 2 SYSTEMPATH\CodeIgniter.php(933): App\Controllers\StudentLoginMaster->save()
 3 SYSTEMPATH\CodeIgniter.php(509): CodeIgniter\CodeIgniter->runController(Object(App\Controllers\StudentLoginMaster))
 4 SYSTEMPATH\CodeIgniter.php(355): CodeIgniter\CodeIgniter->handleRequest(null, Object(Config\Cache), false)
 5 SYSTEMPATH\Boot.php(325): CodeIgniter\CodeIgniter->run()
 6 SYSTEMPATH\Boot.php(67): CodeIgniter\Boot::runCodeIgniter(Object(CodeIgniter\CodeIgniter))
 7 FCPATH\index.php(56): CodeIgniter\Boot::bootWeb(Object(Config\Paths))
INFO - 2025-03-11 06:57:53 --> Session: Class initialized using 'CodeIgniter\Session\Handlers\FileHandler' driver.
CRITICAL - 2025-03-11 06:57:53 --> ErrorException: Trying to access array offset on value of type null
[Method: POST, Route: student/save]
in APPPATH\Controllers\StudentLoginMaster.php on line 52.
 1 APPPATH\Controllers\StudentLoginMaster.php(52): CodeIgniter\Debug\Exceptions->errorHandler(2, 'Trying to access array offset on value of type null', 'C:\\xampp\\htdocs\\Wolfox\\app\\Controllers\\StudentLoginMaster.php', 52)
 2 SYSTEMPATH\CodeIgniter.php(933): App\Controllers\StudentLoginMaster->save()
 3 SYSTEMPATH\CodeIgniter.php(509): CodeIgniter\CodeIgniter->runController(Object(App\Controllers\StudentLoginMaster))
 4 SYSTEMPATH\CodeIgniter.php(355): CodeIgniter\CodeIgniter->handleRequest(null, Object(Config\Cache), false)
 5 SYSTEMPATH\Boot.php(325): CodeIgniter\CodeIgniter->run()
 6 SYSTEMPATH\Boot.php(67): CodeIgniter\Boot::runCodeIgniter(Object(CodeIgniter\CodeIgniter))
 7 FCPATH\index.php(56): CodeIgniter\Boot::bootWeb(Object(Config\Paths))
INFO - 2025-03-11 06:57:56 --> Session: Class initialized using 'CodeIgniter\Session\Handlers\FileHandler' driver.
INFO - 2025-03-11 06:58:09 --> Session: Class initialized using 'CodeIgniter\Session\Handlers\FileHandler' driver.
INFO - 2025-03-11 06:58:16 --> Session: Class initialized using 'CodeIgniter\Session\Handlers\FileHandler' driver.
CRITICAL - 2025-03-11 06:58:16 --> ErrorException: Trying to access array offset on value of type null
[Method: POST, Route: student/save]
in APPPATH\Controllers\StudentLoginMaster.php on line 52.
 1 APPPATH\Controllers\StudentLoginMaster.php(52): CodeIgniter\Debug\Exceptions->errorHandler(2, 'Trying to access array offset on value of type null', 'C:\\xampp\\htdocs\\Wolfox\\app\\Controllers\\StudentLoginMaster.php', 52)
 2 SYSTEMPATH\CodeIgniter.php(933): App\Controllers\StudentLoginMaster->save()
 3 SYSTEMPATH\CodeIgniter.php(509): CodeIgniter\CodeIgniter->runController(Object(App\Controllers\StudentLoginMaster))
 4 SYSTEMPATH\CodeIgniter.php(355): CodeIgniter\CodeIgniter->handleRequest(null, Object(Config\Cache), false)
 5 SYSTEMPATH\Boot.php(325): CodeIgniter\CodeIgniter->run()
 6 SYSTEMPATH\Boot.php(67): CodeIgniter\Boot::runCodeIgniter(Object(CodeIgniter\CodeIgniter))
 7 FCPATH\index.php(56): CodeIgniter\Boot::bootWeb(Object(Config\Paths))
INFO - 2025-03-11 06:59:12 --> Session: Class initialized using 'CodeIgniter\Session\Handlers\FileHandler' driver.
ERROR - 2025-03-11 06:59:12 --> mysqli_sql_exception: Column 'phoneno' in where clause is ambiguous in C:\xampp\htdocs\Wolfox\system\Database\MySQLi\Connection.php:312
Stack trace:
#0 C:\xampp\htdocs\Wolfox\system\Database\MySQLi\Connection.php(312): mysqli->query('SELECT `c`.*, `...', 0)
#1 C:\xampp\htdocs\Wolfox\system\Database\BaseConnection.php(734): CodeIgniter\Database\MySQLi\Connection->execute('SELECT `c`.*, `...')
#2 C:\xampp\htdocs\Wolfox\system\Database\BaseConnection.php(648): CodeIgniter\Database\BaseConnection->simpleQuery('SELECT `c`.*, `...')
#3 C:\xampp\htdocs\Wolfox\system\Database\BaseBuilder.php(1644): CodeIgniter\Database\BaseConnection->query('SELECT `c`.*, `...', Array, false)
#4 C:\xampp\htdocs\Wolfox\system\Model.php(330): CodeIgniter\Database\BaseBuilder->get()
#5 C:\xampp\htdocs\Wolfox\system\BaseModel.php(714): CodeIgniter\Model->doFirst()
#6 C:\xampp\htdocs\Wolfox\app\Controllers\StudentLoginMaster.php(39): CodeIgniter\BaseModel->first()
#7 C:\xampp\htdocs\Wolfox\system\CodeIgniter.php(933): App\Controllers\StudentLoginMaster->save()
#8 C:\xampp\htdocs\Wolfox\system\CodeIgniter.php(509): CodeIgniter\CodeIgniter->runController(Object(App\Controllers\StudentLoginMaster))
#9 C:\xampp\htdocs\Wolfox\system\CodeIgniter.php(355): CodeIgniter\CodeIgniter->handleRequest(NULL, Object(Config\Cache), false)
#10 C:\xampp\htdocs\Wolfox\system\Boot.php(325): CodeIgniter\CodeIgniter->run()
#11 C:\xampp\htdocs\Wolfox\system\Boot.php(67): CodeIgniter\Boot::runCodeIgniter(Object(CodeIgniter\CodeIgniter))
#12 C:\xampp\htdocs\Wolfox\index.php(56): CodeIgniter\Boot::bootWeb(Object(Config\Paths))
#13 {main}
CRITICAL - 2025-03-11 06:59:12 --> CodeIgniter\Database\Exceptions\DatabaseException: Column 'phoneno' in where clause is ambiguous
[Method: POST, Route: student/save]
in SYSTEMPATH\Database\BaseConnection.php on line 688.
 1 SYSTEMPATH\Database\BaseBuilder.php(1644): CodeIgniter\Database\BaseConnection->query('SELECT `c`.*, `a`.*, `b`.*, `cn`.*, `f`.*, `bn`.*, `a`.`id` as `studentid`
FROM (`admission`, `admission` `a`)
JOIN `course` `c` ON `c`.`courseid` = `a`.`courseid`
JOIN `batch` `b` ON `a`.`batchid` = `b`.`batchid`
JOIN `collegename` `cn` ON `a`.`collegeid` = `cn`.`id`
JOIN `fee` `f` ON `a`.`id` = `f`.`sid`
JOIN `branch` `bn` ON `a`.`branchid` = `bn`.`id`
WHERE `phoneno` = :phoneno:
OR `whatsappno` = :whatsappno:
 LIMIT 1', [...], false)
 2 SYSTEMPATH\Model.php(330): CodeIgniter\Database\BaseBuilder->get()
 3 SYSTEMPATH\BaseModel.php(714): CodeIgniter\Model->doFirst()
 4 APPPATH\Controllers\StudentLoginMaster.php(39): CodeIgniter\BaseModel->first()
 5 SYSTEMPATH\CodeIgniter.php(933): App\Controllers\StudentLoginMaster->save()
 6 SYSTEMPATH\CodeIgniter.php(509): CodeIgniter\CodeIgniter->runController(Object(App\Controllers\StudentLoginMaster))
 7 SYSTEMPATH\CodeIgniter.php(355): CodeIgniter\CodeIgniter->handleRequest(null, Object(Config\Cache), false)
 8 SYSTEMPATH\Boot.php(325): CodeIgniter\CodeIgniter->run()
 9 SYSTEMPATH\Boot.php(67): CodeIgniter\Boot::runCodeIgniter(Object(CodeIgniter\CodeIgniter))
10 FCPATH\index.php(56): CodeIgniter\Boot::bootWeb(Object(Config\Paths))
CRITICAL - 2025-03-11 06:59:12 --> [Caused by] CodeIgniter\Database\Exceptions\DatabaseException: Column 'phoneno' in where clause is ambiguous
in SYSTEMPATH\Database\MySQLi\Connection.php on line 317.
 1 SYSTEMPATH\Database\BaseConnection.php(734): CodeIgniter\Database\MySQLi\Connection->execute('SELECT `c`.*, `a`.*, `b`.*, `cn`.*, `f`.*, `bn`.*, `a`.`id` as `studentid`
FROM (`admission`, `admission` `a`)
JOIN `course` `c` ON `c`.`courseid` = `a`.`courseid`
JOIN `batch` `b` ON `a`.`batchid` = `b`.`batchid`
JOIN `collegename` `cn` ON `a`.`collegeid` = `cn`.`id`
JOIN `fee` `f` ON `a`.`id` = `f`.`sid`
JOIN `branch` `bn` ON `a`.`branchid` = `bn`.`id`
WHERE `phoneno` = \'9876543211\'
OR `whatsappno` = \'9876543211\'
 LIMIT 1')
 2 SYSTEMPATH\Database\BaseConnection.php(648): CodeIgniter\Database\BaseConnection->simpleQuery('SELECT `c`.*, `a`.*, `b`.*, `cn`.*, `f`.*, `bn`.*, `a`.`id` as `studentid`
FROM (`admission`, `admission` `a`)
JOIN `course` `c` ON `c`.`courseid` = `a`.`courseid`
JOIN `batch` `b` ON `a`.`batchid` = `b`.`batchid`
JOIN `collegename` `cn` ON `a`.`collegeid` = `cn`.`id`
JOIN `fee` `f` ON `a`.`id` = `f`.`sid`
JOIN `branch` `bn` ON `a`.`branchid` = `bn`.`id`
WHERE `phoneno` = \'9876543211\'
OR `whatsappno` = \'9876543211\'
 LIMIT 1')
 3 SYSTEMPATH\Database\BaseBuilder.php(1644): CodeIgniter\Database\BaseConnection->query('SELECT `c`.*, `a`.*, `b`.*, `cn`.*, `f`.*, `bn`.*, `a`.`id` as `studentid`
FROM (`admission`, `admission` `a`)
JOIN `course` `c` ON `c`.`courseid` = `a`.`courseid`
JOIN `batch` `b` ON `a`.`batchid` = `b`.`batchid`
JOIN `collegename` `cn` ON `a`.`collegeid` = `cn`.`id`
JOIN `fee` `f` ON `a`.`id` = `f`.`sid`
JOIN `branch` `bn` ON `a`.`branchid` = `bn`.`id`
WHERE `phoneno` = :phoneno:
OR `whatsappno` = :whatsappno:
 LIMIT 1', [...], false)
 4 SYSTEMPATH\Model.php(330): CodeIgniter\Database\BaseBuilder->get()
 5 SYSTEMPATH\BaseModel.php(714): CodeIgniter\Model->doFirst()
 6 APPPATH\Controllers\StudentLoginMaster.php(39): CodeIgniter\BaseModel->first()
 7 SYSTEMPATH\CodeIgniter.php(933): App\Controllers\StudentLoginMaster->save()
 8 SYSTEMPATH\CodeIgniter.php(509): CodeIgniter\CodeIgniter->runController(Object(App\Controllers\StudentLoginMaster))
 9 SYSTEMPATH\CodeIgniter.php(355): CodeIgniter\CodeIgniter->handleRequest(null, Object(Config\Cache), false)
10 SYSTEMPATH\Boot.php(325): CodeIgniter\CodeIgniter->run()
11 SYSTEMPATH\Boot.php(67): CodeIgniter\Boot::runCodeIgniter(Object(CodeIgniter\CodeIgniter))
12 FCPATH\index.php(56): CodeIgniter\Boot::bootWeb(Object(Config\Paths))
CRITICAL - 2025-03-11 06:59:12 --> [Caused by] mysqli_sql_exception: Column 'phoneno' in where clause is ambiguous
in SYSTEMPATH\Database\MySQLi\Connection.php on line 312.
 1 SYSTEMPATH\Database\MySQLi\Connection.php(312): mysqli->query('SELECT `c`.*, `a`.*, `b`.*, `cn`.*, `f`.*, `bn`.*, `a`.`id` as `studentid`
FROM (`admission`, `admission` `a`)
JOIN `course` `c` ON `c`.`courseid` = `a`.`courseid`
JOIN `batch` `b` ON `a`.`batchid` = `b`.`batchid`
JOIN `collegename` `cn` ON `a`.`collegeid` = `cn`.`id`
JOIN `fee` `f` ON `a`.`id` = `f`.`sid`
JOIN `branch` `bn` ON `a`.`branchid` = `bn`.`id`
WHERE `phoneno` = \'9876543211\'
OR `whatsappno` = \'9876543211\'
 LIMIT 1', 0)
 2 SYSTEMPATH\Database\BaseConnection.php(734): CodeIgniter\Database\MySQLi\Connection->execute('SELECT `c`.*, `a`.*, `b`.*, `cn`.*, `f`.*, `bn`.*, `a`.`id` as `studentid`
FROM (`admission`, `admission` `a`)
JOIN `course` `c` ON `c`.`courseid` = `a`.`courseid`
JOIN `batch` `b` ON `a`.`batchid` = `b`.`batchid`
JOIN `collegename` `cn` ON `a`.`collegeid` = `cn`.`id`
JOIN `fee` `f` ON `a`.`id` = `f`.`sid`
JOIN `branch` `bn` ON `a`.`branchid` = `bn`.`id`
WHERE `phoneno` = \'9876543211\'
OR `whatsappno` = \'9876543211\'
 LIMIT 1')
 3 SYSTEMPATH\Database\BaseConnection.php(648): CodeIgniter\Database\BaseConnection->simpleQuery('SELECT `c`.*, `a`.*, `b`.*, `cn`.*, `f`.*, `bn`.*, `a`.`id` as `studentid`
FROM (`admission`, `admission` `a`)
JOIN `course` `c` ON `c`.`courseid` = `a`.`courseid`
JOIN `batch` `b` ON `a`.`batchid` = `b`.`batchid`
JOIN `collegename` `cn` ON `a`.`collegeid` = `cn`.`id`
JOIN `fee` `f` ON `a`.`id` = `f`.`sid`
JOIN `branch` `bn` ON `a`.`branchid` = `bn`.`id`
WHERE `phoneno` = \'9876543211\'
OR `whatsappno` = \'9876543211\'
 LIMIT 1')
 4 SYSTEMPATH\Database\BaseBuilder.php(1644): CodeIgniter\Database\BaseConnection->query('SELECT `c`.*, `a`.*, `b`.*, `cn`.*, `f`.*, `bn`.*, `a`.`id` as `studentid`
FROM (`admission`, `admission` `a`)
JOIN `course` `c` ON `c`.`courseid` = `a`.`courseid`
JOIN `batch` `b` ON `a`.`batchid` = `b`.`batchid`
JOIN `collegename` `cn` ON `a`.`collegeid` = `cn`.`id`
JOIN `fee` `f` ON `a`.`id` = `f`.`sid`
JOIN `branch` `bn` ON `a`.`branchid` = `bn`.`id`
WHERE `phoneno` = :phoneno:
OR `whatsappno` = :whatsappno:
 LIMIT 1', [...], false)
 5 SYSTEMPATH\Model.php(330): CodeIgniter\Database\BaseBuilder->get()
 6 SYSTEMPATH\BaseModel.php(714): CodeIgniter\Model->doFirst()
 7 APPPATH\Controllers\StudentLoginMaster.php(39): CodeIgniter\BaseModel->first()
 8 SYSTEMPATH\CodeIgniter.php(933): App\Controllers\StudentLoginMaster->save()
 9 SYSTEMPATH\CodeIgniter.php(509): CodeIgniter\CodeIgniter->runController(Object(App\Controllers\StudentLoginMaster))
10 SYSTEMPATH\CodeIgniter.php(355): CodeIgniter\CodeIgniter->handleRequest(null, Object(Config\Cache), false)
11 SYSTEMPATH\Boot.php(325): CodeIgniter\CodeIgniter->run()
12 SYSTEMPATH\Boot.php(67): CodeIgniter\Boot::runCodeIgniter(Object(CodeIgniter\CodeIgniter))
13 FCPATH\index.php(56): CodeIgniter\Boot::bootWeb(Object(Config\Paths))
INFO - 2025-03-11 06:59:27 --> Session: Class initialized using 'CodeIgniter\Session\Handlers\FileHandler' driver.
ERROR - 2025-03-11 06:59:27 --> mysqli_sql_exception: Column 'whatsappno' in where clause is ambiguous in C:\xampp\htdocs\Wolfox\system\Database\MySQLi\Connection.php:312
Stack trace:
#0 C:\xampp\htdocs\Wolfox\system\Database\MySQLi\Connection.php(312): mysqli->query('SELECT `c`.*, `...', 0)
#1 C:\xampp\htdocs\Wolfox\system\Database\BaseConnection.php(734): CodeIgniter\Database\MySQLi\Connection->execute('SELECT `c`.*, `...')
#2 C:\xampp\htdocs\Wolfox\system\Database\BaseConnection.php(648): CodeIgniter\Database\BaseConnection->simpleQuery('SELECT `c`.*, `...')
#3 C:\xampp\htdocs\Wolfox\system\Database\BaseBuilder.php(1644): CodeIgniter\Database\BaseConnection->query('SELECT `c`.*, `...', Array, false)
#4 C:\xampp\htdocs\Wolfox\system\Model.php(330): CodeIgniter\Database\BaseBuilder->get()
#5 C:\xampp\htdocs\Wolfox\system\BaseModel.php(714): CodeIgniter\Model->doFirst()
#6 C:\xampp\htdocs\Wolfox\app\Controllers\StudentLoginMaster.php(39): CodeIgniter\BaseModel->first()
#7 C:\xampp\htdocs\Wolfox\system\CodeIgniter.php(933): App\Controllers\StudentLoginMaster->save()
#8 C:\xampp\htdocs\Wolfox\system\CodeIgniter.php(509): CodeIgniter\CodeIgniter->runController(Object(App\Controllers\StudentLoginMaster))
#9 C:\xampp\htdocs\Wolfox\system\CodeIgniter.php(355): CodeIgniter\CodeIgniter->handleRequest(NULL, Object(Config\Cache), false)
#10 C:\xampp\htdocs\Wolfox\system\Boot.php(325): CodeIgniter\CodeIgniter->run()
#11 C:\xampp\htdocs\Wolfox\system\Boot.php(67): CodeIgniter\Boot::runCodeIgniter(Object(CodeIgniter\CodeIgniter))
#12 C:\xampp\htdocs\Wolfox\index.php(56): CodeIgniter\Boot::bootWeb(Object(Config\Paths))
#13 {main}
CRITICAL - 2025-03-11 06:59:27 --> CodeIgniter\Database\Exceptions\DatabaseException: Column 'whatsappno' in where clause is ambiguous
[Method: POST, Route: student/save]
in SYSTEMPATH\Database\BaseConnection.php on line 688.
 1 SYSTEMPATH\Database\BaseBuilder.php(1644): CodeIgniter\Database\BaseConnection->query('SELECT `c`.*, `a`.*, `b`.*, `cn`.*, `f`.*, `bn`.*, `a`.`id` as `studentid`
FROM (`admission`, `admission` `a`)
JOIN `course` `c` ON `c`.`courseid` = `a`.`courseid`
JOIN `batch` `b` ON `a`.`batchid` = `b`.`batchid`
JOIN `collegename` `cn` ON `a`.`collegeid` = `cn`.`id`
JOIN `fee` `f` ON `a`.`id` = `f`.`sid`
JOIN `branch` `bn` ON `a`.`branchid` = `bn`.`id`
WHERE `admission`.`phoneno` = :admission.phoneno:
OR `whatsappno` = :whatsappno:
 LIMIT 1', [...], false)
 2 SYSTEMPATH\Model.php(330): CodeIgniter\Database\BaseBuilder->get()
 3 SYSTEMPATH\BaseModel.php(714): CodeIgniter\Model->doFirst()
 4 APPPATH\Controllers\StudentLoginMaster.php(39): CodeIgniter\BaseModel->first()
 5 SYSTEMPATH\CodeIgniter.php(933): App\Controllers\StudentLoginMaster->save()
 6 SYSTEMPATH\CodeIgniter.php(509): CodeIgniter\CodeIgniter->runController(Object(App\Controllers\StudentLoginMaster))
 7 SYSTEMPATH\CodeIgniter.php(355): CodeIgniter\CodeIgniter->handleRequest(null, Object(Config\Cache), false)
 8 SYSTEMPATH\Boot.php(325): CodeIgniter\CodeIgniter->run()
 9 SYSTEMPATH\Boot.php(67): CodeIgniter\Boot::runCodeIgniter(Object(CodeIgniter\CodeIgniter))
10 FCPATH\index.php(56): CodeIgniter\Boot::bootWeb(Object(Config\Paths))
CRITICAL - 2025-03-11 06:59:27 --> [Caused by] CodeIgniter\Database\Exceptions\DatabaseException: Column 'whatsappno' in where clause is ambiguous
in SYSTEMPATH\Database\MySQLi\Connection.php on line 317.
 1 SYSTEMPATH\Database\BaseConnection.php(734): CodeIgniter\Database\MySQLi\Connection->execute('SELECT `c`.*, `a`.*, `b`.*, `cn`.*, `f`.*, `bn`.*, `a`.`id` as `studentid`
FROM (`admission`, `admission` `a`)
JOIN `course` `c` ON `c`.`courseid` = `a`.`courseid`
JOIN `batch` `b` ON `a`.`batchid` = `b`.`batchid`
JOIN `collegename` `cn` ON `a`.`collegeid` = `cn`.`id`
JOIN `fee` `f` ON `a`.`id` = `f`.`sid`
JOIN `branch` `bn` ON `a`.`branchid` = `bn`.`id`
WHERE `admission`.`phoneno` = \'9876543211\'
OR `whatsappno` = \'9876543211\'
 LIMIT 1')
 2 SYSTEMPATH\Database\BaseConnection.php(648): CodeIgniter\Database\BaseConnection->simpleQuery('SELECT `c`.*, `a`.*, `b`.*, `cn`.*, `f`.*, `bn`.*, `a`.`id` as `studentid`
FROM (`admission`, `admission` `a`)
JOIN `course` `c` ON `c`.`courseid` = `a`.`courseid`
JOIN `batch` `b` ON `a`.`batchid` = `b`.`batchid`
JOIN `collegename` `cn` ON `a`.`collegeid` = `cn`.`id`
JOIN `fee` `f` ON `a`.`id` = `f`.`sid`
JOIN `branch` `bn` ON `a`.`branchid` = `bn`.`id`
WHERE `admission`.`phoneno` = \'9876543211\'
OR `whatsappno` = \'9876543211\'
 LIMIT 1')
 3 SYSTEMPATH\Database\BaseBuilder.php(1644): CodeIgniter\Database\BaseConnection->query('SELECT `c`.*, `a`.*, `b`.*, `cn`.*, `f`.*, `bn`.*, `a`.`id` as `studentid`
FROM (`admission`, `admission` `a`)
JOIN `course` `c` ON `c`.`courseid` = `a`.`courseid`
JOIN `batch` `b` ON `a`.`batchid` = `b`.`batchid`
JOIN `collegename` `cn` ON `a`.`collegeid` = `cn`.`id`
JOIN `fee` `f` ON `a`.`id` = `f`.`sid`
JOIN `branch` `bn` ON `a`.`branchid` = `bn`.`id`
WHERE `admission`.`phoneno` = :admission.phoneno:
OR `whatsappno` = :whatsappno:
 LIMIT 1', [...], false)
 4 SYSTEMPATH\Model.php(330): CodeIgniter\Database\BaseBuilder->get()
 5 SYSTEMPATH\BaseModel.php(714): CodeIgniter\Model->doFirst()
 6 APPPATH\Controllers\StudentLoginMaster.php(39): CodeIgniter\BaseModel->first()
 7 SYSTEMPATH\CodeIgniter.php(933): App\Controllers\StudentLoginMaster->save()
 8 SYSTEMPATH\CodeIgniter.php(509): CodeIgniter\CodeIgniter->runController(Object(App\Controllers\StudentLoginMaster))
 9 SYSTEMPATH\CodeIgniter.php(355): CodeIgniter\CodeIgniter->handleRequest(null, Object(Config\Cache), false)
10 SYSTEMPATH\Boot.php(325): CodeIgniter\CodeIgniter->run()
11 SYSTEMPATH\Boot.php(67): CodeIgniter\Boot::runCodeIgniter(Object(CodeIgniter\CodeIgniter))
12 FCPATH\index.php(56): CodeIgniter\Boot::bootWeb(Object(Config\Paths))
CRITICAL - 2025-03-11 06:59:27 --> [Caused by] mysqli_sql_exception: Column 'whatsappno' in where clause is ambiguous
in SYSTEMPATH\Database\MySQLi\Connection.php on line 312.
 1 SYSTEMPATH\Database\MySQLi\Connection.php(312): mysqli->query('SELECT `c`.*, `a`.*, `b`.*, `cn`.*, `f`.*, `bn`.*, `a`.`id` as `studentid`
FROM (`admission`, `admission` `a`)
JOIN `course` `c` ON `c`.`courseid` = `a`.`courseid`
JOIN `batch` `b` ON `a`.`batchid` = `b`.`batchid`
JOIN `collegename` `cn` ON `a`.`collegeid` = `cn`.`id`
JOIN `fee` `f` ON `a`.`id` = `f`.`sid`
JOIN `branch` `bn` ON `a`.`branchid` = `bn`.`id`
WHERE `admission`.`phoneno` = \'9876543211\'
OR `whatsappno` = \'9876543211\'
 LIMIT 1', 0)
 2 SYSTEMPATH\Database\BaseConnection.php(734): CodeIgniter\Database\MySQLi\Connection->execute('SELECT `c`.*, `a`.*, `b`.*, `cn`.*, `f`.*, `bn`.*, `a`.`id` as `studentid`
FROM (`admission`, `admission` `a`)
JOIN `course` `c` ON `c`.`courseid` = `a`.`courseid`
JOIN `batch` `b` ON `a`.`batchid` = `b`.`batchid`
JOIN `collegename` `cn` ON `a`.`collegeid` = `cn`.`id`
JOIN `fee` `f` ON `a`.`id` = `f`.`sid`
JOIN `branch` `bn` ON `a`.`branchid` = `bn`.`id`
WHERE `admission`.`phoneno` = \'9876543211\'
OR `whatsappno` = \'9876543211\'
 LIMIT 1')
 3 SYSTEMPATH\Database\BaseConnection.php(648): CodeIgniter\Database\BaseConnection->simpleQuery('SELECT `c`.*, `a`.*, `b`.*, `cn`.*, `f`.*, `bn`.*, `a`.`id` as `studentid`
FROM (`admission`, `admission` `a`)
JOIN `course` `c` ON `c`.`courseid` = `a`.`courseid`
JOIN `batch` `b` ON `a`.`batchid` = `b`.`batchid`
JOIN `collegename` `cn` ON `a`.`collegeid` = `cn`.`id`
JOIN `fee` `f` ON `a`.`id` = `f`.`sid`
JOIN `branch` `bn` ON `a`.`branchid` = `bn`.`id`
WHERE `admission`.`phoneno` = \'9876543211\'
OR `whatsappno` = \'9876543211\'
 LIMIT 1')
 4 SYSTEMPATH\Database\BaseBuilder.php(1644): CodeIgniter\Database\BaseConnection->query('SELECT `c`.*, `a`.*, `b`.*, `cn`.*, `f`.*, `bn`.*, `a`.`id` as `studentid`
FROM (`admission`, `admission` `a`)
JOIN `course` `c` ON `c`.`courseid` = `a`.`courseid`
JOIN `batch` `b` ON `a`.`batchid` = `b`.`batchid`
JOIN `collegename` `cn` ON `a`.`collegeid` = `cn`.`id`
JOIN `fee` `f` ON `a`.`id` = `f`.`sid`
JOIN `branch` `bn` ON `a`.`branchid` = `bn`.`id`
WHERE `admission`.`phoneno` = :admission.phoneno:
OR `whatsappno` = :whatsappno:
 LIMIT 1', [...], false)
 5 SYSTEMPATH\Model.php(330): CodeIgniter\Database\BaseBuilder->get()
 6 SYSTEMPATH\BaseModel.php(714): CodeIgniter\Model->doFirst()
 7 APPPATH\Controllers\StudentLoginMaster.php(39): CodeIgniter\BaseModel->first()
 8 SYSTEMPATH\CodeIgniter.php(933): App\Controllers\StudentLoginMaster->save()
 9 SYSTEMPATH\CodeIgniter.php(509): CodeIgniter\CodeIgniter->runController(Object(App\Controllers\StudentLoginMaster))
10 SYSTEMPATH\CodeIgniter.php(355): CodeIgniter\CodeIgniter->handleRequest(null, Object(Config\Cache), false)
11 SYSTEMPATH\Boot.php(325): CodeIgniter\CodeIgniter->run()
12 SYSTEMPATH\Boot.php(67): CodeIgniter\Boot::runCodeIgniter(Object(CodeIgniter\CodeIgniter))
13 FCPATH\index.php(56): CodeIgniter\Boot::bootWeb(Object(Config\Paths))
INFO - 2025-03-11 06:59:40 --> Session: Class initialized using 'CodeIgniter\Session\Handlers\FileHandler' driver.
INFO - 2025-03-11 06:59:40 --> Session: Class initialized using 'CodeIgniter\Session\Handlers\FileHandler' driver.
INFO - 2025-03-11 06:59:49 --> Session: Class initialized using 'CodeIgniter\Session\Handlers\FileHandler' driver.
INFO - 2025-03-11 06:59:49 --> Session: Class initialized using 'CodeIgniter\Session\Handlers\FileHandler' driver.
INFO - 2025-03-11 06:59:58 --> Session: Class initialized using 'CodeIgniter\Session\Handlers\FileHandler' driver.
INFO - 2025-03-11 06:59:58 --> Session: Class initialized using 'CodeIgniter\Session\Handlers\FileHandler' driver.
INFO - 2025-03-11 07:00:36 --> Session: Class initialized using 'CodeIgniter\Session\Handlers\FileHandler' driver.
INFO - 2025-03-11 07:00:36 --> Session: Class initialized using 'CodeIgniter\Session\Handlers\FileHandler' driver.
INFO - 2025-03-11 07:00:48 --> Session: Class initialized using 'CodeIgniter\Session\Handlers\FileHandler' driver.
INFO - 2025-03-11 07:00:48 --> Session: Class initialized using 'CodeIgniter\Session\Handlers\FileHandler' driver.
INFO - 2025-03-11 07:01:16 --> Session: Class initialized using 'CodeIgniter\Session\Handlers\FileHandler' driver.
INFO - 2025-03-11 07:01:16 --> Session: Class initialized using 'CodeIgniter\Session\Handlers\FileHandler' driver.
INFO - 2025-03-11 07:01:49 --> Session: Class initialized using 'CodeIgniter\Session\Handlers\FileHandler' driver.
INFO - 2025-03-11 07:01:57 --> Session: Class initialized using 'CodeIgniter\Session\Handlers\FileHandler' driver.
INFO - 2025-03-11 07:03:09 --> Session: Class initialized using 'CodeIgniter\Session\Handlers\FileHandler' driver.
INFO - 2025-03-11 07:04:10 --> Session: Class initialized using 'CodeIgniter\Session\Handlers\FileHandler' driver.
INFO - 2025-03-11 07:04:26 --> Session: Class initialized using 'CodeIgniter\Session\Handlers\FileHandler' driver.
INFO - 2025-03-11 07:04:48 --> Session: Class initialized using 'CodeIgniter\Session\Handlers\FileHandler' driver.
INFO - 2025-03-11 07:06:21 --> Session: Class initialized using 'CodeIgniter\Session\Handlers\FileHandler' driver.
INFO - 2025-03-11 07:06:22 --> Session: Class initialized using 'CodeIgniter\Session\Handlers\FileHandler' driver.
INFO - 2025-03-11 07:06:36 --> Session: Class initialized using 'CodeIgniter\Session\Handlers\FileHandler' driver.
INFO - 2025-03-11 07:07:17 --> Session: Class initialized using 'CodeIgniter\Session\Handlers\FileHandler' driver.
INFO - 2025-03-11 07:07:25 --> Session: Class initialized using 'CodeIgniter\Session\Handlers\FileHandler' driver.
INFO - 2025-03-11 07:07:26 --> Session: Class initialized using 'CodeIgniter\Session\Handlers\FileHandler' driver.
INFO - 2025-03-11 07:07:34 --> Session: Class initialized using 'CodeIgniter\Session\Handlers\FileHandler' driver.
INFO - 2025-03-11 07:07:44 --> Session: Class initialized using 'CodeIgniter\Session\Handlers\FileHandler' driver.
INFO - 2025-03-11 07:07:52 --> Session: Class initialized using 'CodeIgniter\Session\Handlers\FileHandler' driver.
INFO - 2025-03-11 07:08:05 --> Session: Class initialized using 'CodeIgniter\Session\Handlers\FileHandler' driver.
INFO - 2025-03-11 07:08:05 --> Session: Class initialized using 'CodeIgniter\Session\Handlers\FileHandler' driver.
INFO - 2025-03-11 07:08:59 --> Session: Class initialized using 'CodeIgniter\Session\Handlers\FileHandler' driver.
INFO - 2025-03-11 07:09:08 --> Session: Class initialized using 'CodeIgniter\Session\Handlers\FileHandler' driver.
INFO - 2025-03-11 07:09:33 --> Session: Class initialized using 'CodeIgniter\Session\Handlers\FileHandler' driver.
INFO - 2025-03-11 07:15:05 --> Session: Class initialized using 'CodeIgniter\Session\Handlers\FileHandler' driver.
ERROR - 2025-03-11 07:15:05 --> mysqli_sql_exception: Unknown table 'wolfox.a' in C:\xampp\htdocs\Wolfox\system\Database\MySQLi\Connection.php:312
Stack trace:
#0 C:\xampp\htdocs\Wolfox\system\Database\MySQLi\Connection.php(312): mysqli->query('SELECT `c`.*, `...', 0)
#1 C:\xampp\htdocs\Wolfox\system\Database\BaseConnection.php(734): CodeIgniter\Database\MySQLi\Connection->execute('SELECT `c`.*, `...')
#2 C:\xampp\htdocs\Wolfox\system\Database\BaseConnection.php(648): CodeIgniter\Database\BaseConnection->simpleQuery('SELECT `c`.*, `...')
#3 C:\xampp\htdocs\Wolfox\system\Database\BaseBuilder.php(1644): CodeIgniter\Database\BaseConnection->query('SELECT `c`.*, `...', Array, false)
#4 C:\xampp\htdocs\Wolfox\system\Model.php(330): CodeIgniter\Database\BaseBuilder->get()
#5 C:\xampp\htdocs\Wolfox\system\BaseModel.php(714): CodeIgniter\Model->doFirst()
#6 C:\xampp\htdocs\Wolfox\app\Controllers\StudentLoginMaster.php(41): CodeIgniter\BaseModel->first()
#7 C:\xampp\htdocs\Wolfox\system\CodeIgniter.php(933): App\Controllers\StudentLoginMaster->save()
#8 C:\xampp\htdocs\Wolfox\system\CodeIgniter.php(509): CodeIgniter\CodeIgniter->runController(Object(App\Controllers\StudentLoginMaster))
#9 C:\xampp\htdocs\Wolfox\system\CodeIgniter.php(355): CodeIgniter\CodeIgniter->handleRequest(NULL, Object(Config\Cache), false)
#10 C:\xampp\htdocs\Wolfox\system\Boot.php(325): CodeIgniter\CodeIgniter->run()
#11 C:\xampp\htdocs\Wolfox\system\Boot.php(67): CodeIgniter\Boot::runCodeIgniter(Object(CodeIgniter\CodeIgniter))
#12 C:\xampp\htdocs\Wolfox\index.php(56): CodeIgniter\Boot::bootWeb(Object(Config\Paths))
#13 {main}
CRITICAL - 2025-03-11 07:15:05 --> CodeIgniter\Database\Exceptions\DatabaseException: Unknown table 'wolfox.a'
[Method: POST, Route: student/save]
in SYSTEMPATH\Database\BaseConnection.php on line 688.
 1 SYSTEMPATH\Database\BaseBuilder.php(1644): CodeIgniter\Database\BaseConnection->query('SELECT `c`.*, `a`.*, `b`.*, `cn`.*, `f`.*, `bn`.*, `a`.`id` as `studentid`
FROM `admission`
LEFT JOIN `course` `c` ON `c`.`courseid` = `a`.`courseid`
LEFT JOIN `batch` `b` ON `a`.`batchid` = `b`.`batchid`
LEFT JOIN `collegename` `cn` ON `a`.`collegeid` = `cn`.`id`
LEFT JOIN `fee` `f` ON `a`.`id` = `f`.`sid`
LEFT JOIN `branch` `bn` ON `a`.`branchid` = `bn`.`id`
WHERE `a`.`phoneno` = :a.phoneno:
OR `a`.`whatsappno` = :a.whatsappno:
 LIMIT 1', [...], false)
 2 SYSTEMPATH\Model.php(330): CodeIgniter\Database\BaseBuilder->get()
 3 SYSTEMPATH\BaseModel.php(714): CodeIgniter\Model->doFirst()
 4 APPPATH\Controllers\StudentLoginMaster.php(41): CodeIgniter\BaseModel->first()
 5 SYSTEMPATH\CodeIgniter.php(933): App\Controllers\StudentLoginMaster->save()
 6 SYSTEMPATH\CodeIgniter.php(509): CodeIgniter\CodeIgniter->runController(Object(App\Controllers\StudentLoginMaster))
 7 SYSTEMPATH\CodeIgniter.php(355): CodeIgniter\CodeIgniter->handleRequest(null, Object(Config\Cache), false)
 8 SYSTEMPATH\Boot.php(325): CodeIgniter\CodeIgniter->run()
 9 SYSTEMPATH\Boot.php(67): CodeIgniter\Boot::runCodeIgniter(Object(CodeIgniter\CodeIgniter))
10 FCPATH\index.php(56): CodeIgniter\Boot::bootWeb(Object(Config\Paths))
CRITICAL - 2025-03-11 07:15:05 --> [Caused by] CodeIgniter\Database\Exceptions\DatabaseException: Unknown table 'wolfox.a'
in SYSTEMPATH\Database\MySQLi\Connection.php on line 317.
 1 SYSTEMPATH\Database\BaseConnection.php(734): CodeIgniter\Database\MySQLi\Connection->execute('SELECT `c`.*, `a`.*, `b`.*, `cn`.*, `f`.*, `bn`.*, `a`.`id` as `studentid`
FROM `admission`
LEFT JOIN `course` `c` ON `c`.`courseid` = `a`.`courseid`
LEFT JOIN `batch` `b` ON `a`.`batchid` = `b`.`batchid`
LEFT JOIN `collegename` `cn` ON `a`.`collegeid` = `cn`.`id`
LEFT JOIN `fee` `f` ON `a`.`id` = `f`.`sid`
LEFT JOIN `branch` `bn` ON `a`.`branchid` = `bn`.`id`
WHERE `a`.`phoneno` = \'8766886032\'
OR `a`.`whatsappno` = \'8766886032\'
 LIMIT 1')
 2 SYSTEMPATH\Database\BaseConnection.php(648): CodeIgniter\Database\BaseConnection->simpleQuery('SELECT `c`.*, `a`.*, `b`.*, `cn`.*, `f`.*, `bn`.*, `a`.`id` as `studentid`
FROM `admission`
LEFT JOIN `course` `c` ON `c`.`courseid` = `a`.`courseid`
LEFT JOIN `batch` `b` ON `a`.`batchid` = `b`.`batchid`
LEFT JOIN `collegename` `cn` ON `a`.`collegeid` = `cn`.`id`
LEFT JOIN `fee` `f` ON `a`.`id` = `f`.`sid`
LEFT JOIN `branch` `bn` ON `a`.`branchid` = `bn`.`id`
WHERE `a`.`phoneno` = \'8766886032\'
OR `a`.`whatsappno` = \'8766886032\'
 LIMIT 1')
 3 SYSTEMPATH\Database\BaseBuilder.php(1644): CodeIgniter\Database\BaseConnection->query('SELECT `c`.*, `a`.*, `b`.*, `cn`.*, `f`.*, `bn`.*, `a`.`id` as `studentid`
FROM `admission`
LEFT JOIN `course` `c` ON `c`.`courseid` = `a`.`courseid`
LEFT JOIN `batch` `b` ON `a`.`batchid` = `b`.`batchid`
LEFT JOIN `collegename` `cn` ON `a`.`collegeid` = `cn`.`id`
LEFT JOIN `fee` `f` ON `a`.`id` = `f`.`sid`
LEFT JOIN `branch` `bn` ON `a`.`branchid` = `bn`.`id`
WHERE `a`.`phoneno` = :a.phoneno:
OR `a`.`whatsappno` = :a.whatsappno:
 LIMIT 1', [...], false)
 4 SYSTEMPATH\Model.php(330): CodeIgniter\Database\BaseBuilder->get()
 5 SYSTEMPATH\BaseModel.php(714): CodeIgniter\Model->doFirst()
 6 APPPATH\Controllers\StudentLoginMaster.php(41): CodeIgniter\BaseModel->first()
 7 SYSTEMPATH\CodeIgniter.php(933): App\Controllers\StudentLoginMaster->save()
 8 SYSTEMPATH\CodeIgniter.php(509): CodeIgniter\CodeIgniter->runController(Object(App\Controllers\StudentLoginMaster))
 9 SYSTEMPATH\CodeIgniter.php(355): CodeIgniter\CodeIgniter->handleRequest(null, Object(Config\Cache), false)
10 SYSTEMPATH\Boot.php(325): CodeIgniter\CodeIgniter->run()
11 SYSTEMPATH\Boot.php(67): CodeIgniter\Boot::runCodeIgniter(Object(CodeIgniter\CodeIgniter))
12 FCPATH\index.php(56): CodeIgniter\Boot::bootWeb(Object(Config\Paths))
CRITICAL - 2025-03-11 07:15:05 --> [Caused by] mysqli_sql_exception: Unknown table 'wolfox.a'
in SYSTEMPATH\Database\MySQLi\Connection.php on line 312.
 1 SYSTEMPATH\Database\MySQLi\Connection.php(312): mysqli->query('SELECT `c`.*, `a`.*, `b`.*, `cn`.*, `f`.*, `bn`.*, `a`.`id` as `studentid`
FROM `admission`
LEFT JOIN `course` `c` ON `c`.`courseid` = `a`.`courseid`
LEFT JOIN `batch` `b` ON `a`.`batchid` = `b`.`batchid`
LEFT JOIN `collegename` `cn` ON `a`.`collegeid` = `cn`.`id`
LEFT JOIN `fee` `f` ON `a`.`id` = `f`.`sid`
LEFT JOIN `branch` `bn` ON `a`.`branchid` = `bn`.`id`
WHERE `a`.`phoneno` = \'8766886032\'
OR `a`.`whatsappno` = \'8766886032\'
 LIMIT 1', 0)
 2 SYSTEMPATH\Database\BaseConnection.php(734): CodeIgniter\Database\MySQLi\Connection->execute('SELECT `c`.*, `a`.*, `b`.*, `cn`.*, `f`.*, `bn`.*, `a`.`id` as `studentid`
FROM `admission`
LEFT JOIN `course` `c` ON `c`.`courseid` = `a`.`courseid`
LEFT JOIN `batch` `b` ON `a`.`batchid` = `b`.`batchid`
LEFT JOIN `collegename` `cn` ON `a`.`collegeid` = `cn`.`id`
LEFT JOIN `fee` `f` ON `a`.`id` = `f`.`sid`
LEFT JOIN `branch` `bn` ON `a`.`branchid` = `bn`.`id`
WHERE `a`.`phoneno` = \'8766886032\'
OR `a`.`whatsappno` = \'8766886032\'
 LIMIT 1')
 3 SYSTEMPATH\Database\BaseConnection.php(648): CodeIgniter\Database\BaseConnection->simpleQuery('SELECT `c`.*, `a`.*, `b`.*, `cn`.*, `f`.*, `bn`.*, `a`.`id` as `studentid`
FROM `admission`
LEFT JOIN `course` `c` ON `c`.`courseid` = `a`.`courseid`
LEFT JOIN `batch` `b` ON `a`.`batchid` = `b`.`batchid`
LEFT JOIN `collegename` `cn` ON `a`.`collegeid` = `cn`.`id`
LEFT JOIN `fee` `f` ON `a`.`id` = `f`.`sid`
LEFT JOIN `branch` `bn` ON `a`.`branchid` = `bn`.`id`
WHERE `a`.`phoneno` = \'8766886032\'
OR `a`.`whatsappno` = \'8766886032\'
 LIMIT 1')
 4 SYSTEMPATH\Database\BaseBuilder.php(1644): CodeIgniter\Database\BaseConnection->query('SELECT `c`.*, `a`.*, `b`.*, `cn`.*, `f`.*, `bn`.*, `a`.`id` as `studentid`
FROM `admission`
LEFT JOIN `course` `c` ON `c`.`courseid` = `a`.`courseid`
LEFT JOIN `batch` `b` ON `a`.`batchid` = `b`.`batchid`
LEFT JOIN `collegename` `cn` ON `a`.`collegeid` = `cn`.`id`
LEFT JOIN `fee` `f` ON `a`.`id` = `f`.`sid`
LEFT JOIN `branch` `bn` ON `a`.`branchid` = `bn`.`id`
WHERE `a`.`phoneno` = :a.phoneno:
OR `a`.`whatsappno` = :a.whatsappno:
 LIMIT 1', [...], false)
 5 SYSTEMPATH\Model.php(330): CodeIgniter\Database\BaseBuilder->get()
 6 SYSTEMPATH\BaseModel.php(714): CodeIgniter\Model->doFirst()
 7 APPPATH\Controllers\StudentLoginMaster.php(41): CodeIgniter\BaseModel->first()
 8 SYSTEMPATH\CodeIgniter.php(933): App\Controllers\StudentLoginMaster->save()
 9 SYSTEMPATH\CodeIgniter.php(509): CodeIgniter\CodeIgniter->runController(Object(App\Controllers\StudentLoginMaster))
10 SYSTEMPATH\CodeIgniter.php(355): CodeIgniter\CodeIgniter->handleRequest(null, Object(Config\Cache), false)
11 SYSTEMPATH\Boot.php(325): CodeIgniter\CodeIgniter->run()
12 SYSTEMPATH\Boot.php(67): CodeIgniter\Boot::runCodeIgniter(Object(CodeIgniter\CodeIgniter))
13 FCPATH\index.php(56): CodeIgniter\Boot::bootWeb(Object(Config\Paths))
INFO - 2025-03-11 07:15:52 --> Session: Class initialized using 'CodeIgniter\Session\Handlers\FileHandler' driver.
INFO - 2025-03-11 07:16:05 --> Session: Class initialized using 'CodeIgniter\Session\Handlers\FileHandler' driver.
INFO - 2025-03-11 07:16:18 --> Session: Class initialized using 'CodeIgniter\Session\Handlers\FileHandler' driver.
INFO - 2025-03-11 07:16:22 --> Session: Class initialized using 'CodeIgniter\Session\Handlers\FileHandler' driver.
INFO - 2025-03-11 07:16:31 --> Session: Class initialized using 'CodeIgniter\Session\Handlers\FileHandler' driver.
INFO - 2025-03-11 07:17:00 --> Session: Class initialized using 'CodeIgniter\Session\Handlers\FileHandler' driver.
INFO - 2025-03-11 07:17:05 --> Session: Class initialized using 'CodeIgniter\Session\Handlers\FileHandler' driver.
INFO - 2025-03-11 07:17:11 --> Session: Class initialized using 'CodeIgniter\Session\Handlers\FileHandler' driver.
INFO - 2025-03-11 07:17:14 --> Session: Class initialized using 'CodeIgniter\Session\Handlers\FileHandler' driver.
INFO - 2025-03-11 07:17:32 --> Session: Class initialized using 'CodeIgniter\Session\Handlers\FileHandler' driver.
INFO - 2025-03-11 07:18:10 --> Session: Class initialized using 'CodeIgniter\Session\Handlers\FileHandler' driver.
INFO - 2025-03-11 07:18:22 --> Session: Class initialized using 'CodeIgniter\Session\Handlers\FileHandler' driver.
INFO - 2025-03-11 07:18:30 --> Session: Class initialized using 'CodeIgniter\Session\Handlers\FileHandler' driver.
INFO - 2025-03-11 07:18:30 --> Session: Class initialized using 'CodeIgniter\Session\Handlers\FileHandler' driver.
INFO - 2025-03-11 07:18:39 --> Session: Class initialized using 'CodeIgniter\Session\Handlers\FileHandler' driver.
INFO - 2025-03-11 07:18:54 --> Session: Class initialized using 'CodeIgniter\Session\Handlers\FileHandler' driver.
INFO - 2025-03-11 07:19:15 --> Session: Class initialized using 'CodeIgniter\Session\Handlers\FileHandler' driver.
INFO - 2025-03-11 07:19:15 --> Session: Class initialized using 'CodeIgniter\Session\Handlers\FileHandler' driver.
INFO - 2025-03-11 07:19:20 --> Session: Class initialized using 'CodeIgniter\Session\Handlers\FileHandler' driver.
INFO - 2025-03-11 07:19:30 --> Session: Class initialized using 'CodeIgniter\Session\Handlers\FileHandler' driver.
INFO - 2025-03-11 07:19:32 --> Session: Class initialized using 'CodeIgniter\Session\Handlers\FileHandler' driver.
INFO - 2025-03-11 07:19:39 --> Session: Class initialized using 'CodeIgniter\Session\Handlers\FileHandler' driver.
INFO - 2025-03-11 07:19:42 --> Session: Class initialized using 'CodeIgniter\Session\Handlers\FileHandler' driver.
INFO - 2025-03-11 07:19:47 --> Session: Class initialized using 'CodeIgniter\Session\Handlers\FileHandler' driver.
INFO - 2025-03-11 07:20:03 --> Session: Class initialized using 'CodeIgniter\Session\Handlers\FileHandler' driver.
INFO - 2025-03-11 07:20:57 --> Session: Class initialized using 'CodeIgniter\Session\Handlers\FileHandler' driver.
INFO - 2025-03-11 07:22:03 --> Session: Class initialized using 'CodeIgniter\Session\Handlers\FileHandler' driver.
INFO - 2025-03-11 07:22:17 --> Session: Class initialized using 'CodeIgniter\Session\Handlers\FileHandler' driver.
INFO - 2025-03-11 07:22:41 --> Session: Class initialized using 'CodeIgniter\Session\Handlers\FileHandler' driver.
INFO - 2025-03-11 07:23:44 --> Session: Class initialized using 'CodeIgniter\Session\Handlers\FileHandler' driver.
INFO - 2025-03-11 07:23:58 --> Session: Class initialized using 'CodeIgniter\Session\Handlers\FileHandler' driver.
INFO - 2025-03-11 07:23:58 --> Session: Class initialized using 'CodeIgniter\Session\Handlers\FileHandler' driver.
INFO - 2025-03-11 07:24:35 --> Session: Class initialized using 'CodeIgniter\Session\Handlers\FileHandler' driver.
INFO - 2025-03-11 07:24:47 --> Session: Class initialized using 'CodeIgniter\Session\Handlers\FileHandler' driver.
INFO - 2025-03-11 07:24:47 --> Session: Class initialized using 'CodeIgniter\Session\Handlers\FileHandler' driver.
INFO - 2025-03-11 07:24:53 --> Session: Class initialized using 'CodeIgniter\Session\Handlers\FileHandler' driver.
INFO - 2025-03-11 07:24:55 --> Session: Class initialized using 'CodeIgniter\Session\Handlers\FileHandler' driver.
INFO - 2025-03-11 07:25:02 --> Session: Class initialized using 'CodeIgniter\Session\Handlers\FileHandler' driver.
INFO - 2025-03-11 07:25:04 --> Session: Class initialized using 'CodeIgniter\Session\Handlers\FileHandler' driver.
INFO - 2025-03-11 07:25:07 --> Session: Class initialized using 'CodeIgniter\Session\Handlers\FileHandler' driver.
INFO - 2025-03-11 07:25:22 --> Session: Class initialized using 'CodeIgniter\Session\Handlers\FileHandler' driver.
INFO - 2025-03-11 07:25:35 --> Session: Class initialized using 'CodeIgniter\Session\Handlers\FileHandler' driver.
INFO - 2025-03-11 07:25:41 --> Session: Class initialized using 'CodeIgniter\Session\Handlers\FileHandler' driver.
INFO - 2025-03-11 07:25:41 --> Session: Class initialized using 'CodeIgniter\Session\Handlers\FileHandler' driver.
INFO - 2025-03-11 07:25:48 --> Session: Class initialized using 'CodeIgniter\Session\Handlers\FileHandler' driver.
INFO - 2025-03-11 07:26:44 --> Session: Class initialized using 'CodeIgniter\Session\Handlers\FileHandler' driver.
INFO - 2025-03-11 07:26:51 --> Session: Class initialized using 'CodeIgniter\Session\Handlers\FileHandler' driver.
INFO - 2025-03-11 07:26:56 --> Session: Class initialized using 'CodeIgniter\Session\Handlers\FileHandler' driver.
INFO - 2025-03-11 07:27:21 --> Session: Class initialized using 'CodeIgniter\Session\Handlers\FileHandler' driver.
INFO - 2025-03-11 07:27:25 --> Session: Class initialized using 'CodeIgniter\Session\Handlers\FileHandler' driver.
INFO - 2025-03-11 07:27:37 --> Session: Class initialized using 'CodeIgniter\Session\Handlers\FileHandler' driver.
INFO - 2025-03-11 07:27:41 --> Session: Class initialized using 'CodeIgniter\Session\Handlers\FileHandler' driver.
INFO - 2025-03-11 07:28:07 --> Session: Class initialized using 'CodeIgniter\Session\Handlers\FileHandler' driver.
INFO - 2025-03-11 07:28:16 --> Session: Class initialized using 'CodeIgniter\Session\Handlers\FileHandler' driver.
INFO - 2025-03-11 07:28:58 --> Session: Class initialized using 'CodeIgniter\Session\Handlers\FileHandler' driver.
INFO - 2025-03-11 07:28:58 --> Session: Class initialized using 'CodeIgniter\Session\Handlers\FileHandler' driver.
INFO - 2025-03-11 07:29:08 --> Session: Class initialized using 'CodeIgniter\Session\Handlers\FileHandler' driver.
INFO - 2025-03-11 07:29:20 --> Session: Class initialized using 'CodeIgniter\Session\Handlers\FileHandler' driver.
INFO - 2025-03-11 07:29:20 --> Session: Class initialized using 'CodeIgniter\Session\Handlers\FileHandler' driver.
INFO - 2025-03-11 07:29:29 --> Session: Class initialized using 'CodeIgniter\Session\Handlers\FileHandler' driver.
INFO - 2025-03-11 07:29:41 --> Session: Class initialized using 'CodeIgniter\Session\Handlers\FileHandler' driver.
INFO - 2025-03-11 07:30:02 --> Session: Class initialized using 'CodeIgniter\Session\Handlers\FileHandler' driver.
INFO - 2025-03-11 07:30:02 --> Session: Class initialized using 'CodeIgniter\Session\Handlers\FileHandler' driver.
INFO - 2025-03-11 07:30:06 --> Session: Class initialized using 'CodeIgniter\Session\Handlers\FileHandler' driver.
INFO - 2025-03-11 07:30:08 --> Session: Class initialized using 'CodeIgniter\Session\Handlers\FileHandler' driver.
INFO - 2025-03-11 07:30:19 --> Session: Class initialized using 'CodeIgniter\Session\Handlers\FileHandler' driver.
INFO - 2025-03-11 07:30:30 --> Session: Class initialized using 'CodeIgniter\Session\Handlers\FileHandler' driver.
INFO - 2025-03-11 07:30:47 --> Session: Class initialized using 'CodeIgniter\Session\Handlers\FileHandler' driver.
INFO - 2025-03-11 07:30:47 --> Session: Class initialized using 'CodeIgniter\Session\Handlers\FileHandler' driver.
INFO - 2025-03-11 07:30:52 --> Session: Class initialized using 'CodeIgniter\Session\Handlers\FileHandler' driver.
INFO - 2025-03-11 07:31:03 --> Session: Class initialized using 'CodeIgniter\Session\Handlers\FileHandler' driver.
INFO - 2025-03-11 07:31:23 --> Session: Class initialized using 'CodeIgniter\Session\Handlers\FileHandler' driver.
INFO - 2025-03-11 07:31:23 --> Session: Class initialized using 'CodeIgniter\Session\Handlers\FileHandler' driver.
INFO - 2025-03-11 07:31:28 --> Session: Class initialized using 'CodeIgniter\Session\Handlers\FileHandler' driver.
INFO - 2025-03-11 07:37:34 --> Session: Class initialized using 'CodeIgniter\Session\Handlers\FileHandler' driver.
INFO - 2025-03-11 07:38:20 --> Session: Class initialized using 'CodeIgniter\Session\Handlers\FileHandler' driver.
INFO - 2025-03-11 07:38:45 --> Session: Class initialized using 'CodeIgniter\Session\Handlers\FileHandler' driver.
INFO - 2025-03-11 07:39:05 --> Session: Class initialized using 'CodeIgniter\Session\Handlers\FileHandler' driver.
INFO - 2025-03-11 07:39:10 --> Session: Class initialized using 'CodeIgniter\Session\Handlers\FileHandler' driver.
INFO - 2025-03-11 07:39:18 --> Session: Class initialized using 'CodeIgniter\Session\Handlers\FileHandler' driver.
INFO - 2025-03-11 07:39:32 --> Session: Class initialized using 'CodeIgniter\Session\Handlers\FileHandler' driver.
INFO - 2025-03-11 07:39:45 --> Session: Class initialized using 'CodeIgniter\Session\Handlers\FileHandler' driver.
INFO - 2025-03-11 07:39:51 --> Session: Class initialized using 'CodeIgniter\Session\Handlers\FileHandler' driver.
INFO - 2025-03-11 07:39:51 --> Session: Class initialized using 'CodeIgniter\Session\Handlers\FileHandler' driver.
INFO - 2025-03-11 07:39:55 --> Session: Class initialized using 'CodeIgniter\Session\Handlers\FileHandler' driver.
INFO - 2025-03-11 07:40:23 --> Session: Class initialized using 'CodeIgniter\Session\Handlers\FileHandler' driver.
INFO - 2025-03-11 07:40:39 --> Session: Class initialized using 'CodeIgniter\Session\Handlers\FileHandler' driver.
INFO - 2025-03-11 07:40:41 --> Session: Class initialized using 'CodeIgniter\Session\Handlers\FileHandler' driver.
INFO - 2025-03-11 07:40:48 --> Session: Class initialized using 'CodeIgniter\Session\Handlers\FileHandler' driver.
INFO - 2025-03-11 07:40:52 --> Session: Class initialized using 'CodeIgniter\Session\Handlers\FileHandler' driver.
INFO - 2025-03-11 07:40:53 --> Session: Class initialized using 'CodeIgniter\Session\Handlers\FileHandler' driver.
INFO - 2025-03-11 07:41:02 --> Session: Class initialized using 'CodeIgniter\Session\Handlers\FileHandler' driver.
INFO - 2025-03-11 07:41:46 --> Session: Class initialized using 'CodeIgniter\Session\Handlers\FileHandler' driver.
INFO - 2025-03-11 07:42:26 --> Session: Class initialized using 'CodeIgniter\Session\Handlers\FileHandler' driver.
INFO - 2025-03-11 07:42:28 --> Session: Class initialized using 'CodeIgniter\Session\Handlers\FileHandler' driver.
INFO - 2025-03-11 07:42:33 --> Session: Class initialized using 'CodeIgniter\Session\Handlers\FileHandler' driver.
INFO - 2025-03-11 07:42:49 --> Session: Class initialized using 'CodeIgniter\Session\Handlers\FileHandler' driver.
INFO - 2025-03-11 07:43:04 --> Session: Class initialized using 'CodeIgniter\Session\Handlers\FileHandler' driver.
INFO - 2025-03-11 07:43:07 --> Session: Class initialized using 'CodeIgniter\Session\Handlers\FileHandler' driver.
INFO - 2025-03-11 07:43:16 --> Session: Class initialized using 'CodeIgniter\Session\Handlers\FileHandler' driver.
INFO - 2025-03-11 07:43:16 --> Session: Class initialized using 'CodeIgniter\Session\Handlers\FileHandler' driver.
INFO - 2025-03-11 07:43:24 --> Session: Class initialized using 'CodeIgniter\Session\Handlers\FileHandler' driver.
INFO - 2025-03-11 07:43:37 --> Session: Class initialized using 'CodeIgniter\Session\Handlers\FileHandler' driver.
INFO - 2025-03-11 07:43:37 --> Session: Class initialized using 'CodeIgniter\Session\Handlers\FileHandler' driver.
INFO - 2025-03-11 07:43:46 --> Session: Class initialized using 'CodeIgniter\Session\Handlers\FileHandler' driver.
INFO - 2025-03-11 07:43:48 --> Session: Class initialized using 'CodeIgniter\Session\Handlers\FileHandler' driver.
INFO - 2025-03-11 07:43:48 --> Session: Class initialized using 'CodeIgniter\Session\Handlers\FileHandler' driver.
INFO - 2025-03-11 07:44:01 --> Session: Class initialized using 'CodeIgniter\Session\Handlers\FileHandler' driver.
INFO - 2025-03-11 07:44:11 --> Session: Class initialized using 'CodeIgniter\Session\Handlers\FileHandler' driver.
INFO - 2025-03-11 07:44:11 --> Session: Class initialized using 'CodeIgniter\Session\Handlers\FileHandler' driver.
INFO - 2025-03-11 07:44:42 --> Session: Class initialized using 'CodeIgniter\Session\Handlers\FileHandler' driver.
INFO - 2025-03-11 07:44:52 --> Session: Class initialized using 'CodeIgniter\Session\Handlers\FileHandler' driver.
INFO - 2025-03-11 07:45:07 --> Session: Class initialized using 'CodeIgniter\Session\Handlers\FileHandler' driver.
INFO - 2025-03-11 07:45:16 --> Session: Class initialized using 'CodeIgniter\Session\Handlers\FileHandler' driver.
INFO - 2025-03-11 07:45:23 --> Session: Class initialized using 'CodeIgniter\Session\Handlers\FileHandler' driver.
INFO - 2025-03-11 07:45:48 --> Session: Class initialized using 'CodeIgniter\Session\Handlers\FileHandler' driver.
INFO - 2025-03-11 07:45:48 --> Session: Class initialized using 'CodeIgniter\Session\Handlers\FileHandler' driver.
INFO - 2025-03-11 07:45:59 --> Session: Class initialized using 'CodeIgniter\Session\Handlers\FileHandler' driver.
INFO - 2025-03-11 07:46:06 --> Session: Class initialized using 'CodeIgniter\Session\Handlers\FileHandler' driver.
INFO - 2025-03-11 07:46:08 --> Session: Class initialized using 'CodeIgniter\Session\Handlers\FileHandler' driver.
INFO - 2025-03-11 07:46:09 --> Session: Class initialized using 'CodeIgniter\Session\Handlers\FileHandler' driver.
INFO - 2025-03-11 07:46:16 --> Session: Class initialized using 'CodeIgniter\Session\Handlers\FileHandler' driver.
INFO - 2025-03-11 07:46:50 --> Session: Class initialized using 'CodeIgniter\Session\Handlers\FileHandler' driver.
INFO - 2025-03-11 07:48:56 --> Session: Class initialized using 'CodeIgniter\Session\Handlers\FileHandler' driver.
INFO - 2025-03-11 07:49:13 --> Session: Class initialized using 'CodeIgniter\Session\Handlers\FileHandler' driver.
INFO - 2025-03-11 07:50:52 --> Session: Class initialized using 'CodeIgniter\Session\Handlers\FileHandler' driver.
INFO - 2025-03-11 07:50:52 --> Session: Class initialized using 'CodeIgniter\Session\Handlers\FileHandler' driver.
INFO - 2025-03-11 07:56:02 --> Session: Class initialized using 'CodeIgniter\Session\Handlers\FileHandler' driver.
INFO - 2025-03-11 07:56:09 --> Session: Class initialized using 'CodeIgniter\Session\Handlers\FileHandler' driver.
INFO - 2025-03-11 07:56:19 --> Session: Class initialized using 'CodeIgniter\Session\Handlers\FileHandler' driver.
INFO - 2025-03-11 07:56:19 --> Session: Class initialized using 'CodeIgniter\Session\Handlers\FileHandler' driver.
INFO - 2025-03-11 07:56:25 --> Session: Class initialized using 'CodeIgniter\Session\Handlers\FileHandler' driver.
INFO - 2025-03-11 07:56:27 --> Session: Class initialized using 'CodeIgniter\Session\Handlers\FileHandler' driver.
INFO - 2025-03-11 07:56:52 --> Session: Class initialized using 'CodeIgniter\Session\Handlers\FileHandler' driver.
INFO - 2025-03-11 07:56:55 --> Session: Class initialized using 'CodeIgniter\Session\Handlers\FileHandler' driver.
INFO - 2025-03-11 07:58:03 --> Session: Class initialized using 'CodeIgniter\Session\Handlers\FileHandler' driver.
INFO - 2025-03-11 07:58:14 --> Session: Class initialized using 'CodeIgniter\Session\Handlers\FileHandler' driver.
INFO - 2025-03-11 07:58:20 --> Session: Class initialized using 'CodeIgniter\Session\Handlers\FileHandler' driver.
INFO - 2025-03-11 07:58:50 --> Session: Class initialized using 'CodeIgniter\Session\Handlers\FileHandler' driver.
INFO - 2025-03-11 07:59:14 --> Session: Class initialized using 'CodeIgniter\Session\Handlers\FileHandler' driver.
INFO - 2025-03-11 07:59:20 --> Session: Class initialized using 'CodeIgniter\Session\Handlers\FileHandler' driver.
INFO - 2025-03-11 08:00:11 --> Session: Class initialized using 'CodeIgniter\Session\Handlers\FileHandler' driver.
INFO - 2025-03-11 08:00:14 --> Session: Class initialized using 'CodeIgniter\Session\Handlers\FileHandler' driver.
INFO - 2025-03-11 08:00:32 --> Session: Class initialized using 'CodeIgniter\Session\Handlers\FileHandler' driver.
INFO - 2025-03-11 08:00:38 --> Session: Class initialized using 'CodeIgniter\Session\Handlers\FileHandler' driver.
INFO - 2025-03-11 08:05:56 --> Session: Class initialized using 'CodeIgniter\Session\Handlers\FileHandler' driver.
INFO - 2025-03-11 08:06:08 --> Session: Class initialized using 'CodeIgniter\Session\Handlers\FileHandler' driver.
INFO - 2025-03-11 08:12:28 --> Session: Class initialized using 'CodeIgniter\Session\Handlers\FileHandler' driver.
INFO - 2025-03-11 08:12:40 --> Session: Class initialized using 'CodeIgniter\Session\Handlers\FileHandler' driver.
INFO - 2025-03-11 08:12:41 --> Session: Class initialized using 'CodeIgniter\Session\Handlers\FileHandler' driver.
INFO - 2025-03-11 08:12:55 --> Session: Class initialized using 'CodeIgniter\Session\Handlers\FileHandler' driver.
INFO - 2025-03-11 08:13:00 --> Session: Class initialized using 'CodeIgniter\Session\Handlers\FileHandler' driver.
INFO - 2025-03-11 08:13:15 --> Session: Class initialized using 'CodeIgniter\Session\Handlers\FileHandler' driver.
INFO - 2025-03-11 08:19:16 --> Session: Class initialized using 'CodeIgniter\Session\Handlers\FileHandler' driver.
INFO - 2025-03-11 08:19:20 --> Session: Class initialized using 'CodeIgniter\Session\Handlers\FileHandler' driver.
INFO - 2025-03-11 08:19:23 --> Session: Class initialized using 'CodeIgniter\Session\Handlers\FileHandler' driver.
INFO - 2025-03-11 08:20:22 --> Session: Class initialized using 'CodeIgniter\Session\Handlers\FileHandler' driver.
INFO - 2025-03-11 08:20:37 --> Session: Class initialized using 'CodeIgniter\Session\Handlers\FileHandler' driver.
INFO - 2025-03-11 08:20:39 --> Session: Class initialized using 'CodeIgniter\Session\Handlers\FileHandler' driver.
INFO - 2025-03-11 08:20:42 --> Session: Class initialized using 'CodeIgniter\Session\Handlers\FileHandler' driver.
INFO - 2025-03-11 08:20:44 --> Session: Class initialized using 'CodeIgniter\Session\Handlers\FileHandler' driver.
INFO - 2025-03-11 08:20:51 --> Session: Class initialized using 'CodeIgniter\Session\Handlers\FileHandler' driver.
INFO - 2025-03-11 08:20:56 --> Session: Class initialized using 'CodeIgniter\Session\Handlers\FileHandler' driver.
INFO - 2025-03-11 08:21:06 --> Session: Class initialized using 'CodeIgniter\Session\Handlers\FileHandler' driver.
INFO - 2025-03-11 08:22:24 --> Session: Class initialized using 'CodeIgniter\Session\Handlers\FileHandler' driver.
INFO - 2025-03-11 08:24:27 --> Session: Class initialized using 'CodeIgniter\Session\Handlers\FileHandler' driver.
INFO - 2025-03-11 08:24:44 --> Session: Class initialized using 'CodeIgniter\Session\Handlers\FileHandler' driver.
INFO - 2025-03-11 08:24:44 --> Session: Class initialized using 'CodeIgniter\Session\Handlers\FileHandler' driver.
INFO - 2025-03-11 08:27:01 --> Session: Class initialized using 'CodeIgniter\Session\Handlers\FileHandler' driver.
INFO - 2025-03-11 08:27:12 --> Session: Class initialized using 'CodeIgniter\Session\Handlers\FileHandler' driver.
INFO - 2025-03-11 08:27:17 --> Session: Class initialized using 'CodeIgniter\Session\Handlers\FileHandler' driver.
INFO - 2025-03-11 08:30:19 --> Session: Class initialized using 'CodeIgniter\Session\Handlers\FileHandler' driver.
INFO - 2025-03-11 08:30:19 --> Session: Class initialized using 'CodeIgniter\Session\Handlers\FileHandler' driver.
INFO - 2025-03-11 08:30:59 --> Session: Class initialized using 'CodeIgniter\Session\Handlers\FileHandler' driver.
CRITICAL - 2025-03-11 08:30:59 --> ErrorException: Trying to access array offset on value of type null
[Method: POST, Route: student/save]
in APPPATH\Controllers\StudentLoginMaster.php on line 59.
 1 APPPATH\Controllers\StudentLoginMaster.php(59): CodeIgniter\Debug\Exceptions->errorHandler(2, 'Trying to access array offset on value of type null', 'C:\\xampp\\htdocs\\Wolfox\\app\\Controllers\\StudentLoginMaster.php', 59)
 2 SYSTEMPATH\CodeIgniter.php(933): App\Controllers\StudentLoginMaster->save()
 3 SYSTEMPATH\CodeIgniter.php(509): CodeIgniter\CodeIgniter->runController(Object(App\Controllers\StudentLoginMaster))
 4 SYSTEMPATH\CodeIgniter.php(355): CodeIgniter\CodeIgniter->handleRequest(null, Object(Config\Cache), false)
 5 SYSTEMPATH\Boot.php(325): CodeIgniter\CodeIgniter->run()
 6 SYSTEMPATH\Boot.php(67): CodeIgniter\Boot::runCodeIgniter(Object(CodeIgniter\CodeIgniter))
 7 FCPATH\index.php(56): CodeIgniter\Boot::bootWeb(Object(Config\Paths))
INFO - 2025-03-11 08:32:05 --> Session: Class initialized using 'CodeIgniter\Session\Handlers\FileHandler' driver.
CRITICAL - 2025-03-11 08:32:05 --> ErrorException: Trying to access array offset on value of type null
[Method: POST, Route: student/save]
in APPPATH\Controllers\StudentLoginMaster.php on line 59.
 1 APPPATH\Controllers\StudentLoginMaster.php(59): CodeIgniter\Debug\Exceptions->errorHandler(2, 'Trying to access array offset on value of type null', 'C:\\xampp\\htdocs\\Wolfox\\app\\Controllers\\StudentLoginMaster.php', 59)
 2 SYSTEMPATH\CodeIgniter.php(933): App\Controllers\StudentLoginMaster->save()
 3 SYSTEMPATH\CodeIgniter.php(509): CodeIgniter\CodeIgniter->runController(Object(App\Controllers\StudentLoginMaster))
 4 SYSTEMPATH\CodeIgniter.php(355): CodeIgniter\CodeIgniter->handleRequest(null, Object(Config\Cache), false)
 5 SYSTEMPATH\Boot.php(325): CodeIgniter\CodeIgniter->run()
 6 SYSTEMPATH\Boot.php(67): CodeIgniter\Boot::runCodeIgniter(Object(CodeIgniter\CodeIgniter))
 7 FCPATH\index.php(56): CodeIgniter\Boot::bootWeb(Object(Config\Paths))
INFO - 2025-03-11 08:32:42 --> Session: Class initialized using 'CodeIgniter\Session\Handlers\FileHandler' driver.
INFO - 2025-03-11 08:33:02 --> Session: Class initialized using 'CodeIgniter\Session\Handlers\FileHandler' driver.
INFO - 2025-03-11 08:33:02 --> Session: Class initialized using 'CodeIgniter\Session\Handlers\FileHandler' driver.
INFO - 2025-03-11 08:33:16 --> Session: Class initialized using 'CodeIgniter\Session\Handlers\FileHandler' driver.
INFO - 2025-03-11 08:33:17 --> Session: Class initialized using 'CodeIgniter\Session\Handlers\FileHandler' driver.
INFO - 2025-03-11 08:33:32 --> Session: Class initialized using 'CodeIgniter\Session\Handlers\FileHandler' driver.
INFO - 2025-03-11 08:33:48 --> Session: Class initialized using 'CodeIgniter\Session\Handlers\FileHandler' driver.
INFO - 2025-03-11 08:33:48 --> Session: Class initialized using 'CodeIgniter\Session\Handlers\FileHandler' driver.
INFO - 2025-03-11 08:34:05 --> Session: Class initialized using 'CodeIgniter\Session\Handlers\FileHandler' driver.
INFO - 2025-03-11 08:34:14 --> Session: Class initialized using 'CodeIgniter\Session\Handlers\FileHandler' driver.
INFO - 2025-03-11 08:34:19 --> Session: Class initialized using 'CodeIgniter\Session\Handlers\FileHandler' driver.
INFO - 2025-03-11 08:34:44 --> Session: Class initialized using 'CodeIgniter\Session\Handlers\FileHandler' driver.
INFO - 2025-03-11 08:34:54 --> Session: Class initialized using 'CodeIgniter\Session\Handlers\FileHandler' driver.
INFO - 2025-03-11 08:35:01 --> Session: Class initialized using 'CodeIgniter\Session\Handlers\FileHandler' driver.
INFO - 2025-03-11 08:35:01 --> Session: Class initialized using 'CodeIgniter\Session\Handlers\FileHandler' driver.
INFO - 2025-03-11 08:35:08 --> Session: Class initialized using 'CodeIgniter\Session\Handlers\FileHandler' driver.
INFO - 2025-03-11 08:35:21 --> Session: Class initialized using 'CodeIgniter\Session\Handlers\FileHandler' driver.
INFO - 2025-03-11 08:35:36 --> Session: Class initialized using 'CodeIgniter\Session\Handlers\FileHandler' driver.
INFO - 2025-03-11 08:35:39 --> Session: Class initialized using 'CodeIgniter\Session\Handlers\FileHandler' driver.
INFO - 2025-03-11 08:35:39 --> Session: Class initialized using 'CodeIgniter\Session\Handlers\FileHandler' driver.
INFO - 2025-03-11 08:35:47 --> Session: Class initialized using 'CodeIgniter\Session\Handlers\FileHandler' driver.
INFO - 2025-03-11 08:35:47 --> Session: Class initialized using 'CodeIgniter\Session\Handlers\FileHandler' driver.
INFO - 2025-03-11 08:35:51 --> Session: Class initialized using 'CodeIgniter\Session\Handlers\FileHandler' driver.
INFO - 2025-03-11 08:38:03 --> Session: Class initialized using 'CodeIgniter\Session\Handlers\FileHandler' driver.
INFO - 2025-03-11 08:38:03 --> Session: Class initialized using 'CodeIgniter\Session\Handlers\FileHandler' driver.
INFO - 2025-03-11 08:38:19 --> Session: Class initialized using 'CodeIgniter\Session\Handlers\FileHandler' driver.
INFO - 2025-03-11 08:38:41 --> Session: Class initialized using 'CodeIgniter\Session\Handlers\FileHandler' driver.
INFO - 2025-03-11 08:38:50 --> Session: Class initialized using 'CodeIgniter\Session\Handlers\FileHandler' driver.
INFO - 2025-03-11 08:38:50 --> Session: Class initialized using 'CodeIgniter\Session\Handlers\FileHandler' driver.
INFO - 2025-03-11 08:39:02 --> Session: Class initialized using 'CodeIgniter\Session\Handlers\FileHandler' driver.
INFO - 2025-03-11 08:39:09 --> Session: Class initialized using 'CodeIgniter\Session\Handlers\FileHandler' driver.
INFO - 2025-03-11 09:04:09 --> Session: Class initialized using 'CodeIgniter\Session\Handlers\FileHandler' driver.
INFO - 2025-03-11 09:06:09 --> Session: Class initialized using 'CodeIgniter\Session\Handlers\FileHandler' driver.
INFO - 2025-03-11 09:06:10 --> Session: Class initialized using 'CodeIgniter\Session\Handlers\FileHandler' driver.
INFO - 2025-03-11 09:06:14 --> Session: Class initialized using 'CodeIgniter\Session\Handlers\FileHandler' driver.
INFO - 2025-03-11 09:07:20 --> Session: Class initialized using 'CodeIgniter\Session\Handlers\FileHandler' driver.
INFO - 2025-03-11 09:07:32 --> Session: Class initialized using 'CodeIgniter\Session\Handlers\FileHandler' driver.
INFO - 2025-03-11 09:07:37 --> Session: Class initialized using 'CodeIgniter\Session\Handlers\FileHandler' driver.
INFO - 2025-03-11 09:07:40 --> Session: Class initialized using 'CodeIgniter\Session\Handlers\FileHandler' driver.
INFO - 2025-03-11 09:07:57 --> Session: Class initialized using 'CodeIgniter\Session\Handlers\FileHandler' driver.
INFO - 2025-03-11 09:08:03 --> Session: Class initialized using 'CodeIgniter\Session\Handlers\FileHandler' driver.
INFO - 2025-03-11 09:08:12 --> Session: Class initialized using 'CodeIgniter\Session\Handlers\FileHandler' driver.
INFO - 2025-03-11 09:08:15 --> Session: Class initialized using 'CodeIgniter\Session\Handlers\FileHandler' driver.
INFO - 2025-03-11 09:08:19 --> Session: Class initialized using 'CodeIgniter\Session\Handlers\FileHandler' driver.
INFO - 2025-03-11 09:12:08 --> Session: Class initialized using 'CodeIgniter\Session\Handlers\FileHandler' driver.
INFO - 2025-03-11 09:12:18 --> Session: Class initialized using 'CodeIgniter\Session\Handlers\FileHandler' driver.
INFO - 2025-03-11 09:12:18 --> Session: Class initialized using 'CodeIgniter\Session\Handlers\FileHandler' driver.
INFO - 2025-03-11 09:12:23 --> Session: Class initialized using 'CodeIgniter\Session\Handlers\FileHandler' driver.
INFO - 2025-03-11 09:12:25 --> Session: Class initialized using 'CodeIgniter\Session\Handlers\FileHandler' driver.
INFO - 2025-03-11 09:12:28 --> Session: Class initialized using 'CodeIgniter\Session\Handlers\FileHandler' driver.
INFO - 2025-03-11 09:12:30 --> Session: Class initialized using 'CodeIgniter\Session\Handlers\FileHandler' driver.
INFO - 2025-03-11 09:12:33 --> Session: Class initialized using 'CodeIgniter\Session\Handlers\FileHandler' driver.
INFO - 2025-03-11 09:12:36 --> Session: Class initialized using 'CodeIgniter\Session\Handlers\FileHandler' driver.
INFO - 2025-03-11 09:12:41 --> Session: Class initialized using 'CodeIgniter\Session\Handlers\FileHandler' driver.
INFO - 2025-03-11 09:12:44 --> Session: Class initialized using 'CodeIgniter\Session\Handlers\FileHandler' driver.
INFO - 2025-03-11 09:16:59 --> Session: Class initialized using 'CodeIgniter\Session\Handlers\FileHandler' driver.
INFO - 2025-03-11 09:17:02 --> Session: Class initialized using 'CodeIgniter\Session\Handlers\FileHandler' driver.
INFO - 2025-03-11 09:17:28 --> Session: Class initialized using 'CodeIgniter\Session\Handlers\FileHandler' driver.
INFO - 2025-03-11 09:17:28 --> Session: Class initialized using 'CodeIgniter\Session\Handlers\FileHandler' driver.
WARNING - 2025-03-11 09:17:34 --> [DEPRECATED] strtolower(): Passing null to parameter #1 ($string) of type string is deprecated in APPPATH\Controllers\AdmissionMaster.php on line 52.
 1 APPPATH\Controllers\AdmissionMaster.php(52): strtolower(null)
 2 SYSTEMPATH\CodeIgniter.php(933): App\Controllers\AdmissionMaster->save()
 3 SYSTEMPATH\CodeIgniter.php(509): CodeIgniter\CodeIgniter->runController(Object(App\Controllers\AdmissionMaster))
 4 SYSTEMPATH\CodeIgniter.php(355): CodeIgniter\CodeIgniter->handleRequest(null, Object(Config\Cache), false)
 5 SYSTEMPATH\Boot.php(325): CodeIgniter\CodeIgniter->run()
 6 SYSTEMPATH\Boot.php(67): CodeIgniter\Boot::runCodeIgniter(Object(CodeIgniter\CodeIgniter))
 7 FCPATH\index.php(56): CodeIgniter\Boot::bootWeb(Object(Config\Paths))
WARNING - 2025-03-11 09:17:34 --> [DEPRECATED] strtolower(): Passing null to parameter #1 ($string) of type string is deprecated in APPPATH\Controllers\AdmissionMaster.php on line 53.
 1 APPPATH\Controllers\AdmissionMaster.php(53): strtolower(null)
 2 SYSTEMPATH\CodeIgniter.php(933): App\Controllers\AdmissionMaster->save()
 3 SYSTEMPATH\CodeIgniter.php(509): CodeIgniter\CodeIgniter->runController(Object(App\Controllers\AdmissionMaster))
 4 SYSTEMPATH\CodeIgniter.php(355): CodeIgniter\CodeIgniter->handleRequest(null, Object(Config\Cache), false)
 5 SYSTEMPATH\Boot.php(325): CodeIgniter\CodeIgniter->run()
 6 SYSTEMPATH\Boot.php(67): CodeIgniter\Boot::runCodeIgniter(Object(CodeIgniter\CodeIgniter))
 7 FCPATH\index.php(56): CodeIgniter\Boot::bootWeb(Object(Config\Paths))
WARNING - 2025-03-11 09:17:34 --> [DEPRECATED] strtolower(): Passing null to parameter #1 ($string) of type string is deprecated in APPPATH\Controllers\AdmissionMaster.php on line 54.
 1 APPPATH\Controllers\AdmissionMaster.php(54): strtolower(null)
 2 SYSTEMPATH\CodeIgniter.php(933): App\Controllers\AdmissionMaster->save()
 3 SYSTEMPATH\CodeIgniter.php(509): CodeIgniter\CodeIgniter->runController(Object(App\Controllers\AdmissionMaster))
 4 SYSTEMPATH\CodeIgniter.php(355): CodeIgniter\CodeIgniter->handleRequest(null, Object(Config\Cache), false)
 5 SYSTEMPATH\Boot.php(325): CodeIgniter\CodeIgniter->run()
 6 SYSTEMPATH\Boot.php(67): CodeIgniter\Boot::runCodeIgniter(Object(CodeIgniter\CodeIgniter))
 7 FCPATH\index.php(56): CodeIgniter\Boot::bootWeb(Object(Config\Paths))
WARNING - 2025-03-11 09:17:34 --> [DEPRECATED] substr(): Passing null to parameter #1 ($string) of type string is deprecated in APPPATH\Controllers\AdmissionMaster.php on line 75.
 1 APPPATH\Controllers\AdmissionMaster.php(75): substr(null, -4)
 2 SYSTEMPATH\CodeIgniter.php(933): App\Controllers\AdmissionMaster->save()
 3 SYSTEMPATH\CodeIgniter.php(509): CodeIgniter\CodeIgniter->runController(Object(App\Controllers\AdmissionMaster))
 4 SYSTEMPATH\CodeIgniter.php(355): CodeIgniter\CodeIgniter->handleRequest(null, Object(Config\Cache), false)
 5 SYSTEMPATH\Boot.php(325): CodeIgniter\CodeIgniter->run()
 6 SYSTEMPATH\Boot.php(67): CodeIgniter\Boot::runCodeIgniter(Object(CodeIgniter\CodeIgniter))
 7 FCPATH\index.php(56): CodeIgniter\Boot::bootWeb(Object(Config\Paths))
WARNING - 2025-03-11 09:17:34 --> [DEPRECATED] DateTime::__construct(): Passing null to parameter #1 ($datetime) of type string is deprecated in APPPATH\Controllers\AdmissionMaster.php on line 86.
 1 APPPATH\Controllers\AdmissionMaster.php(86): DateTime->__construct(null)
 2 SYSTEMPATH\CodeIgniter.php(933): App\Controllers\AdmissionMaster->save()
 3 SYSTEMPATH\CodeIgniter.php(509): CodeIgniter\CodeIgniter->runController(Object(App\Controllers\AdmissionMaster))
 4 SYSTEMPATH\CodeIgniter.php(355): CodeIgniter\CodeIgniter->handleRequest(null, Object(Config\Cache), false)
 5 SYSTEMPATH\Boot.php(325): CodeIgniter\CodeIgniter->run()
 6 SYSTEMPATH\Boot.php(67): CodeIgniter\Boot::runCodeIgniter(Object(CodeIgniter\CodeIgniter))
 7 FCPATH\index.php(56): CodeIgniter\Boot::bootWeb(Object(Config\Paths))
WARNING - 2025-03-11 09:17:34 --> [DEPRECATED] strtotime(): Passing null to parameter #1 ($datetime) of type string is deprecated in APPPATH\Controllers\AdmissionMaster.php on line 96.
 1 APPPATH\Controllers\AdmissionMaster.php(96): strtotime(null)
 2 SYSTEMPATH\CodeIgniter.php(933): App\Controllers\AdmissionMaster->save()
 3 SYSTEMPATH\CodeIgniter.php(509): CodeIgniter\CodeIgniter->runController(Object(App\Controllers\AdmissionMaster))
 4 SYSTEMPATH\CodeIgniter.php(355): CodeIgniter\CodeIgniter->handleRequest(null, Object(Config\Cache), false)
 5 SYSTEMPATH\Boot.php(325): CodeIgniter\CodeIgniter->run()
 6 SYSTEMPATH\Boot.php(67): CodeIgniter\Boot::runCodeIgniter(Object(CodeIgniter\CodeIgniter))
 7 FCPATH\index.php(56): CodeIgniter\Boot::bootWeb(Object(Config\Paths))
WARNING - 2025-03-11 09:17:34 --> [DEPRECATED] strtotime(): Passing null to parameter #1 ($datetime) of type string is deprecated in APPPATH\Controllers\AdmissionMaster.php on line 97.
 1 APPPATH\Controllers\AdmissionMaster.php(97): strtotime(null)
 2 SYSTEMPATH\CodeIgniter.php(933): App\Controllers\AdmissionMaster->save()
 3 SYSTEMPATH\CodeIgniter.php(509): CodeIgniter\CodeIgniter->runController(Object(App\Controllers\AdmissionMaster))
 4 SYSTEMPATH\CodeIgniter.php(355): CodeIgniter\CodeIgniter->handleRequest(null, Object(Config\Cache), false)
 5 SYSTEMPATH\Boot.php(325): CodeIgniter\CodeIgniter->run()
 6 SYSTEMPATH\Boot.php(67): CodeIgniter\Boot::runCodeIgniter(Object(CodeIgniter\CodeIgniter))
 7 FCPATH\index.php(56): CodeIgniter\Boot::bootWeb(Object(Config\Paths))
INFO - 2025-03-11 09:17:34 --> Session: Class initialized using 'CodeIgniter\Session\Handlers\FileHandler' driver.
INFO - 2025-03-11 09:17:34 --> Session: Class initialized using 'CodeIgniter\Session\Handlers\FileHandler' driver.
WARNING - 2025-03-11 09:17:34 --> [DEPRECATED] strtotime(): Passing null to parameter #1 ($datetime) of type string is deprecated in APPPATH\Views\Admin\Admission\list.php on line 125.
 1 APPPATH\Views\Admin\Admission\list.php(125): strtotime(null)
 2 SYSTEMPATH\View\View.php(234): include('C:\\xampp\\htdocs\\Wolfox\\app\\Views\\Admin\\Admission\\list.php')
 3 SYSTEMPATH\View\View.php(237): CodeIgniter\View\View->CodeIgniter\View\{closure}()
 4 SYSTEMPATH\Common.php(1171): CodeIgniter\View\View->render('/Admin/Admission/list', [], true)
 5 APPPATH\Controllers\AdmissionMaster.php(329): view('/Admin/Admission/list', [...])
 6 SYSTEMPATH\CodeIgniter.php(933): App\Controllers\AdmissionMaster->list()
 7 SYSTEMPATH\CodeIgniter.php(509): CodeIgniter\CodeIgniter->runController(Object(App\Controllers\AdmissionMaster))
 8 SYSTEMPATH\CodeIgniter.php(355): CodeIgniter\CodeIgniter->handleRequest(null, Object(Config\Cache), false)
 9 SYSTEMPATH\Boot.php(325): CodeIgniter\CodeIgniter->run()
10 SYSTEMPATH\Boot.php(67): CodeIgniter\Boot::runCodeIgniter(Object(CodeIgniter\CodeIgniter))
11 FCPATH\index.php(56): CodeIgniter\Boot::bootWeb(Object(Config\Paths))
WARNING - 2025-03-11 09:17:34 --> [DEPRECATED] strtotime(): Passing null to parameter #1 ($datetime) of type string is deprecated in APPPATH\Views\Admin\Admission\list.php on line 294.
 1 APPPATH\Views\Admin\Admission\list.php(294): strtotime(null)
 2 SYSTEMPATH\View\View.php(234): include('C:\\xampp\\htdocs\\Wolfox\\app\\Views\\Admin\\Admission\\list.php')
 3 SYSTEMPATH\View\View.php(237): CodeIgniter\View\View->CodeIgniter\View\{closure}()
 4 SYSTEMPATH\Common.php(1171): CodeIgniter\View\View->render('/Admin/Admission/list', [], true)
 5 APPPATH\Controllers\AdmissionMaster.php(329): view('/Admin/Admission/list', [...])
 6 SYSTEMPATH\CodeIgniter.php(933): App\Controllers\AdmissionMaster->list()
 7 SYSTEMPATH\CodeIgniter.php(509): CodeIgniter\CodeIgniter->runController(Object(App\Controllers\AdmissionMaster))
 8 SYSTEMPATH\CodeIgniter.php(355): CodeIgniter\CodeIgniter->handleRequest(null, Object(Config\Cache), false)
 9 SYSTEMPATH\Boot.php(325): CodeIgniter\CodeIgniter->run()
10 SYSTEMPATH\Boot.php(67): CodeIgniter\Boot::runCodeIgniter(Object(CodeIgniter\CodeIgniter))
11 FCPATH\index.php(56): CodeIgniter\Boot::bootWeb(Object(Config\Paths))
WARNING - 2025-03-11 09:17:34 --> [DEPRECATED] strtotime(): Passing null to parameter #1 ($datetime) of type string is deprecated in APPPATH\Views\Admin\Admission\list.php on line 294.
 1 APPPATH\Views\Admin\Admission\list.php(294): strtotime(null)
 2 SYSTEMPATH\View\View.php(234): include('C:\\xampp\\htdocs\\Wolfox\\app\\Views\\Admin\\Admission\\list.php')
 3 SYSTEMPATH\View\View.php(237): CodeIgniter\View\View->CodeIgniter\View\{closure}()
 4 SYSTEMPATH\Common.php(1171): CodeIgniter\View\View->render('/Admin/Admission/list', [], true)
 5 APPPATH\Controllers\AdmissionMaster.php(329): view('/Admin/Admission/list', [...])
 6 SYSTEMPATH\CodeIgniter.php(933): App\Controllers\AdmissionMaster->list()
 7 SYSTEMPATH\CodeIgniter.php(509): CodeIgniter\CodeIgniter->runController(Object(App\Controllers\AdmissionMaster))
 8 SYSTEMPATH\CodeIgniter.php(355): CodeIgniter\CodeIgniter->handleRequest(null, Object(Config\Cache), false)
 9 SYSTEMPATH\Boot.php(325): CodeIgniter\CodeIgniter->run()
10 SYSTEMPATH\Boot.php(67): CodeIgniter\Boot::runCodeIgniter(Object(CodeIgniter\CodeIgniter))
11 FCPATH\index.php(56): CodeIgniter\Boot::bootWeb(Object(Config\Paths))
INFO - 2025-03-11 09:17:38 --> Session: Class initialized using 'CodeIgniter\Session\Handlers\FileHandler' driver.
WARNING - 2025-03-11 09:18:25 --> [DEPRECATED] strtotime(): Passing null to parameter #1 ($datetime) of type string is deprecated in APPPATH\Controllers\AdmissionMaster.php on line 432.
 1 APPPATH\Controllers\AdmissionMaster.php(432): strtotime(null)
 2 SYSTEMPATH\CodeIgniter.php(933): App\Controllers\AdmissionMaster->update()
 3 SYSTEMPATH\CodeIgniter.php(509): CodeIgniter\CodeIgniter->runController(Object(App\Controllers\AdmissionMaster))
 4 SYSTEMPATH\CodeIgniter.php(355): CodeIgniter\CodeIgniter->handleRequest(null, Object(Config\Cache), false)
 5 SYSTEMPATH\Boot.php(325): CodeIgniter\CodeIgniter->run()
 6 SYSTEMPATH\Boot.php(67): CodeIgniter\Boot::runCodeIgniter(Object(CodeIgniter\CodeIgniter))
 7 FCPATH\index.php(56): CodeIgniter\Boot::bootWeb(Object(Config\Paths))
WARNING - 2025-03-11 09:18:25 --> [DEPRECATED] strtotime(): Passing null to parameter #1 ($datetime) of type string is deprecated in APPPATH\Controllers\AdmissionMaster.php on line 433.
 1 APPPATH\Controllers\AdmissionMaster.php(433): strtotime(null)
 2 SYSTEMPATH\CodeIgniter.php(933): App\Controllers\AdmissionMaster->update()
 3 SYSTEMPATH\CodeIgniter.php(509): CodeIgniter\CodeIgniter->runController(Object(App\Controllers\AdmissionMaster))
 4 SYSTEMPATH\CodeIgniter.php(355): CodeIgniter\CodeIgniter->handleRequest(null, Object(Config\Cache), false)
 5 SYSTEMPATH\Boot.php(325): CodeIgniter\CodeIgniter->run()
 6 SYSTEMPATH\Boot.php(67): CodeIgniter\Boot::runCodeIgniter(Object(CodeIgniter\CodeIgniter))
 7 FCPATH\index.php(56): CodeIgniter\Boot::bootWeb(Object(Config\Paths))
WARNING - 2025-03-11 09:18:25 --> [DEPRECATED] strtotime(): Passing null to parameter #1 ($datetime) of type string is deprecated in APPPATH\Controllers\AdmissionMaster.php on line 497.
 1 APPPATH\Controllers\AdmissionMaster.php(497): strtotime(null)
 2 SYSTEMPATH\CodeIgniter.php(933): App\Controllers\AdmissionMaster->update()
 3 SYSTEMPATH\CodeIgniter.php(509): CodeIgniter\CodeIgniter->runController(Object(App\Controllers\AdmissionMaster))
 4 SYSTEMPATH\CodeIgniter.php(355): CodeIgniter\CodeIgniter->handleRequest(null, Object(Config\Cache), false)
 5 SYSTEMPATH\Boot.php(325): CodeIgniter\CodeIgniter->run()
 6 SYSTEMPATH\Boot.php(67): CodeIgniter\Boot::runCodeIgniter(Object(CodeIgniter\CodeIgniter))
 7 FCPATH\index.php(56): CodeIgniter\Boot::bootWeb(Object(Config\Paths))
WARNING - 2025-03-11 09:18:25 --> [DEPRECATED] strtotime(): Passing null to parameter #1 ($datetime) of type string is deprecated in APPPATH\Controllers\AdmissionMaster.php on line 498.
 1 APPPATH\Controllers\AdmissionMaster.php(498): strtotime(null)
 2 SYSTEMPATH\CodeIgniter.php(933): App\Controllers\AdmissionMaster->update()
 3 SYSTEMPATH\CodeIgniter.php(509): CodeIgniter\CodeIgniter->runController(Object(App\Controllers\AdmissionMaster))
 4 SYSTEMPATH\CodeIgniter.php(355): CodeIgniter\CodeIgniter->handleRequest(null, Object(Config\Cache), false)
 5 SYSTEMPATH\Boot.php(325): CodeIgniter\CodeIgniter->run()
 6 SYSTEMPATH\Boot.php(67): CodeIgniter\Boot::runCodeIgniter(Object(CodeIgniter\CodeIgniter))
 7 FCPATH\index.php(56): CodeIgniter\Boot::bootWeb(Object(Config\Paths))
INFO - 2025-03-11 09:18:25 --> Session: Class initialized using 'CodeIgniter\Session\Handlers\FileHandler' driver.
INFO - 2025-03-11 09:18:25 --> Session: Class initialized using 'CodeIgniter\Session\Handlers\FileHandler' driver.
INFO - 2025-03-11 09:18:38 --> Session: Class initialized using 'CodeIgniter\Session\Handlers\FileHandler' driver.
INFO - 2025-03-11 09:18:43 --> Session: Class initialized using 'CodeIgniter\Session\Handlers\FileHandler' driver.
INFO - 2025-03-11 09:18:48 --> Session: Class initialized using 'CodeIgniter\Session\Handlers\FileHandler' driver.
INFO - 2025-03-11 09:18:51 --> Session: Class initialized using 'CodeIgniter\Session\Handlers\FileHandler' driver.
INFO - 2025-03-11 09:20:03 --> Session: Class initialized using 'CodeIgniter\Session\Handlers\FileHandler' driver.
INFO - 2025-03-11 09:20:06 --> Session: Class initialized using 'CodeIgniter\Session\Handlers\FileHandler' driver.
INFO - 2025-03-11 09:20:49 --> Session: Class initialized using 'CodeIgniter\Session\Handlers\FileHandler' driver.
INFO - 2025-03-11 09:20:49 --> Session: Class initialized using 'CodeIgniter\Session\Handlers\FileHandler' driver.
INFO - 2025-03-11 09:20:55 --> Session: Class initialized using 'CodeIgniter\Session\Handlers\FileHandler' driver.
INFO - 2025-03-11 09:21:04 --> Session: Class initialized using 'CodeIgniter\Session\Handlers\FileHandler' driver.
INFO - 2025-03-11 09:21:42 --> Session: Class initialized using 'CodeIgniter\Session\Handlers\FileHandler' driver.
INFO - 2025-03-11 09:21:42 --> Session: Class initialized using 'CodeIgniter\Session\Handlers\FileHandler' driver.
INFO - 2025-03-11 09:21:50 --> Session: Class initialized using 'CodeIgniter\Session\Handlers\FileHandler' driver.
INFO - 2025-03-11 09:21:54 --> Session: Class initialized using 'CodeIgniter\Session\Handlers\FileHandler' driver.
INFO - 2025-03-11 09:21:57 --> Session: Class initialized using 'CodeIgniter\Session\Handlers\FileHandler' driver.
INFO - 2025-03-11 09:22:10 --> Session: Class initialized using 'CodeIgniter\Session\Handlers\FileHandler' driver.
INFO - 2025-03-11 09:22:10 --> Session: Class initialized using 'CodeIgniter\Session\Handlers\FileHandler' driver.
INFO - 2025-03-11 09:23:07 --> Session: Class initialized using 'CodeIgniter\Session\Handlers\FileHandler' driver.
INFO - 2025-03-11 09:23:11 --> Session: Class initialized using 'CodeIgniter\Session\Handlers\FileHandler' driver.
INFO - 2025-03-11 09:23:15 --> Session: Class initialized using 'CodeIgniter\Session\Handlers\FileHandler' driver.
INFO - 2025-03-11 09:23:16 --> Session: Class initialized using 'CodeIgniter\Session\Handlers\FileHandler' driver.
INFO - 2025-03-11 09:23:20 --> Session: Class initialized using 'CodeIgniter\Session\Handlers\FileHandler' driver.
INFO - 2025-03-11 09:23:23 --> Session: Class initialized using 'CodeIgniter\Session\Handlers\FileHandler' driver.
INFO - 2025-03-11 09:27:41 --> Session: Class initialized using 'CodeIgniter\Session\Handlers\FileHandler' driver.
INFO - 2025-03-11 09:32:42 --> Session: Class initialized using 'CodeIgniter\Session\Handlers\FileHandler' driver.
INFO - 2025-03-11 09:32:44 --> Session: Class initialized using 'CodeIgniter\Session\Handlers\FileHandler' driver.
INFO - 2025-03-11 09:33:57 --> Session: Class initialized using 'CodeIgniter\Session\Handlers\FileHandler' driver.
INFO - 2025-03-11 09:34:00 --> Session: Class initialized using 'CodeIgniter\Session\Handlers\FileHandler' driver.
INFO - 2025-03-11 09:34:06 --> Session: Class initialized using 'CodeIgniter\Session\Handlers\FileHandler' driver.
INFO - 2025-03-11 09:34:06 --> Session: Class initialized using 'CodeIgniter\Session\Handlers\FileHandler' driver.
INFO - 2025-03-11 09:34:12 --> Session: Class initialized using 'CodeIgniter\Session\Handlers\FileHandler' driver.
INFO - 2025-03-11 09:34:18 --> Session: Class initialized using 'CodeIgniter\Session\Handlers\FileHandler' driver.
INFO - 2025-03-11 09:34:21 --> Session: Class initialized using 'CodeIgniter\Session\Handlers\FileHandler' driver.
INFO - 2025-03-11 09:34:21 --> Session: Class initialized using 'CodeIgniter\Session\Handlers\FileHandler' driver.
INFO - 2025-03-11 09:34:31 --> Session: Class initialized using 'CodeIgniter\Session\Handlers\FileHandler' driver.
INFO - 2025-03-11 09:34:50 --> Session: Class initialized using 'CodeIgniter\Session\Handlers\FileHandler' driver.
INFO - 2025-03-11 09:35:00 --> Session: Class initialized using 'CodeIgniter\Session\Handlers\FileHandler' driver.
INFO - 2025-03-11 09:35:04 --> Session: Class initialized using 'CodeIgniter\Session\Handlers\FileHandler' driver.
INFO - 2025-03-11 09:35:10 --> Session: Class initialized using 'CodeIgniter\Session\Handlers\FileHandler' driver.
INFO - 2025-03-11 09:37:42 --> Session: Class initialized using 'CodeIgniter\Session\Handlers\FileHandler' driver.
INFO - 2025-03-11 09:37:43 --> Session: Class initialized using 'CodeIgniter\Session\Handlers\FileHandler' driver.
INFO - 2025-03-11 09:37:50 --> Session: Class initialized using 'CodeIgniter\Session\Handlers\FileHandler' driver.
INFO - 2025-03-11 09:37:52 --> Session: Class initialized using 'CodeIgniter\Session\Handlers\FileHandler' driver.
INFO - 2025-03-11 09:39:33 --> Session: Class initialized using 'CodeIgniter\Session\Handlers\FileHandler' driver.
INFO - 2025-03-11 09:39:38 --> Session: Class initialized using 'CodeIgniter\Session\Handlers\FileHandler' driver.
CRITICAL - 2025-03-11 09:39:38 --> ErrorException: Trying to access array offset on value of type null
[Method: GET, Route: Admin/Admission/fee2/20]
in APPPATH\Views\Admin\Admission\fee2.php on line 19.
 1 APPPATH\Views\Admin\Admission\fee2.php(19): CodeIgniter\Debug\Exceptions->errorHandler(2, 'Trying to access array offset on value of type null', 'C:\\xampp\\htdocs\\Wolfox\\app\\Views\\Admin\\Admission\\fee2.php', 19)
 2 SYSTEMPATH\View\View.php(234): include('C:\\xampp\\htdocs\\Wolfox\\app\\Views\\Admin\\Admission\\fee2.php')
 3 SYSTEMPATH\View\View.php(237): CodeIgniter\View\View->CodeIgniter\View\{closure}()
 4 SYSTEMPATH\Common.php(1171): CodeIgniter\View\View->render('/Admin/Admission/fee2', [], true)
 5 APPPATH\Controllers\AdmissionMaster.php(801): view('/Admin/Admission/fee2', [...])
 6 SYSTEMPATH\CodeIgniter.php(933): App\Controllers\AdmissionMaster->fee2('20')
 7 SYSTEMPATH\CodeIgniter.php(509): CodeIgniter\CodeIgniter->runController(Object(App\Controllers\AdmissionMaster))
 8 SYSTEMPATH\CodeIgniter.php(355): CodeIgniter\CodeIgniter->handleRequest(null, Object(Config\Cache), false)
 9 SYSTEMPATH\Boot.php(325): CodeIgniter\CodeIgniter->run()
10 SYSTEMPATH\Boot.php(67): CodeIgniter\Boot::runCodeIgniter(Object(CodeIgniter\CodeIgniter))
11 FCPATH\index.php(56): CodeIgniter\Boot::bootWeb(Object(Config\Paths))
INFO - 2025-03-11 09:39:42 --> Session: Class initialized using 'CodeIgniter\Session\Handlers\FileHandler' driver.
INFO - 2025-03-11 09:40:43 --> Session: Class initialized using 'CodeIgniter\Session\Handlers\FileHandler' driver.
INFO - 2025-03-11 09:40:45 --> Session: Class initialized using 'CodeIgniter\Session\Handlers\FileHandler' driver.
CRITICAL - 2025-03-11 09:40:45 --> ErrorException: Trying to access array offset on value of type null
[Method: GET, Route: Admin/Admission/fee2/20]
in APPPATH\Views\Admin\Admission\fee2.php on line 19.
 1 APPPATH\Views\Admin\Admission\fee2.php(19): CodeIgniter\Debug\Exceptions->errorHandler(2, 'Trying to access array offset on value of type null', 'C:\\xampp\\htdocs\\Wolfox\\app\\Views\\Admin\\Admission\\fee2.php', 19)
 2 SYSTEMPATH\View\View.php(234): include('C:\\xampp\\htdocs\\Wolfox\\app\\Views\\Admin\\Admission\\fee2.php')
 3 SYSTEMPATH\View\View.php(237): CodeIgniter\View\View->CodeIgniter\View\{closure}()
 4 SYSTEMPATH\Common.php(1171): CodeIgniter\View\View->render('/Admin/Admission/fee2', [], true)
 5 APPPATH\Controllers\AdmissionMaster.php(801): view('/Admin/Admission/fee2', [...])
 6 SYSTEMPATH\CodeIgniter.php(933): App\Controllers\AdmissionMaster->fee2('20')
 7 SYSTEMPATH\CodeIgniter.php(509): CodeIgniter\CodeIgniter->runController(Object(App\Controllers\AdmissionMaster))
 8 SYSTEMPATH\CodeIgniter.php(355): CodeIgniter\CodeIgniter->handleRequest(null, Object(Config\Cache), false)
 9 SYSTEMPATH\Boot.php(325): CodeIgniter\CodeIgniter->run()
10 SYSTEMPATH\Boot.php(67): CodeIgniter\Boot::runCodeIgniter(Object(CodeIgniter\CodeIgniter))
11 FCPATH\index.php(56): CodeIgniter\Boot::bootWeb(Object(Config\Paths))
INFO - 2025-03-11 09:41:30 --> Session: Class initialized using 'CodeIgniter\Session\Handlers\FileHandler' driver.
INFO - 2025-03-11 09:41:44 --> Session: Class initialized using 'CodeIgniter\Session\Handlers\FileHandler' driver.
DEBUG - 2025-03-11 09:41:53 --> Received SID: 20
INFO - 2025-03-11 09:41:53 --> Session: Class initialized using 'CodeIgniter\Session\Handlers\FileHandler' driver.
INFO - 2025-03-11 09:41:53 --> Session: Class initialized using 'CodeIgniter\Session\Handlers\FileHandler' driver.
INFO - 2025-03-11 09:42:27 --> Session: Class initialized using 'CodeIgniter\Session\Handlers\FileHandler' driver.
INFO - 2025-03-11 09:42:32 --> Session: Class initialized using 'CodeIgniter\Session\Handlers\FileHandler' driver.
INFO - 2025-03-11 09:42:57 --> Session: Class initialized using 'CodeIgniter\Session\Handlers\FileHandler' driver.
INFO - 2025-03-11 09:42:59 --> Session: Class initialized using 'CodeIgniter\Session\Handlers\FileHandler' driver.
INFO - 2025-03-11 09:42:59 --> Session: Class initialized using 'CodeIgniter\Session\Handlers\FileHandler' driver.
INFO - 2025-03-11 09:43:00 --> Session: Class initialized using 'CodeIgniter\Session\Handlers\FileHandler' driver.
INFO - 2025-03-11 09:43:02 --> Session: Class initialized using 'CodeIgniter\Session\Handlers\FileHandler' driver.
INFO - 2025-03-11 09:44:16 --> Session: Class initialized using 'CodeIgniter\Session\Handlers\FileHandler' driver.
INFO - 2025-03-11 09:44:23 --> Session: Class initialized using 'CodeIgniter\Session\Handlers\FileHandler' driver.
INFO - 2025-03-11 09:47:09 --> Session: Class initialized using 'CodeIgniter\Session\Handlers\FileHandler' driver.
INFO - 2025-03-11 09:47:09 --> Session: Class initialized using 'CodeIgniter\Session\Handlers\FileHandler' driver.
INFO - 2025-03-11 09:47:15 --> Session: Class initialized using 'CodeIgniter\Session\Handlers\FileHandler' driver.
INFO - 2025-03-11 09:47:23 --> Session: Class initialized using 'CodeIgniter\Session\Handlers\FileHandler' driver.
INFO - 2025-03-11 09:47:23 --> Session: Class initialized using 'CodeIgniter\Session\Handlers\FileHandler' driver.
INFO - 2025-03-11 09:49:20 --> Session: Class initialized using 'CodeIgniter\Session\Handlers\FileHandler' driver.
INFO - 2025-03-11 09:49:50 --> Session: Class initialized using 'CodeIgniter\Session\Handlers\FileHandler' driver.
INFO - 2025-03-11 09:50:08 --> Session: Class initialized using 'CodeIgniter\Session\Handlers\FileHandler' driver.
INFO - 2025-03-11 09:50:08 --> Session: Class initialized using 'CodeIgniter\Session\Handlers\FileHandler' driver.
INFO - 2025-03-11 09:50:38 --> Session: Class initialized using 'CodeIgniter\Session\Handlers\FileHandler' driver.
INFO - 2025-03-11 09:55:14 --> Session: Class initialized using 'CodeIgniter\Session\Handlers\FileHandler' driver.
INFO - 2025-03-11 09:58:24 --> Session: Class initialized using 'CodeIgniter\Session\Handlers\FileHandler' driver.
INFO - 2025-03-11 09:58:37 --> Session: Class initialized using 'CodeIgniter\Session\Handlers\FileHandler' driver.
INFO - 2025-03-11 09:58:37 --> Session: Class initialized using 'CodeIgniter\Session\Handlers\FileHandler' driver.
INFO - 2025-03-11 09:59:07 --> Session: Class initialized using 'CodeIgniter\Session\Handlers\FileHandler' driver.
CRITICAL - 2025-03-11 09:59:07 --> ErrorException: Trying to access array offset on value of type null
[Method: POST, Route: student/save]
in APPPATH\Controllers\StudentLoginMaster.php on line 59.
 1 APPPATH\Controllers\StudentLoginMaster.php(59): CodeIgniter\Debug\Exceptions->errorHandler(2, 'Trying to access array offset on value of type null', 'C:\\xampp\\htdocs\\Wolfox\\app\\Controllers\\StudentLoginMaster.php', 59)
 2 SYSTEMPATH\CodeIgniter.php(933): App\Controllers\StudentLoginMaster->save()
 3 SYSTEMPATH\CodeIgniter.php(509): CodeIgniter\CodeIgniter->runController(Object(App\Controllers\StudentLoginMaster))
 4 SYSTEMPATH\CodeIgniter.php(355): CodeIgniter\CodeIgniter->handleRequest(null, Object(Config\Cache), false)
 5 SYSTEMPATH\Boot.php(325): CodeIgniter\CodeIgniter->run()
 6 SYSTEMPATH\Boot.php(67): CodeIgniter\Boot::runCodeIgniter(Object(CodeIgniter\CodeIgniter))
 7 FCPATH\index.php(56): CodeIgniter\Boot::bootWeb(Object(Config\Paths))
INFO - 2025-03-11 09:59:15 --> Session: Class initialized using 'CodeIgniter\Session\Handlers\FileHandler' driver.
INFO - 2025-03-11 10:00:11 --> Session: Class initialized using 'CodeIgniter\Session\Handlers\FileHandler' driver.
CRITICAL - 2025-03-11 10:00:11 --> ErrorException: Trying to access array offset on value of type null
[Method: POST, Route: student/save]
in APPPATH\Controllers\StudentLoginMaster.php on line 59.
 1 APPPATH\Controllers\StudentLoginMaster.php(59): CodeIgniter\Debug\Exceptions->errorHandler(2, 'Trying to access array offset on value of type null', 'C:\\xampp\\htdocs\\Wolfox\\app\\Controllers\\StudentLoginMaster.php', 59)
 2 SYSTEMPATH\CodeIgniter.php(933): App\Controllers\StudentLoginMaster->save()
 3 SYSTEMPATH\CodeIgniter.php(509): CodeIgniter\CodeIgniter->runController(Object(App\Controllers\StudentLoginMaster))
 4 SYSTEMPATH\CodeIgniter.php(355): CodeIgniter\CodeIgniter->handleRequest(null, Object(Config\Cache), false)
 5 SYSTEMPATH\Boot.php(325): CodeIgniter\CodeIgniter->run()
 6 SYSTEMPATH\Boot.php(67): CodeIgniter\Boot::runCodeIgniter(Object(CodeIgniter\CodeIgniter))
 7 FCPATH\index.php(56): CodeIgniter\Boot::bootWeb(Object(Config\Paths))
INFO - 2025-03-11 10:00:41 --> Session: Class initialized using 'CodeIgniter\Session\Handlers\FileHandler' driver.
INFO - 2025-03-11 10:01:11 --> Session: Class initialized using 'CodeIgniter\Session\Handlers\FileHandler' driver.
INFO - 2025-03-11 10:01:17 --> Session: Class initialized using 'CodeIgniter\Session\Handlers\FileHandler' driver.
INFO - 2025-03-11 10:01:26 --> Session: Class initialized using 'CodeIgniter\Session\Handlers\FileHandler' driver.
INFO - 2025-03-11 10:01:26 --> Session: Class initialized using 'CodeIgniter\Session\Handlers\FileHandler' driver.
INFO - 2025-03-11 10:01:45 --> Session: Class initialized using 'CodeIgniter\Session\Handlers\FileHandler' driver.
INFO - 2025-03-11 10:01:46 --> Session: Class initialized using 'CodeIgniter\Session\Handlers\FileHandler' driver.
INFO - 2025-03-11 10:01:54 --> Session: Class initialized using 'CodeIgniter\Session\Handlers\FileHandler' driver.
INFO - 2025-03-11 10:02:00 --> Session: Class initialized using 'CodeIgniter\Session\Handlers\FileHandler' driver.
INFO - 2025-03-11 10:02:03 --> Session: Class initialized using 'CodeIgniter\Session\Handlers\FileHandler' driver.
INFO - 2025-03-11 10:02:21 --> Session: Class initialized using 'CodeIgniter\Session\Handlers\FileHandler' driver.
INFO - 2025-03-11 10:02:21 --> Session: Class initialized using 'CodeIgniter\Session\Handlers\FileHandler' driver.
INFO - 2025-03-11 10:02:29 --> Session: Class initialized using 'CodeIgniter\Session\Handlers\FileHandler' driver.
INFO - 2025-03-11 10:02:44 --> Session: Class initialized using 'CodeIgniter\Session\Handlers\FileHandler' driver.
INFO - 2025-03-11 10:02:50 --> Session: Class initialized using 'CodeIgniter\Session\Handlers\FileHandler' driver.
INFO - 2025-03-11 10:02:50 --> Session: Class initialized using 'CodeIgniter\Session\Handlers\FileHandler' driver.
INFO - 2025-03-11 10:03:01 --> Session: Class initialized using 'CodeIgniter\Session\Handlers\FileHandler' driver.
INFO - 2025-03-11 10:03:33 --> Session: Class initialized using 'CodeIgniter\Session\Handlers\FileHandler' driver.
INFO - 2025-03-11 10:03:47 --> Session: Class initialized using 'CodeIgniter\Session\Handlers\FileHandler' driver.
INFO - 2025-03-11 10:03:47 --> Session: Class initialized using 'CodeIgniter\Session\Handlers\FileHandler' driver.
INFO - 2025-03-11 10:03:53 --> Session: Class initialized using 'CodeIgniter\Session\Handlers\FileHandler' driver.
INFO - 2025-03-11 10:03:57 --> Session: Class initialized using 'CodeIgniter\Session\Handlers\FileHandler' driver.
INFO - 2025-03-11 10:03:57 --> Session: Class initialized using 'CodeIgniter\Session\Handlers\FileHandler' driver.
INFO - 2025-03-11 10:07:06 --> Session: Class initialized using 'CodeIgniter\Session\Handlers\FileHandler' driver.
INFO - 2025-03-11 10:09:12 --> Session: Class initialized using 'CodeIgniter\Session\Handlers\FileHandler' driver.
INFO - 2025-03-11 10:09:36 --> Session: Class initialized using 'CodeIgniter\Session\Handlers\FileHandler' driver.
INFO - 2025-03-11 10:09:37 --> Session: Class initialized using 'CodeIgniter\Session\Handlers\FileHandler' driver.
INFO - 2025-03-11 10:10:43 --> Session: Class initialized using 'CodeIgniter\Session\Handlers\FileHandler' driver.
INFO - 2025-03-11 10:10:49 --> Session: Class initialized using 'CodeIgniter\Session\Handlers\FileHandler' driver.
INFO - 2025-03-11 10:10:58 --> Session: Class initialized using 'CodeIgniter\Session\Handlers\FileHandler' driver.
DEBUG - 2025-03-11 10:11:08 --> Received SID: 1
INFO - 2025-03-11 10:11:08 --> Session: Class initialized using 'CodeIgniter\Session\Handlers\FileHandler' driver.
INFO - 2025-03-11 10:11:08 --> Session: Class initialized using 'CodeIgniter\Session\Handlers\FileHandler' driver.
INFO - 2025-03-11 10:11:22 --> Session: Class initialized using 'CodeIgniter\Session\Handlers\FileHandler' driver.
INFO - 2025-03-11 10:11:24 --> Session: Class initialized using 'CodeIgniter\Session\Handlers\FileHandler' driver.
INFO - 2025-03-11 10:11:36 --> Session: Class initialized using 'CodeIgniter\Session\Handlers\FileHandler' driver.
INFO - 2025-03-11 10:11:36 --> Session: Class initialized using 'CodeIgniter\Session\Handlers\FileHandler' driver.
INFO - 2025-03-11 10:11:44 --> Session: Class initialized using 'CodeIgniter\Session\Handlers\FileHandler' driver.
INFO - 2025-03-11 10:11:53 --> Session: Class initialized using 'CodeIgniter\Session\Handlers\FileHandler' driver.
INFO - 2025-03-11 10:11:54 --> Session: Class initialized using 'CodeIgniter\Session\Handlers\FileHandler' driver.
INFO - 2025-03-11 10:12:00 --> Session: Class initialized using 'CodeIgniter\Session\Handlers\FileHandler' driver.
INFO - 2025-03-11 10:12:04 --> Session: Class initialized using 'CodeIgniter\Session\Handlers\FileHandler' driver.
INFO - 2025-03-11 10:14:31 --> Session: Class initialized using 'CodeIgniter\Session\Handlers\FileHandler' driver.
INFO - 2025-03-11 10:14:32 --> Session: Class initialized using 'CodeIgniter\Session\Handlers\FileHandler' driver.
INFO - 2025-03-11 10:14:43 --> Session: Class initialized using 'CodeIgniter\Session\Handlers\FileHandler' driver.
INFO - 2025-03-11 10:14:43 --> Session: Class initialized using 'CodeIgniter\Session\Handlers\FileHandler' driver.
INFO - 2025-03-11 11:13:29 --> Session: Class initialized using 'CodeIgniter\Session\Handlers\FileHandler' driver.
INFO - 2025-03-11 11:24:51 --> Session: Class initialized using 'CodeIgniter\Session\Handlers\FileHandler' driver.
INFO - 2025-03-11 11:24:57 --> Session: Class initialized using 'CodeIgniter\Session\Handlers\FileHandler' driver.
INFO - 2025-03-11 11:24:57 --> Session: Class initialized using 'CodeIgniter\Session\Handlers\FileHandler' driver.
INFO - 2025-03-11 11:29:00 --> Session: Class initialized using 'CodeIgniter\Session\Handlers\FileHandler' driver.
INFO - 2025-03-11 11:29:00 --> Session: Class initialized using 'CodeIgniter\Session\Handlers\FileHandler' driver.
INFO - 2025-03-11 11:29:31 --> Session: Class initialized using 'CodeIgniter\Session\Handlers\FileHandler' driver.
INFO - 2025-03-11 11:30:03 --> Session: Class initialized using 'CodeIgniter\Session\Handlers\FileHandler' driver.
INFO - 2025-03-11 11:30:44 --> Session: Class initialized using 'CodeIgniter\Session\Handlers\FileHandler' driver.
INFO - 2025-03-11 11:33:43 --> Session: Class initialized using 'CodeIgniter\Session\Handlers\FileHandler' driver.
INFO - 2025-03-11 12:12:12 --> Session: Class initialized using 'CodeIgniter\Session\Handlers\FileHandler' driver.
INFO - 2025-03-11 12:23:26 --> Session: Class initialized using 'CodeIgniter\Session\Handlers\FileHandler' driver.
INFO - 2025-03-11 12:23:36 --> Session: Class initialized using 'CodeIgniter\Session\Handlers\FileHandler' driver.
INFO - 2025-03-11 12:24:40 --> Session: Class initialized using 'CodeIgniter\Session\Handlers\FileHandler' driver.
INFO - 2025-03-11 12:24:40 --> Session: Class initialized using 'CodeIgniter\Session\Handlers\FileHandler' driver.
INFO - 2025-03-11 12:24:50 --> Session: Class initialized using 'CodeIgniter\Session\Handlers\FileHandler' driver.
INFO - 2025-03-11 12:24:50 --> Session: Class initialized using 'CodeIgniter\Session\Handlers\FileHandler' driver.
INFO - 2025-03-11 12:25:13 --> Session: Class initialized using 'CodeIgniter\Session\Handlers\FileHandler' driver.
INFO - 2025-03-11 12:25:13 --> Session: Class initialized using 'CodeIgniter\Session\Handlers\FileHandler' driver.
INFO - 2025-03-11 12:25:17 --> Session: Class initialized using 'CodeIgniter\Session\Handlers\FileHandler' driver.
INFO - 2025-03-11 12:25:36 --> Session: Class initialized using 'CodeIgniter\Session\Handlers\FileHandler' driver.
INFO - 2025-03-11 12:26:23 --> Session: Class initialized using 'CodeIgniter\Session\Handlers\FileHandler' driver.
INFO - 2025-03-11 12:26:35 --> Session: Class initialized using 'CodeIgniter\Session\Handlers\FileHandler' driver.
INFO - 2025-03-11 12:26:56 --> Session: Class initialized using 'CodeIgniter\Session\Handlers\FileHandler' driver.
CRITICAL - 2025-03-11 12:26:56 --> ErrorException: Trying to access array offset on value of type null
[Method: POST, Route: student/save]
in APPPATH\Controllers\StudentLoginMaster.php on line 59.
 1 APPPATH\Controllers\StudentLoginMaster.php(59): CodeIgniter\Debug\Exceptions->errorHandler(2, 'Trying to access array offset on value of type null', 'C:\\xampp\\htdocs\\Wolfox\\app\\Controllers\\StudentLoginMaster.php', 59)
 2 SYSTEMPATH\CodeIgniter.php(933): App\Controllers\StudentLoginMaster->save()
 3 SYSTEMPATH\CodeIgniter.php(509): CodeIgniter\CodeIgniter->runController(Object(App\Controllers\StudentLoginMaster))
 4 SYSTEMPATH\CodeIgniter.php(355): CodeIgniter\CodeIgniter->handleRequest(null, Object(Config\Cache), false)
 5 SYSTEMPATH\Boot.php(325): CodeIgniter\CodeIgniter->run()
 6 SYSTEMPATH\Boot.php(67): CodeIgniter\Boot::runCodeIgniter(Object(CodeIgniter\CodeIgniter))
 7 FCPATH\index.php(56): CodeIgniter\Boot::bootWeb(Object(Config\Paths))
INFO - 2025-03-11 12:27:27 --> Session: Class initialized using 'CodeIgniter\Session\Handlers\FileHandler' driver.
INFO - 2025-03-11 12:27:36 --> Session: Class initialized using 'CodeIgniter\Session\Handlers\FileHandler' driver.
CRITICAL - 2025-03-11 12:27:36 --> ErrorException: Trying to access array offset on value of type null
[Method: POST, Route: student/save]
in APPPATH\Controllers\StudentLoginMaster.php on line 59.
 1 APPPATH\Controllers\StudentLoginMaster.php(59): CodeIgniter\Debug\Exceptions->errorHandler(2, 'Trying to access array offset on value of type null', 'C:\\xampp\\htdocs\\Wolfox\\app\\Controllers\\StudentLoginMaster.php', 59)
 2 SYSTEMPATH\CodeIgniter.php(933): App\Controllers\StudentLoginMaster->save()
 3 SYSTEMPATH\CodeIgniter.php(509): CodeIgniter\CodeIgniter->runController(Object(App\Controllers\StudentLoginMaster))
 4 SYSTEMPATH\CodeIgniter.php(355): CodeIgniter\CodeIgniter->handleRequest(null, Object(Config\Cache), false)
 5 SYSTEMPATH\Boot.php(325): CodeIgniter\CodeIgniter->run()
 6 SYSTEMPATH\Boot.php(67): CodeIgniter\Boot::runCodeIgniter(Object(CodeIgniter\CodeIgniter))
 7 FCPATH\index.php(56): CodeIgniter\Boot::bootWeb(Object(Config\Paths))
INFO - 2025-03-11 12:27:38 --> Session: Class initialized using 'CodeIgniter\Session\Handlers\FileHandler' driver.
INFO - 2025-03-11 12:28:15 --> Session: Class initialized using 'CodeIgniter\Session\Handlers\FileHandler' driver.
INFO - 2025-03-11 12:28:16 --> Session: Class initialized using 'CodeIgniter\Session\Handlers\FileHandler' driver.
INFO - 2025-03-11 12:28:40 --> Session: Class initialized using 'CodeIgniter\Session\Handlers\FileHandler' driver.
INFO - 2025-03-11 12:28:40 --> Session: Class initialized using 'CodeIgniter\Session\Handlers\FileHandler' driver.
INFO - 2025-03-11 12:28:54 --> Session: Class initialized using 'CodeIgniter\Session\Handlers\FileHandler' driver.
INFO - 2025-03-11 12:29:43 --> Session: Class initialized using 'CodeIgniter\Session\Handlers\FileHandler' driver.
INFO - 2025-03-11 12:29:43 --> Session: Class initialized using 'CodeIgniter\Session\Handlers\FileHandler' driver.
INFO - 2025-03-11 12:30:03 --> Session: Class initialized using 'CodeIgniter\Session\Handlers\FileHandler' driver.
INFO - 2025-03-11 12:30:07 --> Session: Class initialized using 'CodeIgniter\Session\Handlers\FileHandler' driver.
INFO - 2025-03-11 12:30:12 --> Session: Class initialized using 'CodeIgniter\Session\Handlers\FileHandler' driver.
INFO - 2025-03-11 12:30:17 --> Session: Class initialized using 'CodeIgniter\Session\Handlers\FileHandler' driver.
INFO - 2025-03-11 12:30:22 --> Session: Class initialized using 'CodeIgniter\Session\Handlers\FileHandler' driver.
INFO - 2025-03-11 12:31:06 --> Session: Class initialized using 'CodeIgniter\Session\Handlers\FileHandler' driver.
INFO - 2025-03-11 12:31:20 --> Session: Class initialized using 'CodeIgniter\Session\Handlers\FileHandler' driver.
INFO - 2025-03-11 12:31:20 --> Session: Class initialized using 'CodeIgniter\Session\Handlers\FileHandler' driver.
INFO - 2025-03-11 12:31:46 --> Session: Class initialized using 'CodeIgniter\Session\Handlers\FileHandler' driver.
INFO - 2025-03-11 12:31:47 --> Session: Class initialized using 'CodeIgniter\Session\Handlers\FileHandler' driver.
INFO - 2025-03-11 12:34:55 --> Session: Class initialized using 'CodeIgniter\Session\Handlers\FileHandler' driver.
INFO - 2025-03-11 12:36:46 --> Session: Class initialized using 'CodeIgniter\Session\Handlers\FileHandler' driver.
INFO - 2025-03-11 12:38:25 --> Session: Class initialized using 'CodeIgniter\Session\Handlers\FileHandler' driver.
INFO - 2025-03-11 12:38:43 --> Session: Class initialized using 'CodeIgniter\Session\Handlers\FileHandler' driver.
INFO - 2025-03-11 12:38:50 --> Session: Class initialized using 'CodeIgniter\Session\Handlers\FileHandler' driver.
INFO - 2025-03-11 12:38:50 --> Session: Class initialized using 'CodeIgniter\Session\Handlers\FileHandler' driver.
INFO - 2025-03-11 12:39:18 --> Session: Class initialized using 'CodeIgniter\Session\Handlers\FileHandler' driver.
INFO - 2025-03-11 12:39:19 --> Session: Class initialized using 'CodeIgniter\Session\Handlers\FileHandler' driver.
INFO - 2025-03-11 12:40:00 --> Session: Class initialized using 'CodeIgniter\Session\Handlers\FileHandler' driver.
INFO - 2025-03-11 12:40:05 --> Session: Class initialized using 'CodeIgniter\Session\Handlers\FileHandler' driver.
INFO - 2025-03-11 12:40:05 --> Session: Class initialized using 'CodeIgniter\Session\Handlers\FileHandler' driver.
INFO - 2025-03-11 12:40:10 --> Session: Class initialized using 'CodeIgniter\Session\Handlers\FileHandler' driver.
INFO - 2025-03-11 12:40:56 --> Session: Class initialized using 'CodeIgniter\Session\Handlers\FileHandler' driver.
INFO - 2025-03-11 12:40:56 --> Session: Class initialized using 'CodeIgniter\Session\Handlers\FileHandler' driver.
INFO - 2025-03-11 12:41:10 --> Session: Class initialized using 'CodeIgniter\Session\Handlers\FileHandler' driver.
INFO - 2025-03-11 12:41:13 --> Session: Class initialized using 'CodeIgniter\Session\Handlers\FileHandler' driver.
DEBUG - 2025-03-11 12:41:21 --> Received SID: 1
INFO - 2025-03-11 12:41:21 --> Session: Class initialized using 'CodeIgniter\Session\Handlers\FileHandler' driver.
INFO - 2025-03-11 12:41:21 --> Session: Class initialized using 'CodeIgniter\Session\Handlers\FileHandler' driver.
INFO - 2025-03-11 12:41:26 --> Session: Class initialized using 'CodeIgniter\Session\Handlers\FileHandler' driver.
INFO - 2025-03-11 12:41:28 --> Session: Class initialized using 'CodeIgniter\Session\Handlers\FileHandler' driver.
INFO - 2025-03-11 12:41:31 --> Session: Class initialized using 'CodeIgniter\Session\Handlers\FileHandler' driver.
INFO - 2025-03-11 12:41:31 --> Session: Class initialized using 'CodeIgniter\Session\Handlers\FileHandler' driver.
INFO - 2025-03-11 12:41:48 --> Session: Class initialized using 'CodeIgniter\Session\Handlers\FileHandler' driver.
INFO - 2025-03-11 12:41:48 --> Session: Class initialized using 'CodeIgniter\Session\Handlers\FileHandler' driver.
INFO - 2025-03-11 12:42:06 --> Session: Class initialized using 'CodeIgniter\Session\Handlers\FileHandler' driver.
INFO - 2025-03-11 12:42:12 --> Session: Class initialized using 'CodeIgniter\Session\Handlers\FileHandler' driver.
INFO - 2025-03-11 12:42:12 --> Session: Class initialized using 'CodeIgniter\Session\Handlers\FileHandler' driver.
INFO - 2025-03-11 12:42:16 --> Session: Class initialized using 'CodeIgniter\Session\Handlers\FileHandler' driver.
INFO - 2025-03-11 12:42:18 --> Session: Class initialized using 'CodeIgniter\Session\Handlers\FileHandler' driver.
INFO - 2025-03-11 12:42:22 --> Session: Class initialized using 'CodeIgniter\Session\Handlers\FileHandler' driver.
INFO - 2025-03-11 12:42:23 --> Session: Class initialized using 'CodeIgniter\Session\Handlers\FileHandler' driver.
INFO - 2025-03-11 12:42:34 --> Session: Class initialized using 'CodeIgniter\Session\Handlers\FileHandler' driver.
INFO - 2025-03-11 12:42:34 --> Session: Class initialized using 'CodeIgniter\Session\Handlers\FileHandler' driver.
INFO - 2025-03-11 12:44:04 --> Session: Class initialized using 'CodeIgniter\Session\Handlers\FileHandler' driver.
INFO - 2025-03-11 12:44:14 --> Session: Class initialized using 'CodeIgniter\Session\Handlers\FileHandler' driver.
INFO - 2025-03-11 12:44:14 --> Session: Class initialized using 'CodeIgniter\Session\Handlers\FileHandler' driver.
INFO - 2025-03-11 12:46:16 --> Session: Class initialized using 'CodeIgniter\Session\Handlers\FileHandler' driver.
INFO - 2025-03-11 12:46:16 --> Session: Class initialized using 'CodeIgniter\Session\Handlers\FileHandler' driver.
INFO - 2025-03-11 12:46:23 --> Session: Class initialized using 'CodeIgniter\Session\Handlers\FileHandler' driver.
INFO - 2025-03-11 12:46:52 --> Session: Class initialized using 'CodeIgniter\Session\Handlers\FileHandler' driver.
INFO - 2025-03-11 12:46:53 --> Session: Class initialized using 'CodeIgniter\Session\Handlers\FileHandler' driver.
INFO - 2025-03-11 12:47:05 --> Session: Class initialized using 'CodeIgniter\Session\Handlers\FileHandler' driver.
INFO - 2025-03-11 12:47:05 --> Session: Class initialized using 'CodeIgniter\Session\Handlers\FileHandler' driver.
INFO - 2025-03-11 12:47:15 --> Session: Class initialized using 'CodeIgniter\Session\Handlers\FileHandler' driver.
INFO - 2025-03-11 12:47:33 --> Session: Class initialized using 'CodeIgniter\Session\Handlers\FileHandler' driver.
INFO - 2025-03-11 12:47:33 --> Session: Class initialized using 'CodeIgniter\Session\Handlers\FileHandler' driver.
INFO - 2025-03-11 12:47:38 --> Session: Class initialized using 'CodeIgniter\Session\Handlers\FileHandler' driver.
INFO - 2025-03-11 12:47:40 --> Session: Class initialized using 'CodeIgniter\Session\Handlers\FileHandler' driver.
INFO - 2025-03-11 12:47:47 --> Session: Class initialized using 'CodeIgniter\Session\Handlers\FileHandler' driver.
INFO - 2025-03-11 12:47:52 --> Session: Class initialized using 'CodeIgniter\Session\Handlers\FileHandler' driver.
INFO - 2025-03-11 12:57:04 --> Session: Class initialized using 'CodeIgniter\Session\Handlers\FileHandler' driver.
INFO - 2025-03-11 12:57:11 --> Session: Class initialized using 'CodeIgniter\Session\Handlers\FileHandler' driver.
INFO - 2025-03-11 12:57:15 --> Session: Class initialized using 'CodeIgniter\Session\Handlers\FileHandler' driver.
INFO - 2025-03-11 12:57:25 --> Session: Class initialized using 'CodeIgniter\Session\Handlers\FileHandler' driver.
INFO - 2025-03-11 12:57:25 --> Session: Class initialized using 'CodeIgniter\Session\Handlers\FileHandler' driver.
INFO - 2025-03-11 12:57:30 --> Session: Class initialized using 'CodeIgniter\Session\Handlers\FileHandler' driver.
INFO - 2025-03-11 12:57:35 --> Session: Class initialized using 'CodeIgniter\Session\Handlers\FileHandler' driver.
INFO - 2025-03-11 12:57:38 --> Session: Class initialized using 'CodeIgniter\Session\Handlers\FileHandler' driver.
INFO - 2025-03-11 12:58:22 --> Session: Class initialized using 'CodeIgniter\Session\Handlers\FileHandler' driver.
INFO - 2025-03-11 12:58:29 --> Session: Class initialized using 'CodeIgniter\Session\Handlers\FileHandler' driver.
INFO - 2025-03-11 12:58:29 --> Session: Class initialized using 'CodeIgniter\Session\Handlers\FileHandler' driver.
INFO - 2025-03-11 12:58:57 --> Session: Class initialized using 'CodeIgniter\Session\Handlers\FileHandler' driver.
INFO - 2025-03-11 12:58:57 --> Session: Class initialized using 'CodeIgniter\Session\Handlers\FileHandler' driver.
INFO - 2025-03-11 12:59:11 --> Session: Class initialized using 'CodeIgniter\Session\Handlers\FileHandler' driver.
INFO - 2025-03-11 12:59:11 --> Session: Class initialized using 'CodeIgniter\Session\Handlers\FileHandler' driver.
INFO - 2025-03-11 12:59:23 --> Session: Class initialized using 'CodeIgniter\Session\Handlers\FileHandler' driver.
INFO - 2025-03-11 12:59:23 --> Session: Class initialized using 'CodeIgniter\Session\Handlers\FileHandler' driver.
INFO - 2025-03-11 12:59:32 --> Session: Class initialized using 'CodeIgniter\Session\Handlers\FileHandler' driver.
INFO - 2025-03-11 12:59:32 --> Session: Class initialized using 'CodeIgniter\Session\Handlers\FileHandler' driver.
INFO - 2025-03-11 13:01:02 --> Session: Class initialized using 'CodeIgniter\Session\Handlers\FileHandler' driver.
INFO - 2025-03-11 13:01:10 --> Session: Class initialized using 'CodeIgniter\Session\Handlers\FileHandler' driver.
INFO - 2025-03-11 13:01:10 --> Session: Class initialized using 'CodeIgniter\Session\Handlers\FileHandler' driver.
INFO - 2025-03-11 13:01:14 --> Session: Class initialized using 'CodeIgniter\Session\Handlers\FileHandler' driver.
INFO - 2025-03-11 13:01:17 --> Session: Class initialized using 'CodeIgniter\Session\Handlers\FileHandler' driver.
INFO - 2025-03-11 13:01:20 --> Session: Class initialized using 'CodeIgniter\Session\Handlers\FileHandler' driver.
INFO - 2025-03-11 13:01:21 --> Session: Class initialized using 'CodeIgniter\Session\Handlers\FileHandler' driver.
INFO - 2025-03-11 13:01:23 --> Session: Class initialized using 'CodeIgniter\Session\Handlers\FileHandler' driver.
INFO - 2025-03-11 13:01:30 --> Session: Class initialized using 'CodeIgniter\Session\Handlers\FileHandler' driver.
WARNING - 2025-03-11 13:01:33 --> [DEPRECATED] strtotime(): Passing null to parameter #1 ($datetime) of type string is deprecated in APPPATH\Views\Admin\Admission\feereceipt.php on line 131.
 1 APPPATH\Views\Admin\Admission\feereceipt.php(131): strtotime(null)
 2 SYSTEMPATH\View\View.php(234): include('C:\\xampp\\htdocs\\Wolfox\\app\\Views\\Admin\\Admission\\feereceipt.php')
 3 SYSTEMPATH\View\View.php(237): CodeIgniter\View\View->CodeIgniter\View\{closure}()
 4 SYSTEMPATH\Common.php(1171): CodeIgniter\View\View->render('/Admin/Admission/feereceipt', [], true)
 5 APPPATH\Controllers\AdmissionMaster.php(1218): view('/Admin/Admission/feereceipt', [...])
 6 SYSTEMPATH\CodeIgniter.php(933): App\Controllers\AdmissionMaster->feereceipt('1')
 7 SYSTEMPATH\CodeIgniter.php(509): CodeIgniter\CodeIgniter->runController(Object(App\Controllers\AdmissionMaster))
 8 SYSTEMPATH\CodeIgniter.php(355): CodeIgniter\CodeIgniter->handleRequest(null, Object(Config\Cache), false)
 9 SYSTEMPATH\Boot.php(325): CodeIgniter\CodeIgniter->run()
10 SYSTEMPATH\Boot.php(67): CodeIgniter\Boot::runCodeIgniter(Object(CodeIgniter\CodeIgniter))
11 FCPATH\index.php(56): CodeIgniter\Boot::bootWeb(Object(Config\Paths))
WARNING - 2025-03-11 13:01:33 --> [DEPRECATED] strtotime(): Passing null to parameter #1 ($datetime) of type string is deprecated in APPPATH\Views\Admin\Admission\feereceipt.php on line 141.
 1 APPPATH\Views\Admin\Admission\feereceipt.php(141): strtotime(null)
 2 SYSTEMPATH\View\View.php(234): include('C:\\xampp\\htdocs\\Wolfox\\app\\Views\\Admin\\Admission\\feereceipt.php')
 3 SYSTEMPATH\View\View.php(237): CodeIgniter\View\View->CodeIgniter\View\{closure}()
 4 SYSTEMPATH\Common.php(1171): CodeIgniter\View\View->render('/Admin/Admission/feereceipt', [], true)
 5 APPPATH\Controllers\AdmissionMaster.php(1218): view('/Admin/Admission/feereceipt', [...])
 6 SYSTEMPATH\CodeIgniter.php(933): App\Controllers\AdmissionMaster->feereceipt('1')
 7 SYSTEMPATH\CodeIgniter.php(509): CodeIgniter\CodeIgniter->runController(Object(App\Controllers\AdmissionMaster))
 8 SYSTEMPATH\CodeIgniter.php(355): CodeIgniter\CodeIgniter->handleRequest(null, Object(Config\Cache), false)
 9 SYSTEMPATH\Boot.php(325): CodeIgniter\CodeIgniter->run()
10 SYSTEMPATH\Boot.php(67): CodeIgniter\Boot::runCodeIgniter(Object(CodeIgniter\CodeIgniter))
11 FCPATH\index.php(56): CodeIgniter\Boot::bootWeb(Object(Config\Paths))
INFO - 2025-03-11 13:01:44 --> Session: Class initialized using 'CodeIgniter\Session\Handlers\FileHandler' driver.
INFO - 2025-03-11 13:02:18 --> Session: Class initialized using 'CodeIgniter\Session\Handlers\FileHandler' driver.
